[2025-12-05 08:37:26] This is codeql database create /Users/jie/Documents/workspace/lcmhalgen/LCMHalTest_DBS/DATABASE_NXP_BMUART_DMA_macbook --language=cpp --command=bash build.sh
[2025-12-05 08:37:26] Log file was started late.
[2025-12-05 08:37:26] [PROGRESS] database create> Initializing database at /Users/jie/Documents/workspace/lcmhalgen/LCMHalTest_DBS/DATABASE_NXP_BMUART_DMA_macbook.
[2025-12-05 08:37:26] Running plumbing command: codeql database init --language=cpp --extractor-options-verbosity=1 --qlconfig-file=/Users/jie/Documents/workspace/lcmhalgen/LCMHalMCPServer/testcases/macbook/nxp_bm_uart_dma/qlconfig.yml --source-root=/Users/jie/Documents/workspace/lcmhalgen/LCMHalMCPServer/testcases/macbook/nxp_bm_uart_dma --allow-missing-source-root=false --allow-already-existing -- /Users/jie/Documents/workspace/lcmhalgen/LCMHalTest_DBS/DATABASE_NXP_BMUART_DMA_macbook
[2025-12-05 08:37:26] Calling plumbing command: codeql resolve languages --extractor-options-verbosity=1 --format=betterjson
[2025-12-05 08:37:26] [DETAILS] resolve languages> Scanning for [codeql-extractor.yml] from /opt/homebrew/Caskroom/codeql/2.23.0/codeql/.codeqlmanifest.json
[2025-12-05 08:37:26] [DETAILS] resolve languages> Parsing /opt/homebrew/Caskroom/codeql/2.23.0/codeql/go/codeql-extractor.yml.
[2025-12-05 08:37:27] [DETAILS] resolve languages> Parsing /opt/homebrew/Caskroom/codeql/2.23.0/codeql/python/codeql-extractor.yml.
[2025-12-05 08:37:27] [DETAILS] resolve languages> Parsing /opt/homebrew/Caskroom/codeql/2.23.0/codeql/rust/codeql-extractor.yml.
[2025-12-05 08:37:27] [DETAILS] resolve languages> Parsing /opt/homebrew/Caskroom/codeql/2.23.0/codeql/java/codeql-extractor.yml.
[2025-12-05 08:37:27] [DETAILS] resolve languages> Parsing /opt/homebrew/Caskroom/codeql/2.23.0/codeql/html/codeql-extractor.yml.
[2025-12-05 08:37:27] [DETAILS] resolve languages> Parsing /opt/homebrew/Caskroom/codeql/2.23.0/codeql/xml/codeql-extractor.yml.
[2025-12-05 08:37:27] [DETAILS] resolve languages> Parsing /opt/homebrew/Caskroom/codeql/2.23.0/codeql/properties/codeql-extractor.yml.
[2025-12-05 08:37:27] [DETAILS] resolve languages> Parsing /opt/homebrew/Caskroom/codeql/2.23.0/codeql/cpp/codeql-extractor.yml.
[2025-12-05 08:37:27] [DETAILS] resolve languages> Parsing /opt/homebrew/Caskroom/codeql/2.23.0/codeql/swift/codeql-extractor.yml.
[2025-12-05 08:37:27] [DETAILS] resolve languages> Parsing /opt/homebrew/Caskroom/codeql/2.23.0/codeql/csv/codeql-extractor.yml.
[2025-12-05 08:37:27] [DETAILS] resolve languages> Parsing /opt/homebrew/Caskroom/codeql/2.23.0/codeql/actions/codeql-extractor.yml.
[2025-12-05 08:37:27] [DETAILS] resolve languages> Parsing /opt/homebrew/Caskroom/codeql/2.23.0/codeql/yaml/codeql-extractor.yml.
[2025-12-05 08:37:27] [DETAILS] resolve languages> Parsing /opt/homebrew/Caskroom/codeql/2.23.0/codeql/csharp/codeql-extractor.yml.
[2025-12-05 08:37:27] [DETAILS] resolve languages> Parsing /opt/homebrew/Caskroom/codeql/2.23.0/codeql/javascript/codeql-extractor.yml.
[2025-12-05 08:37:27] [DETAILS] resolve languages> Parsing /opt/homebrew/Caskroom/codeql/2.23.0/codeql/ruby/codeql-extractor.yml.
[2025-12-05 08:37:27] Plumbing command codeql resolve languages completed:
                      {
                        "aliases" : {
                          "c" : "cpp",
                          "c++" : "cpp",
                          "c-c++" : "cpp",
                          "c-cpp" : "cpp",
                          "c#" : "csharp",
                          "java-kotlin" : "java",
                          "kotlin" : "java",
                          "javascript-typescript" : "javascript",
                          "typescript" : "javascript"
                        },
                        "extractors" : {
                          "go" : [
                            {
                              "extractor_root" : "/opt/homebrew/Caskroom/codeql/2.23.0/codeql/go",
                              "extractor_options" : {
                                "extract_tests" : {
                                  "title" : "Whether to include Go test files in the CodeQL database.",
                                  "description" : "A value indicating whether Go test files should be included in the CodeQL database. The default is 'false'.\n",
                                  "type" : "string",
                                  "pattern" : "^(false|true)$"
                                },
                                "extract_vendor_dirs" : {
                                  "title" : "Whether to include Go vendor directories in the CodeQL database.",
                                  "description" : "A value indicating whether Go vendor directories should be included in the CodeQL database. The default is 'false'.\n",
                                  "type" : "string",
                                  "pattern" : "^(false|true)$"
                                }
                              }
                            }
                          ],
                          "python" : [
                            {
                              "extractor_root" : "/opt/homebrew/Caskroom/codeql/2.23.0/codeql/python",
                              "extractor_options" : {
                                "logging" : {
                                  "title" : "Options pertaining to logging.",
                                  "description" : "Options pertaining to logging.",
                                  "type" : "object",
                                  "properties" : {
                                    "verbosity" : {
                                      "title" : "Python extractor logging verbosity level.",
                                      "description" : "Controls the level of verbosity of the CodeQL Python extractor.\nThe supported levels are (in order of increasing verbosity):\n\n  - off\n  - errors\n  - warnings\n  - info or progress\n  - debug or progress+\n  - trace or progress++\n  - progress+++\n",
                                      "type" : "string",
                                      "pattern" : "^(off|errors|warnings|(info|progress)|(debug|progress\\+)|(trace|progress\\+\\+)|progress\\+\\+\\+)$"
                                    }
                                  }
                                },
                                "python_executable_name" : {
                                  "title" : "Controls the name of the Python executable used by the Python extractor.",
                                  "description" : "The Python extractor uses platform-dependent heuristics to determine the name of the Python executable to use. Specifying a value for this option overrides the name of the Python executable used by the extractor. Accepted values are py, python and python3. Use this setting with caution, the Python extractor requires Python 3 to run.\n",
                                  "type" : "string",
                                  "pattern" : "^(py|python|python3)$"
                                }
                              }
                            }
                          ],
                          "rust" : [
                            {
                              "extractor_root" : "/opt/homebrew/Caskroom/codeql/2.23.0/codeql/rust",
                              "extractor_options" : {
                                "trap" : {
                                  "title" : "Options pertaining to TRAP.",
                                  "description" : "Options pertaining to TRAP.",
                                  "type" : "object",
                                  "properties" : {
                                    "compression" : {
                                      "title" : "Controls compression for the TRAP files written by the extractor.",
                                      "description" : "This option is only intended for use in debugging the extractor. Accepted values are 'gzip' (to write gzip-compressed TRAP) 'zstd' (to write Zstandard-compressed TRAP) and 'none' (the default, to write uncompressed TRAP).\n",
                                      "type" : "string",
                                      "pattern" : "^(none|gzip|zstd)$"
                                    }
                                  }
                                },
                                "cargo_target_dir" : {
                                  "title" : "Directory to use for cargo output files.",
                                  "description" : "This value is an optional path to use as `CARGO_TARGET_DIR` for the internal cargo commands the extractor uses. Pointing it to a persistent directory may reduce execution time of consecutive extractor runs. By default, a new scratch directory is used for each run.\n",
                                  "type" : "string"
                                },
                                "cargo_target" : {
                                  "title" : "Target architecture",
                                  "description" : "Target architecture to use for analysis, analogous to `cargo --target`. By default the host architecture is used.\n",
                                  "type" : "string"
                                },
                                "cargo_features" : {
                                  "title" : "Cargo features to turn on",
                                  "description" : "Comma-separated list of features to turn on. By default all features are enabled. If any features are specified, then only those features are enabled. The `default` feature must be explicitly specified if only default features are desired. Can be repeated.\n",
                                  "type" : "array"
                                },
                                "cargo_cfg_overrides" : {
                                  "title" : "Cargo cfg overrides",
                                  "description" : "Comma-separated list of cfg settings to enable, or disable if prefixed with `-`. Can be repeated.\n",
                                  "type" : "array"
                                },
                                "logging" : {
                                  "title" : "Options pertaining to logging.",
                                  "description" : "Options pertaining to logging.",
                                  "type" : "object",
                                  "properties" : {
                                    "verbosity" : {
                                      "title" : "Extractor logging verbosity level.",
                                      "description" : "Controls the level of verbosity of the extractor. The supported levels are (in order of increasing verbosity):\n  - off\n  - errors\n  - warnings\n  - info or progress\n  - debug or progress+\n  - trace or progress++\n  - progress+++\n",
                                      "type" : "string",
                                      "pattern" : "^(off|errors|warnings|(info|progress)|(debug|progress\\+)|(trace|progress\\+\\+)|progress\\+\\+\\+)$"
                                    },
                                    "flamegraph" : {
                                      "title" : "[Experimental] File path for write flame graph log",
                                      "description" : "Collect flame graph data using the `tracing-flame` crate. To render a flame graph or chart, run the `inferno-flamegraph` command. See also: https://crates.io/crates/tracing-flame\n",
                                      "type" : "string"
                                    }
                                  }
                                },
                                "extract_dependencies_as_source" : {
                                  "title" : "Extract dependencies as source code",
                                  "description" : "Extract the full source code of dependencies instead of only extracting signatures.\n",
                                  "type" : "string",
                                  "pattern" : "^(false|true)$"
                                }
                              }
                            }
                          ],
                          "java" : [
                            {
                              "extractor_root" : "/opt/homebrew/Caskroom/codeql/2.23.0/codeql/java",
                              "extractor_options" : {
                                "exclude" : {
                                  "title" : "A glob excluding files from analysis.",
                                  "description" : "A glob indicating what files to exclude from the analysis. This accepts glob patterns that are supported by Java's 'getPathMatcher' implementation.\n",
                                  "type" : "string"
                                },
                                "add_prefer_source" : {
                                  "title" : "Whether to always prefer source files over class files.",
                                  "description" : "A value indicating whether source files should be preferred over class files. If set to 'true', the extraction adds '-Xprefer:source' to the javac command line. If set to 'false', the extraction uses the default javac behavior ('-Xprefer:newer'). The default is 'true'.\n",
                                  "type" : "string",
                                  "pattern" : "^(false|true)$"
                                },
                                "buildless" : {
                                  "title" : "Whether to use buildless (standalone) extraction (experimental).",
                                  "description" : "A value indicating, which type of extraction the autobuilder should perform. If 'true', then the standalone extractor will be used, otherwise tracing extraction will be performed. The default is 'false'. Note that buildless extraction will generally yield less accurate analysis results, and should only be used in cases where it is not possible to build the code (for example if it uses inaccessible dependencies).\n",
                                  "type" : "string",
                                  "pattern" : "^(false|true)$"
                                },
                                "buildless_dependency_dir" : {
                                  "title" : "The path where buildless (standalone) extraction should keep dependencies.",
                                  "description" : "If set, the buildless (standalone) extractor will store dependencies in this directory.\n",
                                  "type" : "string"
                                },
                                "minimize_dependency_jars" : {
                                  "title" : "Whether to rewrite and minimize downloaded JAR dependencies (experimental).",
                                  "description" : "If 'true', JAR dependencies downloaded during extraction will be rewritten to remove unneeded data, such as method bodies. The default is 'false'.\n",
                                  "type" : "string",
                                  "pattern" : "^(false|true)$"
                                }
                              }
                            }
                          ],
                          "html" : [
                            {
                              "extractor_root" : "/opt/homebrew/Caskroom/codeql/2.23.0/codeql/html"
                            }
                          ],
                          "xml" : [
                            {
                              "extractor_root" : "/opt/homebrew/Caskroom/codeql/2.23.0/codeql/xml"
                            }
                          ],
                          "properties" : [
                            {
                              "extractor_root" : "/opt/homebrew/Caskroom/codeql/2.23.0/codeql/properties"
                            }
                          ],
                          "cpp" : [
                            {
                              "extractor_root" : "/opt/homebrew/Caskroom/codeql/2.23.0/codeql/cpp",
                              "extractor_options" : {
                                "scale_timeouts" : {
                                  "title" : "Value to scale compiler introspection timeouts with",
                                  "description" : "The extractor attempts to determine what compiler the source code being extracted is compiled with. To this end the extractor makes additional calls to the compiler, some of which are expected to return within a certain fixed time (either 10s or 15s). On some systems that are under high load this time might be too short, and can be scaled up using this option.\n",
                                  "type" : "string",
                                  "pattern" : "[0-9]+"
                                },
                                "log_verbosity" : {
                                  "title" : "Verbosity of the extractor logging",
                                  "description" : "Set the verbosity of the extractor logging to 'quiet' (0), 'normal' (1), 'chatty' (2), or 'noisy' (3). The default is 'normal'.\n",
                                  "type" : "string",
                                  "pattern" : "[0-3]"
                                }
                              }
                            }
                          ],
                          "swift" : [
                            {
                              "extractor_root" : "/opt/homebrew/Caskroom/codeql/2.23.0/codeql/swift"
                            }
                          ],
                          "csv" : [
                            {
                              "extractor_root" : "/opt/homebrew/Caskroom/codeql/2.23.0/codeql/csv"
                            }
                          ],
                          "actions" : [
                            {
                              "extractor_root" : "/opt/homebrew/Caskroom/codeql/2.23.0/codeql/actions",
                              "extractor_options" : { }
                            }
                          ],
                          "yaml" : [
                            {
                              "extractor_root" : "/opt/homebrew/Caskroom/codeql/2.23.0/codeql/yaml"
                            }
                          ],
                          "csharp" : [
                            {
                              "extractor_root" : "/opt/homebrew/Caskroom/codeql/2.23.0/codeql/csharp",
                              "extractor_options" : {
                                "trap" : {
                                  "title" : "Options pertaining to TRAP.",
                                  "description" : "Options pertaining to TRAP.",
                                  "type" : "object",
                                  "properties" : {
                                    "compression" : {
                                      "title" : "Controls compression for the TRAP files written by the extractor.",
                                      "description" : "This option is only intended for use in debugging the extractor. Accepted values are 'brotli' (the default, to write brotli-compressed TRAP), 'gzip', and 'none' (to write uncompressed TRAP).\n",
                                      "type" : "string",
                                      "pattern" : "^(none|gzip|brotli)$"
                                    }
                                  }
                                },
                                "buildless" : {
                                  "title" : "DEPRECATED - Whether to use buildless (standalone) extraction.",
                                  "description" : "DEPRECATED: Use `--build-mode none` instead.\nA value indicating, which type of extraction the autobuilder should perform. If 'true', then the standalone extractor will be used, otherwise tracing extraction will be performed. The default is 'false'. Note that buildless extraction will generally yield less accurate analysis results, and should only be used in cases where it is not possible to build the code (for example if it uses inaccessible dependencies).\n",
                                  "type" : "string",
                                  "pattern" : "^(false|true)$"
                                },
                                "logging" : {
                                  "title" : "Options pertaining to logging.",
                                  "description" : "Options pertaining to logging.",
                                  "type" : "object",
                                  "properties" : {
                                    "verbosity" : {
                                      "title" : "Extractor logging verbosity level.",
                                      "description" : "Controls the level of verbosity of the extractor. The supported levels are (in order of increasing verbosity):\n  - off\n  - errors\n  - warnings\n  - info or progress\n  - debug or progress+\n  - trace or progress++\n  - progress+++\n",
                                      "type" : "string",
                                      "pattern" : "^(off|errors|warnings|(info|progress)|(debug|progress\\+)|(trace|progress\\+\\+)|progress\\+\\+\\+)$"
                                    }
                                  }
                                },
                                "binlog" : {
                                  "title" : "Binlog",
                                  "description" : "[EXPERIMENTAL] The value is a path to the MsBuild binary log file that should be extracted. This option only works when `--build-mode none` is also specified.\n",
                                  "type" : "array"
                                }
                              }
                            }
                          ],
                          "javascript" : [
                            {
                              "extractor_root" : "/opt/homebrew/Caskroom/codeql/2.23.0/codeql/javascript",
                              "extractor_options" : {
                                "skip_types" : {
                                  "title" : "Skip type extraction for TypeScript",
                                  "description" : "Whether to skip the extraction of types in a TypeScript application",
                                  "type" : "string",
                                  "pattern" : "^(false|true)$"
                                }
                              }
                            }
                          ],
                          "ruby" : [
                            {
                              "extractor_root" : "/opt/homebrew/Caskroom/codeql/2.23.0/codeql/ruby",
                              "extractor_options" : {
                                "trap" : {
                                  "title" : "Options pertaining to TRAP.",
                                  "description" : "Options pertaining to TRAP.",
                                  "type" : "object",
                                  "properties" : {
                                    "compression" : {
                                      "title" : "Controls compression for the TRAP files written by the extractor.",
                                      "description" : "This option is only intended for use in debugging the extractor. Accepted values are 'gzip' (the default, to write gzip-compressed TRAP) 'zstd' (to write Zstandard-compressed TRAP) and 'none' (to write uncompressed TRAP).\n",
                                      "type" : "string",
                                      "pattern" : "^(none|gzip|zstd)$"
                                    }
                                  }
                                }
                              }
                            }
                          ]
                        }
                      }
[2025-12-05 08:37:27] [PROGRESS] database init> Calculating baseline information in /Users/jie/Documents/workspace/lcmhalgen/LCMHalMCPServer/testcases/macbook/nxp_bm_uart_dma
[2025-12-05 08:37:27] [SPAMMY] database init> Ignoring the following directories when processing baseline information: .git, .hg, .svn.
[2025-12-05 08:37:27] [DETAILS] database init> Running command in /Users/jie/Documents/workspace/lcmhalgen/LCMHalMCPServer/testcases/macbook/nxp_bm_uart_dma: /opt/homebrew/Caskroom/codeql/2.23.0/codeql/tools/osx64/scc --by-file --exclude-dir .git,.hg,.svn --format json --no-large --no-min .
[2025-12-05 08:37:27] [PROGRESS] database init> Calculated baseline information for languages:  (127ms).
[2025-12-05 08:37:27] [PROGRESS] database init> Resolving extractor cpp.
[2025-12-05 08:37:27] [DETAILS] database init> Found candidate extractor root for cpp: /opt/homebrew/Caskroom/codeql/2.23.0/codeql/cpp.
[2025-12-05 08:37:27] [PROGRESS] database init> Successfully loaded extractor C/C++ (cpp) from /opt/homebrew/Caskroom/codeql/2.23.0/codeql/cpp.
[2025-12-05 08:37:27] [SPAMMY] database init> Determining macOS System Integrity Protection status...
[2025-12-05 08:37:27] [SPAMMY] database init> Running command [/usr/bin/csrutil, status].
[2025-12-05 08:37:27] [SPAMMY] database init> SIP is enabled.
[2025-12-05 08:37:27] [PROGRESS] database init> Created skeleton CodeQL database at /Users/jie/Documents/workspace/lcmhalgen/LCMHalTest_DBS/DATABASE_NXP_BMUART_DMA_macbook. This in-progress database is ready to be populated by an extractor.
[2025-12-05 08:37:27] Plumbing command codeql database init completed.
[2025-12-05 08:37:27] [PROGRESS] database create> Running build command: [bash, build.sh]
[2025-12-05 08:37:27] Running plumbing command: codeql database trace-command --working-dir=/Users/jie/Documents/workspace/lcmhalgen/LCMHalMCPServer/testcases/macbook/nxp_bm_uart_dma --index-traceless-dbs --no-db-cluster -- /Users/jie/Documents/workspace/lcmhalgen/LCMHalTest_DBS/DATABASE_NXP_BMUART_DMA_macbook bash build.sh
[2025-12-05 08:37:27] [PROGRESS] database trace-command> Running command in /Users/jie/Documents/workspace/lcmhalgen/LCMHalMCPServer/testcases/macbook/nxp_bm_uart_dma: [bash, build.sh]
[2025-12-05 08:37:29] [build-stdout] 切换到构建目录: /Users/jie/mcuxpresso-sdk/mcuxsdk
[2025-12-05 08:37:29] [build-stdout] 开始编译项目...
[2025-12-05 08:37:31] [build-stdout] === generating a build system
[2025-12-05 08:37:31] [build-stdout] --- Build the default target debug
[2025-12-05 08:37:33] [build-stdout] -- CMake version: 3.30.0
[2025-12-05 08:37:34] [build-stdout] -- Found Python3: /Users/jie/mcuxpresso-sdk/mcuxsdk/.venv/bin/python (found suitable version "3.13.7", minimum required is "3.8") found components: Interpreter
[2025-12-05 08:37:34] [build-stdout] -- Found Ruby: ruby 2.6.10p210 (2022-04-12 revision 67958) [universal.x86_64-darwin24]
[2025-12-05 08:37:34] [build-stdout] -- Build toolchain: armgcc
[2025-12-05 08:37:42] [build-stdout] -- The C compiler identification is GNU 14.3.1
[2025-12-05 08:37:45] [build-stdout] -- The CXX compiler identification is GNU 14.3.1
[2025-12-05 08:37:45] [build-stdout] -- The ASM compiler identification is GNU
[2025-12-05 08:37:45] [build-stdout] -- Found assembler: /Users/jie/Documents/arm-gnu-toolchain-14.3.rel1-darwin-arm64-arm-none-eabi/bin/arm-none-eabi-gcc
[2025-12-05 08:37:45] [build-stdout] -- CMake Generator: Ninja
[2025-12-05 08:37:45] [build-stdout] -- CMake Generator location: /Users/jie/.mcuxpressotools/ninja-1.12.1/ninja
[2025-12-05 08:37:45] [build-stdout] -- Ninja version: 1.12.1
[2025-12-05 08:37:46] [build-stdout] -- Final prj.conf dir is /Users/jie/mcuxpresso-sdk/mcuxsdk/examples/_boards/frdmk32l2b/cmsis_driver_examples/uart/dma_transfer
[2025-12-05 08:37:46] [build-stdout] Parsing /Users/jie/mcuxpresso-sdk/mcuxsdk/Kconfig
[2025-12-05 08:37:46] [build-stdout] Loaded configuration '/Users/jie/mcuxpresso-sdk/mcuxsdk/devices/prj.conf'
[2025-12-05 08:37:46] [build-stdout] Merged configuration '/Users/jie/mcuxpresso-sdk/mcuxsdk/devices/Kinetis/K32L/K32L2B31A/prj.conf'
[2025-12-05 08:37:46] [build-stdout] Merged configuration '/Users/jie/mcuxpresso-sdk/mcuxsdk/examples/prj.conf'
[2025-12-05 08:37:46] [build-stdout] Merged configuration '/Users/jie/mcuxpresso-sdk/mcuxsdk/examples/_boards/frdmk32l2b/prj.conf'
[2025-12-05 08:37:46] [build-stdout] Merged configuration '/Users/jie/mcuxpresso-sdk/mcuxsdk/examples/cmsis_driver_examples/uart/dma_transfer/prj.conf'
[2025-12-05 08:37:46] [build-stdout] Configuration saved to '/Users/jie/mcuxpresso-sdk/mcuxsdk/build/.config'
[2025-12-05 08:37:46] [build-stdout] Kconfig header saved to '/Users/jie/mcuxpresso-sdk/mcuxsdk/build/mcux_config.h'
[2025-12-05 08:37:46] [build-stdout] -- Generated /Users/jie/mcuxpresso-sdk/mcuxsdk/build/mcuxsdk_version.h
[2025-12-05 08:37:48] [build-stdout] -- Will use custom config file /Users/jie/mcuxpresso-sdk/mcuxsdk/examples/_boards/frdmk32l2b/cmsis_driver_examples/uart/dma_transfer/RTE_Device.h from project
[2025-12-05 08:37:48] [build-stdout] -- Configuring done (15.4s)
[2025-12-05 08:37:49] [build-stdout] -- Generating done (0.6s)
[2025-12-05 08:37:49] [build-stdout] -- Build files have been written to: /Users/jie/mcuxpresso-sdk/mcuxsdk/build
[2025-12-05 08:37:49] [build-stdout] === building application
[2025-12-05 08:37:50] [build-stdout] [1/25] Building ASM object CMakeFiles/cmsis_uart_dma_transfer.dir/Users/jie/mcuxpresso-sdk/mcuxsdk/devices/Kinetis/K32L/K32L2B31A/gcc/startup_K32L2B31A.S.obj
[2025-12-05 08:37:51] [build-stdout] [2/25] Building C object CMakeFiles/cmsis_uart_dma_transfer.dir/Users/jie/mcuxpresso-sdk/mcuxsdk/devices/Kinetis/K32L/K32L2B31A/system_K32L2B31A.c.obj
[2025-12-05 08:37:51] [build-stdout] [3/25] Building C object CMakeFiles/cmsis_uart_dma_transfer.dir/Users/jie/mcuxpresso-sdk/mcuxsdk/examples/_boards/frdmk32l2b/cmsis_driver_examples/uart/dma_transfer/pin_mux.c.obj
[2025-12-05 08:37:51] [build-stdout] [4/25] Building C object CMakeFiles/cmsis_uart_dma_transfer.dir/Users/jie/mcuxpresso-sdk/mcuxsdk/examples/_boards/frdmk32l2b/clock_config.c.obj
[2025-12-05 08:37:51] [build-stdout] [5/25] Building C object CMakeFiles/cmsis_uart_dma_transfer.dir/Users/jie/mcuxpresso-sdk/mcuxsdk/examples/_boards/frdmk32l2b/board.c.obj
[2025-12-05 08:37:51] [build-stdout] [6/25] Building C object CMakeFiles/cmsis_uart_dma_transfer.dir/Users/jie/mcuxpresso-sdk/mcuxsdk/drivers/dma/fsl_dma.c.obj
[2025-12-05 08:37:51] [build-stdout] [7/25] Building C object CMakeFiles/cmsis_uart_dma_transfer.dir/Users/jie/mcuxpresso-sdk/mcuxsdk/drivers/common/fsl_common.c.obj
[2025-12-05 08:37:51] [build-stdout] [8/25] Building C object CMakeFiles/cmsis_uart_dma_transfer.dir/Users/jie/mcuxpresso-sdk/mcuxsdk/drivers/common/fsl_common_arm.c.obj
[2025-12-05 08:37:51] [build-stdout] [9/25] Building C object CMakeFiles/cmsis_uart_dma_transfer.dir/Users/jie/mcuxpresso-sdk/mcuxsdk/drivers/dmamux/fsl_dmamux.c.obj
[2025-12-05 08:37:51] [build-stdout] [10/25] Building C object CMakeFiles/cmsis_uart_dma_transfer.dir/Users/jie/mcuxpresso-sdk/mcuxsdk/drivers/gpio/fsl_gpio.c.obj
[2025-12-05 08:37:51] [build-stdout] [11/25] Building C object CMakeFiles/cmsis_uart_dma_transfer.dir/Users/jie/mcuxpresso-sdk/mcuxsdk/devices/Kinetis/K32L/K32L2B31A/drivers/fsl_clock.c.obj
[2025-12-05 08:37:51] [build-stdout] [12/25] Building C object CMakeFiles/cmsis_uart_dma_transfer.dir/Users/jie/mcuxpresso-sdk/mcuxsdk/examples/_boards/frdmk32l2b/cmsis_driver_examples/uart/dma_transfer/hardware_init.c.obj
[2025-12-05 08:37:52] [build-stdout] [13/25] Building C object CMakeFiles/cmsis_uart_dma_transfer.dir/Users/jie/mcuxpresso-sdk/mcuxsdk/drivers/lpuart/fsl_lpuart.c.obj
[2025-12-05 08:37:52] [build-stdout] [14/25] Building C object CMakeFiles/cmsis_uart_dma_transfer.dir/Users/jie/mcuxpresso-sdk/mcuxsdk/components/misc_utilities/fsl_sbrk.c.obj
[2025-12-05 08:37:52] [build-stdout] [15/25] Building C object CMakeFiles/cmsis_uart_dma_transfer.dir/Users/jie/mcuxpresso-sdk/mcuxsdk/components/misc_utilities/fsl_syscall_stub.c.obj
[2025-12-05 08:37:52] [build-stdout] [16/25] Building C object CMakeFiles/cmsis_uart_dma_transfer.dir/Users/jie/mcuxpresso-sdk/mcuxsdk/components/assert/fsl_assert.c.obj
[2025-12-05 08:37:52] [build-stdout] [17/25] Building C object CMakeFiles/cmsis_uart_dma_transfer.dir/Users/jie/mcuxpresso-sdk/mcuxsdk/drivers/smc/fsl_smc.c.obj
[2025-12-05 08:37:52] [build-stdout] [18/25] Building C object CMakeFiles/cmsis_uart_dma_transfer.dir/Users/jie/mcuxpresso-sdk/mcuxsdk/drivers/uart/fsl_uart_dma.c.obj
[2025-12-05 08:37:52] [build-stdout] [19/25] Building C object CMakeFiles/cmsis_uart_dma_transfer.dir/Users/jie/mcuxpresso-sdk/mcuxsdk/components/debug_console_lite/fsl_debug_console.c.obj
[2025-12-05 08:37:52] [build-stdout] [20/25] Building C object CMakeFiles/cmsis_uart_dma_transfer.dir/Users/jie/mcuxpresso-sdk/mcuxsdk/components/uart/fsl_adapter_lpuart.c.obj
[2025-12-05 08:37:52] [build-stdout] [21/25] Building C object CMakeFiles/cmsis_uart_dma_transfer.dir/Users/jie/mcuxpresso-sdk/mcuxsdk/drivers/uart/fsl_uart.c.obj
[2025-12-05 08:37:52] [build-stdout] [22/25] Building C object CMakeFiles/cmsis_uart_dma_transfer.dir/Users/jie/mcuxpresso-sdk/mcuxsdk/components/cmsis_drivers/cmsis_uart/fsl_uart_cmsis.c.obj
[2025-12-05 08:37:52] [build-stdout] [23/25] Building C object CMakeFiles/cmsis_uart_dma_transfer.dir/Users/jie/mcuxpresso-sdk/mcuxsdk/components/str/fsl_str.c.obj
[2025-12-05 08:37:52] [build-stdout] [24/25] Building C object CMakeFiles/cmsis_uart_dma_transfer.dir/Users/jie/mcuxpresso-sdk/mcuxsdk/examples/cmsis_driver_examples/usart/dma_transfer/cmsis_usart_dma_transfer.c.obj
[2025-12-05 08:37:53] [build-stdout] [25/25] Linking C executable cmsis_uart_dma_transfer.elf
[2025-12-05 08:37:53] [build-stdout] Memory region         Used Size  Region Size  %age Used
[2025-12-05 08:37:53] [build-stdout]     m_interrupts:         192 B        512 B     37.50%
[2025-12-05 08:37:53] [build-stdout]   m_flash_config:          16 B         16 B    100.00%
[2025-12-05 08:37:53] [build-stdout]           m_text:       15720 B     261104 B      6.02%
[2025-12-05 08:37:53] [build-stdout]           m_data:        2368 B        32 KB      7.23%
[2025-12-05 08:37:53] [build-stdout] 编译成功完成!
[2025-12-05 08:37:54] Plumbing command codeql database trace-command completed.
[2025-12-05 08:37:54] [PROGRESS] database create> Finalizing database at /Users/jie/Documents/workspace/lcmhalgen/LCMHalTest_DBS/DATABASE_NXP_BMUART_DMA_macbook.
[2025-12-05 08:37:54] Running plumbing command: codeql database finalize --no-db-cluster -- /Users/jie/Documents/workspace/lcmhalgen/LCMHalTest_DBS/DATABASE_NXP_BMUART_DMA_macbook
[2025-12-05 08:37:54] Using pre-finalize script /opt/homebrew/Caskroom/codeql/2.23.0/codeql/cpp/tools/pre-finalize.sh.
[2025-12-05 08:37:54] [PROGRESS] database finalize> Running pre-finalize script /opt/homebrew/Caskroom/codeql/2.23.0/codeql/cpp/tools/pre-finalize.sh in /Users/jie/Documents/workspace/lcmhalgen/LCMHalMCPServer/testcases/macbook/nxp_bm_uart_dma.
[2025-12-05 08:37:54] Running plumbing command: codeql database trace-command --working-dir=/Users/jie/Documents/workspace/lcmhalgen/LCMHalMCPServer/testcases/macbook/nxp_bm_uart_dma --no-tracing -- /Users/jie/Documents/workspace/lcmhalgen/LCMHalTest_DBS/DATABASE_NXP_BMUART_DMA_macbook /opt/homebrew/Caskroom/codeql/2.23.0/codeql/cpp/tools/pre-finalize.sh
[2025-12-05 08:37:54] [PROGRESS] database trace-command> Running command in /Users/jie/Documents/workspace/lcmhalgen/LCMHalMCPServer/testcases/macbook/nxp_bm_uart_dma: [/opt/homebrew/Caskroom/codeql/2.23.0/codeql/cpp/tools/pre-finalize.sh]
[2025-12-05 08:37:54] Plumbing command codeql database trace-command completed.
[2025-12-05 08:37:54] [PROGRESS] database finalize> Pre-finalize script /opt/homebrew/Caskroom/codeql/2.23.0/codeql/cpp/tools/pre-finalize.sh completed in 47 ms.
[2025-12-05 08:37:54] [PROGRESS] database finalize> Running TRAP import for CodeQL database at /Users/jie/Documents/workspace/lcmhalgen/LCMHalTest_DBS/DATABASE_NXP_BMUART_DMA_macbook...
[2025-12-05 08:37:54] Running plumbing command: codeql dataset import --dbscheme=/opt/homebrew/Caskroom/codeql/2.23.0/codeql/cpp/semmlecode.cpp.dbscheme -- /Users/jie/Documents/workspace/lcmhalgen/LCMHalTest_DBS/DATABASE_NXP_BMUART_DMA_macbook/db-cpp /Users/jie/Documents/workspace/lcmhalgen/LCMHalTest_DBS/DATABASE_NXP_BMUART_DMA_macbook/trap/cpp
[2025-12-05 08:37:54] Clearing disk cache since the version file /Users/jie/Documents/workspace/lcmhalgen/LCMHalTest_DBS/DATABASE_NXP_BMUART_DMA_macbook/db-cpp/default/cache/version does not exist
[2025-12-05 08:37:54] Tuple pool not found. Clearing relations with cached strings
[2025-12-05 08:37:54] Trimming disk cache at /Users/jie/Documents/workspace/lcmhalgen/LCMHalTest_DBS/DATABASE_NXP_BMUART_DMA_macbook/db-cpp/default/cache in mode clear.
[2025-12-05 08:37:54] Sequence stamp origin is -5973719369227728039
[2025-12-05 08:37:54] Pausing evaluation to hard-clear memory at sequence stamp o+0
[2025-12-05 08:37:54] Unpausing evaluation
[2025-12-05 08:37:54] Pausing evaluation to quickly trim disk at sequence stamp o+1
[2025-12-05 08:37:54] Unpausing evaluation
[2025-12-05 08:37:54] Pausing evaluation to zealously trim disk at sequence stamp o+2
[2025-12-05 08:37:54] Unpausing evaluation
[2025-12-05 08:37:54] Trimming completed (3ms): Purged everything.
[2025-12-05 08:37:54] Scanning for files in /Users/jie/Documents/workspace/lcmhalgen/LCMHalTest_DBS/DATABASE_NXP_BMUART_DMA_macbook/trap/cpp
[2025-12-05 08:37:54] Found 58 files on disk containing 184 TRAP files (3.28 MiB)
[2025-12-05 08:37:54] [PROGRESS] dataset import> Grouping TRAP files by link target
[2025-12-05 08:37:54] [PROGRESS] dataset import> Grouping unlinked TRAP files together
[2025-12-05 08:37:54] [PROGRESS] dataset import> Scanning TRAP files
[2025-12-05 08:37:54] Scanning cpp_predefined.5653aa5f.trap (CMakeCCompilerId.c.a8a74968_0.trap.tar.zst) (1 of 184)
[2025-12-05 08:37:54] Scanning CMakeCCompilerId.c.a8a74968.trap (CMakeCCompilerId.c.a8a74968_0.trap.tar.zst) (2 of 184)
[2025-12-05 08:37:54] Scanning CMakeCXXCompilerId.cpp.01fbf508.trap (CMakeCXXCompilerId.cpp.01fbf508_0.trap.tar.zst) (3 of 184)
[2025-12-05 08:37:54] Scanning fsl_assert.h.465591eb.trap (fsl_assert.c.843e7a1d_0.trap.tar.zst) (4 of 184)
[2025-12-05 08:37:54] Scanning fsl_assert.c.843e7a1d.trap (fsl_assert.c.843e7a1d_0.trap.tar.zst) (5 of 184)
[2025-12-05 08:37:54] Scanning fsl_uart_cmsis.c.bb0cf163.trap (fsl_uart_cmsis.c.bb0cf163_0.trap.tar.zst) (6 of 184)
[2025-12-05 08:37:54] Scanning stddef.h.341541cc.trap (fsl_debug_console.c.d8efbc70_0.trap.tar.zst) (7 of 184)
[2025-12-05 08:37:54] Scanning stddef.h.1f3cff50.trap (fsl_debug_console.c.d8efbc70_0.trap.tar.zst) (8 of 184)
[2025-12-05 08:37:54] Scanning math.h.8b222f5a.trap (fsl_debug_console.c.d8efbc70_0.trap.tar.zst) (9 of 184)
[2025-12-05 08:37:54] Scanning fsl_adapter_uart.h.de8a7eb1.trap (fsl_debug_console.c.d8efbc70_0.trap.tar.zst) (10 of 184)
[2025-12-05 08:37:54] Scanning fsl_str.h.e6ba6706.trap (fsl_debug_console.c.d8efbc70_0.trap.tar.zst) (11 of 184)
[2025-12-05 08:37:54] Scanning fsl_debug_console.c.d8efbc70.trap (fsl_debug_console.c.d8efbc70_0.trap.tar.zst) (12 of 184)
[2025-12-05 08:37:54] Scanning reent.h.64208b16.trap (fsl_sbrk.c.3a049e33_0.trap.tar.zst) (13 of 184)
[2025-12-05 08:37:54] Scanning errno.h.67f8c585.trap (fsl_sbrk.c.3a049e33_0.trap.tar.zst) (14 of 184)
[2025-12-05 08:37:54] Scanning errno.h.1382b31e.trap (fsl_sbrk.c.3a049e33_0.trap.tar.zst) (15 of 184)
[2025-12-05 08:37:54] Scanning fsl_sbrk.c.3a049e33.trap (fsl_sbrk.c.3a049e33_0.trap.tar.zst) (16 of 184)
[2025-12-05 08:37:54] Scanning stddef.h.efe1efb9.trap (fsl_syscall_stub.c.c3eb248f_0.trap.tar.zst) (17 of 184)
[2025-12-05 08:37:54] Scanning time.h.1059d7dc.trap (fsl_syscall_stub.c.c3eb248f_0.trap.tar.zst) (18 of 184)
[2025-12-05 08:37:54] Scanning _endian.h.fd780e6d.trap (fsl_syscall_stub.c.c3eb248f_0.trap.tar.zst) (19 of 184)
[2025-12-05 08:37:54] Scanning endian.h.83c063ea.trap (fsl_syscall_stub.c.c3eb248f_0.trap.tar.zst) (20 of 184)
[2025-12-05 08:37:54] Scanning _sigset.h.c5a2906d.trap (fsl_syscall_stub.c.c3eb248f_0.trap.tar.zst) (21 of 184)
[2025-12-05 08:37:54] Scanning _timeval.h.5a68ed63.trap (fsl_syscall_stub.c.c3eb248f_0.trap.tar.zst) (22 of 184)
[2025-12-05 08:37:54] Scanning _timespec.h.aca235ad.trap (fsl_syscall_stub.c.c3eb248f_0.trap.tar.zst) (23 of 184)
[2025-12-05 08:37:54] Scanning timespec.h.ed9c2fc6.trap (fsl_syscall_stub.c.c3eb248f_0.trap.tar.zst) (24 of 184)
[2025-12-05 08:37:54] Scanning select.h.edae2d4d.trap (fsl_syscall_stub.c.c3eb248f_0.trap.tar.zst) (25 of 184)
[2025-12-05 08:37:54] Scanning sched.h.26f1d497.trap (fsl_syscall_stub.c.c3eb248f_0.trap.tar.zst) (26 of 184)
[2025-12-05 08:37:54] Scanning _pthreadtypes.h.591cbe6b.trap (fsl_syscall_stub.c.c3eb248f_0.trap.tar.zst) (27 of 184)
[2025-12-05 08:37:54] Scanning types.h.7e74887b.trap (fsl_syscall_stub.c.c3eb248f_0.trap.tar.zst) (28 of 184)
[2025-12-05 08:37:54] Scanning types.h.c1f64335.trap (fsl_syscall_stub.c.c3eb248f_0.trap.tar.zst) (29 of 184)
[2025-12-05 08:37:54] Scanning time.h.08a687de.trap (fsl_syscall_stub.c.c3eb248f_0.trap.tar.zst) (30 of 184)
[2025-12-05 08:37:54] Scanning stat.h.a320f985.trap (fsl_syscall_stub.c.c3eb248f_0.trap.tar.zst) (31 of 184)
[2025-12-05 08:37:54] Scanning fsl_syscall_stub.c.c3eb248f.trap (fsl_syscall_stub.c.c3eb248f_0.trap.tar.zst) (32 of 184)
[2025-12-05 08:37:54] Scanning fsl_str.h.202a714a.trap (fsl_str.c.70b397b0_0.trap.tar.zst) (33 of 184)
[2025-12-05 08:37:54] Scanning fsl_str.c.70b397b0.trap (fsl_str.c.70b397b0_0.trap.tar.zst) (34 of 184)
[2025-12-05 08:37:54] Scanning fsl_adapter_lpuart.c.170b557f.trap (fsl_adapter_lpuart.c.170b557f_0.trap.tar.zst) (35 of 184)
[2025-12-05 08:37:54] Scanning newlib.h.ddb2ccae.trap (fsl_clock.c.620b28d5_0.trap.tar.zst) (36 of 184)
[2025-12-05 08:37:54] Scanning ieeefp.h.65c549ea.trap (fsl_clock.c.620b28d5_0.trap.tar.zst) (37 of 184)
[2025-12-05 08:37:54] Scanning config.h.e9ee264c.trap (fsl_clock.c.620b28d5_0.trap.tar.zst) (38 of 184)
[2025-12-05 08:37:54] Scanning _ansi.h.4982ac1d.trap (fsl_clock.c.620b28d5_0.trap.tar.zst) (39 of 184)
[2025-12-05 08:37:54] Scanning assert.h.0ba3fcad.trap (fsl_clock.c.620b28d5_0.trap.tar.zst) (40 of 184)
[2025-12-05 08:37:54] Scanning stdbool.h.b61aac9b.trap (fsl_clock.c.620b28d5_0.trap.tar.zst) (41 of 184)
[2025-12-05 08:37:54] Scanning string.h.300e0ecd.trap (fsl_clock.c.620b28d5_0.trap.tar.zst) (42 of 184)
[2025-12-05 08:37:54] Scanning fsl_clock.h.cd2fa43f.trap (fsl_clock.c.620b28d5_0.trap.tar.zst) (43 of 184)
[2025-12-05 08:37:54] Scanning fsl_common_arm.h.8bcea05b.trap (fsl_clock.c.620b28d5_0.trap.tar.zst) (44 of 184)
[2025-12-05 08:37:54] Scanning fsl_common.h.85aa0ead.trap (fsl_clock.c.620b28d5_0.trap.tar.zst) (45 of 184)
[2025-12-05 08:37:54] Scanning fsl_clock.h.ae614cba.trap (fsl_clock.c.620b28d5_0.trap.tar.zst) (46 of 184)
[2025-12-05 08:37:54] Scanning fsl_clock.c.620b28d5.trap (fsl_clock.c.620b28d5_0.trap.tar.zst) (47 of 184)
[2025-12-05 08:37:54] Scanning mcux_config.h.f8ac58a9.trap (system_K32L2B31A.c.5e8a0148_0.trap.tar.zst) (48 of 184)
[2025-12-05 08:37:54] Scanning mcuxsdk_version.h.f8ac58a9.trap (system_K32L2B31A.c.5e8a0148_0.trap.tar.zst) (49 of 184)
[2025-12-05 08:37:54] Scanning _newlib_version.h.f8ac58a9.trap (system_K32L2B31A.c.5e8a0148_0.trap.tar.zst) (50 of 184)
[2025-12-05 08:37:54] Scanning features.h.6671b324.trap (system_K32L2B31A.c.5e8a0148_0.trap.tar.zst) (51 of 184)
[2025-12-05 08:37:54] Scanning _default_types.h.e0846752.trap (system_K32L2B31A.c.5e8a0148_0.trap.tar.zst) (52 of 184)
[2025-12-05 08:37:54] Scanning _intsup.h.91fb5201.trap (system_K32L2B31A.c.5e8a0148_0.trap.tar.zst) (53 of 184)
[2025-12-05 08:37:54] Scanning _stdint.h.e7feafc7.trap (system_K32L2B31A.c.5e8a0148_0.trap.tar.zst) (54 of 184)
[2025-12-05 08:37:54] Scanning stdint.h.5c81f0f6.trap (system_K32L2B31A.c.5e8a0148_0.trap.tar.zst) (55 of 184)
[2025-12-05 08:37:54] Scanning stdint.h.97700d79.trap (system_K32L2B31A.c.5e8a0148_0.trap.tar.zst) (56 of 184)
[2025-12-05 08:37:54] Scanning cmsis_version.h.1937d4e2.trap (system_K32L2B31A.c.5e8a0148_0.trap.tar.zst) (57 of 184)
[2025-12-05 08:37:54] Scanning arm_acle.h.236c30d1.trap (system_K32L2B31A.c.5e8a0148_0.trap.tar.zst) (58 of 184)
[2025-12-05 08:37:54] Scanning cmsis_gcc_m.h.7564f171.trap (system_K32L2B31A.c.5e8a0148_0.trap.tar.zst) (59 of 184)
[2025-12-05 08:37:54] Scanning cmsis_gcc.h.0bea46e3.trap (system_K32L2B31A.c.5e8a0148_0.trap.tar.zst) (60 of 184)
[2025-12-05 08:37:54] Scanning cmsis_compiler.h.6b0ae06e.trap (system_K32L2B31A.c.5e8a0148_0.trap.tar.zst) (61 of 184)
[2025-12-05 08:37:54] Scanning core_cm0plus.h.4e576b65.trap (system_K32L2B31A.c.5e8a0148_0.trap.tar.zst) (62 of 184)
[2025-12-05 08:37:54] Scanning system_K32L2B31A.h.e474d745.trap (system_K32L2B31A.c.5e8a0148_0.trap.tar.zst) (63 of 184)
[2025-12-05 08:37:54] Scanning K32L2B31A_features.h.42814b20.trap (system_K32L2B31A.c.5e8a0148_0.trap.tar.zst) (64 of 184)
[2025-12-05 08:37:54] Scanning K32L2B31A_COMMON.h.f90cab5d.trap (system_K32L2B31A.c.5e8a0148_0.trap.tar.zst) (65 of 184)
[2025-12-05 08:37:54] Scanning PERI_ADC.h.939c4430.trap (system_K32L2B31A.c.5e8a0148_0.trap.tar.zst) (66 of 184)
[2025-12-05 08:37:54] Scanning PERI_CMP.h.2a64510e.trap (system_K32L2B31A.c.5e8a0148_0.trap.tar.zst) (67 of 184)
[2025-12-05 08:37:54] Scanning PERI_DAC.h.eef70876.trap (system_K32L2B31A.c.5e8a0148_0.trap.tar.zst) (68 of 184)
[2025-12-05 08:37:54] Scanning PERI_DMA.h.28b1e9cb.trap (system_K32L2B31A.c.5e8a0148_0.trap.tar.zst) (69 of 184)
[2025-12-05 08:37:54] Scanning PERI_DMAMUX.h.9210e542.trap (system_K32L2B31A.c.5e8a0148_0.trap.tar.zst) (70 of 184)
[2025-12-05 08:37:54] Scanning PERI_FGPIO.h.8cf6327f.trap (system_K32L2B31A.c.5e8a0148_0.trap.tar.zst) (71 of 184)
[2025-12-05 08:37:54] Scanning PERI_FLEXIO.h.14d96dbb.trap (system_K32L2B31A.c.5e8a0148_0.trap.tar.zst) (72 of 184)
[2025-12-05 08:37:54] Scanning PERI_FTFA.h.420aa5f1.trap (system_K32L2B31A.c.5e8a0148_0.trap.tar.zst) (73 of 184)
[2025-12-05 08:37:54] Scanning PERI_GPIO.h.90eab0ed.trap (system_K32L2B31A.c.5e8a0148_0.trap.tar.zst) (74 of 184)
[2025-12-05 08:37:54] Scanning PERI_I2C.h.13a7ae11.trap (system_K32L2B31A.c.5e8a0148_0.trap.tar.zst) (75 of 184)
[2025-12-05 08:37:54] Scanning PERI_LCD.h.4073fb94.trap (system_K32L2B31A.c.5e8a0148_0.trap.tar.zst) (76 of 184)
[2025-12-05 08:37:54] Scanning PERI_LLWU.h.9dc65a20.trap (system_K32L2B31A.c.5e8a0148_0.trap.tar.zst) (77 of 184)
[2025-12-05 08:37:54] Scanning PERI_LPTMR.h.edc1b24d.trap (system_K32L2B31A.c.5e8a0148_0.trap.tar.zst) (78 of 184)
[2025-12-05 08:37:54] Scanning PERI_LPUART.h.020da0ae.trap (system_K32L2B31A.c.5e8a0148_0.trap.tar.zst) (79 of 184)
[2025-12-05 08:37:54] Scanning PERI_MCG.h.73a0c3f8.trap (system_K32L2B31A.c.5e8a0148_0.trap.tar.zst) (80 of 184)
[2025-12-05 08:37:54] Scanning PERI_MCM.h.44c522c6.trap (system_K32L2B31A.c.5e8a0148_0.trap.tar.zst) (81 of 184)
[2025-12-05 08:37:54] Scanning PERI_MTB.h.262e9b76.trap (system_K32L2B31A.c.5e8a0148_0.trap.tar.zst) (82 of 184)
[2025-12-05 08:37:54] Scanning PERI_MTBDWT.h.909b11ca.trap (system_K32L2B31A.c.5e8a0148_0.trap.tar.zst) (83 of 184)
[2025-12-05 08:37:54] Scanning PERI_NV.h.0732ce7b.trap (system_K32L2B31A.c.5e8a0148_0.trap.tar.zst) (84 of 184)
[2025-12-05 08:37:54] Scanning PERI_OSC.h.1ba3480e.trap (system_K32L2B31A.c.5e8a0148_0.trap.tar.zst) (85 of 184)
[2025-12-05 08:37:54] Scanning PERI_PIT.h.81d93dd8.trap (system_K32L2B31A.c.5e8a0148_0.trap.tar.zst) (86 of 184)
[2025-12-05 08:37:54] Scanning PERI_PMC.h.c3498493.trap (system_K32L2B31A.c.5e8a0148_0.trap.tar.zst) (87 of 184)
[2025-12-05 08:37:54] Scanning PERI_PORT.h.856ea7eb.trap (system_K32L2B31A.c.5e8a0148_0.trap.tar.zst) (88 of 184)
[2025-12-05 08:37:54] Scanning PERI_RCM.h.5a921d5a.trap (system_K32L2B31A.c.5e8a0148_0.trap.tar.zst) (89 of 184)
[2025-12-05 08:37:54] Scanning PERI_RFSYS.h.021f3831.trap (system_K32L2B31A.c.5e8a0148_0.trap.tar.zst) (90 of 184)
[2025-12-05 08:37:54] Scanning PERI_ROM.h.4c4f5adb.trap (system_K32L2B31A.c.5e8a0148_0.trap.tar.zst) (91 of 184)
[2025-12-05 08:37:54] Scanning PERI_RTC.h.5f0c4408.trap (system_K32L2B31A.c.5e8a0148_0.trap.tar.zst) (92 of 184)
[2025-12-05 08:37:54] Scanning PERI_SIM.h.a9fcb866.trap (system_K32L2B31A.c.5e8a0148_0.trap.tar.zst) (93 of 184)
[2025-12-05 08:37:54] Scanning PERI_SMC.h.12eef0a1.trap (system_K32L2B31A.c.5e8a0148_0.trap.tar.zst) (94 of 184)
[2025-12-05 08:37:54] Scanning PERI_SPI.h.e1e89a7d.trap (system_K32L2B31A.c.5e8a0148_0.trap.tar.zst) (95 of 184)
[2025-12-05 08:37:54] Scanning PERI_TPM.h.eaeb657f.trap (system_K32L2B31A.c.5e8a0148_0.trap.tar.zst) (96 of 184)
[2025-12-05 08:37:54] Scanning PERI_UART.h.b3563bcc.trap (system_K32L2B31A.c.5e8a0148_0.trap.tar.zst) (97 of 184)
[2025-12-05 08:37:54] Scanning PERI_USB.h.e52e5aec.trap (system_K32L2B31A.c.5e8a0148_0.trap.tar.zst) (98 of 184)
[2025-12-05 08:37:54] Scanning PERI_VREF.h.5625cb09.trap (system_K32L2B31A.c.5e8a0148_0.trap.tar.zst) (99 of 184)
[2025-12-05 08:37:54] Scanning K32L2B31A.h.83108367.trap (system_K32L2B31A.c.5e8a0148_0.trap.tar.zst) (100 of 184)
[2025-12-05 08:37:54] Scanning fsl_device_registers.h.51152e43.trap (system_K32L2B31A.c.5e8a0148_0.trap.tar.zst) (101 of 184)
[2025-12-05 08:37:54] Scanning system_K32L2B31A.c.5e8a0148.trap (system_K32L2B31A.c.5e8a0148_0.trap.tar.zst) (102 of 184)
[2025-12-05 08:37:54] Scanning fsl_common.c.7bbe5190.trap (fsl_common.c.7bbe5190_0.trap.tar.zst) (103 of 184)
[2025-12-05 08:37:54] Scanning fsl_common_arm.c.3bb74156.trap (fsl_common_arm.c.3bb74156_0.trap.tar.zst) (104 of 184)
[2025-12-05 08:37:54] Scanning fsl_dma.h.0294c3f9.trap (fsl_dma.c.d978be1d_0.trap.tar.zst) (105 of 184)
[2025-12-05 08:37:54] Scanning fsl_dma.c.d978be1d.trap (fsl_dma.c.d978be1d_0.trap.tar.zst) (106 of 184)
[2025-12-05 08:37:54] Scanning fsl_dmamux.h.fe2801d7.trap (fsl_dmamux.c.62ba350a_0.trap.tar.zst) (107 of 184)
[2025-12-05 08:37:54] Scanning fsl_dmamux.c.62ba350a.trap (fsl_dmamux.c.62ba350a_0.trap.tar.zst) (108 of 184)
[2025-12-05 08:37:54] Scanning fsl_gpio.c.58665010.trap (fsl_gpio.c.58665010_0.trap.tar.zst) (109 of 184)
[2025-12-05 08:37:54] Scanning fsl_lpuart.h.e0d72a15.trap (fsl_lpuart.c.737071f1_0.trap.tar.zst) (110 of 184)
[2025-12-05 08:37:54] Scanning fsl_lpuart.c.737071f1.trap (fsl_lpuart.c.737071f1_0.trap.tar.zst) (111 of 184)
[2025-12-05 08:37:54] Scanning fsl_smc.c.b1e14042.trap (fsl_smc.c.b1e14042_0.trap.tar.zst) (112 of 184)
[2025-12-05 08:37:54] Scanning fsl_uart.c.fad5050b.trap (fsl_uart.c.fad5050b_0.trap.tar.zst) (113 of 184)
[2025-12-05 08:37:54] Scanning fsl_uart_dma.c.e4a55467.trap (fsl_uart_dma.c.e4a55467_0.trap.tar.zst) (114 of 184)
[2025-12-05 08:37:54] Scanning fsl_gpio.h.07d86b5c.trap (board.c.53289075_0.trap.tar.zst) (115 of 184)
[2025-12-05 08:37:54] Scanning board.h.972cbd20.trap (board.c.53289075_0.trap.tar.zst) (116 of 184)
[2025-12-05 08:37:54] Scanning stdarg.h.e8438700.trap (board.c.53289075_0.trap.tar.zst) (117 of 184)
[2025-12-05 08:37:54] Scanning fsl_debug_console.h.26d6b51b.trap (board.c.53289075_0.trap.tar.zst) (118 of 184)
[2025-12-05 08:37:54] Scanning board.c.53289075.trap (board.c.53289075_0.trap.tar.zst) (119 of 184)
[2025-12-05 08:37:54] Scanning fsl_common.h.d59118d4.trap (clock_config.c.8e5638ac_0.trap.tar.zst) (120 of 184)
[2025-12-05 08:37:54] Scanning fsl_smc.h.43e4cbf5.trap (clock_config.c.8e5638ac_0.trap.tar.zst) (121 of 184)
[2025-12-05 08:37:54] Scanning clock_config.h.57ccc22f.trap (clock_config.c.8e5638ac_0.trap.tar.zst) (122 of 184)
[2025-12-05 08:37:54] Scanning clock_config.c.8e5638ac.trap (clock_config.c.8e5638ac_0.trap.tar.zst) (123 of 184)
[2025-12-05 08:37:54] Scanning Driver_Common.h.d3e9bc86.trap (hardware_init.c.8040c1d7_0.trap.tar.zst) (124 of 184)
[2025-12-05 08:37:54] Scanning Driver_USART.h.cf5c7cb6.trap (hardware_init.c.8040c1d7_0.trap.tar.zst) (125 of 184)
[2025-12-05 08:37:54] Scanning RTE_Device.h.ec1f464e.trap (hardware_init.c.8040c1d7_0.trap.tar.zst) (126 of 184)
[2025-12-05 08:37:54] Scanning fsl_uart.h.afede7ee.trap (hardware_init.c.8040c1d7_0.trap.tar.zst) (127 of 184)
[2025-12-05 08:37:54] Scanning fsl_uart_dma.h.fc61fd99.trap (hardware_init.c.8040c1d7_0.trap.tar.zst) (128 of 184)
[2025-12-05 08:37:54] Scanning fsl_uart_cmsis.h.f32e060e.trap (hardware_init.c.8040c1d7_0.trap.tar.zst) (129 of 184)
[2025-12-05 08:37:54] Scanning app.h.1e34d9b8.trap (hardware_init.c.8040c1d7_0.trap.tar.zst) (130 of 184)
[2025-12-05 08:37:54] Scanning hardware_init.c.8040c1d7.trap (hardware_init.c.8040c1d7_0.trap.tar.zst) (131 of 184)
[2025-12-05 08:37:54] Scanning stddef.h.b62ab7f4.trap (pin_mux.c.ed1b149b_0.trap.tar.zst) (132 of 184)
[2025-12-05 08:37:54] Scanning stddef.h.110c767b.trap (pin_mux.c.ed1b149b_0.trap.tar.zst) (133 of 184)
[2025-12-05 08:37:54] Scanning cdefs.h.19aac22d.trap (pin_mux.c.ed1b149b_0.trap.tar.zst) (134 of 184)
[2025-12-05 08:37:54] Scanning stddef.h.515bcd9a.trap (pin_mux.c.ed1b149b_0.trap.tar.zst) (135 of 184)
[2025-12-05 08:37:54] Scanning _types.h.b82519ba.trap (pin_mux.c.ed1b149b_0.trap.tar.zst) (136 of 184)
[2025-12-05 08:37:54] Scanning _types.h.064575c4.trap (pin_mux.c.ed1b149b_0.trap.tar.zst) (137 of 184)
[2025-12-05 08:37:54] Scanning lock.h.8082f88d.trap (pin_mux.c.ed1b149b_0.trap.tar.zst) (138 of 184)
[2025-12-05 08:37:54] Scanning assert.h.d4aa2ebd.trap (pin_mux.c.ed1b149b_0.trap.tar.zst) (139 of 184)
[2025-12-05 08:37:54] Scanning reent.h.9cd2e138.trap (pin_mux.c.ed1b149b_0.trap.tar.zst) (140 of 184)
[2025-12-05 08:37:54] Scanning stddef.h.666378d9.trap (pin_mux.c.ed1b149b_0.trap.tar.zst) (141 of 184)
[2025-12-05 08:37:54] Scanning _locale.h.94d346ae.trap (pin_mux.c.ed1b149b_0.trap.tar.zst) (142 of 184)
[2025-12-05 08:37:54] Scanning strings.h.6892ba8f.trap (pin_mux.c.ed1b149b_0.trap.tar.zst) (143 of 184)
[2025-12-05 08:37:54] Scanning string.h.891737e2.trap (pin_mux.c.ed1b149b_0.trap.tar.zst) (144 of 184)
[2025-12-05 08:37:54] Scanning ieeefp.h.5de631e4.trap (pin_mux.c.ed1b149b_0.trap.tar.zst) (145 of 184)
[2025-12-05 08:37:54] Scanning stddef.h.f7851385.trap (pin_mux.c.ed1b149b_0.trap.tar.zst) (146 of 184)
[2025-12-05 08:37:54] Scanning stdlib.h.f8ac58a9.trap (pin_mux.c.ed1b149b_0.trap.tar.zst) (147 of 184)
[2025-12-05 08:37:54] Scanning alloca.h.c1e9039f.trap (pin_mux.c.ed1b149b_0.trap.tar.zst) (148 of 184)
[2025-12-05 08:37:54] Scanning stdlib.h.85105190.trap (pin_mux.c.ed1b149b_0.trap.tar.zst) (149 of 184)
[2025-12-05 08:37:54] Scanning fsl_port.h.d876f53c.trap (pin_mux.c.ed1b149b_0.trap.tar.zst) (150 of 184)
[2025-12-05 08:37:54] Scanning pin_mux.h.9ed3e64a.trap (pin_mux.c.ed1b149b_0.trap.tar.zst) (151 of 184)
[2025-12-05 08:37:54] Scanning pin_mux.c.ed1b149b.trap (pin_mux.c.ed1b149b_0.trap.tar.zst) (152 of 184)
[2025-12-05 08:37:54] Scanning cmsis_usart_dma_transfer.c.593a857e.trap (cmsis_usart_dma_transfer.c.593a857e_0.trap.tar.zst) (153 of 184)
[2025-12-05 08:37:54] Scanning 56511081_0.trap.zst (154 of 184)
[2025-12-05 08:37:54] Scanning 24745108_0.trap.zst (155 of 184)
[2025-12-05 08:37:54] Scanning 2070498_0.trap.zst (156 of 184)
[2025-12-05 08:37:54] Scanning 38485142_0.trap.zst (157 of 184)
[2025-12-05 08:37:54] Scanning 63237182_0.trap.zst (158 of 184)
[2025-12-05 08:37:54] Scanning 38973451_0.trap.zst (159 of 184)
[2025-12-05 08:37:54] Scanning 14468887_0.trap.zst (160 of 184)
[2025-12-05 08:37:54] Scanning 14503960_0.trap.zst (161 of 184)
[2025-12-05 08:37:54] Scanning 26894544_0.trap.zst (162 of 184)
[2025-12-05 08:37:54] Scanning 42320256_0.trap.zst (163 of 184)
[2025-12-05 08:37:54] Scanning 31297686_0.trap.zst (164 of 184)
[2025-12-05 08:37:54] Scanning 67025969_0.trap.zst (165 of 184)
[2025-12-05 08:37:54] Scanning 18687077_0.trap.zst (166 of 184)
[2025-12-05 08:37:54] Scanning 30786565_0.trap.zst (167 of 184)
[2025-12-05 08:37:54] Scanning 34521049_0.trap.zst (168 of 184)
[2025-12-05 08:37:54] Scanning 5903533_0.trap.zst (169 of 184)
[2025-12-05 08:37:54] Scanning 56375648_0.trap.zst (170 of 184)
[2025-12-05 08:37:54] Scanning 54765707_0.trap.zst (171 of 184)
[2025-12-05 08:37:54] Scanning 33476641_0.trap.zst (172 of 184)
[2025-12-05 08:37:54] Scanning 7405705_0.trap.zst (173 of 184)
[2025-12-05 08:37:54] Scanning 24002108_0.trap.zst (174 of 184)
[2025-12-05 08:37:54] Scanning 48720903_0.trap.zst (175 of 184)
[2025-12-05 08:37:54] Scanning 50258074_0.trap.zst (176 of 184)
[2025-12-05 08:37:54] Scanning 7246178_0.trap.zst (177 of 184)
[2025-12-05 08:37:54] Scanning 52288536_0.trap.zst (178 of 184)
[2025-12-05 08:37:54] Scanning 61227449_0.trap.zst (179 of 184)
[2025-12-05 08:37:54] Scanning 66058266_0.trap.zst (180 of 184)
[2025-12-05 08:37:54] Scanning metadata.trap.gz (181 of 184)
[2025-12-05 08:37:54] Scanning a.out.trap.zst (182 of 184)
[2025-12-05 08:37:54] Scanning a.out.trap.zst (183 of 184)
[2025-12-05 08:37:54] Scanning cmsis_uart_dma_transfer.elf.trap.zst (184 of 184)
[2025-12-05 08:37:54] [WARN] Non-unique implementations of @"fun_decl_SystemInitHook(?)": /Users/jie/mcuxpresso-sdk/mcuxsdk/examples/_boards/frdmk32l2b/board.c[19bfb7b3];lib_linux_i686, /Users/jie/mcuxpresso-sdk/mcuxsdk/devices/Kinetis/K32L/K32L2B31A/system_K32L2B31A.c[00000000];lib_linux_i686
[2025-12-05 08:37:54] [PROGRESS] dataset import> Importing TRAP files
[2025-12-05 08:37:54] Importing cpp_predefined.5653aa5f.trap (CMakeCCompilerId.c.a8a74968_0.trap.tar.zst) for no link target (1 of 184)
[2025-12-05 08:37:54] Importing CMakeCCompilerId.c.a8a74968.trap (CMakeCCompilerId.c.a8a74968_0.trap.tar.zst) for a.out.link (2 of 184)
[2025-12-05 08:37:54] Importing CMakeCXXCompilerId.cpp.01fbf508.trap (CMakeCXXCompilerId.cpp.01fbf508_0.trap.tar.zst) for a.out.link (3 of 184)
[2025-12-05 08:37:54] Importing fsl_assert.h.465591eb.trap (fsl_assert.c.843e7a1d_0.trap.tar.zst) for cmsis_uart_dma_transfer.elf.link (4 of 184)
[2025-12-05 08:37:54] Importing fsl_assert.c.843e7a1d.trap (fsl_assert.c.843e7a1d_0.trap.tar.zst) for cmsis_uart_dma_transfer.elf.link (5 of 184)
[2025-12-05 08:37:54] Importing fsl_uart_cmsis.c.bb0cf163.trap (fsl_uart_cmsis.c.bb0cf163_0.trap.tar.zst) for cmsis_uart_dma_transfer.elf.link (6 of 184)
[2025-12-05 08:37:54] Importing stddef.h.341541cc.trap (fsl_debug_console.c.d8efbc70_0.trap.tar.zst) for cmsis_uart_dma_transfer.elf.link (7 of 184)
[2025-12-05 08:37:54] Importing stddef.h.1f3cff50.trap (fsl_debug_console.c.d8efbc70_0.trap.tar.zst) for cmsis_uart_dma_transfer.elf.link (8 of 184)
[2025-12-05 08:37:54] Importing math.h.8b222f5a.trap (fsl_debug_console.c.d8efbc70_0.trap.tar.zst) for cmsis_uart_dma_transfer.elf.link (9 of 184)
[2025-12-05 08:37:54] Importing fsl_adapter_uart.h.de8a7eb1.trap (fsl_debug_console.c.d8efbc70_0.trap.tar.zst) for cmsis_uart_dma_transfer.elf.link (10 of 184)
[2025-12-05 08:37:54] Importing fsl_str.h.e6ba6706.trap (fsl_debug_console.c.d8efbc70_0.trap.tar.zst) for cmsis_uart_dma_transfer.elf.link (11 of 184)
[2025-12-05 08:37:54] Importing fsl_debug_console.c.d8efbc70.trap (fsl_debug_console.c.d8efbc70_0.trap.tar.zst) for cmsis_uart_dma_transfer.elf.link (12 of 184)
[2025-12-05 08:37:54] Importing reent.h.64208b16.trap (fsl_sbrk.c.3a049e33_0.trap.tar.zst) for cmsis_uart_dma_transfer.elf.link (13 of 184)
[2025-12-05 08:37:54] Importing errno.h.67f8c585.trap (fsl_sbrk.c.3a049e33_0.trap.tar.zst) for cmsis_uart_dma_transfer.elf.link (14 of 184)
[2025-12-05 08:37:54] Importing errno.h.1382b31e.trap (fsl_sbrk.c.3a049e33_0.trap.tar.zst) for cmsis_uart_dma_transfer.elf.link (15 of 184)
[2025-12-05 08:37:54] Importing fsl_sbrk.c.3a049e33.trap (fsl_sbrk.c.3a049e33_0.trap.tar.zst) for cmsis_uart_dma_transfer.elf.link (16 of 184)
[2025-12-05 08:37:54] Importing stddef.h.efe1efb9.trap (fsl_syscall_stub.c.c3eb248f_0.trap.tar.zst) for cmsis_uart_dma_transfer.elf.link (17 of 184)
[2025-12-05 08:37:54] Importing time.h.1059d7dc.trap (fsl_syscall_stub.c.c3eb248f_0.trap.tar.zst) for cmsis_uart_dma_transfer.elf.link (18 of 184)
[2025-12-05 08:37:54] Importing _endian.h.fd780e6d.trap (fsl_syscall_stub.c.c3eb248f_0.trap.tar.zst) for cmsis_uart_dma_transfer.elf.link (19 of 184)
[2025-12-05 08:37:54] Importing endian.h.83c063ea.trap (fsl_syscall_stub.c.c3eb248f_0.trap.tar.zst) for cmsis_uart_dma_transfer.elf.link (20 of 184)
[2025-12-05 08:37:54] Importing _sigset.h.c5a2906d.trap (fsl_syscall_stub.c.c3eb248f_0.trap.tar.zst) for cmsis_uart_dma_transfer.elf.link (21 of 184)
[2025-12-05 08:37:54] Importing _timeval.h.5a68ed63.trap (fsl_syscall_stub.c.c3eb248f_0.trap.tar.zst) for cmsis_uart_dma_transfer.elf.link (22 of 184)
[2025-12-05 08:37:54] Importing _timespec.h.aca235ad.trap (fsl_syscall_stub.c.c3eb248f_0.trap.tar.zst) for cmsis_uart_dma_transfer.elf.link (23 of 184)
[2025-12-05 08:37:54] Importing timespec.h.ed9c2fc6.trap (fsl_syscall_stub.c.c3eb248f_0.trap.tar.zst) for cmsis_uart_dma_transfer.elf.link (24 of 184)
[2025-12-05 08:37:54] Importing select.h.edae2d4d.trap (fsl_syscall_stub.c.c3eb248f_0.trap.tar.zst) for cmsis_uart_dma_transfer.elf.link (25 of 184)
[2025-12-05 08:37:54] Importing sched.h.26f1d497.trap (fsl_syscall_stub.c.c3eb248f_0.trap.tar.zst) for cmsis_uart_dma_transfer.elf.link (26 of 184)
[2025-12-05 08:37:54] Importing _pthreadtypes.h.591cbe6b.trap (fsl_syscall_stub.c.c3eb248f_0.trap.tar.zst) for cmsis_uart_dma_transfer.elf.link (27 of 184)
[2025-12-05 08:37:54] Importing types.h.7e74887b.trap (fsl_syscall_stub.c.c3eb248f_0.trap.tar.zst) for cmsis_uart_dma_transfer.elf.link (28 of 184)
[2025-12-05 08:37:54] Importing types.h.c1f64335.trap (fsl_syscall_stub.c.c3eb248f_0.trap.tar.zst) for cmsis_uart_dma_transfer.elf.link (29 of 184)
[2025-12-05 08:37:54] Importing time.h.08a687de.trap (fsl_syscall_stub.c.c3eb248f_0.trap.tar.zst) for cmsis_uart_dma_transfer.elf.link (30 of 184)
[2025-12-05 08:37:54] Importing stat.h.a320f985.trap (fsl_syscall_stub.c.c3eb248f_0.trap.tar.zst) for cmsis_uart_dma_transfer.elf.link (31 of 184)
[2025-12-05 08:37:54] Importing fsl_syscall_stub.c.c3eb248f.trap (fsl_syscall_stub.c.c3eb248f_0.trap.tar.zst) for cmsis_uart_dma_transfer.elf.link (32 of 184)
[2025-12-05 08:37:54] Importing fsl_str.h.202a714a.trap (fsl_str.c.70b397b0_0.trap.tar.zst) for cmsis_uart_dma_transfer.elf.link (33 of 184)
[2025-12-05 08:37:54] Importing fsl_str.c.70b397b0.trap (fsl_str.c.70b397b0_0.trap.tar.zst) for cmsis_uart_dma_transfer.elf.link (34 of 184)
[2025-12-05 08:37:54] Importing fsl_adapter_lpuart.c.170b557f.trap (fsl_adapter_lpuart.c.170b557f_0.trap.tar.zst) for cmsis_uart_dma_transfer.elf.link (35 of 184)
[2025-12-05 08:37:54] Importing newlib.h.ddb2ccae.trap (fsl_clock.c.620b28d5_0.trap.tar.zst) for cmsis_uart_dma_transfer.elf.link (36 of 184)
[2025-12-05 08:37:54] Importing ieeefp.h.65c549ea.trap (fsl_clock.c.620b28d5_0.trap.tar.zst) for cmsis_uart_dma_transfer.elf.link (37 of 184)
[2025-12-05 08:37:54] Importing config.h.e9ee264c.trap (fsl_clock.c.620b28d5_0.trap.tar.zst) for cmsis_uart_dma_transfer.elf.link (38 of 184)
[2025-12-05 08:37:54] Importing _ansi.h.4982ac1d.trap (fsl_clock.c.620b28d5_0.trap.tar.zst) for cmsis_uart_dma_transfer.elf.link (39 of 184)
[2025-12-05 08:37:54] Importing assert.h.0ba3fcad.trap (fsl_clock.c.620b28d5_0.trap.tar.zst) for cmsis_uart_dma_transfer.elf.link (40 of 184)
[2025-12-05 08:37:54] Importing stdbool.h.b61aac9b.trap (fsl_clock.c.620b28d5_0.trap.tar.zst) for cmsis_uart_dma_transfer.elf.link (41 of 184)
[2025-12-05 08:37:54] Importing string.h.300e0ecd.trap (fsl_clock.c.620b28d5_0.trap.tar.zst) for cmsis_uart_dma_transfer.elf.link (42 of 184)
[2025-12-05 08:37:54] Importing fsl_clock.h.cd2fa43f.trap (fsl_clock.c.620b28d5_0.trap.tar.zst) for cmsis_uart_dma_transfer.elf.link (43 of 184)
[2025-12-05 08:37:54] Importing fsl_common_arm.h.8bcea05b.trap (fsl_clock.c.620b28d5_0.trap.tar.zst) for cmsis_uart_dma_transfer.elf.link (44 of 184)
[2025-12-05 08:37:54] Importing fsl_common.h.85aa0ead.trap (fsl_clock.c.620b28d5_0.trap.tar.zst) for cmsis_uart_dma_transfer.elf.link (45 of 184)
[2025-12-05 08:37:54] Importing fsl_clock.h.ae614cba.trap (fsl_clock.c.620b28d5_0.trap.tar.zst) for cmsis_uart_dma_transfer.elf.link (46 of 184)
[2025-12-05 08:37:54] Importing fsl_clock.c.620b28d5.trap (fsl_clock.c.620b28d5_0.trap.tar.zst) for cmsis_uart_dma_transfer.elf.link (47 of 184)
[2025-12-05 08:37:54] Importing mcux_config.h.f8ac58a9.trap (system_K32L2B31A.c.5e8a0148_0.trap.tar.zst) for cmsis_uart_dma_transfer.elf.link (48 of 184)
[2025-12-05 08:37:54] Importing mcuxsdk_version.h.f8ac58a9.trap (system_K32L2B31A.c.5e8a0148_0.trap.tar.zst) for cmsis_uart_dma_transfer.elf.link (49 of 184)
[2025-12-05 08:37:54] Importing _newlib_version.h.f8ac58a9.trap (system_K32L2B31A.c.5e8a0148_0.trap.tar.zst) for cmsis_uart_dma_transfer.elf.link (50 of 184)
[2025-12-05 08:37:54] Importing features.h.6671b324.trap (system_K32L2B31A.c.5e8a0148_0.trap.tar.zst) for cmsis_uart_dma_transfer.elf.link (51 of 184)
[2025-12-05 08:37:54] Importing _default_types.h.e0846752.trap (system_K32L2B31A.c.5e8a0148_0.trap.tar.zst) for cmsis_uart_dma_transfer.elf.link (52 of 184)
[2025-12-05 08:37:54] Importing _intsup.h.91fb5201.trap (system_K32L2B31A.c.5e8a0148_0.trap.tar.zst) for cmsis_uart_dma_transfer.elf.link (53 of 184)
[2025-12-05 08:37:54] Importing _stdint.h.e7feafc7.trap (system_K32L2B31A.c.5e8a0148_0.trap.tar.zst) for cmsis_uart_dma_transfer.elf.link (54 of 184)
[2025-12-05 08:37:54] Importing stdint.h.5c81f0f6.trap (system_K32L2B31A.c.5e8a0148_0.trap.tar.zst) for cmsis_uart_dma_transfer.elf.link (55 of 184)
[2025-12-05 08:37:54] Importing stdint.h.97700d79.trap (system_K32L2B31A.c.5e8a0148_0.trap.tar.zst) for cmsis_uart_dma_transfer.elf.link (56 of 184)
[2025-12-05 08:37:54] Importing cmsis_version.h.1937d4e2.trap (system_K32L2B31A.c.5e8a0148_0.trap.tar.zst) for cmsis_uart_dma_transfer.elf.link (57 of 184)
[2025-12-05 08:37:54] Importing arm_acle.h.236c30d1.trap (system_K32L2B31A.c.5e8a0148_0.trap.tar.zst) for cmsis_uart_dma_transfer.elf.link (58 of 184)
[2025-12-05 08:37:54] Importing cmsis_gcc_m.h.7564f171.trap (system_K32L2B31A.c.5e8a0148_0.trap.tar.zst) for cmsis_uart_dma_transfer.elf.link (59 of 184)
[2025-12-05 08:37:54] Importing cmsis_gcc.h.0bea46e3.trap (system_K32L2B31A.c.5e8a0148_0.trap.tar.zst) for cmsis_uart_dma_transfer.elf.link (60 of 184)
[2025-12-05 08:37:54] Importing cmsis_compiler.h.6b0ae06e.trap (system_K32L2B31A.c.5e8a0148_0.trap.tar.zst) for cmsis_uart_dma_transfer.elf.link (61 of 184)
[2025-12-05 08:37:54] Importing core_cm0plus.h.4e576b65.trap (system_K32L2B31A.c.5e8a0148_0.trap.tar.zst) for cmsis_uart_dma_transfer.elf.link (62 of 184)
[2025-12-05 08:37:55] Importing system_K32L2B31A.h.e474d745.trap (system_K32L2B31A.c.5e8a0148_0.trap.tar.zst) for cmsis_uart_dma_transfer.elf.link (63 of 184)
[2025-12-05 08:37:55] Importing K32L2B31A_features.h.42814b20.trap (system_K32L2B31A.c.5e8a0148_0.trap.tar.zst) for cmsis_uart_dma_transfer.elf.link (64 of 184)
[2025-12-05 08:37:55] Importing K32L2B31A_COMMON.h.f90cab5d.trap (system_K32L2B31A.c.5e8a0148_0.trap.tar.zst) for cmsis_uart_dma_transfer.elf.link (65 of 184)
[2025-12-05 08:37:55] Importing PERI_ADC.h.939c4430.trap (system_K32L2B31A.c.5e8a0148_0.trap.tar.zst) for cmsis_uart_dma_transfer.elf.link (66 of 184)
[2025-12-05 08:37:55] Importing PERI_CMP.h.2a64510e.trap (system_K32L2B31A.c.5e8a0148_0.trap.tar.zst) for cmsis_uart_dma_transfer.elf.link (67 of 184)
[2025-12-05 08:37:55] Importing PERI_DAC.h.eef70876.trap (system_K32L2B31A.c.5e8a0148_0.trap.tar.zst) for cmsis_uart_dma_transfer.elf.link (68 of 184)
[2025-12-05 08:37:55] Importing PERI_DMA.h.28b1e9cb.trap (system_K32L2B31A.c.5e8a0148_0.trap.tar.zst) for cmsis_uart_dma_transfer.elf.link (69 of 184)
[2025-12-05 08:37:55] Importing PERI_DMAMUX.h.9210e542.trap (system_K32L2B31A.c.5e8a0148_0.trap.tar.zst) for cmsis_uart_dma_transfer.elf.link (70 of 184)
[2025-12-05 08:37:55] Importing PERI_FGPIO.h.8cf6327f.trap (system_K32L2B31A.c.5e8a0148_0.trap.tar.zst) for cmsis_uart_dma_transfer.elf.link (71 of 184)
[2025-12-05 08:37:55] Importing PERI_FLEXIO.h.14d96dbb.trap (system_K32L2B31A.c.5e8a0148_0.trap.tar.zst) for cmsis_uart_dma_transfer.elf.link (72 of 184)
[2025-12-05 08:37:55] Importing PERI_FTFA.h.420aa5f1.trap (system_K32L2B31A.c.5e8a0148_0.trap.tar.zst) for cmsis_uart_dma_transfer.elf.link (73 of 184)
[2025-12-05 08:37:55] Importing PERI_GPIO.h.90eab0ed.trap (system_K32L2B31A.c.5e8a0148_0.trap.tar.zst) for cmsis_uart_dma_transfer.elf.link (74 of 184)
[2025-12-05 08:37:55] Importing PERI_I2C.h.13a7ae11.trap (system_K32L2B31A.c.5e8a0148_0.trap.tar.zst) for cmsis_uart_dma_transfer.elf.link (75 of 184)
[2025-12-05 08:37:55] Importing PERI_LCD.h.4073fb94.trap (system_K32L2B31A.c.5e8a0148_0.trap.tar.zst) for cmsis_uart_dma_transfer.elf.link (76 of 184)
[2025-12-05 08:37:55] Importing PERI_LLWU.h.9dc65a20.trap (system_K32L2B31A.c.5e8a0148_0.trap.tar.zst) for cmsis_uart_dma_transfer.elf.link (77 of 184)
[2025-12-05 08:37:55] Importing PERI_LPTMR.h.edc1b24d.trap (system_K32L2B31A.c.5e8a0148_0.trap.tar.zst) for cmsis_uart_dma_transfer.elf.link (78 of 184)
[2025-12-05 08:37:55] Importing PERI_LPUART.h.020da0ae.trap (system_K32L2B31A.c.5e8a0148_0.trap.tar.zst) for cmsis_uart_dma_transfer.elf.link (79 of 184)
[2025-12-05 08:37:55] Importing PERI_MCG.h.73a0c3f8.trap (system_K32L2B31A.c.5e8a0148_0.trap.tar.zst) for cmsis_uart_dma_transfer.elf.link (80 of 184)
[2025-12-05 08:37:55] Importing PERI_MCM.h.44c522c6.trap (system_K32L2B31A.c.5e8a0148_0.trap.tar.zst) for cmsis_uart_dma_transfer.elf.link (81 of 184)
[2025-12-05 08:37:55] Importing PERI_MTB.h.262e9b76.trap (system_K32L2B31A.c.5e8a0148_0.trap.tar.zst) for cmsis_uart_dma_transfer.elf.link (82 of 184)
[2025-12-05 08:37:55] Importing PERI_MTBDWT.h.909b11ca.trap (system_K32L2B31A.c.5e8a0148_0.trap.tar.zst) for cmsis_uart_dma_transfer.elf.link (83 of 184)
[2025-12-05 08:37:55] Importing PERI_NV.h.0732ce7b.trap (system_K32L2B31A.c.5e8a0148_0.trap.tar.zst) for cmsis_uart_dma_transfer.elf.link (84 of 184)
[2025-12-05 08:37:55] Importing PERI_OSC.h.1ba3480e.trap (system_K32L2B31A.c.5e8a0148_0.trap.tar.zst) for cmsis_uart_dma_transfer.elf.link (85 of 184)
[2025-12-05 08:37:55] Importing PERI_PIT.h.81d93dd8.trap (system_K32L2B31A.c.5e8a0148_0.trap.tar.zst) for cmsis_uart_dma_transfer.elf.link (86 of 184)
[2025-12-05 08:37:55] Importing PERI_PMC.h.c3498493.trap (system_K32L2B31A.c.5e8a0148_0.trap.tar.zst) for cmsis_uart_dma_transfer.elf.link (87 of 184)
[2025-12-05 08:37:55] Importing PERI_PORT.h.856ea7eb.trap (system_K32L2B31A.c.5e8a0148_0.trap.tar.zst) for cmsis_uart_dma_transfer.elf.link (88 of 184)
[2025-12-05 08:37:55] Importing PERI_RCM.h.5a921d5a.trap (system_K32L2B31A.c.5e8a0148_0.trap.tar.zst) for cmsis_uart_dma_transfer.elf.link (89 of 184)
[2025-12-05 08:37:55] Importing PERI_RFSYS.h.021f3831.trap (system_K32L2B31A.c.5e8a0148_0.trap.tar.zst) for cmsis_uart_dma_transfer.elf.link (90 of 184)
[2025-12-05 08:37:55] Importing PERI_ROM.h.4c4f5adb.trap (system_K32L2B31A.c.5e8a0148_0.trap.tar.zst) for cmsis_uart_dma_transfer.elf.link (91 of 184)
[2025-12-05 08:37:55] Importing PERI_RTC.h.5f0c4408.trap (system_K32L2B31A.c.5e8a0148_0.trap.tar.zst) for cmsis_uart_dma_transfer.elf.link (92 of 184)
[2025-12-05 08:37:55] Importing PERI_SIM.h.a9fcb866.trap (system_K32L2B31A.c.5e8a0148_0.trap.tar.zst) for cmsis_uart_dma_transfer.elf.link (93 of 184)
[2025-12-05 08:37:55] Importing PERI_SMC.h.12eef0a1.trap (system_K32L2B31A.c.5e8a0148_0.trap.tar.zst) for cmsis_uart_dma_transfer.elf.link (94 of 184)
[2025-12-05 08:37:55] Importing PERI_SPI.h.e1e89a7d.trap (system_K32L2B31A.c.5e8a0148_0.trap.tar.zst) for cmsis_uart_dma_transfer.elf.link (95 of 184)
[2025-12-05 08:37:55] Importing PERI_TPM.h.eaeb657f.trap (system_K32L2B31A.c.5e8a0148_0.trap.tar.zst) for cmsis_uart_dma_transfer.elf.link (96 of 184)
[2025-12-05 08:37:55] Importing PERI_UART.h.b3563bcc.trap (system_K32L2B31A.c.5e8a0148_0.trap.tar.zst) for cmsis_uart_dma_transfer.elf.link (97 of 184)
[2025-12-05 08:37:55] Importing PERI_USB.h.e52e5aec.trap (system_K32L2B31A.c.5e8a0148_0.trap.tar.zst) for cmsis_uart_dma_transfer.elf.link (98 of 184)
[2025-12-05 08:37:55] Importing PERI_VREF.h.5625cb09.trap (system_K32L2B31A.c.5e8a0148_0.trap.tar.zst) for cmsis_uart_dma_transfer.elf.link (99 of 184)
[2025-12-05 08:37:55] Importing K32L2B31A.h.83108367.trap (system_K32L2B31A.c.5e8a0148_0.trap.tar.zst) for cmsis_uart_dma_transfer.elf.link (100 of 184)
[2025-12-05 08:37:55] Importing fsl_device_registers.h.51152e43.trap (system_K32L2B31A.c.5e8a0148_0.trap.tar.zst) for cmsis_uart_dma_transfer.elf.link (101 of 184)
[2025-12-05 08:37:55] Importing system_K32L2B31A.c.5e8a0148.trap (system_K32L2B31A.c.5e8a0148_0.trap.tar.zst) for cmsis_uart_dma_transfer.elf.link (102 of 184)
[2025-12-05 08:37:55] Importing fsl_common.c.7bbe5190.trap (fsl_common.c.7bbe5190_0.trap.tar.zst) for cmsis_uart_dma_transfer.elf.link (103 of 184)
[2025-12-05 08:37:55] Importing fsl_common_arm.c.3bb74156.trap (fsl_common_arm.c.3bb74156_0.trap.tar.zst) for cmsis_uart_dma_transfer.elf.link (104 of 184)
[2025-12-05 08:37:55] Importing fsl_dma.h.0294c3f9.trap (fsl_dma.c.d978be1d_0.trap.tar.zst) for cmsis_uart_dma_transfer.elf.link (105 of 184)
[2025-12-05 08:37:55] Importing fsl_dma.c.d978be1d.trap (fsl_dma.c.d978be1d_0.trap.tar.zst) for cmsis_uart_dma_transfer.elf.link (106 of 184)
[2025-12-05 08:37:55] Importing fsl_dmamux.h.fe2801d7.trap (fsl_dmamux.c.62ba350a_0.trap.tar.zst) for cmsis_uart_dma_transfer.elf.link (107 of 184)
[2025-12-05 08:37:55] Importing fsl_dmamux.c.62ba350a.trap (fsl_dmamux.c.62ba350a_0.trap.tar.zst) for cmsis_uart_dma_transfer.elf.link (108 of 184)
[2025-12-05 08:37:55] Importing fsl_gpio.c.58665010.trap (fsl_gpio.c.58665010_0.trap.tar.zst) for cmsis_uart_dma_transfer.elf.link (109 of 184)
[2025-12-05 08:37:55] Importing fsl_lpuart.h.e0d72a15.trap (fsl_lpuart.c.737071f1_0.trap.tar.zst) for cmsis_uart_dma_transfer.elf.link (110 of 184)
[2025-12-05 08:37:55] Importing fsl_lpuart.c.737071f1.trap (fsl_lpuart.c.737071f1_0.trap.tar.zst) for cmsis_uart_dma_transfer.elf.link (111 of 184)
[2025-12-05 08:37:55] Importing fsl_smc.c.b1e14042.trap (fsl_smc.c.b1e14042_0.trap.tar.zst) for cmsis_uart_dma_transfer.elf.link (112 of 184)
[2025-12-05 08:37:55] Importing fsl_uart.c.fad5050b.trap (fsl_uart.c.fad5050b_0.trap.tar.zst) for cmsis_uart_dma_transfer.elf.link (113 of 184)
[2025-12-05 08:37:55] Importing fsl_uart_dma.c.e4a55467.trap (fsl_uart_dma.c.e4a55467_0.trap.tar.zst) for cmsis_uart_dma_transfer.elf.link (114 of 184)
[2025-12-05 08:37:55] Importing fsl_gpio.h.07d86b5c.trap (board.c.53289075_0.trap.tar.zst) for cmsis_uart_dma_transfer.elf.link (115 of 184)
[2025-12-05 08:37:55] Importing board.h.972cbd20.trap (board.c.53289075_0.trap.tar.zst) for cmsis_uart_dma_transfer.elf.link (116 of 184)
[2025-12-05 08:37:55] Importing stdarg.h.e8438700.trap (board.c.53289075_0.trap.tar.zst) for cmsis_uart_dma_transfer.elf.link (117 of 184)
[2025-12-05 08:37:55] Importing fsl_debug_console.h.26d6b51b.trap (board.c.53289075_0.trap.tar.zst) for cmsis_uart_dma_transfer.elf.link (118 of 184)
[2025-12-05 08:37:55] Importing board.c.53289075.trap (board.c.53289075_0.trap.tar.zst) for cmsis_uart_dma_transfer.elf.link (119 of 184)
[2025-12-05 08:37:55] Importing fsl_common.h.d59118d4.trap (clock_config.c.8e5638ac_0.trap.tar.zst) for cmsis_uart_dma_transfer.elf.link (120 of 184)
[2025-12-05 08:37:55] Importing fsl_smc.h.43e4cbf5.trap (clock_config.c.8e5638ac_0.trap.tar.zst) for cmsis_uart_dma_transfer.elf.link (121 of 184)
[2025-12-05 08:37:55] Importing clock_config.h.57ccc22f.trap (clock_config.c.8e5638ac_0.trap.tar.zst) for cmsis_uart_dma_transfer.elf.link (122 of 184)
[2025-12-05 08:37:55] Importing clock_config.c.8e5638ac.trap (clock_config.c.8e5638ac_0.trap.tar.zst) for cmsis_uart_dma_transfer.elf.link (123 of 184)
[2025-12-05 08:37:55] Importing Driver_Common.h.d3e9bc86.trap (hardware_init.c.8040c1d7_0.trap.tar.zst) for cmsis_uart_dma_transfer.elf.link (124 of 184)
[2025-12-05 08:37:55] Importing Driver_USART.h.cf5c7cb6.trap (hardware_init.c.8040c1d7_0.trap.tar.zst) for cmsis_uart_dma_transfer.elf.link (125 of 184)
[2025-12-05 08:37:55] Importing RTE_Device.h.ec1f464e.trap (hardware_init.c.8040c1d7_0.trap.tar.zst) for cmsis_uart_dma_transfer.elf.link (126 of 184)
[2025-12-05 08:37:55] Importing fsl_uart.h.afede7ee.trap (hardware_init.c.8040c1d7_0.trap.tar.zst) for cmsis_uart_dma_transfer.elf.link (127 of 184)
[2025-12-05 08:37:55] Importing fsl_uart_dma.h.fc61fd99.trap (hardware_init.c.8040c1d7_0.trap.tar.zst) for cmsis_uart_dma_transfer.elf.link (128 of 184)
[2025-12-05 08:37:55] Importing fsl_uart_cmsis.h.f32e060e.trap (hardware_init.c.8040c1d7_0.trap.tar.zst) for cmsis_uart_dma_transfer.elf.link (129 of 184)
[2025-12-05 08:37:55] Importing app.h.1e34d9b8.trap (hardware_init.c.8040c1d7_0.trap.tar.zst) for cmsis_uart_dma_transfer.elf.link (130 of 184)
[2025-12-05 08:37:55] Importing hardware_init.c.8040c1d7.trap (hardware_init.c.8040c1d7_0.trap.tar.zst) for cmsis_uart_dma_transfer.elf.link (131 of 184)
[2025-12-05 08:37:55] Importing stddef.h.b62ab7f4.trap (pin_mux.c.ed1b149b_0.trap.tar.zst) for cmsis_uart_dma_transfer.elf.link (132 of 184)
[2025-12-05 08:37:55] Importing stddef.h.110c767b.trap (pin_mux.c.ed1b149b_0.trap.tar.zst) for cmsis_uart_dma_transfer.elf.link (133 of 184)
[2025-12-05 08:37:55] Importing cdefs.h.19aac22d.trap (pin_mux.c.ed1b149b_0.trap.tar.zst) for cmsis_uart_dma_transfer.elf.link (134 of 184)
[2025-12-05 08:37:55] Importing stddef.h.515bcd9a.trap (pin_mux.c.ed1b149b_0.trap.tar.zst) for cmsis_uart_dma_transfer.elf.link (135 of 184)
[2025-12-05 08:37:55] Importing _types.h.b82519ba.trap (pin_mux.c.ed1b149b_0.trap.tar.zst) for cmsis_uart_dma_transfer.elf.link (136 of 184)
[2025-12-05 08:37:55] Importing _types.h.064575c4.trap (pin_mux.c.ed1b149b_0.trap.tar.zst) for cmsis_uart_dma_transfer.elf.link (137 of 184)
[2025-12-05 08:37:55] Importing lock.h.8082f88d.trap (pin_mux.c.ed1b149b_0.trap.tar.zst) for cmsis_uart_dma_transfer.elf.link (138 of 184)
[2025-12-05 08:37:55] Importing assert.h.d4aa2ebd.trap (pin_mux.c.ed1b149b_0.trap.tar.zst) for cmsis_uart_dma_transfer.elf.link (139 of 184)
[2025-12-05 08:37:55] Importing reent.h.9cd2e138.trap (pin_mux.c.ed1b149b_0.trap.tar.zst) for cmsis_uart_dma_transfer.elf.link (140 of 184)
[2025-12-05 08:37:55] Importing stddef.h.666378d9.trap (pin_mux.c.ed1b149b_0.trap.tar.zst) for cmsis_uart_dma_transfer.elf.link (141 of 184)
[2025-12-05 08:37:55] Importing _locale.h.94d346ae.trap (pin_mux.c.ed1b149b_0.trap.tar.zst) for cmsis_uart_dma_transfer.elf.link (142 of 184)
[2025-12-05 08:37:55] Importing strings.h.6892ba8f.trap (pin_mux.c.ed1b149b_0.trap.tar.zst) for cmsis_uart_dma_transfer.elf.link (143 of 184)
[2025-12-05 08:37:55] Importing string.h.891737e2.trap (pin_mux.c.ed1b149b_0.trap.tar.zst) for cmsis_uart_dma_transfer.elf.link (144 of 184)
[2025-12-05 08:37:55] Importing ieeefp.h.5de631e4.trap (pin_mux.c.ed1b149b_0.trap.tar.zst) for cmsis_uart_dma_transfer.elf.link (145 of 184)
[2025-12-05 08:37:55] Importing stddef.h.f7851385.trap (pin_mux.c.ed1b149b_0.trap.tar.zst) for cmsis_uart_dma_transfer.elf.link (146 of 184)
[2025-12-05 08:37:55] Importing stdlib.h.f8ac58a9.trap (pin_mux.c.ed1b149b_0.trap.tar.zst) for cmsis_uart_dma_transfer.elf.link (147 of 184)
[2025-12-05 08:37:55] Importing alloca.h.c1e9039f.trap (pin_mux.c.ed1b149b_0.trap.tar.zst) for cmsis_uart_dma_transfer.elf.link (148 of 184)
[2025-12-05 08:37:55] Importing stdlib.h.85105190.trap (pin_mux.c.ed1b149b_0.trap.tar.zst) for cmsis_uart_dma_transfer.elf.link (149 of 184)
[2025-12-05 08:37:55] Importing fsl_port.h.d876f53c.trap (pin_mux.c.ed1b149b_0.trap.tar.zst) for cmsis_uart_dma_transfer.elf.link (150 of 184)
[2025-12-05 08:37:55] Importing pin_mux.h.9ed3e64a.trap (pin_mux.c.ed1b149b_0.trap.tar.zst) for cmsis_uart_dma_transfer.elf.link (151 of 184)
[2025-12-05 08:37:55] Importing pin_mux.c.ed1b149b.trap (pin_mux.c.ed1b149b_0.trap.tar.zst) for cmsis_uart_dma_transfer.elf.link (152 of 184)
[2025-12-05 08:37:55] Importing cmsis_usart_dma_transfer.c.593a857e.trap (cmsis_usart_dma_transfer.c.593a857e_0.trap.tar.zst) for cmsis_uart_dma_transfer.elf.link (153 of 184)
[2025-12-05 08:37:55] Importing 56511081_0.trap.zst for cmsis_uart_dma_transfer.elf.link (154 of 184)
[2025-12-05 08:37:55] Importing 24745108_0.trap.zst for cmsis_uart_dma_transfer.elf.link (155 of 184)
[2025-12-05 08:37:55] Importing 2070498_0.trap.zst for cmsis_uart_dma_transfer.elf.link (156 of 184)
[2025-12-05 08:37:55] Importing 38485142_0.trap.zst for cmsis_uart_dma_transfer.elf.link (157 of 184)
[2025-12-05 08:37:55] Importing 63237182_0.trap.zst for cmsis_uart_dma_transfer.elf.link (158 of 184)
[2025-12-05 08:37:55] Importing 38973451_0.trap.zst for cmsis_uart_dma_transfer.elf.link (159 of 184)
[2025-12-05 08:37:55] Importing 14468887_0.trap.zst for a.out.link (160 of 184)
[2025-12-05 08:37:55] Importing 14503960_0.trap.zst for cmsis_uart_dma_transfer.elf.link (161 of 184)
[2025-12-05 08:37:55] Importing 26894544_0.trap.zst for cmsis_uart_dma_transfer.elf.link (162 of 184)
[2025-12-05 08:37:55] Importing 42320256_0.trap.zst for cmsis_uart_dma_transfer.elf.link (163 of 184)
[2025-12-05 08:37:55] Importing 31297686_0.trap.zst for cmsis_uart_dma_transfer.elf.link (164 of 184)
[2025-12-05 08:37:55] Importing 67025969_0.trap.zst for a.out.link (165 of 184)
[2025-12-05 08:37:55] Importing 18687077_0.trap.zst for cmsis_uart_dma_transfer.elf.link (166 of 184)
[2025-12-05 08:37:55] Importing 30786565_0.trap.zst for cmsis_uart_dma_transfer.elf.link (167 of 184)
[2025-12-05 08:37:55] Importing 34521049_0.trap.zst for cmsis_uart_dma_transfer.elf.link (168 of 184)
[2025-12-05 08:37:55] Importing 5903533_0.trap.zst for cmsis_uart_dma_transfer.elf.link (169 of 184)
[2025-12-05 08:37:55] Importing 56375648_0.trap.zst for cmsis_uart_dma_transfer.elf.link (170 of 184)
[2025-12-05 08:37:55] Importing 54765707_0.trap.zst for cmsis_uart_dma_transfer.elf.link (171 of 184)
[2025-12-05 08:37:55] Importing 33476641_0.trap.zst for cmsis_uart_dma_transfer.elf.link (172 of 184)
[2025-12-05 08:37:55] Importing 7405705_0.trap.zst for cmsis_uart_dma_transfer.elf.link (173 of 184)
[2025-12-05 08:37:55] Importing 24002108_0.trap.zst for a.out.link (174 of 184)
[2025-12-05 08:37:55] Importing 48720903_0.trap.zst for cmsis_uart_dma_transfer.elf.link (175 of 184)
[2025-12-05 08:37:55] Importing 50258074_0.trap.zst for cmsis_uart_dma_transfer.elf.link (176 of 184)
[2025-12-05 08:37:55] Importing 7246178_0.trap.zst for cmsis_uart_dma_transfer.elf.link (177 of 184)
[2025-12-05 08:37:55] Importing 52288536_0.trap.zst for a.out.link (178 of 184)
[2025-12-05 08:37:55] Importing 61227449_0.trap.zst for cmsis_uart_dma_transfer.elf.link (179 of 184)
[2025-12-05 08:37:55] Importing 66058266_0.trap.zst for cmsis_uart_dma_transfer.elf.link (180 of 184)
[2025-12-05 08:37:55] Importing metadata.trap.gz for no link target (181 of 184)
[2025-12-05 08:37:55] Importing a.out.trap.zst for a.out.link (182 of 184)
[2025-12-05 08:37:55] Importing a.out.trap.zst for a.out.link (183 of 184)
[2025-12-05 08:37:55] Importing cmsis_uart_dma_transfer.elf.trap.zst for cmsis_uart_dma_transfer.elf.link (184 of 184)
[2025-12-05 08:37:55] [PROGRESS] dataset import> Merging relations
[2025-12-05 08:37:55] Merging 1 fragment for 'builtintypes'.
[2025-12-05 08:37:55] Merged 399 bytes for 'builtintypes'.
[2025-12-05 08:37:55] Merging 1 fragment for 'unspecifiedtype'.
[2025-12-05 08:37:55] Merged 3611 bytes (3.53 KiB) for 'unspecifiedtype'.
[2025-12-05 08:37:55] Merging 1 fragment for 'files'.
[2025-12-05 08:37:55] Merged 464 bytes for 'files'.
[2025-12-05 08:37:55] Merging 1 fragment for 'locations_default'.
[2025-12-05 08:37:55] Merged 243844 bytes (238.13 KiB) for 'locations_default'.
[2025-12-05 08:37:55] Merging 1 fragment for 'link_targets'.
[2025-12-05 08:37:55] Merged 38 bytes for 'link_targets'.
[2025-12-05 08:37:55] Merging 1 fragment for 'usertypes'.
[2025-12-05 08:37:55] Merged 1781 bytes (1.74 KiB) for 'usertypes'.
[2025-12-05 08:37:55] Merging 1 fragment for 'namespaces'.
[2025-12-05 08:37:55] Merged 27 bytes for 'namespaces'.
[2025-12-05 08:37:55] Merging 1 fragment for 'specialnamequalifyingelements'.
[2025-12-05 08:37:55] Merged 27 bytes for 'specialnamequalifyingelements'.
[2025-12-05 08:37:55] Merging 1 fragment for 'mangled_name'.
[2025-12-05 08:37:55] Merged 2590 bytes (2.53 KiB) for 'mangled_name'.
[2025-12-05 08:37:55] Merging 1 fragment for 'specifiers'.
[2025-12-05 08:37:55] Merged 150 bytes for 'specifiers'.
[2025-12-05 08:37:55] Merging 1 fragment for 'extractor_version'.
[2025-12-05 08:37:55] Merged 27 bytes for 'extractor_version'.
[2025-12-05 08:37:55] Merging 1 fragment for 'fileannotations'.
[2025-12-05 08:37:55] Merged 4637 bytes (4.53 KiB) for 'fileannotations'.
[2025-12-05 08:37:55] Merging 1 fragment for 'numlines'.
[2025-12-05 08:37:55] Merged 2625 bytes (2.56 KiB) for 'numlines'.
[2025-12-05 08:37:55] Merging 1 fragment for 'link_parent'.
[2025-12-05 08:37:55] Merged 1239 bytes (1.21 KiB) for 'link_parent'.
[2025-12-05 08:37:55] Merging 1 fragment for 'functions'.
[2025-12-05 08:37:55] Merged 1955 bytes (1.91 KiB) for 'functions'.
[2025-12-05 08:37:55] Merging 1 fragment for 'function_return_type'.
[2025-12-05 08:37:55] Merged 1914 bytes (1.87 KiB) for 'function_return_type'.
[2025-12-05 08:37:55] Merging 1 fragment for 'function_prototyped'.
[2025-12-05 08:37:55] Merged 929 bytes for 'function_prototyped'.
[2025-12-05 08:37:55] Merging 1 fragment for 'params'.
[2025-12-05 08:37:55] Merged 7331 bytes (7.16 KiB) for 'params'.
[2025-12-05 08:37:55] Merging 1 fragment for 'derivedtypes'.
[2025-12-05 08:37:55] Merged 3448 bytes (3.37 KiB) for 'derivedtypes'.
[2025-12-05 08:37:55] Merging 1 fragment for 'pointerishsize'.
[2025-12-05 08:37:55] Merged 459 bytes for 'pointerishsize'.
[2025-12-05 08:37:55] Merging 1 fragment for 'fun_decls'.
[2025-12-05 08:37:55] Merged 6050 bytes (5.91 KiB) for 'fun_decls'.
[2025-12-05 08:37:55] Merging 1 fragment for 'fun_def'.
[2025-12-05 08:37:55] Merged 480 bytes for 'fun_def'.
[2025-12-05 08:37:55] Merging 1 fragment for 'fun_decl_specifiers'.
[2025-12-05 08:37:55] Merged 3847 bytes (3.76 KiB) for 'fun_decl_specifiers'.
[2025-12-05 08:37:55] Merging 1 fragment for 'var_def'.
[2025-12-05 08:37:55] Merged 2053 bytes (2.00 KiB) for 'var_def'.
[2025-12-05 08:37:55] Merging 1 fragment for 'param_decl_bind'.
[2025-12-05 08:37:55] Merged 5638 bytes (5.51 KiB) for 'param_decl_bind'.
[2025-12-05 08:37:55] Merging 1 fragment for 'stmts'.
[2025-12-05 08:37:55] Merged 12035 bytes (11.75 KiB) for 'stmts'.
[2025-12-05 08:37:55] Merging 1 fragment for 'localvariables'.
[2025-12-05 08:37:55] Merged 2403 bytes (2.35 KiB) for 'localvariables'.
[2025-12-05 08:37:55] Merging 1 fragment for 'values'.
[2025-12-05 08:37:55] Merged 23937 bytes (23.38 KiB) for 'values'.
[2025-12-05 08:37:55] Merging 1 fragment for 'valuetext'.
[2025-12-05 08:37:55] Merged 12764 bytes (12.46 KiB) for 'valuetext'.
[2025-12-05 08:37:55] Merging 1 fragment for 'exprs'.
[2025-12-05 08:37:55] Merged 76016 bytes (74.23 KiB) for 'exprs'.
[2025-12-05 08:37:55] Merging 1 fragment for 'expr_types'.
[2025-12-05 08:37:55] Merged 66725 bytes (65.16 KiB) for 'expr_types'.
[2025-12-05 08:37:55] Merging 1 fragment for 'valuebind'.
[2025-12-05 08:37:55] Merged 19656 bytes (19.20 KiB) for 'valuebind'.
[2025-12-05 08:37:55] Merging 1 fragment for 'exprparents'.
[2025-12-05 08:37:55] Merged 45208 bytes (44.15 KiB) for 'exprparents'.
[2025-12-05 08:37:55] Merging 1 fragment for 'var_decls'.
[2025-12-05 08:37:55] Merged 21787 bytes (21.28 KiB) for 'var_decls'.
[2025-12-05 08:37:55] Merging 1 fragment for 'stmt_decl_bind'.
[2025-12-05 08:37:55] Merged 1078 bytes (1.05 KiB) for 'stmt_decl_bind'.
[2025-12-05 08:37:55] Merging 1 fragment for 'stmt_decl_entry_bind'.
[2025-12-05 08:37:55] Merged 1036 bytes (1.01 KiB) for 'stmt_decl_entry_bind'.
[2025-12-05 08:37:55] Merging 1 fragment for 'expr_isload'.
[2025-12-05 08:37:55] Merged 3407 bytes (3.33 KiB) for 'expr_isload'.
[2025-12-05 08:37:55] Merging 1 fragment for 'compgenerated'.
[2025-12-05 08:37:55] Merged 3233 bytes (3.16 KiB) for 'compgenerated'.
[2025-12-05 08:37:55] Merging 1 fragment for 'arraysizes'.
[2025-12-05 08:37:55] Merged 999 bytes for 'arraysizes'.
[2025-12-05 08:37:55] Merging 1 fragment for 'macroinvocations'.
[2025-12-05 08:37:55] Merged 21681 bytes (21.17 KiB) for 'macroinvocations'.
[2025-12-05 08:37:55] Merging 1 fragment for 'affectedbymacroexpansion'.
[2025-12-05 08:37:55] Merged 20518 bytes (20.04 KiB) for 'affectedbymacroexpansion'.
[2025-12-05 08:37:55] Merging 1 fragment for 'stmtparents'.
[2025-12-05 08:37:55] Merged 11088 bytes (10.83 KiB) for 'stmtparents'.
[2025-12-05 08:37:55] Merging 1 fragment for 'blockscope'.
[2025-12-05 08:37:55] Merged 3356 bytes (3.28 KiB) for 'blockscope'.
[2025-12-05 08:37:55] Merging 1 fragment for 'function_entry_point'.
[2025-12-05 08:37:55] Merged 1172 bytes (1.14 KiB) for 'function_entry_point'.
[2025-12-05 08:37:55] Merging 1 fragment for 'globalvariables'.
[2025-12-05 08:37:55] Merged 407 bytes for 'globalvariables'.
[2025-12-05 08:37:55] Merging 1 fragment for 'initialisers'.
[2025-12-05 08:37:55] Merged 4313 bytes (4.21 KiB) for 'initialisers'.
[2025-12-05 08:37:55] Merging 1 fragment for 'macroparent'.
[2025-12-05 08:37:55] Merged 3478 bytes (3.40 KiB) for 'macroparent'.
[2025-12-05 08:37:55] Merging 1 fragment for 'macro_argument_unexpanded'.
[2025-12-05 08:37:55] Merged 2620 bytes (2.56 KiB) for 'macro_argument_unexpanded'.
[2025-12-05 08:37:55] Merging 1 fragment for 'macro_argument_expanded'.
[2025-12-05 08:37:55] Merged 2621 bytes (2.56 KiB) for 'macro_argument_expanded'.
[2025-12-05 08:37:55] Merging 1 fragment for 'aggregate_array_init'.
[2025-12-05 08:37:55] Merged 603 bytes for 'aggregate_array_init'.
[2025-12-05 08:37:55] Merging 1 fragment for 'inmacroexpansion'.
[2025-12-05 08:37:55] Merged 25936 bytes (25.33 KiB) for 'inmacroexpansion'.
[2025-12-05 08:37:55] Merging 1 fragment for 'macrolocationbind'.
[2025-12-05 08:37:55] Merged 6382 bytes (6.23 KiB) for 'macrolocationbind'.
[2025-12-05 08:37:55] Merging 1 fragment for 'preprocdirects'.
[2025-12-05 08:37:55] Merged 37360 bytes (36.48 KiB) for 'preprocdirects'.
[2025-12-05 08:37:55] Merging 1 fragment for 'preproctext'.
[2025-12-05 08:37:55] Merged 38582 bytes (37.68 KiB) for 'preproctext'.
[2025-12-05 08:37:55] Merging 1 fragment for 'preprocfalse'.
[2025-12-05 08:37:55] Merged 1459 bytes (1.42 KiB) for 'preprocfalse'.
[2025-12-05 08:37:55] Merging 1 fragment for 'preproctrue'.
[2025-12-05 08:37:55] Merged 1087 bytes (1.06 KiB) for 'preproctrue'.
[2025-12-05 08:37:55] Merging 1 fragment for 'containerparent'.
[2025-12-05 08:37:55] Merged 611 bytes for 'containerparent'.
[2025-12-05 08:37:55] Merging 1 fragment for 'folders'.
[2025-12-05 08:37:55] Merged 203 bytes for 'folders'.
[2025-12-05 08:37:55] Merging 1 fragment for 'varspecifiers'.
[2025-12-05 08:37:55] Merged 4953 bytes (4.84 KiB) for 'varspecifiers'.
[2025-12-05 08:37:55] Merging 1 fragment for 'varbind'.
[2025-12-05 08:37:55] Merged 18745 bytes (18.31 KiB) for 'varbind'.
[2025-12-05 08:37:55] Merging 1 fragment for 'typespecifiers'.
[2025-12-05 08:37:55] Merged 514 bytes for 'typespecifiers'.
[2025-12-05 08:37:55] Merging 1 fragment for 'exprconv'.
[2025-12-05 08:37:55] Merged 15191 bytes (14.83 KiB) for 'exprconv'.
[2025-12-05 08:37:55] Merging 1 fragment for 'conversionkinds'.
[2025-12-05 08:37:55] Merged 3881 bytes (3.79 KiB) for 'conversionkinds'.
[2025-12-05 08:37:55] Merging 1 fragment for 'preprocpair'.
[2025-12-05 08:37:55] Merged 8772 bytes (8.57 KiB) for 'preprocpair'.
[2025-12-05 08:37:55] Merging 1 fragment for 'comments'.
[2025-12-05 08:37:55] Merged 34081 bytes (33.28 KiB) for 'comments'.
[2025-12-05 08:37:55] Merging 1 fragment for 'commentbinding'.
[2025-12-05 08:37:55] Merged 17463 bytes (17.05 KiB) for 'commentbinding'.
[2025-12-05 08:37:55] Merging 1 fragment for 'attributes'.
[2025-12-05 08:37:55] Merged 528 bytes for 'attributes'.
[2025-12-05 08:37:55] Merging 1 fragment for 'funcattributes'.
[2025-12-05 08:37:55] Merged 387 bytes for 'funcattributes'.
[2025-12-05 08:37:55] Merging 1 fragment for 'includes'.
[2025-12-05 08:37:55] Merged 914 bytes for 'includes'.
[2025-12-05 08:37:55] Merging 1 fragment for 'routinetypes'.
[2025-12-05 08:37:55] Merged 500 bytes for 'routinetypes'.
[2025-12-05 08:37:55] Merging 1 fragment for 'routinetypeargs'.
[2025-12-05 08:37:55] Merged 1526 bytes (1.49 KiB) for 'routinetypeargs'.
[2025-12-05 08:37:55] Merging 1 fragment for 'funbind'.
[2025-12-05 08:37:55] Merged 1728 bytes (1.69 KiB) for 'funbind'.
[2025-12-05 08:37:55] Merging 1 fragment for 'for_body'.
[2025-12-05 08:37:55] Merged 116 bytes for 'for_body'.
[2025-12-05 08:37:55] Merging 1 fragment for 'iscall'.
[2025-12-05 08:37:55] Merged 653 bytes for 'iscall'.
[2025-12-05 08:37:55] Merging 1 fragment for 'type_mentions'.
[2025-12-05 08:37:55] Merged 10757 bytes (10.50 KiB) for 'type_mentions'.
[2025-12-05 08:37:55] Merging 1 fragment for 'aggregate_field_init'.
[2025-12-05 08:37:55] Merged 372 bytes for 'aggregate_field_init'.
[2025-12-05 08:37:55] Merging 1 fragment for 'braced_initialisers'.
[2025-12-05 08:37:55] Merged 23 bytes for 'braced_initialisers'.
[2025-12-05 08:37:55] Merging 1 fragment for 'if_then'.
[2025-12-05 08:37:55] Merged 925 bytes for 'if_then'.
[2025-12-05 08:37:55] Merging 1 fragment for 'switch_body'.
[2025-12-05 08:37:55] Merged 78 bytes for 'switch_body'.
[2025-12-05 08:37:55] Merging 1 fragment for 'switch_case'.
[2025-12-05 08:37:55] Merged 210 bytes for 'switch_case'.
[2025-12-05 08:37:55] Merging 1 fragment for 'jumpinfo'.
[2025-12-05 08:37:55] Merged 294 bytes for 'jumpinfo'.
[2025-12-05 08:37:55] Merging 1 fragment for 'funspecifiers'.
[2025-12-05 08:37:55] Merged 1597 bytes (1.56 KiB) for 'funspecifiers'.
[2025-12-05 08:37:55] Merging 1 fragment for 'expr_cond_guard'.
[2025-12-05 08:37:55] Merged 556 bytes for 'expr_cond_guard'.
[2025-12-05 08:37:55] Merging 1 fragment for 'expr_cond_true'.
[2025-12-05 08:37:55] Merged 557 bytes for 'expr_cond_true'.
[2025-12-05 08:37:55] Merging 1 fragment for 'expr_cond_false'.
[2025-12-05 08:37:55] Merged 556 bytes for 'expr_cond_false'.
[2025-12-05 08:37:55] Merging 1 fragment for 'if_else'.
[2025-12-05 08:37:55] Merged 493 bytes for 'if_else'.
[2025-12-05 08:37:55] Merging 1 fragment for 'usertypesize'.
[2025-12-05 08:37:55] Merged 588 bytes for 'usertypesize'.
[2025-12-05 08:37:55] Merging 1 fragment for 'enumconstants'.
[2025-12-05 08:37:55] Merged 2904 bytes (2.84 KiB) for 'enumconstants'.
[2025-12-05 08:37:55] Merging 1 fragment for 'type_decls'.
[2025-12-05 08:37:55] Merged 1983 bytes (1.94 KiB) for 'type_decls'.
[2025-12-05 08:37:55] Merging 1 fragment for 'type_def'.
[2025-12-05 08:37:55] Merged 276 bytes for 'type_def'.
[2025-12-05 08:37:55] Merging 1 fragment for 'type_decl_top'.
[2025-12-05 08:37:55] Merged 435 bytes for 'type_decl_top'.
[2025-12-05 08:37:55] Merging 1 fragment for 'usertype_alias_kind'.
[2025-12-05 08:37:55] Merged 386 bytes for 'usertype_alias_kind'.
[2025-12-05 08:37:55] Merging 1 fragment for 'typedefbase'.
[2025-12-05 08:37:55] Merged 893 bytes for 'typedefbase'.
[2025-12-05 08:37:55] Merging 1 fragment for 'is_pod_class'.
[2025-12-05 08:37:55] Merged 206 bytes for 'is_pod_class'.
[2025-12-05 08:37:55] Merging 1 fragment for 'is_standard_layout_class'.
[2025-12-05 08:37:55] Merged 206 bytes for 'is_standard_layout_class'.
[2025-12-05 08:37:55] Merging 1 fragment for 'is_complete'.
[2025-12-05 08:37:55] Merged 206 bytes for 'is_complete'.
[2025-12-05 08:37:55] Merging 1 fragment for 'member'.
[2025-12-05 08:37:55] Merged 2322 bytes (2.27 KiB) for 'member'.
[2025-12-05 08:37:55] Merging 1 fragment for 'membervariables'.
[2025-12-05 08:37:55] Merged 3432 bytes (3.35 KiB) for 'membervariables'.
[2025-12-05 08:37:55] Merging 1 fragment for 'fieldoffsets'.
[2025-12-05 08:37:55] Merged 1889 bytes (1.84 KiB) for 'fieldoffsets'.
[2025-12-05 08:37:55] Merging 1 fragment for 'var_decl_specifiers'.
[2025-12-05 08:37:55] Merged 144 bytes for 'var_decl_specifiers'.
[2025-12-05 08:37:55] Merging 1 fragment for 'while_body'.
[2025-12-05 08:37:55] Merged 205 bytes for 'while_body'.
[2025-12-05 08:37:55] Merging 1 fragment for 'sizeof_bind'.
[2025-12-05 08:37:55] Merged 87 bytes for 'sizeof_bind'.
[2025-12-05 08:37:55] Merging 1 fragment for 'for_condition'.
[2025-12-05 08:37:55] Merged 108 bytes for 'for_condition'.
[2025-12-05 08:37:55] Merging 1 fragment for 'for_initialization'.
[2025-12-05 08:37:55] Merged 108 bytes for 'for_initialization'.
[2025-12-05 08:37:55] Merging 1 fragment for 'for_update'.
[2025-12-05 08:37:55] Merged 108 bytes for 'for_update'.
[2025-12-05 08:37:55] Merging 1 fragment for 'expr_ancestor'.
[2025-12-05 08:37:55] Merged 86 bytes for 'expr_ancestor'.
[2025-12-05 08:37:55] Merging 1 fragment for 'orphaned_variables'.
[2025-12-05 08:37:55] Merged 376 bytes for 'orphaned_variables'.
[2025-12-05 08:37:55] Merging 1 fragment for 'do_body'.
[2025-12-05 08:37:55] Merged 33 bytes for 'do_body'.
[2025-12-05 08:37:55] Merging 1 fragment for 'fun_implicit'.
[2025-12-05 08:37:55] Merged 20 bytes for 'fun_implicit'.
[2025-12-05 08:37:55] Merging 1 fragment for 'builtin_functions'.
[2025-12-05 08:37:55] Merged 30 bytes for 'builtin_functions'.
[2025-12-05 08:37:55] Merging 1 fragment for 'enclosingfunction'.
[2025-12-05 08:37:55] Merged 42 bytes for 'enclosingfunction'.
[2025-12-05 08:37:55] Merging 1 fragment for 'typeattributes'.
[2025-12-05 08:37:55] Merged 48 bytes for 'typeattributes'.
[2025-12-05 08:37:55] Merging 1 fragment for 'attribute_arg_constant'.
[2025-12-05 08:37:55] Merged 63 bytes for 'attribute_arg_constant'.
[2025-12-05 08:37:55] Merging 1 fragment for 'attribute_args'.
[2025-12-05 08:37:55] Merged 119 bytes for 'attribute_args'.
[2025-12-05 08:37:55] Merging 1 fragment for 'bitfield'.
[2025-12-05 08:37:55] Merged 174 bytes for 'bitfield'.
[2025-12-05 08:37:55] Merging 1 fragment for 'compilations'.
[2025-12-05 08:37:55] Merged 79 bytes for 'compilations'.
[2025-12-05 08:37:55] Merging 1 fragment for 'compilation_args'.
[2025-12-05 08:37:55] Merged 7332 bytes (7.16 KiB) for 'compilation_args'.
[2025-12-05 08:37:55] Merging 1 fragment for 'compilation_compiling_files'.
[2025-12-05 08:37:55] Merged 144 bytes for 'compilation_compiling_files'.
[2025-12-05 08:37:55] Merging 1 fragment for 'compilation_time'.
[2025-12-05 08:37:55] Merged 1309 bytes (1.28 KiB) for 'compilation_time'.
[2025-12-05 08:37:55] Merging 1 fragment for 'compilation_finished'.
[2025-12-05 08:37:55] Merged 322 bytes for 'compilation_finished'.
[2025-12-05 08:37:55] Merging 1 fragment for 'sourceLocationPrefix'.
[2025-12-05 08:37:55] Merged 19 bytes for 'sourceLocationPrefix'.
[2025-12-05 08:37:55] Saving string and id pools to disk.
[2025-12-05 08:37:55] Finished importing TRAP files.
[2025-12-05 08:37:55] Read 21.78 MiB of uncompressed TRAP data.
[2025-12-05 08:37:55] Uncompressed relation data size: 3.57 MiB
[2025-12-05 08:37:55] Relation data size: 900.76 KiB (merge rate: 8.26 MiB/s)
[2025-12-05 08:37:55] String pool size: 4.78 MiB
[2025-12-05 08:37:55] ID pool size: 6.00 MiB
[2025-12-05 08:37:55] [PROGRESS] dataset import> Finished writing database (relations: 900.76 KiB; string pool: 4.78 MiB).
[2025-12-05 08:37:55] Pausing evaluation to close the cache at sequence stamp o+245
[2025-12-05 08:37:55] The disk cache is freshly trimmed; leave it be.
[2025-12-05 08:37:55] Unpausing evaluation
[2025-12-05 08:37:55] Plumbing command codeql dataset import completed.
[2025-12-05 08:37:55] [PROGRESS] database finalize> TRAP import complete (1.4s).
[2025-12-05 08:37:55] Running plumbing command: codeql database cleanup -- /Users/jie/Documents/workspace/lcmhalgen/LCMHalTest_DBS/DATABASE_NXP_BMUART_DMA_macbook
[2025-12-05 08:37:55] [PROGRESS] database cleanup> Cleaning up existing TRAP files after import...
[2025-12-05 08:37:55] [PROGRESS] database cleanup> TRAP files cleaned up (27ms).
[2025-12-05 08:37:55] [PROGRESS] database cleanup> Cleaning up scratch directory...
[2025-12-05 08:37:55] [PROGRESS] database cleanup> Scratch directory cleaned up (64ms).
[2025-12-05 08:37:55] Running plumbing command: codeql dataset cleanup -- /Users/jie/Documents/workspace/lcmhalgen/LCMHalTest_DBS/DATABASE_NXP_BMUART_DMA_macbook/db-cpp
[2025-12-05 08:37:55] [PROGRESS] dataset cleanup> Cleaning up dataset in /Users/jie/Documents/workspace/lcmhalgen/LCMHalTest_DBS/DATABASE_NXP_BMUART_DMA_macbook/db-cpp.
[2025-12-05 08:37:55] Trimming disk cache at /Users/jie/Documents/workspace/lcmhalgen/LCMHalTest_DBS/DATABASE_NXP_BMUART_DMA_macbook/db-cpp/default/cache in mode trim.
[2025-12-05 08:37:55] Sequence stamp origin is -5973719362628218731
[2025-12-05 08:37:55] Pausing evaluation to quickly trim memory at sequence stamp o+0
[2025-12-05 08:37:55] Unpausing evaluation
[2025-12-05 08:37:55] Pausing evaluation to zealously trim disk at sequence stamp o+1
[2025-12-05 08:37:55] Unpausing evaluation
[2025-12-05 08:37:55] Trimming completed (1ms): Trimmed disposable data from cache.
[2025-12-05 08:37:55] Pausing evaluation to close the cache at sequence stamp o+2
[2025-12-05 08:37:55] The disk cache is freshly trimmed; leave it be.
[2025-12-05 08:37:55] Unpausing evaluation
[2025-12-05 08:37:55] [PROGRESS] dataset cleanup> Trimmed disposable data from cache.
[2025-12-05 08:37:55] [PROGRESS] dataset cleanup> Finalizing dataset in /Users/jie/Documents/workspace/lcmhalgen/LCMHalTest_DBS/DATABASE_NXP_BMUART_DMA_macbook/db-cpp
[2025-12-05 08:37:55] [DETAILS] dataset cleanup> Finished deleting ID pool from /Users/jie/Documents/workspace/lcmhalgen/LCMHalTest_DBS/DATABASE_NXP_BMUART_DMA_macbook/db-cpp (1ms).
[2025-12-05 08:37:55] Plumbing command codeql dataset cleanup completed.
[2025-12-05 08:37:55] Plumbing command codeql database cleanup completed with status 0.
[2025-12-05 08:37:55] [PROGRESS] database finalize> Finished zipping source archive (446.74 KiB).
[2025-12-05 08:37:55] Plumbing command codeql database finalize completed.
[2025-12-05 08:37:55] [PROGRESS] database create> Successfully created database at /Users/jie/Documents/workspace/lcmhalgen/LCMHalTest_DBS/DATABASE_NXP_BMUART_DMA_macbook.
[2025-12-05 08:37:55] Terminating normally.
