[2025-11-20 18:08:47] This is codeql database create /Users/jie/Documents/workspace/lcmhalgen/LCMHalTest_DBS/DATABASE_FreeRTOSBLE_HeartRate_macbook --language=cpp --command=bash build.sh
[2025-11-20 18:08:47] Log file was started late.
[2025-11-20 18:08:47] [PROGRESS] database create> Initializing database at /Users/jie/Documents/workspace/lcmhalgen/LCMHalTest_DBS/DATABASE_FreeRTOSBLE_HeartRate_macbook.
[2025-11-20 18:08:47] Running plumbing command: codeql database init --language=cpp --extractor-options-verbosity=1 --qlconfig-file=/Users/jie/Documents/workspace/lcmhalgen/LCMHalMCPServer/testcases/macbook/freertos_bleheartrate/qlconfig.yml --source-root=/Users/jie/Documents/workspace/lcmhalgen/LCMHalMCPServer/testcases/macbook/freertos_bleheartrate --allow-missing-source-root=false --allow-already-existing -- /Users/jie/Documents/workspace/lcmhalgen/LCMHalTest_DBS/DATABASE_FreeRTOSBLE_HeartRate_macbook
[2025-11-20 18:08:47] Calling plumbing command: codeql resolve languages --extractor-options-verbosity=1 --format=betterjson
[2025-11-20 18:08:47] [DETAILS] resolve languages> Scanning for [codeql-extractor.yml] from /opt/homebrew/Caskroom/codeql/2.23.0/codeql/.codeqlmanifest.json
[2025-11-20 18:08:47] [DETAILS] resolve languages> Parsing /opt/homebrew/Caskroom/codeql/2.23.0/codeql/go/codeql-extractor.yml.
[2025-11-20 18:08:47] [DETAILS] resolve languages> Parsing /opt/homebrew/Caskroom/codeql/2.23.0/codeql/python/codeql-extractor.yml.
[2025-11-20 18:08:47] [DETAILS] resolve languages> Parsing /opt/homebrew/Caskroom/codeql/2.23.0/codeql/rust/codeql-extractor.yml.
[2025-11-20 18:08:47] [DETAILS] resolve languages> Parsing /opt/homebrew/Caskroom/codeql/2.23.0/codeql/java/codeql-extractor.yml.
[2025-11-20 18:08:47] [DETAILS] resolve languages> Parsing /opt/homebrew/Caskroom/codeql/2.23.0/codeql/html/codeql-extractor.yml.
[2025-11-20 18:08:47] [DETAILS] resolve languages> Parsing /opt/homebrew/Caskroom/codeql/2.23.0/codeql/xml/codeql-extractor.yml.
[2025-11-20 18:08:47] [DETAILS] resolve languages> Parsing /opt/homebrew/Caskroom/codeql/2.23.0/codeql/properties/codeql-extractor.yml.
[2025-11-20 18:08:47] [DETAILS] resolve languages> Parsing /opt/homebrew/Caskroom/codeql/2.23.0/codeql/cpp/codeql-extractor.yml.
[2025-11-20 18:08:47] [DETAILS] resolve languages> Parsing /opt/homebrew/Caskroom/codeql/2.23.0/codeql/swift/codeql-extractor.yml.
[2025-11-20 18:08:47] [DETAILS] resolve languages> Parsing /opt/homebrew/Caskroom/codeql/2.23.0/codeql/csv/codeql-extractor.yml.
[2025-11-20 18:08:47] [DETAILS] resolve languages> Parsing /opt/homebrew/Caskroom/codeql/2.23.0/codeql/actions/codeql-extractor.yml.
[2025-11-20 18:08:47] [DETAILS] resolve languages> Parsing /opt/homebrew/Caskroom/codeql/2.23.0/codeql/yaml/codeql-extractor.yml.
[2025-11-20 18:08:47] [DETAILS] resolve languages> Parsing /opt/homebrew/Caskroom/codeql/2.23.0/codeql/csharp/codeql-extractor.yml.
[2025-11-20 18:08:47] [DETAILS] resolve languages> Parsing /opt/homebrew/Caskroom/codeql/2.23.0/codeql/javascript/codeql-extractor.yml.
[2025-11-20 18:08:47] [DETAILS] resolve languages> Parsing /opt/homebrew/Caskroom/codeql/2.23.0/codeql/ruby/codeql-extractor.yml.
[2025-11-20 18:08:47] Plumbing command codeql resolve languages completed:
                      {
                        "aliases" : {
                          "c" : "cpp",
                          "c++" : "cpp",
                          "c-c++" : "cpp",
                          "c-cpp" : "cpp",
                          "c#" : "csharp",
                          "java-kotlin" : "java",
                          "kotlin" : "java",
                          "javascript-typescript" : "javascript",
                          "typescript" : "javascript"
                        },
                        "extractors" : {
                          "go" : [
                            {
                              "extractor_root" : "/opt/homebrew/Caskroom/codeql/2.23.0/codeql/go",
                              "extractor_options" : {
                                "extract_tests" : {
                                  "title" : "Whether to include Go test files in the CodeQL database.",
                                  "description" : "A value indicating whether Go test files should be included in the CodeQL database. The default is 'false'.\n",
                                  "type" : "string",
                                  "pattern" : "^(false|true)$"
                                },
                                "extract_vendor_dirs" : {
                                  "title" : "Whether to include Go vendor directories in the CodeQL database.",
                                  "description" : "A value indicating whether Go vendor directories should be included in the CodeQL database. The default is 'false'.\n",
                                  "type" : "string",
                                  "pattern" : "^(false|true)$"
                                }
                              }
                            }
                          ],
                          "python" : [
                            {
                              "extractor_root" : "/opt/homebrew/Caskroom/codeql/2.23.0/codeql/python",
                              "extractor_options" : {
                                "logging" : {
                                  "title" : "Options pertaining to logging.",
                                  "description" : "Options pertaining to logging.",
                                  "type" : "object",
                                  "properties" : {
                                    "verbosity" : {
                                      "title" : "Python extractor logging verbosity level.",
                                      "description" : "Controls the level of verbosity of the CodeQL Python extractor.\nThe supported levels are (in order of increasing verbosity):\n\n  - off\n  - errors\n  - warnings\n  - info or progress\n  - debug or progress+\n  - trace or progress++\n  - progress+++\n",
                                      "type" : "string",
                                      "pattern" : "^(off|errors|warnings|(info|progress)|(debug|progress\\+)|(trace|progress\\+\\+)|progress\\+\\+\\+)$"
                                    }
                                  }
                                },
                                "python_executable_name" : {
                                  "title" : "Controls the name of the Python executable used by the Python extractor.",
                                  "description" : "The Python extractor uses platform-dependent heuristics to determine the name of the Python executable to use. Specifying a value for this option overrides the name of the Python executable used by the extractor. Accepted values are py, python and python3. Use this setting with caution, the Python extractor requires Python 3 to run.\n",
                                  "type" : "string",
                                  "pattern" : "^(py|python|python3)$"
                                }
                              }
                            }
                          ],
                          "rust" : [
                            {
                              "extractor_root" : "/opt/homebrew/Caskroom/codeql/2.23.0/codeql/rust",
                              "extractor_options" : {
                                "trap" : {
                                  "title" : "Options pertaining to TRAP.",
                                  "description" : "Options pertaining to TRAP.",
                                  "type" : "object",
                                  "properties" : {
                                    "compression" : {
                                      "title" : "Controls compression for the TRAP files written by the extractor.",
                                      "description" : "This option is only intended for use in debugging the extractor. Accepted values are 'gzip' (to write gzip-compressed TRAP) 'zstd' (to write Zstandard-compressed TRAP) and 'none' (the default, to write uncompressed TRAP).\n",
                                      "type" : "string",
                                      "pattern" : "^(none|gzip|zstd)$"
                                    }
                                  }
                                },
                                "cargo_target_dir" : {
                                  "title" : "Directory to use for cargo output files.",
                                  "description" : "This value is an optional path to use as `CARGO_TARGET_DIR` for the internal cargo commands the extractor uses. Pointing it to a persistent directory may reduce execution time of consecutive extractor runs. By default, a new scratch directory is used for each run.\n",
                                  "type" : "string"
                                },
                                "cargo_target" : {
                                  "title" : "Target architecture",
                                  "description" : "Target architecture to use for analysis, analogous to `cargo --target`. By default the host architecture is used.\n",
                                  "type" : "string"
                                },
                                "cargo_features" : {
                                  "title" : "Cargo features to turn on",
                                  "description" : "Comma-separated list of features to turn on. By default all features are enabled. If any features are specified, then only those features are enabled. The `default` feature must be explicitly specified if only default features are desired. Can be repeated.\n",
                                  "type" : "array"
                                },
                                "cargo_cfg_overrides" : {
                                  "title" : "Cargo cfg overrides",
                                  "description" : "Comma-separated list of cfg settings to enable, or disable if prefixed with `-`. Can be repeated.\n",
                                  "type" : "array"
                                },
                                "logging" : {
                                  "title" : "Options pertaining to logging.",
                                  "description" : "Options pertaining to logging.",
                                  "type" : "object",
                                  "properties" : {
                                    "verbosity" : {
                                      "title" : "Extractor logging verbosity level.",
                                      "description" : "Controls the level of verbosity of the extractor. The supported levels are (in order of increasing verbosity):\n  - off\n  - errors\n  - warnings\n  - info or progress\n  - debug or progress+\n  - trace or progress++\n  - progress+++\n",
                                      "type" : "string",
                                      "pattern" : "^(off|errors|warnings|(info|progress)|(debug|progress\\+)|(trace|progress\\+\\+)|progress\\+\\+\\+)$"
                                    },
                                    "flamegraph" : {
                                      "title" : "[Experimental] File path for write flame graph log",
                                      "description" : "Collect flame graph data using the `tracing-flame` crate. To render a flame graph or chart, run the `inferno-flamegraph` command. See also: https://crates.io/crates/tracing-flame\n",
                                      "type" : "string"
                                    }
                                  }
                                },
                                "extract_dependencies_as_source" : {
                                  "title" : "Extract dependencies as source code",
                                  "description" : "Extract the full source code of dependencies instead of only extracting signatures.\n",
                                  "type" : "string",
                                  "pattern" : "^(false|true)$"
                                }
                              }
                            }
                          ],
                          "java" : [
                            {
                              "extractor_root" : "/opt/homebrew/Caskroom/codeql/2.23.0/codeql/java",
                              "extractor_options" : {
                                "exclude" : {
                                  "title" : "A glob excluding files from analysis.",
                                  "description" : "A glob indicating what files to exclude from the analysis. This accepts glob patterns that are supported by Java's 'getPathMatcher' implementation.\n",
                                  "type" : "string"
                                },
                                "add_prefer_source" : {
                                  "title" : "Whether to always prefer source files over class files.",
                                  "description" : "A value indicating whether source files should be preferred over class files. If set to 'true', the extraction adds '-Xprefer:source' to the javac command line. If set to 'false', the extraction uses the default javac behavior ('-Xprefer:newer'). The default is 'true'.\n",
                                  "type" : "string",
                                  "pattern" : "^(false|true)$"
                                },
                                "buildless" : {
                                  "title" : "Whether to use buildless (standalone) extraction (experimental).",
                                  "description" : "A value indicating, which type of extraction the autobuilder should perform. If 'true', then the standalone extractor will be used, otherwise tracing extraction will be performed. The default is 'false'. Note that buildless extraction will generally yield less accurate analysis results, and should only be used in cases where it is not possible to build the code (for example if it uses inaccessible dependencies).\n",
                                  "type" : "string",
                                  "pattern" : "^(false|true)$"
                                },
                                "buildless_dependency_dir" : {
                                  "title" : "The path where buildless (standalone) extraction should keep dependencies.",
                                  "description" : "If set, the buildless (standalone) extractor will store dependencies in this directory.\n",
                                  "type" : "string"
                                },
                                "minimize_dependency_jars" : {
                                  "title" : "Whether to rewrite and minimize downloaded JAR dependencies (experimental).",
                                  "description" : "If 'true', JAR dependencies downloaded during extraction will be rewritten to remove unneeded data, such as method bodies. The default is 'false'.\n",
                                  "type" : "string",
                                  "pattern" : "^(false|true)$"
                                }
                              }
                            }
                          ],
                          "html" : [
                            {
                              "extractor_root" : "/opt/homebrew/Caskroom/codeql/2.23.0/codeql/html"
                            }
                          ],
                          "xml" : [
                            {
                              "extractor_root" : "/opt/homebrew/Caskroom/codeql/2.23.0/codeql/xml"
                            }
                          ],
                          "properties" : [
                            {
                              "extractor_root" : "/opt/homebrew/Caskroom/codeql/2.23.0/codeql/properties"
                            }
                          ],
                          "cpp" : [
                            {
                              "extractor_root" : "/opt/homebrew/Caskroom/codeql/2.23.0/codeql/cpp",
                              "extractor_options" : {
                                "scale_timeouts" : {
                                  "title" : "Value to scale compiler introspection timeouts with",
                                  "description" : "The extractor attempts to determine what compiler the source code being extracted is compiled with. To this end the extractor makes additional calls to the compiler, some of which are expected to return within a certain fixed time (either 10s or 15s). On some systems that are under high load this time might be too short, and can be scaled up using this option.\n",
                                  "type" : "string",
                                  "pattern" : "[0-9]+"
                                },
                                "log_verbosity" : {
                                  "title" : "Verbosity of the extractor logging",
                                  "description" : "Set the verbosity of the extractor logging to 'quiet' (0), 'normal' (1), 'chatty' (2), or 'noisy' (3). The default is 'normal'.\n",
                                  "type" : "string",
                                  "pattern" : "[0-3]"
                                }
                              }
                            }
                          ],
                          "swift" : [
                            {
                              "extractor_root" : "/opt/homebrew/Caskroom/codeql/2.23.0/codeql/swift"
                            }
                          ],
                          "csv" : [
                            {
                              "extractor_root" : "/opt/homebrew/Caskroom/codeql/2.23.0/codeql/csv"
                            }
                          ],
                          "actions" : [
                            {
                              "extractor_root" : "/opt/homebrew/Caskroom/codeql/2.23.0/codeql/actions",
                              "extractor_options" : { }
                            }
                          ],
                          "yaml" : [
                            {
                              "extractor_root" : "/opt/homebrew/Caskroom/codeql/2.23.0/codeql/yaml"
                            }
                          ],
                          "csharp" : [
                            {
                              "extractor_root" : "/opt/homebrew/Caskroom/codeql/2.23.0/codeql/csharp",
                              "extractor_options" : {
                                "trap" : {
                                  "title" : "Options pertaining to TRAP.",
                                  "description" : "Options pertaining to TRAP.",
                                  "type" : "object",
                                  "properties" : {
                                    "compression" : {
                                      "title" : "Controls compression for the TRAP files written by the extractor.",
                                      "description" : "This option is only intended for use in debugging the extractor. Accepted values are 'brotli' (the default, to write brotli-compressed TRAP), 'gzip', and 'none' (to write uncompressed TRAP).\n",
                                      "type" : "string",
                                      "pattern" : "^(none|gzip|brotli)$"
                                    }
                                  }
                                },
                                "buildless" : {
                                  "title" : "DEPRECATED - Whether to use buildless (standalone) extraction.",
                                  "description" : "DEPRECATED: Use `--build-mode none` instead.\nA value indicating, which type of extraction the autobuilder should perform. If 'true', then the standalone extractor will be used, otherwise tracing extraction will be performed. The default is 'false'. Note that buildless extraction will generally yield less accurate analysis results, and should only be used in cases where it is not possible to build the code (for example if it uses inaccessible dependencies).\n",
                                  "type" : "string",
                                  "pattern" : "^(false|true)$"
                                },
                                "logging" : {
                                  "title" : "Options pertaining to logging.",
                                  "description" : "Options pertaining to logging.",
                                  "type" : "object",
                                  "properties" : {
                                    "verbosity" : {
                                      "title" : "Extractor logging verbosity level.",
                                      "description" : "Controls the level of verbosity of the extractor. The supported levels are (in order of increasing verbosity):\n  - off\n  - errors\n  - warnings\n  - info or progress\n  - debug or progress+\n  - trace or progress++\n  - progress+++\n",
                                      "type" : "string",
                                      "pattern" : "^(off|errors|warnings|(info|progress)|(debug|progress\\+)|(trace|progress\\+\\+)|progress\\+\\+\\+)$"
                                    }
                                  }
                                },
                                "binlog" : {
                                  "title" : "Binlog",
                                  "description" : "[EXPERIMENTAL] The value is a path to the MsBuild binary log file that should be extracted. This option only works when `--build-mode none` is also specified.\n",
                                  "type" : "array"
                                }
                              }
                            }
                          ],
                          "javascript" : [
                            {
                              "extractor_root" : "/opt/homebrew/Caskroom/codeql/2.23.0/codeql/javascript",
                              "extractor_options" : {
                                "skip_types" : {
                                  "title" : "Skip type extraction for TypeScript",
                                  "description" : "Whether to skip the extraction of types in a TypeScript application",
                                  "type" : "string",
                                  "pattern" : "^(false|true)$"
                                }
                              }
                            }
                          ],
                          "ruby" : [
                            {
                              "extractor_root" : "/opt/homebrew/Caskroom/codeql/2.23.0/codeql/ruby",
                              "extractor_options" : {
                                "trap" : {
                                  "title" : "Options pertaining to TRAP.",
                                  "description" : "Options pertaining to TRAP.",
                                  "type" : "object",
                                  "properties" : {
                                    "compression" : {
                                      "title" : "Controls compression for the TRAP files written by the extractor.",
                                      "description" : "This option is only intended for use in debugging the extractor. Accepted values are 'gzip' (the default, to write gzip-compressed TRAP) 'zstd' (to write Zstandard-compressed TRAP) and 'none' (to write uncompressed TRAP).\n",
                                      "type" : "string",
                                      "pattern" : "^(none|gzip|zstd)$"
                                    }
                                  }
                                }
                              }
                            }
                          ]
                        }
                      }
[2025-11-20 18:08:47] [PROGRESS] database init> Calculating baseline information in /Users/jie/Documents/workspace/lcmhalgen/LCMHalMCPServer/testcases/macbook/freertos_bleheartrate
[2025-11-20 18:08:47] [SPAMMY] database init> Ignoring the following directories when processing baseline information: .git, .hg, .svn.
[2025-11-20 18:08:47] [DETAILS] database init> Running command in /Users/jie/Documents/workspace/lcmhalgen/LCMHalMCPServer/testcases/macbook/freertos_bleheartrate: /opt/homebrew/Caskroom/codeql/2.23.0/codeql/tools/osx64/scc --by-file --exclude-dir .git,.hg,.svn --format json --no-large --no-min .
[2025-11-20 18:08:47] [PROGRESS] database init> Calculated baseline information for languages:  (65ms).
[2025-11-20 18:08:47] [PROGRESS] database init> Resolving extractor cpp.
[2025-11-20 18:08:47] [DETAILS] database init> Found candidate extractor root for cpp: /opt/homebrew/Caskroom/codeql/2.23.0/codeql/cpp.
[2025-11-20 18:08:47] [PROGRESS] database init> Successfully loaded extractor C/C++ (cpp) from /opt/homebrew/Caskroom/codeql/2.23.0/codeql/cpp.
[2025-11-20 18:08:47] [SPAMMY] database init> Determining macOS System Integrity Protection status...
[2025-11-20 18:08:47] [SPAMMY] database init> Running command [/usr/bin/csrutil, status].
[2025-11-20 18:08:47] [SPAMMY] database init> SIP is enabled.
[2025-11-20 18:08:47] [PROGRESS] database init> Created skeleton CodeQL database at /Users/jie/Documents/workspace/lcmhalgen/LCMHalTest_DBS/DATABASE_FreeRTOSBLE_HeartRate_macbook. This in-progress database is ready to be populated by an extractor.
[2025-11-20 18:08:47] Plumbing command codeql database init completed.
[2025-11-20 18:08:47] [PROGRESS] database create> Running build command: [bash, build.sh]
[2025-11-20 18:08:47] Running plumbing command: codeql database trace-command --working-dir=/Users/jie/Documents/workspace/lcmhalgen/LCMHalMCPServer/testcases/macbook/freertos_bleheartrate --index-traceless-dbs --no-db-cluster -- /Users/jie/Documents/workspace/lcmhalgen/LCMHalTest_DBS/DATABASE_FreeRTOSBLE_HeartRate_macbook bash build.sh
[2025-11-20 18:08:47] [PROGRESS] database trace-command> Running command in /Users/jie/Documents/workspace/lcmhalgen/LCMHalMCPServer/testcases/macbook/freertos_bleheartrate: [bash, build.sh]
[2025-11-20 18:08:49] [build-stdout] 切换到构建目录: /Users/jie/Documents/workspace/lcmhalgen/posixGen_Demos/BLE_HeartRateFreeRTOS/STM32CubeIDE/Release
[2025-11-20 18:08:49] [build-stdout] 开始编译项目...
[2025-11-20 18:08:50] [build-stdout] arm-none-eabi-gcc -I../../Core/Inc -I../../STM32_WPAN/App -I../../Drivers/STM32WBxx_HAL_Driver/Inc -I../../Drivers/STM32WBxx_HAL_Driver/Inc/Legacy -I../../Utilities/lpm/tiny_lpm -I../../Middlewares/Third_Party/FreeRTOS/Source/include -I../../Middlewares/Third_Party/FreeRTOS/Source/CMSIS_RTOS_V2 -I../../Middlewares/Third_Party/FreeRTOS/Source/portable/GCC/ARM_CM4F -I../../Middlewares/ST/STM32_WPAN -I../../Middlewares/ST/STM32_WPAN/interface/patterns/ble_thread -I../../Middlewares/ST/STM32_WPAN/interface/patterns/ble_thread/tl -I../../Middlewares/ST/STM32_WPAN/interface/patterns/ble_thread/shci -I../../Middlewares/ST/STM32_WPAN/utilities -I../../Middlewares/ST/STM32_WPAN/ble/core -I../../Middlewares/ST/STM32_WPAN/ble/core/auto -I../../Middlewares/ST/STM32_WPAN/ble/core/template -I../../Middlewares/ST/STM32_WPAN/ble/svc/Inc -I../../Middlewares/ST/STM32_WPAN/ble/svc/Src -I../../Drivers/CMSIS/Device/ST/STM32WBxx/Include -I../../Middlewares/ST/STM32_WPAN/ble -I../../Drivers/CMSIS/Include -I../../Drivers/BSP/P-NUCLEO-WB55.Nucleo  -std=gnu11 -DUSE_STM32WBXX_NUCLEO -DUSE_HAL_DRIVER -DSTM32WB55xx -O0 -g -ffunction-sections -fdata-sections -Wall -fstack-usage -MMD -MP  --specs=nano.specs -mfpu=fpv4-sp-d16 -mfloat-abi=hard -mthumb -mcpu=cortex-m4  -c ../../Utilities/lpm/tiny_lpm/stm32_lpm.c -o ../../Utilities/lpm/tiny_lpm/stm32_lpm.o 
[2025-11-20 18:08:56] [build-stdout] arm-none-eabi-gcc -I../../Core/Inc -I../../STM32_WPAN/App -I../../Drivers/STM32WBxx_HAL_Driver/Inc -I../../Drivers/STM32WBxx_HAL_Driver/Inc/Legacy -I../../Utilities/lpm/tiny_lpm -I../../Middlewares/Third_Party/FreeRTOS/Source/include -I../../Middlewares/Third_Party/FreeRTOS/Source/CMSIS_RTOS_V2 -I../../Middlewares/Third_Party/FreeRTOS/Source/portable/GCC/ARM_CM4F -I../../Middlewares/ST/STM32_WPAN -I../../Middlewares/ST/STM32_WPAN/interface/patterns/ble_thread -I../../Middlewares/ST/STM32_WPAN/interface/patterns/ble_thread/tl -I../../Middlewares/ST/STM32_WPAN/interface/patterns/ble_thread/shci -I../../Middlewares/ST/STM32_WPAN/utilities -I../../Middlewares/ST/STM32_WPAN/ble/core -I../../Middlewares/ST/STM32_WPAN/ble/core/auto -I../../Middlewares/ST/STM32_WPAN/ble/core/template -I../../Middlewares/ST/STM32_WPAN/ble/svc/Inc -I../../Middlewares/ST/STM32_WPAN/ble/svc/Src -I../../Drivers/CMSIS/Device/ST/STM32WBxx/Include -I../../Middlewares/ST/STM32_WPAN/ble -I../../Drivers/CMSIS/Include -I../../Drivers/BSP/P-NUCLEO-WB55.Nucleo  -std=gnu11 -DUSE_STM32WBXX_NUCLEO -DUSE_HAL_DRIVER -DSTM32WB55xx -O0 -g -ffunction-sections -fdata-sections -Wall -fstack-usage -MMD -MP  --specs=nano.specs -mfpu=fpv4-sp-d16 -mfloat-abi=hard -mthumb -mcpu=cortex-m4  -c ../../Middlewares/ST/STM32_WPAN/ble/core/auto/ble_gap_aci.c -o ../../Middlewares/ST/STM32_WPAN/ble/core/auto/ble_gap_aci.o 
[2025-11-20 18:08:56] [build-stdout] arm-none-eabi-gcc -I../../Core/Inc -I../../STM32_WPAN/App -I../../Drivers/STM32WBxx_HAL_Driver/Inc -I../../Drivers/STM32WBxx_HAL_Driver/Inc/Legacy -I../../Utilities/lpm/tiny_lpm -I../../Middlewares/Third_Party/FreeRTOS/Source/include -I../../Middlewares/Third_Party/FreeRTOS/Source/CMSIS_RTOS_V2 -I../../Middlewares/Third_Party/FreeRTOS/Source/portable/GCC/ARM_CM4F -I../../Middlewares/ST/STM32_WPAN -I../../Middlewares/ST/STM32_WPAN/interface/patterns/ble_thread -I../../Middlewares/ST/STM32_WPAN/interface/patterns/ble_thread/tl -I../../Middlewares/ST/STM32_WPAN/interface/patterns/ble_thread/shci -I../../Middlewares/ST/STM32_WPAN/utilities -I../../Middlewares/ST/STM32_WPAN/ble/core -I../../Middlewares/ST/STM32_WPAN/ble/core/auto -I../../Middlewares/ST/STM32_WPAN/ble/core/template -I../../Middlewares/ST/STM32_WPAN/ble/svc/Inc -I../../Middlewares/ST/STM32_WPAN/ble/svc/Src -I../../Drivers/CMSIS/Device/ST/STM32WBxx/Include -I../../Middlewares/ST/STM32_WPAN/ble -I../../Drivers/CMSIS/Include -I../../Drivers/BSP/P-NUCLEO-WB55.Nucleo  -std=gnu11 -DUSE_STM32WBXX_NUCLEO -DUSE_HAL_DRIVER -DSTM32WB55xx -O0 -g -ffunction-sections -fdata-sections -Wall -fstack-usage -MMD -MP  --specs=nano.specs -mfpu=fpv4-sp-d16 -mfloat-abi=hard -mthumb -mcpu=cortex-m4  -c ../../Middlewares/ST/STM32_WPAN/ble/core/auto/ble_gatt_aci.c -o ../../Middlewares/ST/STM32_WPAN/ble/core/auto/ble_gatt_aci.o 
[2025-11-20 18:08:57] [build-stdout] arm-none-eabi-gcc -I../../Core/Inc -I../../STM32_WPAN/App -I../../Drivers/STM32WBxx_HAL_Driver/Inc -I../../Drivers/STM32WBxx_HAL_Driver/Inc/Legacy -I../../Utilities/lpm/tiny_lpm -I../../Middlewares/Third_Party/FreeRTOS/Source/include -I../../Middlewares/Third_Party/FreeRTOS/Source/CMSIS_RTOS_V2 -I../../Middlewares/Third_Party/FreeRTOS/Source/portable/GCC/ARM_CM4F -I../../Middlewares/ST/STM32_WPAN -I../../Middlewares/ST/STM32_WPAN/interface/patterns/ble_thread -I../../Middlewares/ST/STM32_WPAN/interface/patterns/ble_thread/tl -I../../Middlewares/ST/STM32_WPAN/interface/patterns/ble_thread/shci -I../../Middlewares/ST/STM32_WPAN/utilities -I../../Middlewares/ST/STM32_WPAN/ble/core -I../../Middlewares/ST/STM32_WPAN/ble/core/auto -I../../Middlewares/ST/STM32_WPAN/ble/core/template -I../../Middlewares/ST/STM32_WPAN/ble/svc/Inc -I../../Middlewares/ST/STM32_WPAN/ble/svc/Src -I../../Drivers/CMSIS/Device/ST/STM32WBxx/Include -I../../Middlewares/ST/STM32_WPAN/ble -I../../Drivers/CMSIS/Include -I../../Drivers/BSP/P-NUCLEO-WB55.Nucleo  -std=gnu11 -DUSE_STM32WBXX_NUCLEO -DUSE_HAL_DRIVER -DSTM32WB55xx -O0 -g -ffunction-sections -fdata-sections -Wall -fstack-usage -MMD -MP  --specs=nano.specs -mfpu=fpv4-sp-d16 -mfloat-abi=hard -mthumb -mcpu=cortex-m4  -c ../../Middlewares/ST/STM32_WPAN/ble/core/auto/ble_hal_aci.c -o ../../Middlewares/ST/STM32_WPAN/ble/core/auto/ble_hal_aci.o 
[2025-11-20 18:08:57] [build-stdout] arm-none-eabi-gcc -I../../Core/Inc -I../../STM32_WPAN/App -I../../Drivers/STM32WBxx_HAL_Driver/Inc -I../../Drivers/STM32WBxx_HAL_Driver/Inc/Legacy -I../../Utilities/lpm/tiny_lpm -I../../Middlewares/Third_Party/FreeRTOS/Source/include -I../../Middlewares/Third_Party/FreeRTOS/Source/CMSIS_RTOS_V2 -I../../Middlewares/Third_Party/FreeRTOS/Source/portable/GCC/ARM_CM4F -I../../Middlewares/ST/STM32_WPAN -I../../Middlewares/ST/STM32_WPAN/interface/patterns/ble_thread -I../../Middlewares/ST/STM32_WPAN/interface/patterns/ble_thread/tl -I../../Middlewares/ST/STM32_WPAN/interface/patterns/ble_thread/shci -I../../Middlewares/ST/STM32_WPAN/utilities -I../../Middlewares/ST/STM32_WPAN/ble/core -I../../Middlewares/ST/STM32_WPAN/ble/core/auto -I../../Middlewares/ST/STM32_WPAN/ble/core/template -I../../Middlewares/ST/STM32_WPAN/ble/svc/Inc -I../../Middlewares/ST/STM32_WPAN/ble/svc/Src -I../../Drivers/CMSIS/Device/ST/STM32WBxx/Include -I../../Middlewares/ST/STM32_WPAN/ble -I../../Drivers/CMSIS/Include -I../../Drivers/BSP/P-NUCLEO-WB55.Nucleo  -std=gnu11 -DUSE_STM32WBXX_NUCLEO -DUSE_HAL_DRIVER -DSTM32WB55xx -O0 -g -ffunction-sections -fdata-sections -Wall -fstack-usage -MMD -MP  --specs=nano.specs -mfpu=fpv4-sp-d16 -mfloat-abi=hard -mthumb -mcpu=cortex-m4  -c ../../Middlewares/ST/STM32_WPAN/ble/core/auto/ble_hci_le.c -o ../../Middlewares/ST/STM32_WPAN/ble/core/auto/ble_hci_le.o 
[2025-11-20 18:08:57] [build-stdout] arm-none-eabi-gcc -I../../Core/Inc -I../../STM32_WPAN/App -I../../Drivers/STM32WBxx_HAL_Driver/Inc -I../../Drivers/STM32WBxx_HAL_Driver/Inc/Legacy -I../../Utilities/lpm/tiny_lpm -I../../Middlewares/Third_Party/FreeRTOS/Source/include -I../../Middlewares/Third_Party/FreeRTOS/Source/CMSIS_RTOS_V2 -I../../Middlewares/Third_Party/FreeRTOS/Source/portable/GCC/ARM_CM4F -I../../Middlewares/ST/STM32_WPAN -I../../Middlewares/ST/STM32_WPAN/interface/patterns/ble_thread -I../../Middlewares/ST/STM32_WPAN/interface/patterns/ble_thread/tl -I../../Middlewares/ST/STM32_WPAN/interface/patterns/ble_thread/shci -I../../Middlewares/ST/STM32_WPAN/utilities -I../../Middlewares/ST/STM32_WPAN/ble/core -I../../Middlewares/ST/STM32_WPAN/ble/core/auto -I../../Middlewares/ST/STM32_WPAN/ble/core/template -I../../Middlewares/ST/STM32_WPAN/ble/svc/Inc -I../../Middlewares/ST/STM32_WPAN/ble/svc/Src -I../../Drivers/CMSIS/Device/ST/STM32WBxx/Include -I../../Middlewares/ST/STM32_WPAN/ble -I../../Drivers/CMSIS/Include -I../../Drivers/BSP/P-NUCLEO-WB55.Nucleo  -std=gnu11 -DUSE_STM32WBXX_NUCLEO -DUSE_HAL_DRIVER -DSTM32WB55xx -O0 -g -ffunction-sections -fdata-sections -Wall -fstack-usage -MMD -MP  --specs=nano.specs -mfpu=fpv4-sp-d16 -mfloat-abi=hard -mthumb -mcpu=cortex-m4  -c ../../Middlewares/ST/STM32_WPAN/ble/core/auto/ble_l2cap_aci.c -o ../../Middlewares/ST/STM32_WPAN/ble/core/auto/ble_l2cap_aci.o 
[2025-11-20 18:08:58] [build-stdout] arm-none-eabi-gcc -I../../Core/Inc -I../../STM32_WPAN/App -I../../Drivers/STM32WBxx_HAL_Driver/Inc -I../../Drivers/STM32WBxx_HAL_Driver/Inc/Legacy -I../../Utilities/lpm/tiny_lpm -I../../Middlewares/Third_Party/FreeRTOS/Source/include -I../../Middlewares/Third_Party/FreeRTOS/Source/CMSIS_RTOS_V2 -I../../Middlewares/Third_Party/FreeRTOS/Source/portable/GCC/ARM_CM4F -I../../Middlewares/ST/STM32_WPAN -I../../Middlewares/ST/STM32_WPAN/interface/patterns/ble_thread -I../../Middlewares/ST/STM32_WPAN/interface/patterns/ble_thread/tl -I../../Middlewares/ST/STM32_WPAN/interface/patterns/ble_thread/shci -I../../Middlewares/ST/STM32_WPAN/utilities -I../../Middlewares/ST/STM32_WPAN/ble/core -I../../Middlewares/ST/STM32_WPAN/ble/core/auto -I../../Middlewares/ST/STM32_WPAN/ble/core/template -I../../Middlewares/ST/STM32_WPAN/ble/svc/Inc -I../../Middlewares/ST/STM32_WPAN/ble/svc/Src -I../../Drivers/CMSIS/Device/ST/STM32WBxx/Include -I../../Middlewares/ST/STM32_WPAN/ble -I../../Drivers/CMSIS/Include -I../../Drivers/BSP/P-NUCLEO-WB55.Nucleo  -std=gnu11 -DUSE_STM32WBXX_NUCLEO -DUSE_HAL_DRIVER -DSTM32WB55xx -O0 -g -ffunction-sections -fdata-sections -Wall -fstack-usage -MMD -MP  --specs=nano.specs -mfpu=fpv4-sp-d16 -mfloat-abi=hard -mthumb -mcpu=cortex-m4  -c ../../Middlewares/ST/STM32_WPAN/utilities/dbg_trace.c -o ../../Middlewares/ST/STM32_WPAN/utilities/dbg_trace.o 
[2025-11-20 18:08:59] [build-stdout] arm-none-eabi-gcc -I../../Core/Inc -I../../STM32_WPAN/App -I../../Drivers/STM32WBxx_HAL_Driver/Inc -I../../Drivers/STM32WBxx_HAL_Driver/Inc/Legacy -I../../Utilities/lpm/tiny_lpm -I../../Middlewares/Third_Party/FreeRTOS/Source/include -I../../Middlewares/Third_Party/FreeRTOS/Source/CMSIS_RTOS_V2 -I../../Middlewares/Third_Party/FreeRTOS/Source/portable/GCC/ARM_CM4F -I../../Middlewares/ST/STM32_WPAN -I../../Middlewares/ST/STM32_WPAN/interface/patterns/ble_thread -I../../Middlewares/ST/STM32_WPAN/interface/patterns/ble_thread/tl -I../../Middlewares/ST/STM32_WPAN/interface/patterns/ble_thread/shci -I../../Middlewares/ST/STM32_WPAN/utilities -I../../Middlewares/ST/STM32_WPAN/ble/core -I../../Middlewares/ST/STM32_WPAN/ble/core/auto -I../../Middlewares/ST/STM32_WPAN/ble/core/template -I../../Middlewares/ST/STM32_WPAN/ble/svc/Inc -I../../Middlewares/ST/STM32_WPAN/ble/svc/Src -I../../Drivers/CMSIS/Device/ST/STM32WBxx/Include -I../../Middlewares/ST/STM32_WPAN/ble -I../../Drivers/CMSIS/Include -I../../Drivers/BSP/P-NUCLEO-WB55.Nucleo  -std=gnu11 -DUSE_STM32WBXX_NUCLEO -DUSE_HAL_DRIVER -DSTM32WB55xx -O0 -g -ffunction-sections -fdata-sections -Wall -fstack-usage -MMD -MP  --specs=nano.specs -mfpu=fpv4-sp-d16 -mfloat-abi=hard -mthumb -mcpu=cortex-m4  -c ../../Middlewares/ST/STM32_WPAN/ble/svc/Src/dis.c -o ../../Middlewares/ST/STM32_WPAN/ble/svc/Src/dis.o 
[2025-11-20 18:09:00] [build-stdout] arm-none-eabi-gcc -I../../Core/Inc -I../../STM32_WPAN/App -I../../Drivers/STM32WBxx_HAL_Driver/Inc -I../../Drivers/STM32WBxx_HAL_Driver/Inc/Legacy -I../../Utilities/lpm/tiny_lpm -I../../Middlewares/Third_Party/FreeRTOS/Source/include -I../../Middlewares/Third_Party/FreeRTOS/Source/CMSIS_RTOS_V2 -I../../Middlewares/Third_Party/FreeRTOS/Source/portable/GCC/ARM_CM4F -I../../Middlewares/ST/STM32_WPAN -I../../Middlewares/ST/STM32_WPAN/interface/patterns/ble_thread -I../../Middlewares/ST/STM32_WPAN/interface/patterns/ble_thread/tl -I../../Middlewares/ST/STM32_WPAN/interface/patterns/ble_thread/shci -I../../Middlewares/ST/STM32_WPAN/utilities -I../../Middlewares/ST/STM32_WPAN/ble/core -I../../Middlewares/ST/STM32_WPAN/ble/core/auto -I../../Middlewares/ST/STM32_WPAN/ble/core/template -I../../Middlewares/ST/STM32_WPAN/ble/svc/Inc -I../../Middlewares/ST/STM32_WPAN/ble/svc/Src -I../../Drivers/CMSIS/Device/ST/STM32WBxx/Include -I../../Middlewares/ST/STM32_WPAN/ble -I../../Drivers/CMSIS/Include -I../../Drivers/BSP/P-NUCLEO-WB55.Nucleo  -std=gnu11 -DUSE_STM32WBXX_NUCLEO -DUSE_HAL_DRIVER -DSTM32WB55xx -O0 -g -ffunction-sections -fdata-sections -Wall -fstack-usage -MMD -MP  --specs=nano.specs -mfpu=fpv4-sp-d16 -mfloat-abi=hard -mthumb -mcpu=cortex-m4  -c ../../Middlewares/ST/STM32_WPAN/interface/patterns/ble_thread/tl/hci_tl.c -o ../../Middlewares/ST/STM32_WPAN/interface/patterns/ble_thread/tl/hci_tl.o 
[2025-11-20 18:09:01] [build-stdout] arm-none-eabi-gcc -I../../Core/Inc -I../../STM32_WPAN/App -I../../Drivers/STM32WBxx_HAL_Driver/Inc -I../../Drivers/STM32WBxx_HAL_Driver/Inc/Legacy -I../../Utilities/lpm/tiny_lpm -I../../Middlewares/Third_Party/FreeRTOS/Source/include -I../../Middlewares/Third_Party/FreeRTOS/Source/CMSIS_RTOS_V2 -I../../Middlewares/Third_Party/FreeRTOS/Source/portable/GCC/ARM_CM4F -I../../Middlewares/ST/STM32_WPAN -I../../Middlewares/ST/STM32_WPAN/interface/patterns/ble_thread -I../../Middlewares/ST/STM32_WPAN/interface/patterns/ble_thread/tl -I../../Middlewares/ST/STM32_WPAN/interface/patterns/ble_thread/shci -I../../Middlewares/ST/STM32_WPAN/utilities -I../../Middlewares/ST/STM32_WPAN/ble/core -I../../Middlewares/ST/STM32_WPAN/ble/core/auto -I../../Middlewares/ST/STM32_WPAN/ble/core/template -I../../Middlewares/ST/STM32_WPAN/ble/svc/Inc -I../../Middlewares/ST/STM32_WPAN/ble/svc/Src -I../../Drivers/CMSIS/Device/ST/STM32WBxx/Include -I../../Middlewares/ST/STM32_WPAN/ble -I../../Drivers/CMSIS/Include -I../../Drivers/BSP/P-NUCLEO-WB55.Nucleo  -std=gnu11 -DUSE_STM32WBXX_NUCLEO -DUSE_HAL_DRIVER -DSTM32WB55xx -O0 -g -ffunction-sections -fdata-sections -Wall -fstack-usage -MMD -MP  --specs=nano.specs -mfpu=fpv4-sp-d16 -mfloat-abi=hard -mthumb -mcpu=cortex-m4  -c ../../Middlewares/ST/STM32_WPAN/interface/patterns/ble_thread/tl/hci_tl_if.c -o ../../Middlewares/ST/STM32_WPAN/interface/patterns/ble_thread/tl/hci_tl_if.o 
[2025-11-20 18:09:01] [build-stdout] arm-none-eabi-gcc -I../../Core/Inc -I../../STM32_WPAN/App -I../../Drivers/STM32WBxx_HAL_Driver/Inc -I../../Drivers/STM32WBxx_HAL_Driver/Inc/Legacy -I../../Utilities/lpm/tiny_lpm -I../../Middlewares/Third_Party/FreeRTOS/Source/include -I../../Middlewares/Third_Party/FreeRTOS/Source/CMSIS_RTOS_V2 -I../../Middlewares/Third_Party/FreeRTOS/Source/portable/GCC/ARM_CM4F -I../../Middlewares/ST/STM32_WPAN -I../../Middlewares/ST/STM32_WPAN/interface/patterns/ble_thread -I../../Middlewares/ST/STM32_WPAN/interface/patterns/ble_thread/tl -I../../Middlewares/ST/STM32_WPAN/interface/patterns/ble_thread/shci -I../../Middlewares/ST/STM32_WPAN/utilities -I../../Middlewares/ST/STM32_WPAN/ble/core -I../../Middlewares/ST/STM32_WPAN/ble/core/auto -I../../Middlewares/ST/STM32_WPAN/ble/core/template -I../../Middlewares/ST/STM32_WPAN/ble/svc/Inc -I../../Middlewares/ST/STM32_WPAN/ble/svc/Src -I../../Drivers/CMSIS/Device/ST/STM32WBxx/Include -I../../Middlewares/ST/STM32_WPAN/ble -I../../Drivers/CMSIS/Include -I../../Drivers/BSP/P-NUCLEO-WB55.Nucleo  -std=gnu11 -DUSE_STM32WBXX_NUCLEO -DUSE_HAL_DRIVER -DSTM32WB55xx -O0 -g -ffunction-sections -fdata-sections -Wall -fstack-usage -MMD -MP  --specs=nano.specs -mfpu=fpv4-sp-d16 -mfloat-abi=hard -mthumb -mcpu=cortex-m4  -c ../../Middlewares/ST/STM32_WPAN/ble/svc/Src/hrs.c -o ../../Middlewares/ST/STM32_WPAN/ble/svc/Src/hrs.o 
[2025-11-20 18:09:02] [build-stdout] arm-none-eabi-gcc -I../../Core/Inc -I../../STM32_WPAN/App -I../../Drivers/STM32WBxx_HAL_Driver/Inc -I../../Drivers/STM32WBxx_HAL_Driver/Inc/Legacy -I../../Utilities/lpm/tiny_lpm -I../../Middlewares/Third_Party/FreeRTOS/Source/include -I../../Middlewares/Third_Party/FreeRTOS/Source/CMSIS_RTOS_V2 -I../../Middlewares/Third_Party/FreeRTOS/Source/portable/GCC/ARM_CM4F -I../../Middlewares/ST/STM32_WPAN -I../../Middlewares/ST/STM32_WPAN/interface/patterns/ble_thread -I../../Middlewares/ST/STM32_WPAN/interface/patterns/ble_thread/tl -I../../Middlewares/ST/STM32_WPAN/interface/patterns/ble_thread/shci -I../../Middlewares/ST/STM32_WPAN/utilities -I../../Middlewares/ST/STM32_WPAN/ble/core -I../../Middlewares/ST/STM32_WPAN/ble/core/auto -I../../Middlewares/ST/STM32_WPAN/ble/core/template -I../../Middlewares/ST/STM32_WPAN/ble/svc/Inc -I../../Middlewares/ST/STM32_WPAN/ble/svc/Src -I../../Drivers/CMSIS/Device/ST/STM32WBxx/Include -I../../Middlewares/ST/STM32_WPAN/ble -I../../Drivers/CMSIS/Include -I../../Drivers/BSP/P-NUCLEO-WB55.Nucleo  -std=gnu11 -DUSE_STM32WBXX_NUCLEO -DUSE_HAL_DRIVER -DSTM32WB55xx -O0 -g -ffunction-sections -fdata-sections -Wall -fstack-usage -MMD -MP  --specs=nano.specs -mfpu=fpv4-sp-d16 -mfloat-abi=hard -mthumb -mcpu=cortex-m4  -c ../../Middlewares/ST/STM32_WPAN/ble/core/template/osal.c -o ../../Middlewares/ST/STM32_WPAN/ble/core/template/osal.o 
[2025-11-20 18:09:02] [build-stdout] arm-none-eabi-gcc -I../../Core/Inc -I../../STM32_WPAN/App -I../../Drivers/STM32WBxx_HAL_Driver/Inc -I../../Drivers/STM32WBxx_HAL_Driver/Inc/Legacy -I../../Utilities/lpm/tiny_lpm -I../../Middlewares/Third_Party/FreeRTOS/Source/include -I../../Middlewares/Third_Party/FreeRTOS/Source/CMSIS_RTOS_V2 -I../../Middlewares/Third_Party/FreeRTOS/Source/portable/GCC/ARM_CM4F -I../../Middlewares/ST/STM32_WPAN -I../../Middlewares/ST/STM32_WPAN/interface/patterns/ble_thread -I../../Middlewares/ST/STM32_WPAN/interface/patterns/ble_thread/tl -I../../Middlewares/ST/STM32_WPAN/interface/patterns/ble_thread/shci -I../../Middlewares/ST/STM32_WPAN/utilities -I../../Middlewares/ST/STM32_WPAN/ble/core -I../../Middlewares/ST/STM32_WPAN/ble/core/auto -I../../Middlewares/ST/STM32_WPAN/ble/core/template -I../../Middlewares/ST/STM32_WPAN/ble/svc/Inc -I../../Middlewares/ST/STM32_WPAN/ble/svc/Src -I../../Drivers/CMSIS/Device/ST/STM32WBxx/Include -I../../Middlewares/ST/STM32_WPAN/ble -I../../Drivers/CMSIS/Include -I../../Drivers/BSP/P-NUCLEO-WB55.Nucleo  -std=gnu11 -DUSE_STM32WBXX_NUCLEO -DUSE_HAL_DRIVER -DSTM32WB55xx -O0 -g -ffunction-sections -fdata-sections -Wall -fstack-usage -MMD -MP  --specs=nano.specs -mfpu=fpv4-sp-d16 -mfloat-abi=hard -mthumb -mcpu=cortex-m4  -c ../../Middlewares/ST/STM32_WPAN/utilities/otp.c -o ../../Middlewares/ST/STM32_WPAN/utilities/otp.o 
[2025-11-20 18:09:03] [build-stdout] arm-none-eabi-gcc -I../../Core/Inc -I../../STM32_WPAN/App -I../../Drivers/STM32WBxx_HAL_Driver/Inc -I../../Drivers/STM32WBxx_HAL_Driver/Inc/Legacy -I../../Utilities/lpm/tiny_lpm -I../../Middlewares/Third_Party/FreeRTOS/Source/include -I../../Middlewares/Third_Party/FreeRTOS/Source/CMSIS_RTOS_V2 -I../../Middlewares/Third_Party/FreeRTOS/Source/portable/GCC/ARM_CM4F -I../../Middlewares/ST/STM32_WPAN -I../../Middlewares/ST/STM32_WPAN/interface/patterns/ble_thread -I../../Middlewares/ST/STM32_WPAN/interface/patterns/ble_thread/tl -I../../Middlewares/ST/STM32_WPAN/interface/patterns/ble_thread/shci -I../../Middlewares/ST/STM32_WPAN/utilities -I../../Middlewares/ST/STM32_WPAN/ble/core -I../../Middlewares/ST/STM32_WPAN/ble/core/auto -I../../Middlewares/ST/STM32_WPAN/ble/core/template -I../../Middlewares/ST/STM32_WPAN/ble/svc/Inc -I../../Middlewares/ST/STM32_WPAN/ble/svc/Src -I../../Drivers/CMSIS/Device/ST/STM32WBxx/Include -I../../Middlewares/ST/STM32_WPAN/ble -I../../Drivers/CMSIS/Include -I../../Drivers/BSP/P-NUCLEO-WB55.Nucleo  -std=gnu11 -DUSE_STM32WBXX_NUCLEO -DUSE_HAL_DRIVER -DSTM32WB55xx -O0 -g -ffunction-sections -fdata-sections -Wall -fstack-usage -MMD -MP  --specs=nano.specs -mfpu=fpv4-sp-d16 -mfloat-abi=hard -mthumb -mcpu=cortex-m4  -c ../../Middlewares/ST/STM32_WPAN/interface/patterns/ble_thread/shci/shci.c -o ../../Middlewares/ST/STM32_WPAN/interface/patterns/ble_thread/shci/shci.o 
[2025-11-20 18:09:04] [build-stdout] arm-none-eabi-gcc -I../../Core/Inc -I../../STM32_WPAN/App -I../../Drivers/STM32WBxx_HAL_Driver/Inc -I../../Drivers/STM32WBxx_HAL_Driver/Inc/Legacy -I../../Utilities/lpm/tiny_lpm -I../../Middlewares/Third_Party/FreeRTOS/Source/include -I../../Middlewares/Third_Party/FreeRTOS/Source/CMSIS_RTOS_V2 -I../../Middlewares/Third_Party/FreeRTOS/Source/portable/GCC/ARM_CM4F -I../../Middlewares/ST/STM32_WPAN -I../../Middlewares/ST/STM32_WPAN/interface/patterns/ble_thread -I../../Middlewares/ST/STM32_WPAN/interface/patterns/ble_thread/tl -I../../Middlewares/ST/STM32_WPAN/interface/patterns/ble_thread/shci -I../../Middlewares/ST/STM32_WPAN/utilities -I../../Middlewares/ST/STM32_WPAN/ble/core -I../../Middlewares/ST/STM32_WPAN/ble/core/auto -I../../Middlewares/ST/STM32_WPAN/ble/core/template -I../../Middlewares/ST/STM32_WPAN/ble/svc/Inc -I../../Middlewares/ST/STM32_WPAN/ble/svc/Src -I../../Drivers/CMSIS/Device/ST/STM32WBxx/Include -I../../Middlewares/ST/STM32_WPAN/ble -I../../Drivers/CMSIS/Include -I../../Drivers/BSP/P-NUCLEO-WB55.Nucleo  -std=gnu11 -DUSE_STM32WBXX_NUCLEO -DUSE_HAL_DRIVER -DSTM32WB55xx -O0 -g -ffunction-sections -fdata-sections -Wall -fstack-usage -MMD -MP  --specs=nano.specs -mfpu=fpv4-sp-d16 -mfloat-abi=hard -mthumb -mcpu=cortex-m4  -c ../../Middlewares/ST/STM32_WPAN/interface/patterns/ble_thread/tl/shci_tl.c -o ../../Middlewares/ST/STM32_WPAN/interface/patterns/ble_thread/tl/shci_tl.o 
[2025-11-20 18:09:04] [build-stdout] arm-none-eabi-gcc -I../../Core/Inc -I../../STM32_WPAN/App -I../../Drivers/STM32WBxx_HAL_Driver/Inc -I../../Drivers/STM32WBxx_HAL_Driver/Inc/Legacy -I../../Utilities/lpm/tiny_lpm -I../../Middlewares/Third_Party/FreeRTOS/Source/include -I../../Middlewares/Third_Party/FreeRTOS/Source/CMSIS_RTOS_V2 -I../../Middlewares/Third_Party/FreeRTOS/Source/portable/GCC/ARM_CM4F -I../../Middlewares/ST/STM32_WPAN -I../../Middlewares/ST/STM32_WPAN/interface/patterns/ble_thread -I../../Middlewares/ST/STM32_WPAN/interface/patterns/ble_thread/tl -I../../Middlewares/ST/STM32_WPAN/interface/patterns/ble_thread/shci -I../../Middlewares/ST/STM32_WPAN/utilities -I../../Middlewares/ST/STM32_WPAN/ble/core -I../../Middlewares/ST/STM32_WPAN/ble/core/auto -I../../Middlewares/ST/STM32_WPAN/ble/core/template -I../../Middlewares/ST/STM32_WPAN/ble/svc/Inc -I../../Middlewares/ST/STM32_WPAN/ble/svc/Src -I../../Drivers/CMSIS/Device/ST/STM32WBxx/Include -I../../Middlewares/ST/STM32_WPAN/ble -I../../Drivers/CMSIS/Include -I../../Drivers/BSP/P-NUCLEO-WB55.Nucleo  -std=gnu11 -DUSE_STM32WBXX_NUCLEO -DUSE_HAL_DRIVER -DSTM32WB55xx -O0 -g -ffunction-sections -fdata-sections -Wall -fstack-usage -MMD -MP  --specs=nano.specs -mfpu=fpv4-sp-d16 -mfloat-abi=hard -mthumb -mcpu=cortex-m4  -c ../../Middlewares/ST/STM32_WPAN/interface/patterns/ble_thread/tl/shci_tl_if.c -o ../../Middlewares/ST/STM32_WPAN/interface/patterns/ble_thread/tl/shci_tl_if.o 
[2025-11-20 18:09:04] [build-stdout] arm-none-eabi-gcc -I../../Core/Inc -I../../STM32_WPAN/App -I../../Drivers/STM32WBxx_HAL_Driver/Inc -I../../Drivers/STM32WBxx_HAL_Driver/Inc/Legacy -I../../Utilities/lpm/tiny_lpm -I../../Middlewares/Third_Party/FreeRTOS/Source/include -I../../Middlewares/Third_Party/FreeRTOS/Source/CMSIS_RTOS_V2 -I../../Middlewares/Third_Party/FreeRTOS/Source/portable/GCC/ARM_CM4F -I../../Middlewares/ST/STM32_WPAN -I../../Middlewares/ST/STM32_WPAN/interface/patterns/ble_thread -I../../Middlewares/ST/STM32_WPAN/interface/patterns/ble_thread/tl -I../../Middlewares/ST/STM32_WPAN/interface/patterns/ble_thread/shci -I../../Middlewares/ST/STM32_WPAN/utilities -I../../Middlewares/ST/STM32_WPAN/ble/core -I../../Middlewares/ST/STM32_WPAN/ble/core/auto -I../../Middlewares/ST/STM32_WPAN/ble/core/template -I../../Middlewares/ST/STM32_WPAN/ble/svc/Inc -I../../Middlewares/ST/STM32_WPAN/ble/svc/Src -I../../Drivers/CMSIS/Device/ST/STM32WBxx/Include -I../../Middlewares/ST/STM32_WPAN/ble -I../../Drivers/CMSIS/Include -I../../Drivers/BSP/P-NUCLEO-WB55.Nucleo  -std=gnu11 -DUSE_STM32WBXX_NUCLEO -DUSE_HAL_DRIVER -DSTM32WB55xx -O0 -g -ffunction-sections -fdata-sections -Wall -fstack-usage -MMD -MP  --specs=nano.specs -mfpu=fpv4-sp-d16 -mfloat-abi=hard -mthumb -mcpu=cortex-m4  -c ../../Middlewares/ST/STM32_WPAN/utilities/stm_list.c -o ../../Middlewares/ST/STM32_WPAN/utilities/stm_list.o 
[2025-11-20 18:09:05] [build-stdout] arm-none-eabi-gcc -I../../Core/Inc -I../../STM32_WPAN/App -I../../Drivers/STM32WBxx_HAL_Driver/Inc -I../../Drivers/STM32WBxx_HAL_Driver/Inc/Legacy -I../../Utilities/lpm/tiny_lpm -I../../Middlewares/Third_Party/FreeRTOS/Source/include -I../../Middlewares/Third_Party/FreeRTOS/Source/CMSIS_RTOS_V2 -I../../Middlewares/Third_Party/FreeRTOS/Source/portable/GCC/ARM_CM4F -I../../Middlewares/ST/STM32_WPAN -I../../Middlewares/ST/STM32_WPAN/interface/patterns/ble_thread -I../../Middlewares/ST/STM32_WPAN/interface/patterns/ble_thread/tl -I../../Middlewares/ST/STM32_WPAN/interface/patterns/ble_thread/shci -I../../Middlewares/ST/STM32_WPAN/utilities -I../../Middlewares/ST/STM32_WPAN/ble/core -I../../Middlewares/ST/STM32_WPAN/ble/core/auto -I../../Middlewares/ST/STM32_WPAN/ble/core/template -I../../Middlewares/ST/STM32_WPAN/ble/svc/Inc -I../../Middlewares/ST/STM32_WPAN/ble/svc/Src -I../../Drivers/CMSIS/Device/ST/STM32WBxx/Include -I../../Middlewares/ST/STM32_WPAN/ble -I../../Drivers/CMSIS/Include -I../../Drivers/BSP/P-NUCLEO-WB55.Nucleo  -std=gnu11 -DUSE_STM32WBXX_NUCLEO -DUSE_HAL_DRIVER -DSTM32WB55xx -O0 -g -ffunction-sections -fdata-sections -Wall -fstack-usage -MMD -MP  --specs=nano.specs -mfpu=fpv4-sp-d16 -mfloat-abi=hard -mthumb -mcpu=cortex-m4  -c ../../Middlewares/ST/STM32_WPAN/utilities/stm_queue.c -o ../../Middlewares/ST/STM32_WPAN/utilities/stm_queue.o 
[2025-11-20 18:09:06] [build-stdout] arm-none-eabi-gcc -I../../Core/Inc -I../../STM32_WPAN/App -I../../Drivers/STM32WBxx_HAL_Driver/Inc -I../../Drivers/STM32WBxx_HAL_Driver/Inc/Legacy -I../../Utilities/lpm/tiny_lpm -I../../Middlewares/Third_Party/FreeRTOS/Source/include -I../../Middlewares/Third_Party/FreeRTOS/Source/CMSIS_RTOS_V2 -I../../Middlewares/Third_Party/FreeRTOS/Source/portable/GCC/ARM_CM4F -I../../Middlewares/ST/STM32_WPAN -I../../Middlewares/ST/STM32_WPAN/interface/patterns/ble_thread -I../../Middlewares/ST/STM32_WPAN/interface/patterns/ble_thread/tl -I../../Middlewares/ST/STM32_WPAN/interface/patterns/ble_thread/shci -I../../Middlewares/ST/STM32_WPAN/utilities -I../../Middlewares/ST/STM32_WPAN/ble/core -I../../Middlewares/ST/STM32_WPAN/ble/core/auto -I../../Middlewares/ST/STM32_WPAN/ble/core/template -I../../Middlewares/ST/STM32_WPAN/ble/svc/Inc -I../../Middlewares/ST/STM32_WPAN/ble/svc/Src -I../../Drivers/CMSIS/Device/ST/STM32WBxx/Include -I../../Middlewares/ST/STM32_WPAN/ble -I../../Drivers/CMSIS/Include -I../../Drivers/BSP/P-NUCLEO-WB55.Nucleo  -std=gnu11 -DUSE_STM32WBXX_NUCLEO -DUSE_HAL_DRIVER -DSTM32WB55xx -O0 -g -ffunction-sections -fdata-sections -Wall -fstack-usage -MMD -MP  --specs=nano.specs -mfpu=fpv4-sp-d16 -mfloat-abi=hard -mthumb -mcpu=cortex-m4  -c ../../Middlewares/ST/STM32_WPAN/ble/svc/Src/svc_ctl.c -o ../../Middlewares/ST/STM32_WPAN/ble/svc/Src/svc_ctl.o 
[2025-11-20 18:09:07] [build-stdout] arm-none-eabi-gcc -I../../Core/Inc -I../../STM32_WPAN/App -I../../Drivers/STM32WBxx_HAL_Driver/Inc -I../../Drivers/STM32WBxx_HAL_Driver/Inc/Legacy -I../../Utilities/lpm/tiny_lpm -I../../Middlewares/Third_Party/FreeRTOS/Source/include -I../../Middlewares/Third_Party/FreeRTOS/Source/CMSIS_RTOS_V2 -I../../Middlewares/Third_Party/FreeRTOS/Source/portable/GCC/ARM_CM4F -I../../Middlewares/ST/STM32_WPAN -I../../Middlewares/ST/STM32_WPAN/interface/patterns/ble_thread -I../../Middlewares/ST/STM32_WPAN/interface/patterns/ble_thread/tl -I../../Middlewares/ST/STM32_WPAN/interface/patterns/ble_thread/shci -I../../Middlewares/ST/STM32_WPAN/utilities -I../../Middlewares/ST/STM32_WPAN/ble/core -I../../Middlewares/ST/STM32_WPAN/ble/core/auto -I../../Middlewares/ST/STM32_WPAN/ble/core/template -I../../Middlewares/ST/STM32_WPAN/ble/svc/Inc -I../../Middlewares/ST/STM32_WPAN/ble/svc/Src -I../../Drivers/CMSIS/Device/ST/STM32WBxx/Include -I../../Middlewares/ST/STM32_WPAN/ble -I../../Drivers/CMSIS/Include -I../../Drivers/BSP/P-NUCLEO-WB55.Nucleo  -std=gnu11 -DUSE_STM32WBXX_NUCLEO -DUSE_HAL_DRIVER -DSTM32WB55xx -O0 -g -ffunction-sections -fdata-sections -Wall -fstack-usage -MMD -MP  --specs=nano.specs -mfpu=fpv4-sp-d16 -mfloat-abi=hard -mthumb -mcpu=cortex-m4  -c ../../Middlewares/ST/STM32_WPAN/interface/patterns/ble_thread/tl/tl_mbox.c -o ../../Middlewares/ST/STM32_WPAN/interface/patterns/ble_thread/tl/tl_mbox.o 
[2025-11-20 18:09:08] [build-stdout] arm-none-eabi-gcc -I../../Core/Inc -I../../STM32_WPAN/App -I../../Drivers/STM32WBxx_HAL_Driver/Inc -I../../Drivers/STM32WBxx_HAL_Driver/Inc/Legacy -I../../Utilities/lpm/tiny_lpm -I../../Middlewares/Third_Party/FreeRTOS/Source/include -I../../Middlewares/Third_Party/FreeRTOS/Source/CMSIS_RTOS_V2 -I../../Middlewares/Third_Party/FreeRTOS/Source/portable/GCC/ARM_CM4F -I../../Middlewares/ST/STM32_WPAN -I../../Middlewares/ST/STM32_WPAN/interface/patterns/ble_thread -I../../Middlewares/ST/STM32_WPAN/interface/patterns/ble_thread/tl -I../../Middlewares/ST/STM32_WPAN/interface/patterns/ble_thread/shci -I../../Middlewares/ST/STM32_WPAN/utilities -I../../Middlewares/ST/STM32_WPAN/ble/core -I../../Middlewares/ST/STM32_WPAN/ble/core/auto -I../../Middlewares/ST/STM32_WPAN/ble/core/template -I../../Middlewares/ST/STM32_WPAN/ble/svc/Inc -I../../Middlewares/ST/STM32_WPAN/ble/svc/Src -I../../Drivers/CMSIS/Device/ST/STM32WBxx/Include -I../../Middlewares/ST/STM32_WPAN/ble -I../../Drivers/CMSIS/Include -I../../Drivers/BSP/P-NUCLEO-WB55.Nucleo  -std=gnu11 -DUSE_STM32WBXX_NUCLEO -DUSE_HAL_DRIVER -DSTM32WB55xx -O0 -g -ffunction-sections -fdata-sections -Wall -fstack-usage -MMD -MP  --specs=nano.specs -mfpu=fpv4-sp-d16 -mfloat-abi=hard -mthumb -mcpu=cortex-m4  -c ../../Middlewares/Third_Party/FreeRTOS/Source/CMSIS_RTOS_V2/cmsis_os2.c -o ../../Middlewares/Third_Party/FreeRTOS/Source/CMSIS_RTOS_V2/cmsis_os2.o 
[2025-11-20 18:09:08] [build-stdout] arm-none-eabi-gcc -I../../Core/Inc -I../../STM32_WPAN/App -I../../Drivers/STM32WBxx_HAL_Driver/Inc -I../../Drivers/STM32WBxx_HAL_Driver/Inc/Legacy -I../../Utilities/lpm/tiny_lpm -I../../Middlewares/Third_Party/FreeRTOS/Source/include -I../../Middlewares/Third_Party/FreeRTOS/Source/CMSIS_RTOS_V2 -I../../Middlewares/Third_Party/FreeRTOS/Source/portable/GCC/ARM_CM4F -I../../Middlewares/ST/STM32_WPAN -I../../Middlewares/ST/STM32_WPAN/interface/patterns/ble_thread -I../../Middlewares/ST/STM32_WPAN/interface/patterns/ble_thread/tl -I../../Middlewares/ST/STM32_WPAN/interface/patterns/ble_thread/shci -I../../Middlewares/ST/STM32_WPAN/utilities -I../../Middlewares/ST/STM32_WPAN/ble/core -I../../Middlewares/ST/STM32_WPAN/ble/core/auto -I../../Middlewares/ST/STM32_WPAN/ble/core/template -I../../Middlewares/ST/STM32_WPAN/ble/svc/Inc -I../../Middlewares/ST/STM32_WPAN/ble/svc/Src -I../../Drivers/CMSIS/Device/ST/STM32WBxx/Include -I../../Middlewares/ST/STM32_WPAN/ble -I../../Drivers/CMSIS/Include -I../../Drivers/BSP/P-NUCLEO-WB55.Nucleo  -std=gnu11 -DUSE_STM32WBXX_NUCLEO -DUSE_HAL_DRIVER -DSTM32WB55xx -O0 -g -ffunction-sections -fdata-sections -Wall -fstack-usage -MMD -MP  --specs=nano.specs -mfpu=fpv4-sp-d16 -mfloat-abi=hard -mthumb -mcpu=cortex-m4  -c ../../Middlewares/Third_Party/FreeRTOS/Source/croutine.c -o ../../Middlewares/Third_Party/FreeRTOS/Source/croutine.o 
[2025-11-20 18:09:09] [build-stdout] arm-none-eabi-gcc -I../../Core/Inc -I../../STM32_WPAN/App -I../../Drivers/STM32WBxx_HAL_Driver/Inc -I../../Drivers/STM32WBxx_HAL_Driver/Inc/Legacy -I../../Utilities/lpm/tiny_lpm -I../../Middlewares/Third_Party/FreeRTOS/Source/include -I../../Middlewares/Third_Party/FreeRTOS/Source/CMSIS_RTOS_V2 -I../../Middlewares/Third_Party/FreeRTOS/Source/portable/GCC/ARM_CM4F -I../../Middlewares/ST/STM32_WPAN -I../../Middlewares/ST/STM32_WPAN/interface/patterns/ble_thread -I../../Middlewares/ST/STM32_WPAN/interface/patterns/ble_thread/tl -I../../Middlewares/ST/STM32_WPAN/interface/patterns/ble_thread/shci -I../../Middlewares/ST/STM32_WPAN/utilities -I../../Middlewares/ST/STM32_WPAN/ble/core -I../../Middlewares/ST/STM32_WPAN/ble/core/auto -I../../Middlewares/ST/STM32_WPAN/ble/core/template -I../../Middlewares/ST/STM32_WPAN/ble/svc/Inc -I../../Middlewares/ST/STM32_WPAN/ble/svc/Src -I../../Drivers/CMSIS/Device/ST/STM32WBxx/Include -I../../Middlewares/ST/STM32_WPAN/ble -I../../Drivers/CMSIS/Include -I../../Drivers/BSP/P-NUCLEO-WB55.Nucleo  -std=gnu11 -DUSE_STM32WBXX_NUCLEO -DUSE_HAL_DRIVER -DSTM32WB55xx -O0 -g -ffunction-sections -fdata-sections -Wall -fstack-usage -MMD -MP  --specs=nano.specs -mfpu=fpv4-sp-d16 -mfloat-abi=hard -mthumb -mcpu=cortex-m4  -c ../../Middlewares/Third_Party/FreeRTOS/Source/event_groups.c -o ../../Middlewares/Third_Party/FreeRTOS/Source/event_groups.o 
[2025-11-20 18:09:09] [build-stdout] arm-none-eabi-gcc -I../../Core/Inc -I../../STM32_WPAN/App -I../../Drivers/STM32WBxx_HAL_Driver/Inc -I../../Drivers/STM32WBxx_HAL_Driver/Inc/Legacy -I../../Utilities/lpm/tiny_lpm -I../../Middlewares/Third_Party/FreeRTOS/Source/include -I../../Middlewares/Third_Party/FreeRTOS/Source/CMSIS_RTOS_V2 -I../../Middlewares/Third_Party/FreeRTOS/Source/portable/GCC/ARM_CM4F -I../../Middlewares/ST/STM32_WPAN -I../../Middlewares/ST/STM32_WPAN/interface/patterns/ble_thread -I../../Middlewares/ST/STM32_WPAN/interface/patterns/ble_thread/tl -I../../Middlewares/ST/STM32_WPAN/interface/patterns/ble_thread/shci -I../../Middlewares/ST/STM32_WPAN/utilities -I../../Middlewares/ST/STM32_WPAN/ble/core -I../../Middlewares/ST/STM32_WPAN/ble/core/auto -I../../Middlewares/ST/STM32_WPAN/ble/core/template -I../../Middlewares/ST/STM32_WPAN/ble/svc/Inc -I../../Middlewares/ST/STM32_WPAN/ble/svc/Src -I../../Drivers/CMSIS/Device/ST/STM32WBxx/Include -I../../Middlewares/ST/STM32_WPAN/ble -I../../Drivers/CMSIS/Include -I../../Drivers/BSP/P-NUCLEO-WB55.Nucleo  -std=gnu11 -DUSE_STM32WBXX_NUCLEO -DUSE_HAL_DRIVER -DSTM32WB55xx -O0 -g -ffunction-sections -fdata-sections -Wall -fstack-usage -MMD -MP  --specs=nano.specs -mfpu=fpv4-sp-d16 -mfloat-abi=hard -mthumb -mcpu=cortex-m4  -c ../../Middlewares/Third_Party/FreeRTOS/Source/portable/MemMang/heap_4.c -o ../../Middlewares/Third_Party/FreeRTOS/Source/portable/MemMang/heap_4.o 
[2025-11-20 18:09:09] [build-stdout] arm-none-eabi-gcc -I../../Core/Inc -I../../STM32_WPAN/App -I../../Drivers/STM32WBxx_HAL_Driver/Inc -I../../Drivers/STM32WBxx_HAL_Driver/Inc/Legacy -I../../Utilities/lpm/tiny_lpm -I../../Middlewares/Third_Party/FreeRTOS/Source/include -I../../Middlewares/Third_Party/FreeRTOS/Source/CMSIS_RTOS_V2 -I../../Middlewares/Third_Party/FreeRTOS/Source/portable/GCC/ARM_CM4F -I../../Middlewares/ST/STM32_WPAN -I../../Middlewares/ST/STM32_WPAN/interface/patterns/ble_thread -I../../Middlewares/ST/STM32_WPAN/interface/patterns/ble_thread/tl -I../../Middlewares/ST/STM32_WPAN/interface/patterns/ble_thread/shci -I../../Middlewares/ST/STM32_WPAN/utilities -I../../Middlewares/ST/STM32_WPAN/ble/core -I../../Middlewares/ST/STM32_WPAN/ble/core/auto -I../../Middlewares/ST/STM32_WPAN/ble/core/template -I../../Middlewares/ST/STM32_WPAN/ble/svc/Inc -I../../Middlewares/ST/STM32_WPAN/ble/svc/Src -I../../Drivers/CMSIS/Device/ST/STM32WBxx/Include -I../../Middlewares/ST/STM32_WPAN/ble -I../../Drivers/CMSIS/Include -I../../Drivers/BSP/P-NUCLEO-WB55.Nucleo  -std=gnu11 -DUSE_STM32WBXX_NUCLEO -DUSE_HAL_DRIVER -DSTM32WB55xx -O0 -g -ffunction-sections -fdata-sections -Wall -fstack-usage -MMD -MP  --specs=nano.specs -mfpu=fpv4-sp-d16 -mfloat-abi=hard -mthumb -mcpu=cortex-m4  -c ../../Middlewares/Third_Party/FreeRTOS/Source/list.c -o ../../Middlewares/Third_Party/FreeRTOS/Source/list.o 
[2025-11-20 18:09:09] [build-stdout] arm-none-eabi-gcc -I../../Core/Inc -I../../STM32_WPAN/App -I../../Drivers/STM32WBxx_HAL_Driver/Inc -I../../Drivers/STM32WBxx_HAL_Driver/Inc/Legacy -I../../Utilities/lpm/tiny_lpm -I../../Middlewares/Third_Party/FreeRTOS/Source/include -I../../Middlewares/Third_Party/FreeRTOS/Source/CMSIS_RTOS_V2 -I../../Middlewares/Third_Party/FreeRTOS/Source/portable/GCC/ARM_CM4F -I../../Middlewares/ST/STM32_WPAN -I../../Middlewares/ST/STM32_WPAN/interface/patterns/ble_thread -I../../Middlewares/ST/STM32_WPAN/interface/patterns/ble_thread/tl -I../../Middlewares/ST/STM32_WPAN/interface/patterns/ble_thread/shci -I../../Middlewares/ST/STM32_WPAN/utilities -I../../Middlewares/ST/STM32_WPAN/ble/core -I../../Middlewares/ST/STM32_WPAN/ble/core/auto -I../../Middlewares/ST/STM32_WPAN/ble/core/template -I../../Middlewares/ST/STM32_WPAN/ble/svc/Inc -I../../Middlewares/ST/STM32_WPAN/ble/svc/Src -I../../Drivers/CMSIS/Device/ST/STM32WBxx/Include -I../../Middlewares/ST/STM32_WPAN/ble -I../../Drivers/CMSIS/Include -I../../Drivers/BSP/P-NUCLEO-WB55.Nucleo  -std=gnu11 -DUSE_STM32WBXX_NUCLEO -DUSE_HAL_DRIVER -DSTM32WB55xx -O0 -g -ffunction-sections -fdata-sections -Wall -fstack-usage -MMD -MP  --specs=nano.specs -mfpu=fpv4-sp-d16 -mfloat-abi=hard -mthumb -mcpu=cortex-m4  -c ../../Middlewares/Third_Party/FreeRTOS/Source/portable/GCC/ARM_CM4F/port.c -o ../../Middlewares/Third_Party/FreeRTOS/Source/portable/GCC/ARM_CM4F/port.o 
[2025-11-20 18:09:10] [build-stdout] arm-none-eabi-gcc -I../../Core/Inc -I../../STM32_WPAN/App -I../../Drivers/STM32WBxx_HAL_Driver/Inc -I../../Drivers/STM32WBxx_HAL_Driver/Inc/Legacy -I../../Utilities/lpm/tiny_lpm -I../../Middlewares/Third_Party/FreeRTOS/Source/include -I../../Middlewares/Third_Party/FreeRTOS/Source/CMSIS_RTOS_V2 -I../../Middlewares/Third_Party/FreeRTOS/Source/portable/GCC/ARM_CM4F -I../../Middlewares/ST/STM32_WPAN -I../../Middlewares/ST/STM32_WPAN/interface/patterns/ble_thread -I../../Middlewares/ST/STM32_WPAN/interface/patterns/ble_thread/tl -I../../Middlewares/ST/STM32_WPAN/interface/patterns/ble_thread/shci -I../../Middlewares/ST/STM32_WPAN/utilities -I../../Middlewares/ST/STM32_WPAN/ble/core -I../../Middlewares/ST/STM32_WPAN/ble/core/auto -I../../Middlewares/ST/STM32_WPAN/ble/core/template -I../../Middlewares/ST/STM32_WPAN/ble/svc/Inc -I../../Middlewares/ST/STM32_WPAN/ble/svc/Src -I../../Drivers/CMSIS/Device/ST/STM32WBxx/Include -I../../Middlewares/ST/STM32_WPAN/ble -I../../Drivers/CMSIS/Include -I../../Drivers/BSP/P-NUCLEO-WB55.Nucleo  -std=gnu11 -DUSE_STM32WBXX_NUCLEO -DUSE_HAL_DRIVER -DSTM32WB55xx -O0 -g -ffunction-sections -fdata-sections -Wall -fstack-usage -MMD -MP  --specs=nano.specs -mfpu=fpv4-sp-d16 -mfloat-abi=hard -mthumb -mcpu=cortex-m4  -c ../../Middlewares/Third_Party/FreeRTOS/Source/queue.c -o ../../Middlewares/Third_Party/FreeRTOS/Source/queue.o 
[2025-11-20 18:09:10] [build-stdout] arm-none-eabi-gcc -I../../Core/Inc -I../../STM32_WPAN/App -I../../Drivers/STM32WBxx_HAL_Driver/Inc -I../../Drivers/STM32WBxx_HAL_Driver/Inc/Legacy -I../../Utilities/lpm/tiny_lpm -I../../Middlewares/Third_Party/FreeRTOS/Source/include -I../../Middlewares/Third_Party/FreeRTOS/Source/CMSIS_RTOS_V2 -I../../Middlewares/Third_Party/FreeRTOS/Source/portable/GCC/ARM_CM4F -I../../Middlewares/ST/STM32_WPAN -I../../Middlewares/ST/STM32_WPAN/interface/patterns/ble_thread -I../../Middlewares/ST/STM32_WPAN/interface/patterns/ble_thread/tl -I../../Middlewares/ST/STM32_WPAN/interface/patterns/ble_thread/shci -I../../Middlewares/ST/STM32_WPAN/utilities -I../../Middlewares/ST/STM32_WPAN/ble/core -I../../Middlewares/ST/STM32_WPAN/ble/core/auto -I../../Middlewares/ST/STM32_WPAN/ble/core/template -I../../Middlewares/ST/STM32_WPAN/ble/svc/Inc -I../../Middlewares/ST/STM32_WPAN/ble/svc/Src -I../../Drivers/CMSIS/Device/ST/STM32WBxx/Include -I../../Middlewares/ST/STM32_WPAN/ble -I../../Drivers/CMSIS/Include -I../../Drivers/BSP/P-NUCLEO-WB55.Nucleo  -std=gnu11 -DUSE_STM32WBXX_NUCLEO -DUSE_HAL_DRIVER -DSTM32WB55xx -O0 -g -ffunction-sections -fdata-sections -Wall -fstack-usage -MMD -MP  --specs=nano.specs -mfpu=fpv4-sp-d16 -mfloat-abi=hard -mthumb -mcpu=cortex-m4  -c ../../Middlewares/Third_Party/FreeRTOS/Source/stream_buffer.c -o ../../Middlewares/Third_Party/FreeRTOS/Source/stream_buffer.o 
[2025-11-20 18:09:10] [build-stdout] arm-none-eabi-gcc -I../../Core/Inc -I../../STM32_WPAN/App -I../../Drivers/STM32WBxx_HAL_Driver/Inc -I../../Drivers/STM32WBxx_HAL_Driver/Inc/Legacy -I../../Utilities/lpm/tiny_lpm -I../../Middlewares/Third_Party/FreeRTOS/Source/include -I../../Middlewares/Third_Party/FreeRTOS/Source/CMSIS_RTOS_V2 -I../../Middlewares/Third_Party/FreeRTOS/Source/portable/GCC/ARM_CM4F -I../../Middlewares/ST/STM32_WPAN -I../../Middlewares/ST/STM32_WPAN/interface/patterns/ble_thread -I../../Middlewares/ST/STM32_WPAN/interface/patterns/ble_thread/tl -I../../Middlewares/ST/STM32_WPAN/interface/patterns/ble_thread/shci -I../../Middlewares/ST/STM32_WPAN/utilities -I../../Middlewares/ST/STM32_WPAN/ble/core -I../../Middlewares/ST/STM32_WPAN/ble/core/auto -I../../Middlewares/ST/STM32_WPAN/ble/core/template -I../../Middlewares/ST/STM32_WPAN/ble/svc/Inc -I../../Middlewares/ST/STM32_WPAN/ble/svc/Src -I../../Drivers/CMSIS/Device/ST/STM32WBxx/Include -I../../Middlewares/ST/STM32_WPAN/ble -I../../Drivers/CMSIS/Include -I../../Drivers/BSP/P-NUCLEO-WB55.Nucleo  -std=gnu11 -DUSE_STM32WBXX_NUCLEO -DUSE_HAL_DRIVER -DSTM32WB55xx -O0 -g -ffunction-sections -fdata-sections -Wall -fstack-usage -MMD -MP  --specs=nano.specs -mfpu=fpv4-sp-d16 -mfloat-abi=hard -mthumb -mcpu=cortex-m4  -c ../../Middlewares/Third_Party/FreeRTOS/Source/tasks.c -o ../../Middlewares/Third_Party/FreeRTOS/Source/tasks.o 
[2025-11-20 18:09:11] [build-stdout] arm-none-eabi-gcc -I../../Core/Inc -I../../STM32_WPAN/App -I../../Drivers/STM32WBxx_HAL_Driver/Inc -I../../Drivers/STM32WBxx_HAL_Driver/Inc/Legacy -I../../Utilities/lpm/tiny_lpm -I../../Middlewares/Third_Party/FreeRTOS/Source/include -I../../Middlewares/Third_Party/FreeRTOS/Source/CMSIS_RTOS_V2 -I../../Middlewares/Third_Party/FreeRTOS/Source/portable/GCC/ARM_CM4F -I../../Middlewares/ST/STM32_WPAN -I../../Middlewares/ST/STM32_WPAN/interface/patterns/ble_thread -I../../Middlewares/ST/STM32_WPAN/interface/patterns/ble_thread/tl -I../../Middlewares/ST/STM32_WPAN/interface/patterns/ble_thread/shci -I../../Middlewares/ST/STM32_WPAN/utilities -I../../Middlewares/ST/STM32_WPAN/ble/core -I../../Middlewares/ST/STM32_WPAN/ble/core/auto -I../../Middlewares/ST/STM32_WPAN/ble/core/template -I../../Middlewares/ST/STM32_WPAN/ble/svc/Inc -I../../Middlewares/ST/STM32_WPAN/ble/svc/Src -I../../Drivers/CMSIS/Device/ST/STM32WBxx/Include -I../../Middlewares/ST/STM32_WPAN/ble -I../../Drivers/CMSIS/Include -I../../Drivers/BSP/P-NUCLEO-WB55.Nucleo  -std=gnu11 -DUSE_STM32WBXX_NUCLEO -DUSE_HAL_DRIVER -DSTM32WB55xx -O0 -g -ffunction-sections -fdata-sections -Wall -fstack-usage -MMD -MP  --specs=nano.specs -mfpu=fpv4-sp-d16 -mfloat-abi=hard -mthumb -mcpu=cortex-m4  -c ../../Middlewares/Third_Party/FreeRTOS/Source/timers.c -o ../../Middlewares/Third_Party/FreeRTOS/Source/timers.o 
[2025-11-20 18:09:11] [build-stdout] arm-none-eabi-gcc -I../../Core/Inc -I../../STM32_WPAN/App -I../../Drivers/STM32WBxx_HAL_Driver/Inc -I../../Drivers/STM32WBxx_HAL_Driver/Inc/Legacy -I../../Utilities/lpm/tiny_lpm -I../../Middlewares/Third_Party/FreeRTOS/Source/include -I../../Middlewares/Third_Party/FreeRTOS/Source/CMSIS_RTOS_V2 -I../../Middlewares/Third_Party/FreeRTOS/Source/portable/GCC/ARM_CM4F -I../../Middlewares/ST/STM32_WPAN -I../../Middlewares/ST/STM32_WPAN/interface/patterns/ble_thread -I../../Middlewares/ST/STM32_WPAN/interface/patterns/ble_thread/tl -I../../Middlewares/ST/STM32_WPAN/interface/patterns/ble_thread/shci -I../../Middlewares/ST/STM32_WPAN/utilities -I../../Middlewares/ST/STM32_WPAN/ble/core -I../../Middlewares/ST/STM32_WPAN/ble/core/auto -I../../Middlewares/ST/STM32_WPAN/ble/core/template -I../../Middlewares/ST/STM32_WPAN/ble/svc/Inc -I../../Middlewares/ST/STM32_WPAN/ble/svc/Src -I../../Drivers/CMSIS/Device/ST/STM32WBxx/Include -I../../Middlewares/ST/STM32_WPAN/ble -I../../Drivers/CMSIS/Include -I../../Drivers/BSP/P-NUCLEO-WB55.Nucleo  -std=gnu11 -DUSE_STM32WBXX_NUCLEO -DUSE_HAL_DRIVER -DSTM32WB55xx -O0 -g -ffunction-sections -fdata-sections -Wall -fstack-usage -MMD -MP  --specs=nano.specs -mfpu=fpv4-sp-d16 -mfloat-abi=hard -mthumb -mcpu=cortex-m4  -c ../../Drivers/STM32WBxx_HAL_Driver/Src/stm32wbxx_hal.c -o ../../Drivers/STM32WBxx_HAL_Driver/Src/stm32wbxx_hal.o 
[2025-11-20 18:09:12] [build-stdout] arm-none-eabi-gcc -I../../Core/Inc -I../../STM32_WPAN/App -I../../Drivers/STM32WBxx_HAL_Driver/Inc -I../../Drivers/STM32WBxx_HAL_Driver/Inc/Legacy -I../../Utilities/lpm/tiny_lpm -I../../Middlewares/Third_Party/FreeRTOS/Source/include -I../../Middlewares/Third_Party/FreeRTOS/Source/CMSIS_RTOS_V2 -I../../Middlewares/Third_Party/FreeRTOS/Source/portable/GCC/ARM_CM4F -I../../Middlewares/ST/STM32_WPAN -I../../Middlewares/ST/STM32_WPAN/interface/patterns/ble_thread -I../../Middlewares/ST/STM32_WPAN/interface/patterns/ble_thread/tl -I../../Middlewares/ST/STM32_WPAN/interface/patterns/ble_thread/shci -I../../Middlewares/ST/STM32_WPAN/utilities -I../../Middlewares/ST/STM32_WPAN/ble/core -I../../Middlewares/ST/STM32_WPAN/ble/core/auto -I../../Middlewares/ST/STM32_WPAN/ble/core/template -I../../Middlewares/ST/STM32_WPAN/ble/svc/Inc -I../../Middlewares/ST/STM32_WPAN/ble/svc/Src -I../../Drivers/CMSIS/Device/ST/STM32WBxx/Include -I../../Middlewares/ST/STM32_WPAN/ble -I../../Drivers/CMSIS/Include -I../../Drivers/BSP/P-NUCLEO-WB55.Nucleo  -std=gnu11 -DUSE_STM32WBXX_NUCLEO -DUSE_HAL_DRIVER -DSTM32WB55xx -O0 -g -ffunction-sections -fdata-sections -Wall -fstack-usage -MMD -MP  --specs=nano.specs -mfpu=fpv4-sp-d16 -mfloat-abi=hard -mthumb -mcpu=cortex-m4  -c ../../Drivers/STM32WBxx_HAL_Driver/Src/stm32wbxx_hal_cortex.c -o ../../Drivers/STM32WBxx_HAL_Driver/Src/stm32wbxx_hal_cortex.o 
[2025-11-20 18:09:13] [build-stdout] arm-none-eabi-gcc -I../../Core/Inc -I../../STM32_WPAN/App -I../../Drivers/STM32WBxx_HAL_Driver/Inc -I../../Drivers/STM32WBxx_HAL_Driver/Inc/Legacy -I../../Utilities/lpm/tiny_lpm -I../../Middlewares/Third_Party/FreeRTOS/Source/include -I../../Middlewares/Third_Party/FreeRTOS/Source/CMSIS_RTOS_V2 -I../../Middlewares/Third_Party/FreeRTOS/Source/portable/GCC/ARM_CM4F -I../../Middlewares/ST/STM32_WPAN -I../../Middlewares/ST/STM32_WPAN/interface/patterns/ble_thread -I../../Middlewares/ST/STM32_WPAN/interface/patterns/ble_thread/tl -I../../Middlewares/ST/STM32_WPAN/interface/patterns/ble_thread/shci -I../../Middlewares/ST/STM32_WPAN/utilities -I../../Middlewares/ST/STM32_WPAN/ble/core -I../../Middlewares/ST/STM32_WPAN/ble/core/auto -I../../Middlewares/ST/STM32_WPAN/ble/core/template -I../../Middlewares/ST/STM32_WPAN/ble/svc/Inc -I../../Middlewares/ST/STM32_WPAN/ble/svc/Src -I../../Drivers/CMSIS/Device/ST/STM32WBxx/Include -I../../Middlewares/ST/STM32_WPAN/ble -I../../Drivers/CMSIS/Include -I../../Drivers/BSP/P-NUCLEO-WB55.Nucleo  -std=gnu11 -DUSE_STM32WBXX_NUCLEO -DUSE_HAL_DRIVER -DSTM32WB55xx -O0 -g -ffunction-sections -fdata-sections -Wall -fstack-usage -MMD -MP  --specs=nano.specs -mfpu=fpv4-sp-d16 -mfloat-abi=hard -mthumb -mcpu=cortex-m4  -c ../../Drivers/STM32WBxx_HAL_Driver/Src/stm32wbxx_hal_dma.c -o ../../Drivers/STM32WBxx_HAL_Driver/Src/stm32wbxx_hal_dma.o 
[2025-11-20 18:09:13] [build-stdout] arm-none-eabi-gcc -I../../Core/Inc -I../../STM32_WPAN/App -I../../Drivers/STM32WBxx_HAL_Driver/Inc -I../../Drivers/STM32WBxx_HAL_Driver/Inc/Legacy -I../../Utilities/lpm/tiny_lpm -I../../Middlewares/Third_Party/FreeRTOS/Source/include -I../../Middlewares/Third_Party/FreeRTOS/Source/CMSIS_RTOS_V2 -I../../Middlewares/Third_Party/FreeRTOS/Source/portable/GCC/ARM_CM4F -I../../Middlewares/ST/STM32_WPAN -I../../Middlewares/ST/STM32_WPAN/interface/patterns/ble_thread -I../../Middlewares/ST/STM32_WPAN/interface/patterns/ble_thread/tl -I../../Middlewares/ST/STM32_WPAN/interface/patterns/ble_thread/shci -I../../Middlewares/ST/STM32_WPAN/utilities -I../../Middlewares/ST/STM32_WPAN/ble/core -I../../Middlewares/ST/STM32_WPAN/ble/core/auto -I../../Middlewares/ST/STM32_WPAN/ble/core/template -I../../Middlewares/ST/STM32_WPAN/ble/svc/Inc -I../../Middlewares/ST/STM32_WPAN/ble/svc/Src -I../../Drivers/CMSIS/Device/ST/STM32WBxx/Include -I../../Middlewares/ST/STM32_WPAN/ble -I../../Drivers/CMSIS/Include -I../../Drivers/BSP/P-NUCLEO-WB55.Nucleo  -std=gnu11 -DUSE_STM32WBXX_NUCLEO -DUSE_HAL_DRIVER -DSTM32WB55xx -O0 -g -ffunction-sections -fdata-sections -Wall -fstack-usage -MMD -MP  --specs=nano.specs -mfpu=fpv4-sp-d16 -mfloat-abi=hard -mthumb -mcpu=cortex-m4  -c ../../Drivers/STM32WBxx_HAL_Driver/Src/stm32wbxx_hal_dma_ex.c -o ../../Drivers/STM32WBxx_HAL_Driver/Src/stm32wbxx_hal_dma_ex.o 
[2025-11-20 18:09:14] [build-stdout] arm-none-eabi-gcc -I../../Core/Inc -I../../STM32_WPAN/App -I../../Drivers/STM32WBxx_HAL_Driver/Inc -I../../Drivers/STM32WBxx_HAL_Driver/Inc/Legacy -I../../Utilities/lpm/tiny_lpm -I../../Middlewares/Third_Party/FreeRTOS/Source/include -I../../Middlewares/Third_Party/FreeRTOS/Source/CMSIS_RTOS_V2 -I../../Middlewares/Third_Party/FreeRTOS/Source/portable/GCC/ARM_CM4F -I../../Middlewares/ST/STM32_WPAN -I../../Middlewares/ST/STM32_WPAN/interface/patterns/ble_thread -I../../Middlewares/ST/STM32_WPAN/interface/patterns/ble_thread/tl -I../../Middlewares/ST/STM32_WPAN/interface/patterns/ble_thread/shci -I../../Middlewares/ST/STM32_WPAN/utilities -I../../Middlewares/ST/STM32_WPAN/ble/core -I../../Middlewares/ST/STM32_WPAN/ble/core/auto -I../../Middlewares/ST/STM32_WPAN/ble/core/template -I../../Middlewares/ST/STM32_WPAN/ble/svc/Inc -I../../Middlewares/ST/STM32_WPAN/ble/svc/Src -I../../Drivers/CMSIS/Device/ST/STM32WBxx/Include -I../../Middlewares/ST/STM32_WPAN/ble -I../../Drivers/CMSIS/Include -I../../Drivers/BSP/P-NUCLEO-WB55.Nucleo  -std=gnu11 -DUSE_STM32WBXX_NUCLEO -DUSE_HAL_DRIVER -DSTM32WB55xx -O0 -g -ffunction-sections -fdata-sections -Wall -fstack-usage -MMD -MP  --specs=nano.specs -mfpu=fpv4-sp-d16 -mfloat-abi=hard -mthumb -mcpu=cortex-m4  -c ../../Drivers/STM32WBxx_HAL_Driver/Src/stm32wbxx_hal_exti.c -o ../../Drivers/STM32WBxx_HAL_Driver/Src/stm32wbxx_hal_exti.o 
[2025-11-20 18:09:15] [build-stdout] arm-none-eabi-gcc -I../../Core/Inc -I../../STM32_WPAN/App -I../../Drivers/STM32WBxx_HAL_Driver/Inc -I../../Drivers/STM32WBxx_HAL_Driver/Inc/Legacy -I../../Utilities/lpm/tiny_lpm -I../../Middlewares/Third_Party/FreeRTOS/Source/include -I../../Middlewares/Third_Party/FreeRTOS/Source/CMSIS_RTOS_V2 -I../../Middlewares/Third_Party/FreeRTOS/Source/portable/GCC/ARM_CM4F -I../../Middlewares/ST/STM32_WPAN -I../../Middlewares/ST/STM32_WPAN/interface/patterns/ble_thread -I../../Middlewares/ST/STM32_WPAN/interface/patterns/ble_thread/tl -I../../Middlewares/ST/STM32_WPAN/interface/patterns/ble_thread/shci -I../../Middlewares/ST/STM32_WPAN/utilities -I../../Middlewares/ST/STM32_WPAN/ble/core -I../../Middlewares/ST/STM32_WPAN/ble/core/auto -I../../Middlewares/ST/STM32_WPAN/ble/core/template -I../../Middlewares/ST/STM32_WPAN/ble/svc/Inc -I../../Middlewares/ST/STM32_WPAN/ble/svc/Src -I../../Drivers/CMSIS/Device/ST/STM32WBxx/Include -I../../Middlewares/ST/STM32_WPAN/ble -I../../Drivers/CMSIS/Include -I../../Drivers/BSP/P-NUCLEO-WB55.Nucleo  -std=gnu11 -DUSE_STM32WBXX_NUCLEO -DUSE_HAL_DRIVER -DSTM32WB55xx -O0 -g -ffunction-sections -fdata-sections -Wall -fstack-usage -MMD -MP  --specs=nano.specs -mfpu=fpv4-sp-d16 -mfloat-abi=hard -mthumb -mcpu=cortex-m4  -c ../../Drivers/STM32WBxx_HAL_Driver/Src/stm32wbxx_hal_flash.c -o ../../Drivers/STM32WBxx_HAL_Driver/Src/stm32wbxx_hal_flash.o 
[2025-11-20 18:09:15] [build-stdout] arm-none-eabi-gcc -I../../Core/Inc -I../../STM32_WPAN/App -I../../Drivers/STM32WBxx_HAL_Driver/Inc -I../../Drivers/STM32WBxx_HAL_Driver/Inc/Legacy -I../../Utilities/lpm/tiny_lpm -I../../Middlewares/Third_Party/FreeRTOS/Source/include -I../../Middlewares/Third_Party/FreeRTOS/Source/CMSIS_RTOS_V2 -I../../Middlewares/Third_Party/FreeRTOS/Source/portable/GCC/ARM_CM4F -I../../Middlewares/ST/STM32_WPAN -I../../Middlewares/ST/STM32_WPAN/interface/patterns/ble_thread -I../../Middlewares/ST/STM32_WPAN/interface/patterns/ble_thread/tl -I../../Middlewares/ST/STM32_WPAN/interface/patterns/ble_thread/shci -I../../Middlewares/ST/STM32_WPAN/utilities -I../../Middlewares/ST/STM32_WPAN/ble/core -I../../Middlewares/ST/STM32_WPAN/ble/core/auto -I../../Middlewares/ST/STM32_WPAN/ble/core/template -I../../Middlewares/ST/STM32_WPAN/ble/svc/Inc -I../../Middlewares/ST/STM32_WPAN/ble/svc/Src -I../../Drivers/CMSIS/Device/ST/STM32WBxx/Include -I../../Middlewares/ST/STM32_WPAN/ble -I../../Drivers/CMSIS/Include -I../../Drivers/BSP/P-NUCLEO-WB55.Nucleo  -std=gnu11 -DUSE_STM32WBXX_NUCLEO -DUSE_HAL_DRIVER -DSTM32WB55xx -O0 -g -ffunction-sections -fdata-sections -Wall -fstack-usage -MMD -MP  --specs=nano.specs -mfpu=fpv4-sp-d16 -mfloat-abi=hard -mthumb -mcpu=cortex-m4  -c ../../Drivers/STM32WBxx_HAL_Driver/Src/stm32wbxx_hal_flash_ex.c -o ../../Drivers/STM32WBxx_HAL_Driver/Src/stm32wbxx_hal_flash_ex.o 
[2025-11-20 18:09:16] [build-stdout] arm-none-eabi-gcc -I../../Core/Inc -I../../STM32_WPAN/App -I../../Drivers/STM32WBxx_HAL_Driver/Inc -I../../Drivers/STM32WBxx_HAL_Driver/Inc/Legacy -I../../Utilities/lpm/tiny_lpm -I../../Middlewares/Third_Party/FreeRTOS/Source/include -I../../Middlewares/Third_Party/FreeRTOS/Source/CMSIS_RTOS_V2 -I../../Middlewares/Third_Party/FreeRTOS/Source/portable/GCC/ARM_CM4F -I../../Middlewares/ST/STM32_WPAN -I../../Middlewares/ST/STM32_WPAN/interface/patterns/ble_thread -I../../Middlewares/ST/STM32_WPAN/interface/patterns/ble_thread/tl -I../../Middlewares/ST/STM32_WPAN/interface/patterns/ble_thread/shci -I../../Middlewares/ST/STM32_WPAN/utilities -I../../Middlewares/ST/STM32_WPAN/ble/core -I../../Middlewares/ST/STM32_WPAN/ble/core/auto -I../../Middlewares/ST/STM32_WPAN/ble/core/template -I../../Middlewares/ST/STM32_WPAN/ble/svc/Inc -I../../Middlewares/ST/STM32_WPAN/ble/svc/Src -I../../Drivers/CMSIS/Device/ST/STM32WBxx/Include -I../../Middlewares/ST/STM32_WPAN/ble -I../../Drivers/CMSIS/Include -I../../Drivers/BSP/P-NUCLEO-WB55.Nucleo  -std=gnu11 -DUSE_STM32WBXX_NUCLEO -DUSE_HAL_DRIVER -DSTM32WB55xx -O0 -g -ffunction-sections -fdata-sections -Wall -fstack-usage -MMD -MP  --specs=nano.specs -mfpu=fpv4-sp-d16 -mfloat-abi=hard -mthumb -mcpu=cortex-m4  -c ../../Drivers/STM32WBxx_HAL_Driver/Src/stm32wbxx_hal_gpio.c -o ../../Drivers/STM32WBxx_HAL_Driver/Src/stm32wbxx_hal_gpio.o 
[2025-11-20 18:09:17] [build-stdout] arm-none-eabi-gcc -I../../Core/Inc -I../../STM32_WPAN/App -I../../Drivers/STM32WBxx_HAL_Driver/Inc -I../../Drivers/STM32WBxx_HAL_Driver/Inc/Legacy -I../../Utilities/lpm/tiny_lpm -I../../Middlewares/Third_Party/FreeRTOS/Source/include -I../../Middlewares/Third_Party/FreeRTOS/Source/CMSIS_RTOS_V2 -I../../Middlewares/Third_Party/FreeRTOS/Source/portable/GCC/ARM_CM4F -I../../Middlewares/ST/STM32_WPAN -I../../Middlewares/ST/STM32_WPAN/interface/patterns/ble_thread -I../../Middlewares/ST/STM32_WPAN/interface/patterns/ble_thread/tl -I../../Middlewares/ST/STM32_WPAN/interface/patterns/ble_thread/shci -I../../Middlewares/ST/STM32_WPAN/utilities -I../../Middlewares/ST/STM32_WPAN/ble/core -I../../Middlewares/ST/STM32_WPAN/ble/core/auto -I../../Middlewares/ST/STM32_WPAN/ble/core/template -I../../Middlewares/ST/STM32_WPAN/ble/svc/Inc -I../../Middlewares/ST/STM32_WPAN/ble/svc/Src -I../../Drivers/CMSIS/Device/ST/STM32WBxx/Include -I../../Middlewares/ST/STM32_WPAN/ble -I../../Drivers/CMSIS/Include -I../../Drivers/BSP/P-NUCLEO-WB55.Nucleo  -std=gnu11 -DUSE_STM32WBXX_NUCLEO -DUSE_HAL_DRIVER -DSTM32WB55xx -O0 -g -ffunction-sections -fdata-sections -Wall -fstack-usage -MMD -MP  --specs=nano.specs -mfpu=fpv4-sp-d16 -mfloat-abi=hard -mthumb -mcpu=cortex-m4  -c ../../Drivers/STM32WBxx_HAL_Driver/Src/stm32wbxx_hal_hsem.c -o ../../Drivers/STM32WBxx_HAL_Driver/Src/stm32wbxx_hal_hsem.o 
[2025-11-20 18:09:17] [build-stdout] arm-none-eabi-gcc -I../../Core/Inc -I../../STM32_WPAN/App -I../../Drivers/STM32WBxx_HAL_Driver/Inc -I../../Drivers/STM32WBxx_HAL_Driver/Inc/Legacy -I../../Utilities/lpm/tiny_lpm -I../../Middlewares/Third_Party/FreeRTOS/Source/include -I../../Middlewares/Third_Party/FreeRTOS/Source/CMSIS_RTOS_V2 -I../../Middlewares/Third_Party/FreeRTOS/Source/portable/GCC/ARM_CM4F -I../../Middlewares/ST/STM32_WPAN -I../../Middlewares/ST/STM32_WPAN/interface/patterns/ble_thread -I../../Middlewares/ST/STM32_WPAN/interface/patterns/ble_thread/tl -I../../Middlewares/ST/STM32_WPAN/interface/patterns/ble_thread/shci -I../../Middlewares/ST/STM32_WPAN/utilities -I../../Middlewares/ST/STM32_WPAN/ble/core -I../../Middlewares/ST/STM32_WPAN/ble/core/auto -I../../Middlewares/ST/STM32_WPAN/ble/core/template -I../../Middlewares/ST/STM32_WPAN/ble/svc/Inc -I../../Middlewares/ST/STM32_WPAN/ble/svc/Src -I../../Drivers/CMSIS/Device/ST/STM32WBxx/Include -I../../Middlewares/ST/STM32_WPAN/ble -I../../Drivers/CMSIS/Include -I../../Drivers/BSP/P-NUCLEO-WB55.Nucleo  -std=gnu11 -DUSE_STM32WBXX_NUCLEO -DUSE_HAL_DRIVER -DSTM32WB55xx -O0 -g -ffunction-sections -fdata-sections -Wall -fstack-usage -MMD -MP  --specs=nano.specs -mfpu=fpv4-sp-d16 -mfloat-abi=hard -mthumb -mcpu=cortex-m4  -c ../../Drivers/STM32WBxx_HAL_Driver/Src/stm32wbxx_hal_ipcc.c -o ../../Drivers/STM32WBxx_HAL_Driver/Src/stm32wbxx_hal_ipcc.o 
[2025-11-20 18:09:18] [build-stdout] arm-none-eabi-gcc -I../../Core/Inc -I../../STM32_WPAN/App -I../../Drivers/STM32WBxx_HAL_Driver/Inc -I../../Drivers/STM32WBxx_HAL_Driver/Inc/Legacy -I../../Utilities/lpm/tiny_lpm -I../../Middlewares/Third_Party/FreeRTOS/Source/include -I../../Middlewares/Third_Party/FreeRTOS/Source/CMSIS_RTOS_V2 -I../../Middlewares/Third_Party/FreeRTOS/Source/portable/GCC/ARM_CM4F -I../../Middlewares/ST/STM32_WPAN -I../../Middlewares/ST/STM32_WPAN/interface/patterns/ble_thread -I../../Middlewares/ST/STM32_WPAN/interface/patterns/ble_thread/tl -I../../Middlewares/ST/STM32_WPAN/interface/patterns/ble_thread/shci -I../../Middlewares/ST/STM32_WPAN/utilities -I../../Middlewares/ST/STM32_WPAN/ble/core -I../../Middlewares/ST/STM32_WPAN/ble/core/auto -I../../Middlewares/ST/STM32_WPAN/ble/core/template -I../../Middlewares/ST/STM32_WPAN/ble/svc/Inc -I../../Middlewares/ST/STM32_WPAN/ble/svc/Src -I../../Drivers/CMSIS/Device/ST/STM32WBxx/Include -I../../Middlewares/ST/STM32_WPAN/ble -I../../Drivers/CMSIS/Include -I../../Drivers/BSP/P-NUCLEO-WB55.Nucleo  -std=gnu11 -DUSE_STM32WBXX_NUCLEO -DUSE_HAL_DRIVER -DSTM32WB55xx -O0 -g -ffunction-sections -fdata-sections -Wall -fstack-usage -MMD -MP  --specs=nano.specs -mfpu=fpv4-sp-d16 -mfloat-abi=hard -mthumb -mcpu=cortex-m4  -c ../../Drivers/STM32WBxx_HAL_Driver/Src/stm32wbxx_hal_pwr.c -o ../../Drivers/STM32WBxx_HAL_Driver/Src/stm32wbxx_hal_pwr.o 
[2025-11-20 18:09:19] [build-stdout] arm-none-eabi-gcc -I../../Core/Inc -I../../STM32_WPAN/App -I../../Drivers/STM32WBxx_HAL_Driver/Inc -I../../Drivers/STM32WBxx_HAL_Driver/Inc/Legacy -I../../Utilities/lpm/tiny_lpm -I../../Middlewares/Third_Party/FreeRTOS/Source/include -I../../Middlewares/Third_Party/FreeRTOS/Source/CMSIS_RTOS_V2 -I../../Middlewares/Third_Party/FreeRTOS/Source/portable/GCC/ARM_CM4F -I../../Middlewares/ST/STM32_WPAN -I../../Middlewares/ST/STM32_WPAN/interface/patterns/ble_thread -I../../Middlewares/ST/STM32_WPAN/interface/patterns/ble_thread/tl -I../../Middlewares/ST/STM32_WPAN/interface/patterns/ble_thread/shci -I../../Middlewares/ST/STM32_WPAN/utilities -I../../Middlewares/ST/STM32_WPAN/ble/core -I../../Middlewares/ST/STM32_WPAN/ble/core/auto -I../../Middlewares/ST/STM32_WPAN/ble/core/template -I../../Middlewares/ST/STM32_WPAN/ble/svc/Inc -I../../Middlewares/ST/STM32_WPAN/ble/svc/Src -I../../Drivers/CMSIS/Device/ST/STM32WBxx/Include -I../../Middlewares/ST/STM32_WPAN/ble -I../../Drivers/CMSIS/Include -I../../Drivers/BSP/P-NUCLEO-WB55.Nucleo  -std=gnu11 -DUSE_STM32WBXX_NUCLEO -DUSE_HAL_DRIVER -DSTM32WB55xx -O0 -g -ffunction-sections -fdata-sections -Wall -fstack-usage -MMD -MP  --specs=nano.specs -mfpu=fpv4-sp-d16 -mfloat-abi=hard -mthumb -mcpu=cortex-m4  -c ../../Drivers/STM32WBxx_HAL_Driver/Src/stm32wbxx_hal_pwr_ex.c -o ../../Drivers/STM32WBxx_HAL_Driver/Src/stm32wbxx_hal_pwr_ex.o 
[2025-11-20 18:09:19] [build-stdout] arm-none-eabi-gcc -I../../Core/Inc -I../../STM32_WPAN/App -I../../Drivers/STM32WBxx_HAL_Driver/Inc -I../../Drivers/STM32WBxx_HAL_Driver/Inc/Legacy -I../../Utilities/lpm/tiny_lpm -I../../Middlewares/Third_Party/FreeRTOS/Source/include -I../../Middlewares/Third_Party/FreeRTOS/Source/CMSIS_RTOS_V2 -I../../Middlewares/Third_Party/FreeRTOS/Source/portable/GCC/ARM_CM4F -I../../Middlewares/ST/STM32_WPAN -I../../Middlewares/ST/STM32_WPAN/interface/patterns/ble_thread -I../../Middlewares/ST/STM32_WPAN/interface/patterns/ble_thread/tl -I../../Middlewares/ST/STM32_WPAN/interface/patterns/ble_thread/shci -I../../Middlewares/ST/STM32_WPAN/utilities -I../../Middlewares/ST/STM32_WPAN/ble/core -I../../Middlewares/ST/STM32_WPAN/ble/core/auto -I../../Middlewares/ST/STM32_WPAN/ble/core/template -I../../Middlewares/ST/STM32_WPAN/ble/svc/Inc -I../../Middlewares/ST/STM32_WPAN/ble/svc/Src -I../../Drivers/CMSIS/Device/ST/STM32WBxx/Include -I../../Middlewares/ST/STM32_WPAN/ble -I../../Drivers/CMSIS/Include -I../../Drivers/BSP/P-NUCLEO-WB55.Nucleo  -std=gnu11 -DUSE_STM32WBXX_NUCLEO -DUSE_HAL_DRIVER -DSTM32WB55xx -O0 -g -ffunction-sections -fdata-sections -Wall -fstack-usage -MMD -MP  --specs=nano.specs -mfpu=fpv4-sp-d16 -mfloat-abi=hard -mthumb -mcpu=cortex-m4  -c ../../Drivers/STM32WBxx_HAL_Driver/Src/stm32wbxx_hal_rcc.c -o ../../Drivers/STM32WBxx_HAL_Driver/Src/stm32wbxx_hal_rcc.o 
[2025-11-20 18:09:20] [build-stdout] arm-none-eabi-gcc -I../../Core/Inc -I../../STM32_WPAN/App -I../../Drivers/STM32WBxx_HAL_Driver/Inc -I../../Drivers/STM32WBxx_HAL_Driver/Inc/Legacy -I../../Utilities/lpm/tiny_lpm -I../../Middlewares/Third_Party/FreeRTOS/Source/include -I../../Middlewares/Third_Party/FreeRTOS/Source/CMSIS_RTOS_V2 -I../../Middlewares/Third_Party/FreeRTOS/Source/portable/GCC/ARM_CM4F -I../../Middlewares/ST/STM32_WPAN -I../../Middlewares/ST/STM32_WPAN/interface/patterns/ble_thread -I../../Middlewares/ST/STM32_WPAN/interface/patterns/ble_thread/tl -I../../Middlewares/ST/STM32_WPAN/interface/patterns/ble_thread/shci -I../../Middlewares/ST/STM32_WPAN/utilities -I../../Middlewares/ST/STM32_WPAN/ble/core -I../../Middlewares/ST/STM32_WPAN/ble/core/auto -I../../Middlewares/ST/STM32_WPAN/ble/core/template -I../../Middlewares/ST/STM32_WPAN/ble/svc/Inc -I../../Middlewares/ST/STM32_WPAN/ble/svc/Src -I../../Drivers/CMSIS/Device/ST/STM32WBxx/Include -I../../Middlewares/ST/STM32_WPAN/ble -I../../Drivers/CMSIS/Include -I../../Drivers/BSP/P-NUCLEO-WB55.Nucleo  -std=gnu11 -DUSE_STM32WBXX_NUCLEO -DUSE_HAL_DRIVER -DSTM32WB55xx -O0 -g -ffunction-sections -fdata-sections -Wall -fstack-usage -MMD -MP  --specs=nano.specs -mfpu=fpv4-sp-d16 -mfloat-abi=hard -mthumb -mcpu=cortex-m4  -c ../../Drivers/STM32WBxx_HAL_Driver/Src/stm32wbxx_hal_rcc_ex.c -o ../../Drivers/STM32WBxx_HAL_Driver/Src/stm32wbxx_hal_rcc_ex.o 
[2025-11-20 18:09:21] [build-stdout] arm-none-eabi-gcc -I../../Core/Inc -I../../STM32_WPAN/App -I../../Drivers/STM32WBxx_HAL_Driver/Inc -I../../Drivers/STM32WBxx_HAL_Driver/Inc/Legacy -I../../Utilities/lpm/tiny_lpm -I../../Middlewares/Third_Party/FreeRTOS/Source/include -I../../Middlewares/Third_Party/FreeRTOS/Source/CMSIS_RTOS_V2 -I../../Middlewares/Third_Party/FreeRTOS/Source/portable/GCC/ARM_CM4F -I../../Middlewares/ST/STM32_WPAN -I../../Middlewares/ST/STM32_WPAN/interface/patterns/ble_thread -I../../Middlewares/ST/STM32_WPAN/interface/patterns/ble_thread/tl -I../../Middlewares/ST/STM32_WPAN/interface/patterns/ble_thread/shci -I../../Middlewares/ST/STM32_WPAN/utilities -I../../Middlewares/ST/STM32_WPAN/ble/core -I../../Middlewares/ST/STM32_WPAN/ble/core/auto -I../../Middlewares/ST/STM32_WPAN/ble/core/template -I../../Middlewares/ST/STM32_WPAN/ble/svc/Inc -I../../Middlewares/ST/STM32_WPAN/ble/svc/Src -I../../Drivers/CMSIS/Device/ST/STM32WBxx/Include -I../../Middlewares/ST/STM32_WPAN/ble -I../../Drivers/CMSIS/Include -I../../Drivers/BSP/P-NUCLEO-WB55.Nucleo  -std=gnu11 -DUSE_STM32WBXX_NUCLEO -DUSE_HAL_DRIVER -DSTM32WB55xx -O0 -g -ffunction-sections -fdata-sections -Wall -fstack-usage -MMD -MP  --specs=nano.specs -mfpu=fpv4-sp-d16 -mfloat-abi=hard -mthumb -mcpu=cortex-m4  -c ../../Drivers/STM32WBxx_HAL_Driver/Src/stm32wbxx_hal_rng.c -o ../../Drivers/STM32WBxx_HAL_Driver/Src/stm32wbxx_hal_rng.o 
[2025-11-20 18:09:21] [build-stdout] arm-none-eabi-gcc -I../../Core/Inc -I../../STM32_WPAN/App -I../../Drivers/STM32WBxx_HAL_Driver/Inc -I../../Drivers/STM32WBxx_HAL_Driver/Inc/Legacy -I../../Utilities/lpm/tiny_lpm -I../../Middlewares/Third_Party/FreeRTOS/Source/include -I../../Middlewares/Third_Party/FreeRTOS/Source/CMSIS_RTOS_V2 -I../../Middlewares/Third_Party/FreeRTOS/Source/portable/GCC/ARM_CM4F -I../../Middlewares/ST/STM32_WPAN -I../../Middlewares/ST/STM32_WPAN/interface/patterns/ble_thread -I../../Middlewares/ST/STM32_WPAN/interface/patterns/ble_thread/tl -I../../Middlewares/ST/STM32_WPAN/interface/patterns/ble_thread/shci -I../../Middlewares/ST/STM32_WPAN/utilities -I../../Middlewares/ST/STM32_WPAN/ble/core -I../../Middlewares/ST/STM32_WPAN/ble/core/auto -I../../Middlewares/ST/STM32_WPAN/ble/core/template -I../../Middlewares/ST/STM32_WPAN/ble/svc/Inc -I../../Middlewares/ST/STM32_WPAN/ble/svc/Src -I../../Drivers/CMSIS/Device/ST/STM32WBxx/Include -I../../Middlewares/ST/STM32_WPAN/ble -I../../Drivers/CMSIS/Include -I../../Drivers/BSP/P-NUCLEO-WB55.Nucleo  -std=gnu11 -DUSE_STM32WBXX_NUCLEO -DUSE_HAL_DRIVER -DSTM32WB55xx -O0 -g -ffunction-sections -fdata-sections -Wall -fstack-usage -MMD -MP  --specs=nano.specs -mfpu=fpv4-sp-d16 -mfloat-abi=hard -mthumb -mcpu=cortex-m4  -c ../../Drivers/STM32WBxx_HAL_Driver/Src/stm32wbxx_hal_rtc.c -o ../../Drivers/STM32WBxx_HAL_Driver/Src/stm32wbxx_hal_rtc.o 
[2025-11-20 18:09:22] [build-stdout] arm-none-eabi-gcc -I../../Core/Inc -I../../STM32_WPAN/App -I../../Drivers/STM32WBxx_HAL_Driver/Inc -I../../Drivers/STM32WBxx_HAL_Driver/Inc/Legacy -I../../Utilities/lpm/tiny_lpm -I../../Middlewares/Third_Party/FreeRTOS/Source/include -I../../Middlewares/Third_Party/FreeRTOS/Source/CMSIS_RTOS_V2 -I../../Middlewares/Third_Party/FreeRTOS/Source/portable/GCC/ARM_CM4F -I../../Middlewares/ST/STM32_WPAN -I../../Middlewares/ST/STM32_WPAN/interface/patterns/ble_thread -I../../Middlewares/ST/STM32_WPAN/interface/patterns/ble_thread/tl -I../../Middlewares/ST/STM32_WPAN/interface/patterns/ble_thread/shci -I../../Middlewares/ST/STM32_WPAN/utilities -I../../Middlewares/ST/STM32_WPAN/ble/core -I../../Middlewares/ST/STM32_WPAN/ble/core/auto -I../../Middlewares/ST/STM32_WPAN/ble/core/template -I../../Middlewares/ST/STM32_WPAN/ble/svc/Inc -I../../Middlewares/ST/STM32_WPAN/ble/svc/Src -I../../Drivers/CMSIS/Device/ST/STM32WBxx/Include -I../../Middlewares/ST/STM32_WPAN/ble -I../../Drivers/CMSIS/Include -I../../Drivers/BSP/P-NUCLEO-WB55.Nucleo  -std=gnu11 -DUSE_STM32WBXX_NUCLEO -DUSE_HAL_DRIVER -DSTM32WB55xx -O0 -g -ffunction-sections -fdata-sections -Wall -fstack-usage -MMD -MP  --specs=nano.specs -mfpu=fpv4-sp-d16 -mfloat-abi=hard -mthumb -mcpu=cortex-m4  -c ../../Drivers/STM32WBxx_HAL_Driver/Src/stm32wbxx_hal_rtc_ex.c -o ../../Drivers/STM32WBxx_HAL_Driver/Src/stm32wbxx_hal_rtc_ex.o 
[2025-11-20 18:09:23] [build-stdout] arm-none-eabi-gcc -I../../Core/Inc -I../../STM32_WPAN/App -I../../Drivers/STM32WBxx_HAL_Driver/Inc -I../../Drivers/STM32WBxx_HAL_Driver/Inc/Legacy -I../../Utilities/lpm/tiny_lpm -I../../Middlewares/Third_Party/FreeRTOS/Source/include -I../../Middlewares/Third_Party/FreeRTOS/Source/CMSIS_RTOS_V2 -I../../Middlewares/Third_Party/FreeRTOS/Source/portable/GCC/ARM_CM4F -I../../Middlewares/ST/STM32_WPAN -I../../Middlewares/ST/STM32_WPAN/interface/patterns/ble_thread -I../../Middlewares/ST/STM32_WPAN/interface/patterns/ble_thread/tl -I../../Middlewares/ST/STM32_WPAN/interface/patterns/ble_thread/shci -I../../Middlewares/ST/STM32_WPAN/utilities -I../../Middlewares/ST/STM32_WPAN/ble/core -I../../Middlewares/ST/STM32_WPAN/ble/core/auto -I../../Middlewares/ST/STM32_WPAN/ble/core/template -I../../Middlewares/ST/STM32_WPAN/ble/svc/Inc -I../../Middlewares/ST/STM32_WPAN/ble/svc/Src -I../../Drivers/CMSIS/Device/ST/STM32WBxx/Include -I../../Middlewares/ST/STM32_WPAN/ble -I../../Drivers/CMSIS/Include -I../../Drivers/BSP/P-NUCLEO-WB55.Nucleo  -std=gnu11 -DUSE_STM32WBXX_NUCLEO -DUSE_HAL_DRIVER -DSTM32WB55xx -O0 -g -ffunction-sections -fdata-sections -Wall -fstack-usage -MMD -MP  --specs=nano.specs -mfpu=fpv4-sp-d16 -mfloat-abi=hard -mthumb -mcpu=cortex-m4  -c ../../Drivers/STM32WBxx_HAL_Driver/Src/stm32wbxx_hal_tim.c -o ../../Drivers/STM32WBxx_HAL_Driver/Src/stm32wbxx_hal_tim.o 
[2025-11-20 18:09:24] [build-stdout] arm-none-eabi-gcc -I../../Core/Inc -I../../STM32_WPAN/App -I../../Drivers/STM32WBxx_HAL_Driver/Inc -I../../Drivers/STM32WBxx_HAL_Driver/Inc/Legacy -I../../Utilities/lpm/tiny_lpm -I../../Middlewares/Third_Party/FreeRTOS/Source/include -I../../Middlewares/Third_Party/FreeRTOS/Source/CMSIS_RTOS_V2 -I../../Middlewares/Third_Party/FreeRTOS/Source/portable/GCC/ARM_CM4F -I../../Middlewares/ST/STM32_WPAN -I../../Middlewares/ST/STM32_WPAN/interface/patterns/ble_thread -I../../Middlewares/ST/STM32_WPAN/interface/patterns/ble_thread/tl -I../../Middlewares/ST/STM32_WPAN/interface/patterns/ble_thread/shci -I../../Middlewares/ST/STM32_WPAN/utilities -I../../Middlewares/ST/STM32_WPAN/ble/core -I../../Middlewares/ST/STM32_WPAN/ble/core/auto -I../../Middlewares/ST/STM32_WPAN/ble/core/template -I../../Middlewares/ST/STM32_WPAN/ble/svc/Inc -I../../Middlewares/ST/STM32_WPAN/ble/svc/Src -I../../Drivers/CMSIS/Device/ST/STM32WBxx/Include -I../../Middlewares/ST/STM32_WPAN/ble -I../../Drivers/CMSIS/Include -I../../Drivers/BSP/P-NUCLEO-WB55.Nucleo  -std=gnu11 -DUSE_STM32WBXX_NUCLEO -DUSE_HAL_DRIVER -DSTM32WB55xx -O0 -g -ffunction-sections -fdata-sections -Wall -fstack-usage -MMD -MP  --specs=nano.specs -mfpu=fpv4-sp-d16 -mfloat-abi=hard -mthumb -mcpu=cortex-m4  -c ../../Drivers/STM32WBxx_HAL_Driver/Src/stm32wbxx_hal_tim_ex.c -o ../../Drivers/STM32WBxx_HAL_Driver/Src/stm32wbxx_hal_tim_ex.o 
[2025-11-20 18:09:24] [build-stdout] arm-none-eabi-gcc -I../../Core/Inc -I../../STM32_WPAN/App -I../../Drivers/STM32WBxx_HAL_Driver/Inc -I../../Drivers/STM32WBxx_HAL_Driver/Inc/Legacy -I../../Utilities/lpm/tiny_lpm -I../../Middlewares/Third_Party/FreeRTOS/Source/include -I../../Middlewares/Third_Party/FreeRTOS/Source/CMSIS_RTOS_V2 -I../../Middlewares/Third_Party/FreeRTOS/Source/portable/GCC/ARM_CM4F -I../../Middlewares/ST/STM32_WPAN -I../../Middlewares/ST/STM32_WPAN/interface/patterns/ble_thread -I../../Middlewares/ST/STM32_WPAN/interface/patterns/ble_thread/tl -I../../Middlewares/ST/STM32_WPAN/interface/patterns/ble_thread/shci -I../../Middlewares/ST/STM32_WPAN/utilities -I../../Middlewares/ST/STM32_WPAN/ble/core -I../../Middlewares/ST/STM32_WPAN/ble/core/auto -I../../Middlewares/ST/STM32_WPAN/ble/core/template -I../../Middlewares/ST/STM32_WPAN/ble/svc/Inc -I../../Middlewares/ST/STM32_WPAN/ble/svc/Src -I../../Drivers/CMSIS/Device/ST/STM32WBxx/Include -I../../Middlewares/ST/STM32_WPAN/ble -I../../Drivers/CMSIS/Include -I../../Drivers/BSP/P-NUCLEO-WB55.Nucleo  -std=gnu11 -DUSE_STM32WBXX_NUCLEO -DUSE_HAL_DRIVER -DSTM32WB55xx -O0 -g -ffunction-sections -fdata-sections -Wall -fstack-usage -MMD -MP  --specs=nano.specs -mfpu=fpv4-sp-d16 -mfloat-abi=hard -mthumb -mcpu=cortex-m4  -c ../../Drivers/STM32WBxx_HAL_Driver/Src/stm32wbxx_hal_uart.c -o ../../Drivers/STM32WBxx_HAL_Driver/Src/stm32wbxx_hal_uart.o 
[2025-11-20 18:09:25] [build-stdout] arm-none-eabi-gcc -I../../Core/Inc -I../../STM32_WPAN/App -I../../Drivers/STM32WBxx_HAL_Driver/Inc -I../../Drivers/STM32WBxx_HAL_Driver/Inc/Legacy -I../../Utilities/lpm/tiny_lpm -I../../Middlewares/Third_Party/FreeRTOS/Source/include -I../../Middlewares/Third_Party/FreeRTOS/Source/CMSIS_RTOS_V2 -I../../Middlewares/Third_Party/FreeRTOS/Source/portable/GCC/ARM_CM4F -I../../Middlewares/ST/STM32_WPAN -I../../Middlewares/ST/STM32_WPAN/interface/patterns/ble_thread -I../../Middlewares/ST/STM32_WPAN/interface/patterns/ble_thread/tl -I../../Middlewares/ST/STM32_WPAN/interface/patterns/ble_thread/shci -I../../Middlewares/ST/STM32_WPAN/utilities -I../../Middlewares/ST/STM32_WPAN/ble/core -I../../Middlewares/ST/STM32_WPAN/ble/core/auto -I../../Middlewares/ST/STM32_WPAN/ble/core/template -I../../Middlewares/ST/STM32_WPAN/ble/svc/Inc -I../../Middlewares/ST/STM32_WPAN/ble/svc/Src -I../../Drivers/CMSIS/Device/ST/STM32WBxx/Include -I../../Middlewares/ST/STM32_WPAN/ble -I../../Drivers/CMSIS/Include -I../../Drivers/BSP/P-NUCLEO-WB55.Nucleo  -std=gnu11 -DUSE_STM32WBXX_NUCLEO -DUSE_HAL_DRIVER -DSTM32WB55xx -O0 -g -ffunction-sections -fdata-sections -Wall -fstack-usage -MMD -MP  --specs=nano.specs -mfpu=fpv4-sp-d16 -mfloat-abi=hard -mthumb -mcpu=cortex-m4  -c ../../Drivers/STM32WBxx_HAL_Driver/Src/stm32wbxx_hal_uart_ex.c -o ../../Drivers/STM32WBxx_HAL_Driver/Src/stm32wbxx_hal_uart_ex.o 
[2025-11-20 18:09:26] [build-stdout] arm-none-eabi-gcc -I../../Core/Inc -I../../STM32_WPAN/App -I../../Drivers/STM32WBxx_HAL_Driver/Inc -I../../Drivers/STM32WBxx_HAL_Driver/Inc/Legacy -I../../Utilities/lpm/tiny_lpm -I../../Middlewares/Third_Party/FreeRTOS/Source/include -I../../Middlewares/Third_Party/FreeRTOS/Source/CMSIS_RTOS_V2 -I../../Middlewares/Third_Party/FreeRTOS/Source/portable/GCC/ARM_CM4F -I../../Middlewares/ST/STM32_WPAN -I../../Middlewares/ST/STM32_WPAN/interface/patterns/ble_thread -I../../Middlewares/ST/STM32_WPAN/interface/patterns/ble_thread/tl -I../../Middlewares/ST/STM32_WPAN/interface/patterns/ble_thread/shci -I../../Middlewares/ST/STM32_WPAN/utilities -I../../Middlewares/ST/STM32_WPAN/ble/core -I../../Middlewares/ST/STM32_WPAN/ble/core/auto -I../../Middlewares/ST/STM32_WPAN/ble/core/template -I../../Middlewares/ST/STM32_WPAN/ble/svc/Inc -I../../Middlewares/ST/STM32_WPAN/ble/svc/Src -I../../Drivers/CMSIS/Device/ST/STM32WBxx/Include -I../../Middlewares/ST/STM32_WPAN/ble -I../../Drivers/CMSIS/Include -I../../Drivers/BSP/P-NUCLEO-WB55.Nucleo  -std=gnu11 -DUSE_STM32WBXX_NUCLEO -DUSE_HAL_DRIVER -DSTM32WB55xx -O0 -g -ffunction-sections -fdata-sections -Wall -fstack-usage -MMD -MP  --specs=nano.specs -mfpu=fpv4-sp-d16 -mfloat-abi=hard -mthumb -mcpu=cortex-m4  -c ../../Core/Src/system_stm32wbxx.c -o ../../Core/Src/system_stm32wbxx.o 
[2025-11-20 18:09:26] [build-stdout] arm-none-eabi-gcc -I../../Core/Inc -I../../STM32_WPAN/App -I../../Drivers/STM32WBxx_HAL_Driver/Inc -I../../Drivers/STM32WBxx_HAL_Driver/Inc/Legacy -I../../Utilities/lpm/tiny_lpm -I../../Middlewares/Third_Party/FreeRTOS/Source/include -I../../Middlewares/Third_Party/FreeRTOS/Source/CMSIS_RTOS_V2 -I../../Middlewares/Third_Party/FreeRTOS/Source/portable/GCC/ARM_CM4F -I../../Middlewares/ST/STM32_WPAN -I../../Middlewares/ST/STM32_WPAN/interface/patterns/ble_thread -I../../Middlewares/ST/STM32_WPAN/interface/patterns/ble_thread/tl -I../../Middlewares/ST/STM32_WPAN/interface/patterns/ble_thread/shci -I../../Middlewares/ST/STM32_WPAN/utilities -I../../Middlewares/ST/STM32_WPAN/ble/core -I../../Middlewares/ST/STM32_WPAN/ble/core/auto -I../../Middlewares/ST/STM32_WPAN/ble/core/template -I../../Middlewares/ST/STM32_WPAN/ble/svc/Inc -I../../Middlewares/ST/STM32_WPAN/ble/svc/Src -I../../Drivers/CMSIS/Device/ST/STM32WBxx/Include -I../../Middlewares/ST/STM32_WPAN/ble -I../../Drivers/CMSIS/Include -I../../Drivers/BSP/P-NUCLEO-WB55.Nucleo  -std=gnu11 -DUSE_STM32WBXX_NUCLEO -DUSE_HAL_DRIVER -DSTM32WB55xx -O0 -g -ffunction-sections -fdata-sections -Wall -fstack-usage -MMD -MP  --specs=nano.specs -mfpu=fpv4-sp-d16 -mfloat-abi=hard -mthumb -mcpu=cortex-m4  -c ../../Drivers/BSP/P-NUCLEO-WB55.Nucleo/stm32wbxx_nucleo.c -o ../../Drivers/BSP/P-NUCLEO-WB55.Nucleo/stm32wbxx_nucleo.o 
[2025-11-20 18:09:27] [build-stdout] arm-none-eabi-gcc -I../../Core/Inc -I../../STM32_WPAN/App -I../../Drivers/STM32WBxx_HAL_Driver/Inc -I../../Drivers/STM32WBxx_HAL_Driver/Inc/Legacy -I../../Utilities/lpm/tiny_lpm -I../../Middlewares/Third_Party/FreeRTOS/Source/include -I../../Middlewares/Third_Party/FreeRTOS/Source/CMSIS_RTOS_V2 -I../../Middlewares/Third_Party/FreeRTOS/Source/portable/GCC/ARM_CM4F -I../../Middlewares/ST/STM32_WPAN -I../../Middlewares/ST/STM32_WPAN/interface/patterns/ble_thread -I../../Middlewares/ST/STM32_WPAN/interface/patterns/ble_thread/tl -I../../Middlewares/ST/STM32_WPAN/interface/patterns/ble_thread/shci -I../../Middlewares/ST/STM32_WPAN/utilities -I../../Middlewares/ST/STM32_WPAN/ble/core -I../../Middlewares/ST/STM32_WPAN/ble/core/auto -I../../Middlewares/ST/STM32_WPAN/ble/core/template -I../../Middlewares/ST/STM32_WPAN/ble/svc/Inc -I../../Middlewares/ST/STM32_WPAN/ble/svc/Src -I../../Drivers/CMSIS/Device/ST/STM32WBxx/Include -I../../Middlewares/ST/STM32_WPAN/ble -I../../Drivers/CMSIS/Include -I../../Drivers/BSP/P-NUCLEO-WB55.Nucleo  -std=gnu11 -DUSE_STM32WBXX_NUCLEO -DUSE_HAL_DRIVER -DSTM32WB55xx -O0 -g -ffunction-sections -fdata-sections -Wall -fstack-usage -MMD -MP  --specs=nano.specs -mfpu=fpv4-sp-d16 -mfloat-abi=hard -mthumb -mcpu=cortex-m4  -c ../../STM32_WPAN/App/app_ble.c -o ../../STM32_WPAN/App/app_ble.o 
[2025-11-20 18:09:28] [build-stdout] arm-none-eabi-gcc -I../../Core/Inc -I../../STM32_WPAN/App -I../../Drivers/STM32WBxx_HAL_Driver/Inc -I../../Drivers/STM32WBxx_HAL_Driver/Inc/Legacy -I../../Utilities/lpm/tiny_lpm -I../../Middlewares/Third_Party/FreeRTOS/Source/include -I../../Middlewares/Third_Party/FreeRTOS/Source/CMSIS_RTOS_V2 -I../../Middlewares/Third_Party/FreeRTOS/Source/portable/GCC/ARM_CM4F -I../../Middlewares/ST/STM32_WPAN -I../../Middlewares/ST/STM32_WPAN/interface/patterns/ble_thread -I../../Middlewares/ST/STM32_WPAN/interface/patterns/ble_thread/tl -I../../Middlewares/ST/STM32_WPAN/interface/patterns/ble_thread/shci -I../../Middlewares/ST/STM32_WPAN/utilities -I../../Middlewares/ST/STM32_WPAN/ble/core -I../../Middlewares/ST/STM32_WPAN/ble/core/auto -I../../Middlewares/ST/STM32_WPAN/ble/core/template -I../../Middlewares/ST/STM32_WPAN/ble/svc/Inc -I../../Middlewares/ST/STM32_WPAN/ble/svc/Src -I../../Drivers/CMSIS/Device/ST/STM32WBxx/Include -I../../Middlewares/ST/STM32_WPAN/ble -I../../Drivers/CMSIS/Include -I../../Drivers/BSP/P-NUCLEO-WB55.Nucleo  -std=gnu11 -DUSE_STM32WBXX_NUCLEO -DUSE_HAL_DRIVER -DSTM32WB55xx -O0 -g -ffunction-sections -fdata-sections -Wall -fstack-usage -MMD -MP  --specs=nano.specs -mfpu=fpv4-sp-d16 -mfloat-abi=hard -mthumb -mcpu=cortex-m4  -c ../../STM32_WPAN/App/dis_app.c -o ../../STM32_WPAN/App/dis_app.o 
[2025-11-20 18:09:29] [build-stdout] arm-none-eabi-gcc -I../../Core/Inc -I../../STM32_WPAN/App -I../../Drivers/STM32WBxx_HAL_Driver/Inc -I../../Drivers/STM32WBxx_HAL_Driver/Inc/Legacy -I../../Utilities/lpm/tiny_lpm -I../../Middlewares/Third_Party/FreeRTOS/Source/include -I../../Middlewares/Third_Party/FreeRTOS/Source/CMSIS_RTOS_V2 -I../../Middlewares/Third_Party/FreeRTOS/Source/portable/GCC/ARM_CM4F -I../../Middlewares/ST/STM32_WPAN -I../../Middlewares/ST/STM32_WPAN/interface/patterns/ble_thread -I../../Middlewares/ST/STM32_WPAN/interface/patterns/ble_thread/tl -I../../Middlewares/ST/STM32_WPAN/interface/patterns/ble_thread/shci -I../../Middlewares/ST/STM32_WPAN/utilities -I../../Middlewares/ST/STM32_WPAN/ble/core -I../../Middlewares/ST/STM32_WPAN/ble/core/auto -I../../Middlewares/ST/STM32_WPAN/ble/core/template -I../../Middlewares/ST/STM32_WPAN/ble/svc/Inc -I../../Middlewares/ST/STM32_WPAN/ble/svc/Src -I../../Drivers/CMSIS/Device/ST/STM32WBxx/Include -I../../Middlewares/ST/STM32_WPAN/ble -I../../Drivers/CMSIS/Include -I../../Drivers/BSP/P-NUCLEO-WB55.Nucleo  -std=gnu11 -DUSE_STM32WBXX_NUCLEO -DUSE_HAL_DRIVER -DSTM32WB55xx -O0 -g -ffunction-sections -fdata-sections -Wall -fstack-usage -MMD -MP  --specs=nano.specs -mfpu=fpv4-sp-d16 -mfloat-abi=hard -mthumb -mcpu=cortex-m4  -c ../../STM32_WPAN/App/hrs_app.c -o ../../STM32_WPAN/App/hrs_app.o 
[2025-11-20 18:09:30] [build-stdout] arm-none-eabi-gcc -I../../Core/Inc -I../../STM32_WPAN/App -I../../Drivers/STM32WBxx_HAL_Driver/Inc -I../../Drivers/STM32WBxx_HAL_Driver/Inc/Legacy -I../../Utilities/lpm/tiny_lpm -I../../Middlewares/Third_Party/FreeRTOS/Source/include -I../../Middlewares/Third_Party/FreeRTOS/Source/CMSIS_RTOS_V2 -I../../Middlewares/Third_Party/FreeRTOS/Source/portable/GCC/ARM_CM4F -I../../Middlewares/ST/STM32_WPAN -I../../Middlewares/ST/STM32_WPAN/interface/patterns/ble_thread -I../../Middlewares/ST/STM32_WPAN/interface/patterns/ble_thread/tl -I../../Middlewares/ST/STM32_WPAN/interface/patterns/ble_thread/shci -I../../Middlewares/ST/STM32_WPAN/utilities -I../../Middlewares/ST/STM32_WPAN/ble/core -I../../Middlewares/ST/STM32_WPAN/ble/core/auto -I../../Middlewares/ST/STM32_WPAN/ble/core/template -I../../Middlewares/ST/STM32_WPAN/ble/svc/Inc -I../../Middlewares/ST/STM32_WPAN/ble/svc/Src -I../../Drivers/CMSIS/Device/ST/STM32WBxx/Include -I../../Middlewares/ST/STM32_WPAN/ble -I../../Drivers/CMSIS/Include -I../../Drivers/BSP/P-NUCLEO-WB55.Nucleo  -std=gnu11 -DUSE_STM32WBXX_NUCLEO -DUSE_HAL_DRIVER -DSTM32WB55xx -O0 -g -ffunction-sections -fdata-sections -Wall -fstack-usage -MMD -MP  --specs=nano.specs -mfpu=fpv4-sp-d16 -mfloat-abi=hard -mthumb -mcpu=cortex-m4  -c ../../STM32_WPAN/Target/hw_ipcc.c -o ../../STM32_WPAN/Target/hw_ipcc.o 
[2025-11-20 18:09:31] [build-stdout] arm-none-eabi-gcc -I../../Core/Inc -I../../STM32_WPAN/App -I../../Drivers/STM32WBxx_HAL_Driver/Inc -I../../Drivers/STM32WBxx_HAL_Driver/Inc/Legacy -I../../Utilities/lpm/tiny_lpm -I../../Middlewares/Third_Party/FreeRTOS/Source/include -I../../Middlewares/Third_Party/FreeRTOS/Source/CMSIS_RTOS_V2 -I../../Middlewares/Third_Party/FreeRTOS/Source/portable/GCC/ARM_CM4F -I../../Middlewares/ST/STM32_WPAN -I../../Middlewares/ST/STM32_WPAN/interface/patterns/ble_thread -I../../Middlewares/ST/STM32_WPAN/interface/patterns/ble_thread/tl -I../../Middlewares/ST/STM32_WPAN/interface/patterns/ble_thread/shci -I../../Middlewares/ST/STM32_WPAN/utilities -I../../Middlewares/ST/STM32_WPAN/ble/core -I../../Middlewares/ST/STM32_WPAN/ble/core/auto -I../../Middlewares/ST/STM32_WPAN/ble/core/template -I../../Middlewares/ST/STM32_WPAN/ble/svc/Inc -I../../Middlewares/ST/STM32_WPAN/ble/svc/Src -I../../Drivers/CMSIS/Device/ST/STM32WBxx/Include -I../../Middlewares/ST/STM32_WPAN/ble -I../../Drivers/CMSIS/Include -I../../Drivers/BSP/P-NUCLEO-WB55.Nucleo  -std=gnu11 -DUSE_STM32WBXX_NUCLEO -DUSE_HAL_DRIVER -DSTM32WB55xx -O0 -g -ffunction-sections -fdata-sections -Wall -fstack-usage -MMD -MP  --specs=nano.specs -mfpu=fpv4-sp-d16 -mfloat-abi=hard -mthumb -mcpu=cortex-m4  -c ../../Core/Src/app_debug.c -o ../../Core/Src/app_debug.o 
[2025-11-20 18:09:32] [build-stdout] arm-none-eabi-gcc -I../../Core/Inc -I../../STM32_WPAN/App -I../../Drivers/STM32WBxx_HAL_Driver/Inc -I../../Drivers/STM32WBxx_HAL_Driver/Inc/Legacy -I../../Utilities/lpm/tiny_lpm -I../../Middlewares/Third_Party/FreeRTOS/Source/include -I../../Middlewares/Third_Party/FreeRTOS/Source/CMSIS_RTOS_V2 -I../../Middlewares/Third_Party/FreeRTOS/Source/portable/GCC/ARM_CM4F -I../../Middlewares/ST/STM32_WPAN -I../../Middlewares/ST/STM32_WPAN/interface/patterns/ble_thread -I../../Middlewares/ST/STM32_WPAN/interface/patterns/ble_thread/tl -I../../Middlewares/ST/STM32_WPAN/interface/patterns/ble_thread/shci -I../../Middlewares/ST/STM32_WPAN/utilities -I../../Middlewares/ST/STM32_WPAN/ble/core -I../../Middlewares/ST/STM32_WPAN/ble/core/auto -I../../Middlewares/ST/STM32_WPAN/ble/core/template -I../../Middlewares/ST/STM32_WPAN/ble/svc/Inc -I../../Middlewares/ST/STM32_WPAN/ble/svc/Src -I../../Drivers/CMSIS/Device/ST/STM32WBxx/Include -I../../Middlewares/ST/STM32_WPAN/ble -I../../Drivers/CMSIS/Include -I../../Drivers/BSP/P-NUCLEO-WB55.Nucleo  -std=gnu11 -DUSE_STM32WBXX_NUCLEO -DUSE_HAL_DRIVER -DSTM32WB55xx -O0 -g -ffunction-sections -fdata-sections -Wall -fstack-usage -MMD -MP  --specs=nano.specs -mfpu=fpv4-sp-d16 -mfloat-abi=hard -mthumb -mcpu=cortex-m4  -c ../../Core/Src/app_entry.c -o ../../Core/Src/app_entry.o 
[2025-11-20 18:09:33] [build-stdout] arm-none-eabi-gcc -I../../Core/Inc -I../../STM32_WPAN/App -I../../Drivers/STM32WBxx_HAL_Driver/Inc -I../../Drivers/STM32WBxx_HAL_Driver/Inc/Legacy -I../../Utilities/lpm/tiny_lpm -I../../Middlewares/Third_Party/FreeRTOS/Source/include -I../../Middlewares/Third_Party/FreeRTOS/Source/CMSIS_RTOS_V2 -I../../Middlewares/Third_Party/FreeRTOS/Source/portable/GCC/ARM_CM4F -I../../Middlewares/ST/STM32_WPAN -I../../Middlewares/ST/STM32_WPAN/interface/patterns/ble_thread -I../../Middlewares/ST/STM32_WPAN/interface/patterns/ble_thread/tl -I../../Middlewares/ST/STM32_WPAN/interface/patterns/ble_thread/shci -I../../Middlewares/ST/STM32_WPAN/utilities -I../../Middlewares/ST/STM32_WPAN/ble/core -I../../Middlewares/ST/STM32_WPAN/ble/core/auto -I../../Middlewares/ST/STM32_WPAN/ble/core/template -I../../Middlewares/ST/STM32_WPAN/ble/svc/Inc -I../../Middlewares/ST/STM32_WPAN/ble/svc/Src -I../../Drivers/CMSIS/Device/ST/STM32WBxx/Include -I../../Middlewares/ST/STM32_WPAN/ble -I../../Drivers/CMSIS/Include -I../../Drivers/BSP/P-NUCLEO-WB55.Nucleo  -std=gnu11 -DUSE_STM32WBXX_NUCLEO -DUSE_HAL_DRIVER -DSTM32WB55xx -O0 -g -ffunction-sections -fdata-sections -Wall -fstack-usage -MMD -MP  --specs=nano.specs -mfpu=fpv4-sp-d16 -mfloat-abi=hard -mthumb -mcpu=cortex-m4  -c ../../Core/Src/app_freertos.c -o ../../Core/Src/app_freertos.o 
[2025-11-20 18:09:34] [build-stdout] arm-none-eabi-gcc -I../../Core/Inc -I../../STM32_WPAN/App -I../../Drivers/STM32WBxx_HAL_Driver/Inc -I../../Drivers/STM32WBxx_HAL_Driver/Inc/Legacy -I../../Utilities/lpm/tiny_lpm -I../../Middlewares/Third_Party/FreeRTOS/Source/include -I../../Middlewares/Third_Party/FreeRTOS/Source/CMSIS_RTOS_V2 -I../../Middlewares/Third_Party/FreeRTOS/Source/portable/GCC/ARM_CM4F -I../../Middlewares/ST/STM32_WPAN -I../../Middlewares/ST/STM32_WPAN/interface/patterns/ble_thread -I../../Middlewares/ST/STM32_WPAN/interface/patterns/ble_thread/tl -I../../Middlewares/ST/STM32_WPAN/interface/patterns/ble_thread/shci -I../../Middlewares/ST/STM32_WPAN/utilities -I../../Middlewares/ST/STM32_WPAN/ble/core -I../../Middlewares/ST/STM32_WPAN/ble/core/auto -I../../Middlewares/ST/STM32_WPAN/ble/core/template -I../../Middlewares/ST/STM32_WPAN/ble/svc/Inc -I../../Middlewares/ST/STM32_WPAN/ble/svc/Src -I../../Drivers/CMSIS/Device/ST/STM32WBxx/Include -I../../Middlewares/ST/STM32_WPAN/ble -I../../Drivers/CMSIS/Include -I../../Drivers/BSP/P-NUCLEO-WB55.Nucleo  -std=gnu11 -DUSE_STM32WBXX_NUCLEO -DUSE_HAL_DRIVER -DSTM32WB55xx -O0 -g -ffunction-sections -fdata-sections -Wall -fstack-usage -MMD -MP  --specs=nano.specs -mfpu=fpv4-sp-d16 -mfloat-abi=hard -mthumb -mcpu=cortex-m4  -c ../../Core/Src/freertos_port.c -o ../../Core/Src/freertos_port.o 
[2025-11-20 18:09:34] [build-stdout] arm-none-eabi-gcc -I../../Core/Inc -I../../STM32_WPAN/App -I../../Drivers/STM32WBxx_HAL_Driver/Inc -I../../Drivers/STM32WBxx_HAL_Driver/Inc/Legacy -I../../Utilities/lpm/tiny_lpm -I../../Middlewares/Third_Party/FreeRTOS/Source/include -I../../Middlewares/Third_Party/FreeRTOS/Source/CMSIS_RTOS_V2 -I../../Middlewares/Third_Party/FreeRTOS/Source/portable/GCC/ARM_CM4F -I../../Middlewares/ST/STM32_WPAN -I../../Middlewares/ST/STM32_WPAN/interface/patterns/ble_thread -I../../Middlewares/ST/STM32_WPAN/interface/patterns/ble_thread/tl -I../../Middlewares/ST/STM32_WPAN/interface/patterns/ble_thread/shci -I../../Middlewares/ST/STM32_WPAN/utilities -I../../Middlewares/ST/STM32_WPAN/ble/core -I../../Middlewares/ST/STM32_WPAN/ble/core/auto -I../../Middlewares/ST/STM32_WPAN/ble/core/template -I../../Middlewares/ST/STM32_WPAN/ble/svc/Inc -I../../Middlewares/ST/STM32_WPAN/ble/svc/Src -I../../Drivers/CMSIS/Device/ST/STM32WBxx/Include -I../../Middlewares/ST/STM32_WPAN/ble -I../../Drivers/CMSIS/Include -I../../Drivers/BSP/P-NUCLEO-WB55.Nucleo  -std=gnu11 -DUSE_STM32WBXX_NUCLEO -DUSE_HAL_DRIVER -DSTM32WB55xx -O0 -g -ffunction-sections -fdata-sections -Wall -fstack-usage -MMD -MP  --specs=nano.specs -mfpu=fpv4-sp-d16 -mfloat-abi=hard -mthumb -mcpu=cortex-m4  -c ../../Core/Src/hw_timerserver.c -o ../../Core/Src/hw_timerserver.o 
[2025-11-20 18:09:35] [build-stdout] arm-none-eabi-gcc -I../../Core/Inc -I../../STM32_WPAN/App -I../../Drivers/STM32WBxx_HAL_Driver/Inc -I../../Drivers/STM32WBxx_HAL_Driver/Inc/Legacy -I../../Utilities/lpm/tiny_lpm -I../../Middlewares/Third_Party/FreeRTOS/Source/include -I../../Middlewares/Third_Party/FreeRTOS/Source/CMSIS_RTOS_V2 -I../../Middlewares/Third_Party/FreeRTOS/Source/portable/GCC/ARM_CM4F -I../../Middlewares/ST/STM32_WPAN -I../../Middlewares/ST/STM32_WPAN/interface/patterns/ble_thread -I../../Middlewares/ST/STM32_WPAN/interface/patterns/ble_thread/tl -I../../Middlewares/ST/STM32_WPAN/interface/patterns/ble_thread/shci -I../../Middlewares/ST/STM32_WPAN/utilities -I../../Middlewares/ST/STM32_WPAN/ble/core -I../../Middlewares/ST/STM32_WPAN/ble/core/auto -I../../Middlewares/ST/STM32_WPAN/ble/core/template -I../../Middlewares/ST/STM32_WPAN/ble/svc/Inc -I../../Middlewares/ST/STM32_WPAN/ble/svc/Src -I../../Drivers/CMSIS/Device/ST/STM32WBxx/Include -I../../Middlewares/ST/STM32_WPAN/ble -I../../Drivers/CMSIS/Include -I../../Drivers/BSP/P-NUCLEO-WB55.Nucleo  -std=gnu11 -DUSE_STM32WBXX_NUCLEO -DUSE_HAL_DRIVER -DSTM32WB55xx -O0 -g -ffunction-sections -fdata-sections -Wall -fstack-usage -MMD -MP  --specs=nano.specs -mfpu=fpv4-sp-d16 -mfloat-abi=hard -mthumb -mcpu=cortex-m4  -c ../../Core/Src/hw_uart.c -o ../../Core/Src/hw_uart.o 
[2025-11-20 18:09:36] [build-stdout] arm-none-eabi-gcc -I../../Core/Inc -I../../STM32_WPAN/App -I../../Drivers/STM32WBxx_HAL_Driver/Inc -I../../Drivers/STM32WBxx_HAL_Driver/Inc/Legacy -I../../Utilities/lpm/tiny_lpm -I../../Middlewares/Third_Party/FreeRTOS/Source/include -I../../Middlewares/Third_Party/FreeRTOS/Source/CMSIS_RTOS_V2 -I../../Middlewares/Third_Party/FreeRTOS/Source/portable/GCC/ARM_CM4F -I../../Middlewares/ST/STM32_WPAN -I../../Middlewares/ST/STM32_WPAN/interface/patterns/ble_thread -I../../Middlewares/ST/STM32_WPAN/interface/patterns/ble_thread/tl -I../../Middlewares/ST/STM32_WPAN/interface/patterns/ble_thread/shci -I../../Middlewares/ST/STM32_WPAN/utilities -I../../Middlewares/ST/STM32_WPAN/ble/core -I../../Middlewares/ST/STM32_WPAN/ble/core/auto -I../../Middlewares/ST/STM32_WPAN/ble/core/template -I../../Middlewares/ST/STM32_WPAN/ble/svc/Inc -I../../Middlewares/ST/STM32_WPAN/ble/svc/Src -I../../Drivers/CMSIS/Device/ST/STM32WBxx/Include -I../../Middlewares/ST/STM32_WPAN/ble -I../../Drivers/CMSIS/Include -I../../Drivers/BSP/P-NUCLEO-WB55.Nucleo  -std=gnu11 -DUSE_STM32WBXX_NUCLEO -DUSE_HAL_DRIVER -DSTM32WB55xx -O0 -g -ffunction-sections -fdata-sections -Wall -fstack-usage -MMD -MP  --specs=nano.specs -mfpu=fpv4-sp-d16 -mfloat-abi=hard -mthumb -mcpu=cortex-m4  -c ../../Core/Src/main.c -o ../../Core/Src/main.o 
[2025-11-20 18:09:37] [build-stdout] arm-none-eabi-gcc -I../../Core/Inc -I../../STM32_WPAN/App -I../../Drivers/STM32WBxx_HAL_Driver/Inc -I../../Drivers/STM32WBxx_HAL_Driver/Inc/Legacy -I../../Utilities/lpm/tiny_lpm -I../../Middlewares/Third_Party/FreeRTOS/Source/include -I../../Middlewares/Third_Party/FreeRTOS/Source/CMSIS_RTOS_V2 -I../../Middlewares/Third_Party/FreeRTOS/Source/portable/GCC/ARM_CM4F -I../../Middlewares/ST/STM32_WPAN -I../../Middlewares/ST/STM32_WPAN/interface/patterns/ble_thread -I../../Middlewares/ST/STM32_WPAN/interface/patterns/ble_thread/tl -I../../Middlewares/ST/STM32_WPAN/interface/patterns/ble_thread/shci -I../../Middlewares/ST/STM32_WPAN/utilities -I../../Middlewares/ST/STM32_WPAN/ble/core -I../../Middlewares/ST/STM32_WPAN/ble/core/auto -I../../Middlewares/ST/STM32_WPAN/ble/core/template -I../../Middlewares/ST/STM32_WPAN/ble/svc/Inc -I../../Middlewares/ST/STM32_WPAN/ble/svc/Src -I../../Drivers/CMSIS/Device/ST/STM32WBxx/Include -I../../Middlewares/ST/STM32_WPAN/ble -I../../Drivers/CMSIS/Include -I../../Drivers/BSP/P-NUCLEO-WB55.Nucleo  -std=gnu11 -DUSE_STM32WBXX_NUCLEO -DUSE_HAL_DRIVER -DSTM32WB55xx -O0 -g -ffunction-sections -fdata-sections -Wall -fstack-usage -MMD -MP  --specs=nano.specs -mfpu=fpv4-sp-d16 -mfloat-abi=hard -mthumb -mcpu=cortex-m4  -c ../../Core/Src/stm32_lpm_if.c -o ../../Core/Src/stm32_lpm_if.o 
[2025-11-20 18:09:37] [build-stdout] arm-none-eabi-gcc -I../../Core/Inc -I../../STM32_WPAN/App -I../../Drivers/STM32WBxx_HAL_Driver/Inc -I../../Drivers/STM32WBxx_HAL_Driver/Inc/Legacy -I../../Utilities/lpm/tiny_lpm -I../../Middlewares/Third_Party/FreeRTOS/Source/include -I../../Middlewares/Third_Party/FreeRTOS/Source/CMSIS_RTOS_V2 -I../../Middlewares/Third_Party/FreeRTOS/Source/portable/GCC/ARM_CM4F -I../../Middlewares/ST/STM32_WPAN -I../../Middlewares/ST/STM32_WPAN/interface/patterns/ble_thread -I../../Middlewares/ST/STM32_WPAN/interface/patterns/ble_thread/tl -I../../Middlewares/ST/STM32_WPAN/interface/patterns/ble_thread/shci -I../../Middlewares/ST/STM32_WPAN/utilities -I../../Middlewares/ST/STM32_WPAN/ble/core -I../../Middlewares/ST/STM32_WPAN/ble/core/auto -I../../Middlewares/ST/STM32_WPAN/ble/core/template -I../../Middlewares/ST/STM32_WPAN/ble/svc/Inc -I../../Middlewares/ST/STM32_WPAN/ble/svc/Src -I../../Drivers/CMSIS/Device/ST/STM32WBxx/Include -I../../Middlewares/ST/STM32_WPAN/ble -I../../Drivers/CMSIS/Include -I../../Drivers/BSP/P-NUCLEO-WB55.Nucleo  -std=gnu11 -DUSE_STM32WBXX_NUCLEO -DUSE_HAL_DRIVER -DSTM32WB55xx -O0 -g -ffunction-sections -fdata-sections -Wall -fstack-usage -MMD -MP  --specs=nano.specs -mfpu=fpv4-sp-d16 -mfloat-abi=hard -mthumb -mcpu=cortex-m4  -c ../../Core/Src/stm32wbxx_hal_msp.c -o ../../Core/Src/stm32wbxx_hal_msp.o 
[2025-11-20 18:09:38] [build-stdout] arm-none-eabi-gcc -I../../Core/Inc -I../../STM32_WPAN/App -I../../Drivers/STM32WBxx_HAL_Driver/Inc -I../../Drivers/STM32WBxx_HAL_Driver/Inc/Legacy -I../../Utilities/lpm/tiny_lpm -I../../Middlewares/Third_Party/FreeRTOS/Source/include -I../../Middlewares/Third_Party/FreeRTOS/Source/CMSIS_RTOS_V2 -I../../Middlewares/Third_Party/FreeRTOS/Source/portable/GCC/ARM_CM4F -I../../Middlewares/ST/STM32_WPAN -I../../Middlewares/ST/STM32_WPAN/interface/patterns/ble_thread -I../../Middlewares/ST/STM32_WPAN/interface/patterns/ble_thread/tl -I../../Middlewares/ST/STM32_WPAN/interface/patterns/ble_thread/shci -I../../Middlewares/ST/STM32_WPAN/utilities -I../../Middlewares/ST/STM32_WPAN/ble/core -I../../Middlewares/ST/STM32_WPAN/ble/core/auto -I../../Middlewares/ST/STM32_WPAN/ble/core/template -I../../Middlewares/ST/STM32_WPAN/ble/svc/Inc -I../../Middlewares/ST/STM32_WPAN/ble/svc/Src -I../../Drivers/CMSIS/Device/ST/STM32WBxx/Include -I../../Middlewares/ST/STM32_WPAN/ble -I../../Drivers/CMSIS/Include -I../../Drivers/BSP/P-NUCLEO-WB55.Nucleo  -std=gnu11 -DUSE_STM32WBXX_NUCLEO -DUSE_HAL_DRIVER -DSTM32WB55xx -O0 -g -ffunction-sections -fdata-sections -Wall -fstack-usage -MMD -MP  --specs=nano.specs -mfpu=fpv4-sp-d16 -mfloat-abi=hard -mthumb -mcpu=cortex-m4  -c ../../Core/Src/stm32wbxx_hal_timebase_tim.c -o ../../Core/Src/stm32wbxx_hal_timebase_tim.o 
[2025-11-20 18:09:39] [build-stdout] arm-none-eabi-gcc -I../../Core/Inc -I../../STM32_WPAN/App -I../../Drivers/STM32WBxx_HAL_Driver/Inc -I../../Drivers/STM32WBxx_HAL_Driver/Inc/Legacy -I../../Utilities/lpm/tiny_lpm -I../../Middlewares/Third_Party/FreeRTOS/Source/include -I../../Middlewares/Third_Party/FreeRTOS/Source/CMSIS_RTOS_V2 -I../../Middlewares/Third_Party/FreeRTOS/Source/portable/GCC/ARM_CM4F -I../../Middlewares/ST/STM32_WPAN -I../../Middlewares/ST/STM32_WPAN/interface/patterns/ble_thread -I../../Middlewares/ST/STM32_WPAN/interface/patterns/ble_thread/tl -I../../Middlewares/ST/STM32_WPAN/interface/patterns/ble_thread/shci -I../../Middlewares/ST/STM32_WPAN/utilities -I../../Middlewares/ST/STM32_WPAN/ble/core -I../../Middlewares/ST/STM32_WPAN/ble/core/auto -I../../Middlewares/ST/STM32_WPAN/ble/core/template -I../../Middlewares/ST/STM32_WPAN/ble/svc/Inc -I../../Middlewares/ST/STM32_WPAN/ble/svc/Src -I../../Drivers/CMSIS/Device/ST/STM32WBxx/Include -I../../Middlewares/ST/STM32_WPAN/ble -I../../Drivers/CMSIS/Include -I../../Drivers/BSP/P-NUCLEO-WB55.Nucleo  -std=gnu11 -DUSE_STM32WBXX_NUCLEO -DUSE_HAL_DRIVER -DSTM32WB55xx -O0 -g -ffunction-sections -fdata-sections -Wall -fstack-usage -MMD -MP  --specs=nano.specs -mfpu=fpv4-sp-d16 -mfloat-abi=hard -mthumb -mcpu=cortex-m4  -c ../../Core/Src/stm32wbxx_it.c -o ../../Core/Src/stm32wbxx_it.o 
[2025-11-20 18:09:40] [build-stdout] arm-none-eabi-gcc -I../../Core/Inc -I../../STM32_WPAN/App -I../../Drivers/STM32WBxx_HAL_Driver/Inc -I../../Drivers/STM32WBxx_HAL_Driver/Inc/Legacy -I../../Utilities/lpm/tiny_lpm -I../../Middlewares/Third_Party/FreeRTOS/Source/include -I../../Middlewares/Third_Party/FreeRTOS/Source/CMSIS_RTOS_V2 -I../../Middlewares/Third_Party/FreeRTOS/Source/portable/GCC/ARM_CM4F -I../../Middlewares/ST/STM32_WPAN -I../../Middlewares/ST/STM32_WPAN/interface/patterns/ble_thread -I../../Middlewares/ST/STM32_WPAN/interface/patterns/ble_thread/tl -I../../Middlewares/ST/STM32_WPAN/interface/patterns/ble_thread/shci -I../../Middlewares/ST/STM32_WPAN/utilities -I../../Middlewares/ST/STM32_WPAN/ble/core -I../../Middlewares/ST/STM32_WPAN/ble/core/auto -I../../Middlewares/ST/STM32_WPAN/ble/core/template -I../../Middlewares/ST/STM32_WPAN/ble/svc/Inc -I../../Middlewares/ST/STM32_WPAN/ble/svc/Src -I../../Drivers/CMSIS/Device/ST/STM32WBxx/Include -I../../Middlewares/ST/STM32_WPAN/ble -I../../Drivers/CMSIS/Include -I../../Drivers/BSP/P-NUCLEO-WB55.Nucleo  -std=gnu11 -DUSE_STM32WBXX_NUCLEO -DUSE_HAL_DRIVER -DSTM32WB55xx -O0 -g -ffunction-sections -fdata-sections -Wall -fstack-usage -MMD -MP  --specs=nano.specs -mfpu=fpv4-sp-d16 -mfloat-abi=hard -mthumb -mcpu=cortex-m4  -c ../Application/User/Core/syscalls.c -o ../Application/User/Core/syscalls.o 
[2025-11-20 18:09:40] [build-stdout] arm-none-eabi-gcc -I../../Core/Inc -I../../STM32_WPAN/App -I../../Drivers/STM32WBxx_HAL_Driver/Inc -I../../Drivers/STM32WBxx_HAL_Driver/Inc/Legacy -I../../Utilities/lpm/tiny_lpm -I../../Middlewares/Third_Party/FreeRTOS/Source/include -I../../Middlewares/Third_Party/FreeRTOS/Source/CMSIS_RTOS_V2 -I../../Middlewares/Third_Party/FreeRTOS/Source/portable/GCC/ARM_CM4F -I../../Middlewares/ST/STM32_WPAN -I../../Middlewares/ST/STM32_WPAN/interface/patterns/ble_thread -I../../Middlewares/ST/STM32_WPAN/interface/patterns/ble_thread/tl -I../../Middlewares/ST/STM32_WPAN/interface/patterns/ble_thread/shci -I../../Middlewares/ST/STM32_WPAN/utilities -I../../Middlewares/ST/STM32_WPAN/ble/core -I../../Middlewares/ST/STM32_WPAN/ble/core/auto -I../../Middlewares/ST/STM32_WPAN/ble/core/template -I../../Middlewares/ST/STM32_WPAN/ble/svc/Inc -I../../Middlewares/ST/STM32_WPAN/ble/svc/Src -I../../Drivers/CMSIS/Device/ST/STM32WBxx/Include -I../../Middlewares/ST/STM32_WPAN/ble -I../../Drivers/CMSIS/Include -I../../Drivers/BSP/P-NUCLEO-WB55.Nucleo  -std=gnu11 -DUSE_STM32WBXX_NUCLEO -DUSE_HAL_DRIVER -DSTM32WB55xx -O0 -g -ffunction-sections -fdata-sections -Wall -fstack-usage -MMD -MP  --specs=nano.specs -mfpu=fpv4-sp-d16 -mfloat-abi=hard -mthumb -mcpu=cortex-m4  -c ../Application/User/Core/sysmem.c -o ../Application/User/Core/sysmem.o 
[2025-11-20 18:09:40] [build-stdout] arm-none-eabi-gcc  -o BLE_HeartRateFreeRTOS.elf ../../Utilities/lpm/tiny_lpm/stm32_lpm.o  -std=gnu11 -DUSE_STM32WBXX_NUCLEO -DUSE_HAL_DRIVER -DSTM32WB55xx -O0 -g -ffunction-sections -fdata-sections -Wall -fstack-usage -MMD -MP  --specs=nano.specs -mfpu=fpv4-sp-d16 -mfloat-abi=hard -mthumb -mcpu=cortex-m4  -T"../../STM32CubeIDE/STM32WB55RGVX_FLASH.ld" -Wl,-Map="BLE_HeartRateFreeRTOS.map" -Wl,--gc-sections -static --specs=nosys.specs -Wl,--start-group -Wl,--end-group
[2025-11-20 18:09:42] [build-stderr] /Users/jie/Documents/arm-gnu-toolchain-14.3.rel1-darwin-arm64-arm-none-eabi/bin/../lib/gcc/arm-none-eabi/14.3.1/../../../../arm-none-eabi/bin/ld: /Users/jie/Documents/arm-gnu-toolchain-14.3.rel1-darwin-arm64-arm-none-eabi/bin/../lib/gcc/arm-none-eabi/14.3.1/../../../../arm-none-eabi/lib/thumb/v7e-m+fp/hard/libg_nano.a(libc_a-closer.o): in function `_close_r':
[2025-11-20 18:09:42] [build-stderr] closer.c:(.text._close_r+0xc): warning: _close is not implemented and will always fail
[2025-11-20 18:09:42] [build-stderr] /Users/jie/Documents/arm-gnu-toolchain-14.3.rel1-darwin-arm64-arm-none-eabi/bin/../lib/gcc/arm-none-eabi/14.3.1/../../../../arm-none-eabi/bin/ld: /Users/jie/Documents/arm-gnu-toolchain-14.3.rel1-darwin-arm64-arm-none-eabi/bin/../lib/gcc/arm-none-eabi/14.3.1/../../../../arm-none-eabi/lib/thumb/v7e-m+fp/hard/libg_nano.a(libc_a-lseekr.o): in function `_lseek_r':
[2025-11-20 18:09:42] [build-stderr] lseekr.c:(.text._lseek_r+0x10): warning: _lseek is not implemented and will always fail
[2025-11-20 18:09:42] [build-stdout] /Users/jie/Documents/arm-gnu-toolchain-14.3.rel1-darwin-arm64-arm-none-eabi/bin/../lib/gcc/arm-none-eabi/14.3.1/../../../../arm-none-eabi/bin/ld: /Users/jie/Documents/arm-gnu-toolchain-14.3.rel1-darwin-arm64-arm-none-eabi/bin/../lib/gcc/arm-none-eabi/14.3.1/../../../../arm-none-eabi/lib/thumb/v7e-m+fp/hard/libg_nano.a(libc_a-closer.o): note: the message above does not take linker garbage collection into account
[2025-11-20 18:09:42] [build-stderr] /Users/jie/Documents/arm-gnu-toolchain-14.3.rel1-darwin-arm64-arm-none-eabi/bin/../lib/gcc/arm-none-eabi/14.3.1/../../../../arm-none-eabi/bin/ld: /Users/jie/Documents/arm-gnu-toolchain-14.3.rel1-darwin-arm64-arm-none-eabi/bin/../lib/gcc/arm-none-eabi/14.3.1/../../../../arm-none-eabi/lib/thumb/v7e-m+fp/hard/libg_nano.a(libc_a-readr.o): in function `_read_r':
[2025-11-20 18:09:42] [build-stderr] readr.c:(.text._read_r+0x10): warning: _read is not implemented and will always fail
[2025-11-20 18:09:42] [build-stdout] /Users/jie/Documents/arm-gnu-toolchain-14.3.rel1-darwin-arm64-arm-none-eabi/bin/../lib/gcc/arm-none-eabi/14.3.1/../../../../arm-none-eabi/bin/ld: /Users/jie/Documents/arm-gnu-toolchain-14.3.rel1-darwin-arm64-arm-none-eabi/bin/../lib/gcc/arm-none-eabi/14.3.1/../../../../arm-none-eabi/lib/thumb/v7e-m+fp/hard/libg_nano.a(libc_a-lseekr.o): note: the message above does not take linker garbage collection into account
[2025-11-20 18:09:42] [build-stdout] /Users/jie/Documents/arm-gnu-toolchain-14.3.rel1-darwin-arm64-arm-none-eabi/bin/../lib/gcc/arm-none-eabi/14.3.1/../../../../arm-none-eabi/bin/ld: /Users/jie/Documents/arm-gnu-toolchain-14.3.rel1-darwin-arm64-arm-none-eabi/bin/../lib/gcc/arm-none-eabi/14.3.1/../../../../arm-none-eabi/lib/thumb/v7e-m+fp/hard/libg_nano.a(libc_a-readr.o): note: the message above does not take linker garbage collection into account
[2025-11-20 18:09:42] [build-stderr] /Users/jie/Documents/arm-gnu-toolchain-14.3.rel1-darwin-arm64-arm-none-eabi/bin/../lib/gcc/arm-none-eabi/14.3.1/../../../../arm-none-eabi/bin/ld: /Users/jie/Documents/arm-gnu-toolchain-14.3.rel1-darwin-arm64-arm-none-eabi/bin/../lib/gcc/arm-none-eabi/14.3.1/../../../../arm-none-eabi/lib/thumb/v7e-m+fp/hard/libg_nano.a(libc_a-writer.o): in function `_write_r':
[2025-11-20 18:09:42] [build-stderr] writer.c:(.text._write_r+0x10): warning: _write is not implemented and will always fail
[2025-11-20 18:09:42] [build-stderr] /Users/jie/Documents/arm-gnu-toolchain-14.3.rel1-darwin-arm64-arm-none-eabi/bin/../lib/gcc/arm-none-eabi/14.3.1/../../../../arm-none-eabi/bin/ld: warning: cannot find entry symbol Reset_Handler; defaulting to 08000000
[2025-11-20 18:09:42] [build-stdout] /Users/jie/Documents/arm-gnu-toolchain-14.3.rel1-darwin-arm64-arm-none-eabi/bin/../lib/gcc/arm-none-eabi/14.3.1/../../../../arm-none-eabi/bin/ld: /Users/jie/Documents/arm-gnu-toolchain-14.3.rel1-darwin-arm64-arm-none-eabi/bin/../lib/gcc/arm-none-eabi/14.3.1/../../../../arm-none-eabi/lib/thumb/v7e-m+fp/hard/libg_nano.a(libc_a-writer.o): note: the message above does not take linker garbage collection into account
[2025-11-20 18:09:42] [build-stderr] /Users/jie/Documents/arm-gnu-toolchain-14.3.rel1-darwin-arm64-arm-none-eabi/bin/../lib/gcc/arm-none-eabi/14.3.1/../../../../arm-none-eabi/bin/ld: warning: BLE_HeartRateFreeRTOS.elf has a LOAD segment with RWX permissions
[2025-11-20 18:09:42] [build-stdout] arm-none-eabi-gcc   -o BLE_HeartRateFreeRTOS.elf ../../Utilities/lpm/tiny_lpm/stm32_lpm.o ../../Middlewares/ST/STM32_WPAN/ble/core/auto/ble_gap_aci.o ../../Middlewares/ST/STM32_WPAN/ble/core/auto/ble_gatt_aci.o ../../Middlewares/ST/STM32_WPAN/ble/core/auto/ble_hal_aci.o ../../Middlewares/ST/STM32_WPAN/ble/core/auto/ble_hci_le.o ../../Middlewares/ST/STM32_WPAN/ble/core/auto/ble_l2cap_aci.o ../../Middlewares/ST/STM32_WPAN/utilities/dbg_trace.o ../../Middlewares/ST/STM32_WPAN/ble/svc/Src/dis.o ../../Middlewares/ST/STM32_WPAN/interface/patterns/ble_thread/tl/hci_tl.o ../../Middlewares/ST/STM32_WPAN/interface/patterns/ble_thread/tl/hci_tl_if.o ../../Middlewares/ST/STM32_WPAN/ble/svc/Src/hrs.o ../../Middlewares/ST/STM32_WPAN/ble/core/template/osal.o ../../Middlewares/ST/STM32_WPAN/utilities/otp.o ../../Middlewares/ST/STM32_WPAN/interface/patterns/ble_thread/shci/shci.o ../../Middlewares/ST/STM32_WPAN/interface/patterns/ble_thread/tl/shci_tl.o ../../Middlewares/ST/STM32_WPAN/interface/patterns/ble_thread/tl/shci_tl_if.o ../../Middlewares/ST/STM32_WPAN/utilities/stm_list.o ../../Middlewares/ST/STM32_WPAN/utilities/stm_queue.o ../../Middlewares/ST/STM32_WPAN/ble/svc/Src/svc_ctl.o ../../Middlewares/ST/STM32_WPAN/interface/patterns/ble_thread/tl/tl_mbox.o ../../Middlewares/Third_Party/FreeRTOS/Source/CMSIS_RTOS_V2/cmsis_os2.o ../../Middlewares/Third_Party/FreeRTOS/Source/croutine.o ../../Middlewares/Third_Party/FreeRTOS/Source/event_groups.o ../../Middlewares/Third_Party/FreeRTOS/Source/portable/MemMang/heap_4.o ../../Middlewares/Third_Party/FreeRTOS/Source/list.o ../../Middlewares/Third_Party/FreeRTOS/Source/portable/GCC/ARM_CM4F/port.o ../../Middlewares/Third_Party/FreeRTOS/Source/queue.o ../../Middlewares/Third_Party/FreeRTOS/Source/stream_buffer.o ../../Middlewares/Third_Party/FreeRTOS/Source/tasks.o ../../Middlewares/Third_Party/FreeRTOS/Source/timers.o ../../Drivers/STM32WBxx_HAL_Driver/Src/stm32wbxx_hal.o ../../Drivers/STM32WBxx_HAL_Driver/Src/stm32wbxx_hal_cortex.o ../../Drivers/STM32WBxx_HAL_Driver/Src/stm32wbxx_hal_dma.o ../../Drivers/STM32WBxx_HAL_Driver/Src/stm32wbxx_hal_dma_ex.o ../../Drivers/STM32WBxx_HAL_Driver/Src/stm32wbxx_hal_exti.o ../../Drivers/STM32WBxx_HAL_Driver/Src/stm32wbxx_hal_flash.o ../../Drivers/STM32WBxx_HAL_Driver/Src/stm32wbxx_hal_flash_ex.o ../../Drivers/STM32WBxx_HAL_Driver/Src/stm32wbxx_hal_gpio.o ../../Drivers/STM32WBxx_HAL_Driver/Src/stm32wbxx_hal_hsem.o ../../Drivers/STM32WBxx_HAL_Driver/Src/stm32wbxx_hal_ipcc.o ../../Drivers/STM32WBxx_HAL_Driver/Src/stm32wbxx_hal_pwr.o ../../Drivers/STM32WBxx_HAL_Driver/Src/stm32wbxx_hal_pwr_ex.o ../../Drivers/STM32WBxx_HAL_Driver/Src/stm32wbxx_hal_rcc.o ../../Drivers/STM32WBxx_HAL_Driver/Src/stm32wbxx_hal_rcc_ex.o ../../Drivers/STM32WBxx_HAL_Driver/Src/stm32wbxx_hal_rng.o ../../Drivers/STM32WBxx_HAL_Driver/Src/stm32wbxx_hal_rtc.o ../../Drivers/STM32WBxx_HAL_Driver/Src/stm32wbxx_hal_rtc_ex.o ../../Drivers/STM32WBxx_HAL_Driver/Src/stm32wbxx_hal_tim.o ../../Drivers/STM32WBxx_HAL_Driver/Src/stm32wbxx_hal_tim_ex.o ../../Drivers/STM32WBxx_HAL_Driver/Src/stm32wbxx_hal_uart.o ../../Drivers/STM32WBxx_HAL_Driver/Src/stm32wbxx_hal_uart_ex.o ../../Core/Src/system_stm32wbxx.o ../../Drivers/BSP/P-NUCLEO-WB55.Nucleo/stm32wbxx_nucleo.o ../../STM32_WPAN/App/app_ble.o ../../STM32_WPAN/App/dis_app.o ../../STM32_WPAN/App/hrs_app.o ../../STM32_WPAN/Target/hw_ipcc.o ../../Core/Src/app_debug.o ../../Core/Src/app_entry.o ../../Core/Src/app_freertos.o ../../Core/Src/freertos_port.o ../../Core/Src/hw_timerserver.o ../../Core/Src/hw_uart.o ../../Core/Src/main.o ../../Core/Src/stm32_lpm_if.o ../../Core/Src/stm32wbxx_hal_msp.o ../../Core/Src/stm32wbxx_hal_timebase_tim.o ../../Core/Src/stm32wbxx_it.o ../Application/User/Core/syscalls.o ../Application/User/Core/sysmem.o ../Application/User/Startup/startup_stm32wb55rgvx.o -std=gnu11 -DUSE_STM32WBXX_NUCLEO -DUSE_HAL_DRIVER -DSTM32WB55xx -O0 -g -ffunction-sections -fdata-sections -Wall -fstack-usage -MMD -MP  --specs=nano.specs -mfpu=fpv4-sp-d16 -mfloat-abi=hard -mthumb -mcpu=cortex-m4  -lm -T"../../STM32CubeIDE/STM32WB55RGVX_FLASH.ld" -Wl,-Map="BLE_HeartRateFreeRTOS.map" -Wl,--gc-sections -static
[2025-11-20 18:09:42] [build-stderr] /Users/jie/Documents/arm-gnu-toolchain-14.3.rel1-darwin-arm64-arm-none-eabi/bin/../lib/gcc/arm-none-eabi/14.3.1/../../../../arm-none-eabi/bin/ld: warning: BLE_HeartRateFreeRTOS.elf has a LOAD segment with RWX permissions
[2025-11-20 18:09:42] [build-stdout] 编译成功完成!
[2025-11-20 18:09:43] Plumbing command codeql database trace-command completed.
[2025-11-20 18:09:43] [PROGRESS] database create> Finalizing database at /Users/jie/Documents/workspace/lcmhalgen/LCMHalTest_DBS/DATABASE_FreeRTOSBLE_HeartRate_macbook.
[2025-11-20 18:09:43] Running plumbing command: codeql database finalize --no-db-cluster -- /Users/jie/Documents/workspace/lcmhalgen/LCMHalTest_DBS/DATABASE_FreeRTOSBLE_HeartRate_macbook
[2025-11-20 18:09:43] Using pre-finalize script /opt/homebrew/Caskroom/codeql/2.23.0/codeql/cpp/tools/pre-finalize.sh.
[2025-11-20 18:09:43] [PROGRESS] database finalize> Running pre-finalize script /opt/homebrew/Caskroom/codeql/2.23.0/codeql/cpp/tools/pre-finalize.sh in /Users/jie/Documents/workspace/lcmhalgen/LCMHalMCPServer/testcases/macbook/freertos_bleheartrate.
[2025-11-20 18:09:43] Running plumbing command: codeql database trace-command --working-dir=/Users/jie/Documents/workspace/lcmhalgen/LCMHalMCPServer/testcases/macbook/freertos_bleheartrate --no-tracing -- /Users/jie/Documents/workspace/lcmhalgen/LCMHalTest_DBS/DATABASE_FreeRTOSBLE_HeartRate_macbook /opt/homebrew/Caskroom/codeql/2.23.0/codeql/cpp/tools/pre-finalize.sh
[2025-11-20 18:09:43] [PROGRESS] database trace-command> Running command in /Users/jie/Documents/workspace/lcmhalgen/LCMHalMCPServer/testcases/macbook/freertos_bleheartrate: [/opt/homebrew/Caskroom/codeql/2.23.0/codeql/cpp/tools/pre-finalize.sh]
[2025-11-20 18:09:43] Plumbing command codeql database trace-command completed.
[2025-11-20 18:09:43] [PROGRESS] database finalize> Pre-finalize script /opt/homebrew/Caskroom/codeql/2.23.0/codeql/cpp/tools/pre-finalize.sh completed in 33 ms.
[2025-11-20 18:09:43] [PROGRESS] database finalize> Running TRAP import for CodeQL database at /Users/jie/Documents/workspace/lcmhalgen/LCMHalTest_DBS/DATABASE_FreeRTOSBLE_HeartRate_macbook...
[2025-11-20 18:09:43] Running plumbing command: codeql dataset import --dbscheme=/opt/homebrew/Caskroom/codeql/2.23.0/codeql/cpp/semmlecode.cpp.dbscheme -- /Users/jie/Documents/workspace/lcmhalgen/LCMHalTest_DBS/DATABASE_FreeRTOSBLE_HeartRate_macbook/db-cpp /Users/jie/Documents/workspace/lcmhalgen/LCMHalTest_DBS/DATABASE_FreeRTOSBLE_HeartRate_macbook/trap/cpp
[2025-11-20 18:09:43] Clearing disk cache since the version file /Users/jie/Documents/workspace/lcmhalgen/LCMHalTest_DBS/DATABASE_FreeRTOSBLE_HeartRate_macbook/db-cpp/default/cache/version does not exist
[2025-11-20 18:09:43] Tuple pool not found. Clearing relations with cached strings
[2025-11-20 18:09:43] Trimming disk cache at /Users/jie/Documents/workspace/lcmhalgen/LCMHalTest_DBS/DATABASE_FreeRTOSBLE_HeartRate_macbook/db-cpp/default/cache in mode clear.
[2025-11-20 18:09:43] Sequence stamp origin is -5979138288976859741
[2025-11-20 18:09:43] Pausing evaluation to hard-clear memory at sequence stamp o+0
[2025-11-20 18:09:43] Unpausing evaluation
[2025-11-20 18:09:43] Pausing evaluation to quickly trim disk at sequence stamp o+1
[2025-11-20 18:09:43] Unpausing evaluation
[2025-11-20 18:09:43] Pausing evaluation to zealously trim disk at sequence stamp o+2
[2025-11-20 18:09:43] Unpausing evaluation
[2025-11-20 18:09:43] Trimming completed (3ms): Purged everything.
[2025-11-20 18:09:43] Scanning for files in /Users/jie/Documents/workspace/lcmhalgen/LCMHalTest_DBS/DATABASE_FreeRTOSBLE_HeartRate_macbook/trap/cpp
[2025-11-20 18:09:43] Found 142 files on disk containing 383 TRAP files (20.57 MiB)
[2025-11-20 18:09:43] [PROGRESS] dataset import> Grouping TRAP files by link target
[2025-11-20 18:09:43] [PROGRESS] dataset import> Grouping unlinked TRAP files together
[2025-11-20 18:09:43] [PROGRESS] dataset import> Scanning TRAP files
[2025-11-20 18:09:43] Scanning app_debug.h.8887be62.trap (app_debug.c.235ab826_0.trap.tar.zst) (1 of 383)
[2025-11-20 18:09:43] Scanning app_debug.c.235ab826.trap (app_debug.c.235ab826_0.trap.tar.zst) (2 of 383)
[2025-11-20 18:09:43] Scanning ble_const.h.ad9d2d17.trap (app_entry.c.f5242728_0.trap.tar.zst) (3 of 383)
[2025-11-20 18:09:43] Scanning app_entry.c.f5242728.trap (app_entry.c.f5242728_0.trap.tar.zst) (4 of 383)
[2025-11-20 18:09:43] Scanning app_freertos.c.1a04149a.trap (app_freertos.c.1a04149a_0.trap.tar.zst) (5 of 383)
[2025-11-20 18:09:43] Scanning syslimits.h.f4a016e0.trap (freertos_port.c.6f7fa4eb_0.trap.tar.zst) (6 of 383)
[2025-11-20 18:09:43] Scanning limits.h.f2517f43.trap (freertos_port.c.6f7fa4eb_0.trap.tar.zst) (7 of 383)
[2025-11-20 18:09:43] Scanning limits.h.69813c15.trap (freertos_port.c.6f7fa4eb_0.trap.tar.zst) (8 of 383)
[2025-11-20 18:09:43] Scanning syslimits.h.c0654da8.trap (freertos_port.c.6f7fa4eb_0.trap.tar.zst) (9 of 383)
[2025-11-20 18:09:43] Scanning limits.h.150e2047.trap (freertos_port.c.6f7fa4eb_0.trap.tar.zst) (10 of 383)
[2025-11-20 18:09:43] Scanning freertos_port.c.6f7fa4eb.trap (freertos_port.c.6f7fa4eb_0.trap.tar.zst) (11 of 383)
[2025-11-20 18:09:44] Scanning hw_timerserver.c.432ec51f.trap (hw_timerserver.c.432ec51f_0.trap.tar.zst) (12 of 383)
[2025-11-20 18:09:44] Scanning hw_uart.c.2f0081e9.trap (hw_uart.c.2f0081e9_0.trap.tar.zst) (13 of 383)
[2025-11-20 18:09:44] Scanning main.c.f4a1bd3b.trap (main.c.f4a1bd3b_0.trap.tar.zst) (14 of 383)
[2025-11-20 18:09:44] Scanning stm32_lpm_if.h.3835a860.trap (stm32_lpm_if.c.893ab0ec_0.trap.tar.zst) (15 of 383)
[2025-11-20 18:09:44] Scanning stm32_lpm_if.c.893ab0ec.trap (stm32_lpm_if.c.893ab0ec_0.trap.tar.zst) (16 of 383)
[2025-11-20 18:09:44] Scanning stm32wbxx_hal_msp.c.95b4723c.trap (stm32wbxx_hal_msp.c.95b4723c_0.trap.tar.zst) (17 of 383)
[2025-11-20 18:09:44] Scanning stm32wbxx_hal_timebase_tim.c.8c1d7106.trap (stm32wbxx_hal_timebase_tim.c.8c1d7106_0.trap.tar.zst) (18 of 383)
[2025-11-20 18:09:44] Scanning stm32wbxx_it.h.dc9fca07.trap (stm32wbxx_it.c.75c206b1_0.trap.tar.zst) (19 of 383)
[2025-11-20 18:09:44] Scanning stm32wbxx_it.c.75c206b1.trap (stm32wbxx_it.c.75c206b1_0.trap.tar.zst) (20 of 383)
[2025-11-20 18:09:44] Scanning system_stm32wbxx.c.b8130b33.trap (system_stm32wbxx.c.b8130b33_0.trap.tar.zst) (21 of 383)
[2025-11-20 18:09:44] Scanning stm32wbxx_nucleo.c.c68ed657.trap (stm32wbxx_nucleo.c.c68ed657_0.trap.tar.zst) (22 of 383)
[2025-11-20 18:09:44] Scanning mpu_armv7.h.d13e078f.trap (stm32wbxx_hal.c.0321cc9e_0.trap.tar.zst) (23 of 383)
[2025-11-20 18:09:44] Scanning stm32wbxx_hal.h.2d9ed1b0.trap (stm32wbxx_hal.c.0321cc9e_0.trap.tar.zst) (24 of 383)
[2025-11-20 18:09:44] Scanning stm32wbxx_hal_def.h.9ce2bb95.trap (stm32wbxx_hal.c.0321cc9e_0.trap.tar.zst) (25 of 383)
[2025-11-20 18:09:44] Scanning stm32wbxx_hal.c.0321cc9e.trap (stm32wbxx_hal.c.0321cc9e_0.trap.tar.zst) (26 of 383)
[2025-11-20 18:09:44] Scanning stm32wbxx_hal_cortex.c.47571461.trap (stm32wbxx_hal_cortex.c.47571461_0.trap.tar.zst) (27 of 383)
[2025-11-20 18:09:44] Scanning stm32wbxx_hal_dma.c.0823cd8b.trap (stm32wbxx_hal_dma.c.0823cd8b_0.trap.tar.zst) (28 of 383)
[2025-11-20 18:09:44] Scanning stm32wbxx_hal_dma_ex.c.e64c2683.trap (stm32wbxx_hal_dma_ex.c.e64c2683_0.trap.tar.zst) (29 of 383)
[2025-11-20 18:09:44] Scanning stm32wbxx_hal_exti.c.37362397.trap (stm32wbxx_hal_exti.c.37362397_0.trap.tar.zst) (30 of 383)
[2025-11-20 18:09:44] Scanning stm32wbxx_hal_flash.c.b6f14940.trap (stm32wbxx_hal_flash.c.b6f14940_0.trap.tar.zst) (31 of 383)
[2025-11-20 18:09:44] Scanning stm32wbxx_hal_flash_ex.c.1aa3c8f6.trap (stm32wbxx_hal_flash_ex.c.1aa3c8f6_0.trap.tar.zst) (32 of 383)
[2025-11-20 18:09:44] Scanning stm32wbxx_hal_gpio.c.4470dc02.trap (stm32wbxx_hal_gpio.c.4470dc02_0.trap.tar.zst) (33 of 383)
[2025-11-20 18:09:44] Scanning stm32wbxx_hal_hsem.c.597ecc6c.trap (stm32wbxx_hal_hsem.c.597ecc6c_0.trap.tar.zst) (34 of 383)
[2025-11-20 18:09:44] Scanning stm32wbxx_hal_ipcc.c.9cbcce88.trap (stm32wbxx_hal_ipcc.c.9cbcce88_0.trap.tar.zst) (35 of 383)
[2025-11-20 18:09:44] Scanning stm32wbxx_hal_pwr.c.8aa72dcf.trap (stm32wbxx_hal_pwr.c.8aa72dcf_0.trap.tar.zst) (36 of 383)
[2025-11-20 18:09:44] Scanning stm32wbxx_hal_pwr_ex.c.91f4a82c.trap (stm32wbxx_hal_pwr_ex.c.91f4a82c_0.trap.tar.zst) (37 of 383)
[2025-11-20 18:09:44] Scanning stm32wbxx_hal_rcc.c.245c87bd.trap (stm32wbxx_hal_rcc.c.245c87bd_0.trap.tar.zst) (38 of 383)
[2025-11-20 18:09:44] Scanning stm32wbxx_hal_rcc_ex.c.9412105d.trap (stm32wbxx_hal_rcc_ex.c.9412105d_0.trap.tar.zst) (39 of 383)
[2025-11-20 18:09:44] Scanning stm32wbxx_hal_rng.c.5a93f8aa.trap (stm32wbxx_hal_rng.c.5a93f8aa_0.trap.tar.zst) (40 of 383)
[2025-11-20 18:09:44] Scanning stm32wbxx_hal_rtc.c.b3309633.trap (stm32wbxx_hal_rtc.c.b3309633_0.trap.tar.zst) (41 of 383)
[2025-11-20 18:09:44] Scanning stm32wbxx_hal_rtc_ex.c.2be3a03f.trap (stm32wbxx_hal_rtc_ex.c.2be3a03f_0.trap.tar.zst) (42 of 383)
[2025-11-20 18:09:44] Scanning stm32wbxx_hal_tim.c.aafe8cfd.trap (stm32wbxx_hal_tim.c.aafe8cfd_0.trap.tar.zst) (43 of 383)
[2025-11-20 18:09:44] Scanning stm32wbxx_hal_tim_ex.c.5cdd6688.trap (stm32wbxx_hal_tim_ex.c.5cdd6688_0.trap.tar.zst) (44 of 383)
[2025-11-20 18:09:44] Scanning stm32wbxx_hal_uart.c.88b752e3.trap (stm32wbxx_hal_uart.c.88b752e3_0.trap.tar.zst) (45 of 383)
[2025-11-20 18:09:44] Scanning stm32wbxx_hal_uart_ex.c.938d74da.trap (stm32wbxx_hal_uart_ex.c.938d74da_0.trap.tar.zst) (46 of 383)
[2025-11-20 18:09:44] Scanning ble_std.h.dfc694d7.trap (ble_gap_aci.c.df3553a7_0.trap.tar.zst) (47 of 383)
[2025-11-20 18:09:44] Scanning ble_defs.h.dfc694d7.trap (ble_gap_aci.c.df3553a7_0.trap.tar.zst) (48 of 383)
[2025-11-20 18:09:44] Scanning osal.h.4515789c.trap (ble_gap_aci.c.df3553a7_0.trap.tar.zst) (49 of 383)
[2025-11-20 18:09:44] Scanning compiler.h.6113ddee.trap (ble_gap_aci.c.df3553a7_0.trap.tar.zst) (50 of 383)
[2025-11-20 18:09:44] Scanning ble_const.h.80265214.trap (ble_gap_aci.c.df3553a7_0.trap.tar.zst) (51 of 383)
[2025-11-20 18:09:44] Scanning ble_types.h.4b8a1807.trap (ble_gap_aci.c.df3553a7_0.trap.tar.zst) (52 of 383)
[2025-11-20 18:09:44] Scanning ble_gap_aci.h.8b083ba8.trap (ble_gap_aci.c.df3553a7_0.trap.tar.zst) (53 of 383)
[2025-11-20 18:09:44] Scanning ble_gap_aci.c.df3553a7.trap (ble_gap_aci.c.df3553a7_0.trap.tar.zst) (54 of 383)
[2025-11-20 18:09:44] Scanning ble_gatt_aci.h.fdbb59b1.trap (ble_gatt_aci.c.8a6ad50d_0.trap.tar.zst) (55 of 383)
[2025-11-20 18:09:44] Scanning ble_gatt_aci.c.8a6ad50d.trap (ble_gatt_aci.c.8a6ad50d_0.trap.tar.zst) (56 of 383)
[2025-11-20 18:09:44] Scanning ble_hal_aci.h.6b74074d.trap (ble_hal_aci.c.552e4c7d_0.trap.tar.zst) (57 of 383)
[2025-11-20 18:09:44] Scanning ble_hal_aci.c.552e4c7d.trap (ble_hal_aci.c.552e4c7d_0.trap.tar.zst) (58 of 383)
[2025-11-20 18:09:44] Scanning ble_hci_le.h.6ec75a52.trap (ble_hci_le.c.920a3326_0.trap.tar.zst) (59 of 383)
[2025-11-20 18:09:44] Scanning ble_hci_le.c.920a3326.trap (ble_hci_le.c.920a3326_0.trap.tar.zst) (60 of 383)
[2025-11-20 18:09:44] Scanning ble_l2cap_aci.h.ea9d5f99.trap (ble_l2cap_aci.c.7cf5667b_0.trap.tar.zst) (61 of 383)
[2025-11-20 18:09:44] Scanning ble_l2cap_aci.c.7cf5667b.trap (ble_l2cap_aci.c.7cf5667b_0.trap.tar.zst) (62 of 383)
[2025-11-20 18:09:44] Scanning osal.c.6628c21e.trap (osal.c.6628c21e_0.trap.tar.zst) (63 of 383)
[2025-11-20 18:09:44] Scanning ble_conf.h.afaa695c.trap (dis.c.b5a97a65_0.trap.tar.zst) (64 of 383)
[2025-11-20 18:09:44] Scanning ble_dbg_conf.h.b367c07b.trap (dis.c.b5a97a65_0.trap.tar.zst) (65 of 383)
[2025-11-20 18:09:44] Scanning stm32_wpan_common.h.53e100e3.trap (dis.c.b5a97a65_0.trap.tar.zst) (66 of 383)
[2025-11-20 18:09:44] Scanning tl.h.6eb789d7.trap (dis.c.b5a97a65_0.trap.tar.zst) (67 of 383)
[2025-11-20 18:09:44] Scanning ble_common.h.ae66058a.trap (dis.c.b5a97a65_0.trap.tar.zst) (68 of 383)
[2025-11-20 18:09:44] Scanning ble_vs_codes.h.dfc694d7.trap (dis.c.b5a97a65_0.trap.tar.zst) (69 of 383)
[2025-11-20 18:09:44] Scanning compiler.h.53474cf5.trap (dis.c.b5a97a65_0.trap.tar.zst) (70 of 383)
[2025-11-20 18:09:44] Scanning ble_const.h.fccb85ba.trap (dis.c.b5a97a65_0.trap.tar.zst) (71 of 383)
[2025-11-20 18:09:44] Scanning ble_types.h.9ea5d6f1.trap (dis.c.b5a97a65_0.trap.tar.zst) (72 of 383)
[2025-11-20 18:09:44] Scanning ble_events.h.21c34221.trap (dis.c.b5a97a65_0.trap.tar.zst) (73 of 383)
[2025-11-20 18:09:44] Scanning ble_legacy.h.dfc694d7.trap (dis.c.b5a97a65_0.trap.tar.zst) (74 of 383)
[2025-11-20 18:09:44] Scanning ble_core.h.c02fc2ee.trap (dis.c.b5a97a65_0.trap.tar.zst) (75 of 383)
[2025-11-20 18:09:44] Scanning bas.h.99f614ba.trap (dis.c.b5a97a65_0.trap.tar.zst) (76 of 383)
[2025-11-20 18:09:44] Scanning bls.h.f11a98c5.trap (dis.c.b5a97a65_0.trap.tar.zst) (77 of 383)
[2025-11-20 18:09:44] Scanning crs_stm.h.ed89667e.trap (dis.c.b5a97a65_0.trap.tar.zst) (78 of 383)
[2025-11-20 18:09:44] Scanning dis.h.a630bb78.trap (dis.c.b5a97a65_0.trap.tar.zst) (79 of 383)
[2025-11-20 18:09:44] Scanning eds_stm.h.ef8495a9.trap (dis.c.b5a97a65_0.trap.tar.zst) (80 of 383)
[2025-11-20 18:09:44] Scanning hids.h.abf70a61.trap (dis.c.b5a97a65_0.trap.tar.zst) (81 of 383)
[2025-11-20 18:09:44] Scanning hrs.h.b6f56fd4.trap (dis.c.b5a97a65_0.trap.tar.zst) (82 of 383)
[2025-11-20 18:09:44] Scanning hts.h.c0435f9f.trap (dis.c.b5a97a65_0.trap.tar.zst) (83 of 383)
[2025-11-20 18:09:44] Scanning ias.h.09e776e7.trap (dis.c.b5a97a65_0.trap.tar.zst) (84 of 383)
[2025-11-20 18:09:44] Scanning lls.h.496768c2.trap (dis.c.b5a97a65_0.trap.tar.zst) (85 of 383)
[2025-11-20 18:09:44] Scanning tps.h.59aef2a1.trap (dis.c.b5a97a65_0.trap.tar.zst) (86 of 383)
[2025-11-20 18:09:44] Scanning motenv_stm.h.9fd2bd59.trap (dis.c.b5a97a65_0.trap.tar.zst) (87 of 383)
[2025-11-20 18:09:44] Scanning p2p_stm.h.fe564ccd.trap (dis.c.b5a97a65_0.trap.tar.zst) (88 of 383)
[2025-11-20 18:09:44] Scanning zdd_stm.h.526bcc84.trap (dis.c.b5a97a65_0.trap.tar.zst) (89 of 383)
[2025-11-20 18:09:44] Scanning otas_stm.h.6da607f3.trap (dis.c.b5a97a65_0.trap.tar.zst) (90 of 383)
[2025-11-20 18:09:44] Scanning mesh.h.5ca37e85.trap (dis.c.b5a97a65_0.trap.tar.zst) (91 of 383)
[2025-11-20 18:09:44] Scanning template_stm.h.d40ad468.trap (dis.c.b5a97a65_0.trap.tar.zst) (92 of 383)
[2025-11-20 18:09:44] Scanning svc_ctl.h.dcaec29b.trap (dis.c.b5a97a65_0.trap.tar.zst) (93 of 383)
[2025-11-20 18:09:44] Scanning uuid.h.dfc694d7.trap (dis.c.b5a97a65_0.trap.tar.zst) (94 of 383)
[2025-11-20 18:09:44] Scanning ble.h.cf2f6295.trap (dis.c.b5a97a65_0.trap.tar.zst) (95 of 383)
[2025-11-20 18:09:44] Scanning common_blesvc.h.e760cd5b.trap (dis.c.b5a97a65_0.trap.tar.zst) (96 of 383)
[2025-11-20 18:09:44] Scanning dis.c.b5a97a65.trap (dis.c.b5a97a65_0.trap.tar.zst) (97 of 383)
[2025-11-20 18:09:44] Scanning hrs.c.b12f50e8.trap (hrs.c.b12f50e8_0.trap.tar.zst) (98 of 383)
[2025-11-20 18:09:44] Scanning svc_ctl.c.2659aeb5.trap (svc_ctl.c.2659aeb5_0.trap.tar.zst) (99 of 383)
[2025-11-20 18:09:44] Scanning shci_tl.h.68bbb037.trap (shci.c.848013f6_0.trap.tar.zst) (100 of 383)
[2025-11-20 18:09:44] Scanning mbox_def.h.70f01241.trap (shci.c.848013f6_0.trap.tar.zst) (101 of 383)
[2025-11-20 18:09:44] Scanning shci.h.4efb1f3f.trap (shci.c.848013f6_0.trap.tar.zst) (102 of 383)
[2025-11-20 18:09:44] Scanning mpu_armv7.h.461656e4.trap (shci.c.848013f6_0.trap.tar.zst) (103 of 383)
[2025-11-20 18:09:44] Scanning core_cm4.h.cb1e88b5.trap (shci.c.848013f6_0.trap.tar.zst) (104 of 383)
[2025-11-20 18:09:44] Scanning stm32wbxx_ll_dmamux.h.e0a86f32.trap (shci.c.848013f6_0.trap.tar.zst) (105 of 383)
[2025-11-20 18:09:44] Scanning stm32wbxx_ll_dma.h.7dc2fbc2.trap (shci.c.848013f6_0.trap.tar.zst) (106 of 383)
[2025-11-20 18:09:44] Scanning stm32wbxx_ll_pwr.h.c3606a09.trap (shci.c.848013f6_0.trap.tar.zst) (107 of 383)
[2025-11-20 18:09:44] Scanning stm32wbxx_ll_exti.h.4bf7a593.trap (shci.c.848013f6_0.trap.tar.zst) (108 of 383)
[2025-11-20 18:09:44] Scanning stm32wbxx_ll_rcc.h.e0c7490d.trap (shci.c.848013f6_0.trap.tar.zst) (109 of 383)
[2025-11-20 18:09:44] Scanning stm32wbxx_ll_bus.h.eae36ca8.trap (shci.c.848013f6_0.trap.tar.zst) (110 of 383)
[2025-11-20 18:09:44] Scanning stm32wbxx_ll_crs.h.22a3daf4.trap (shci.c.848013f6_0.trap.tar.zst) (111 of 383)
[2025-11-20 18:09:44] Scanning stm32wbxx_ll_system.h.18cf0f08.trap (shci.c.848013f6_0.trap.tar.zst) (112 of 383)
[2025-11-20 18:09:44] Scanning shci.c.848013f6.trap (shci.c.848013f6_0.trap.tar.zst) (113 of 383)
[2025-11-20 18:09:44] Scanning stm_list.h.46073da4.trap (hci_tl.c.8b7fa361_0.trap.tar.zst) (114 of 383)
[2025-11-20 18:09:44] Scanning hci_tl.h.2cfa842f.trap (hci_tl.c.8b7fa361_0.trap.tar.zst) (115 of 383)
[2025-11-20 18:09:44] Scanning hci_tl.c.8b7fa361.trap (hci_tl.c.8b7fa361_0.trap.tar.zst) (116 of 383)
[2025-11-20 18:09:44] Scanning cmsis_gcc.h.5124cd37.trap (hci_tl_if.c.e8e65f09_0.trap.tar.zst) (117 of 383)
[2025-11-20 18:09:44] Scanning hci_tl_if.c.e8e65f09.trap (hci_tl_if.c.e8e65f09_0.trap.tar.zst) (118 of 383)
[2025-11-20 18:09:44] Scanning shci_tl.c.3a663e83.trap (shci_tl.c.3a663e83_0.trap.tar.zst) (119 of 383)
[2025-11-20 18:09:44] Scanning shci_tl_if.c.375779a1.trap (shci_tl_if.c.375779a1_0.trap.tar.zst) (120 of 383)
[2025-11-20 18:09:44] Scanning stm32wbxx_ll_ipcc.h.9d23e01e.trap (tl_mbox.c.65a91f80_0.trap.tar.zst) (121 of 383)
[2025-11-20 18:09:44] Scanning stm32wbxx_ll_cortex.h.d125d0a4.trap (tl_mbox.c.65a91f80_0.trap.tar.zst) (122 of 383)
[2025-11-20 18:09:44] Scanning stm32wbxx_ll_utils.h.fd91f6d6.trap (tl_mbox.c.65a91f80_0.trap.tar.zst) (123 of 383)
[2025-11-20 18:09:44] Scanning stm32wbxx_ll_hsem.h.dfdbe632.trap (tl_mbox.c.65a91f80_0.trap.tar.zst) (124 of 383)
[2025-11-20 18:09:44] Scanning stm32wbxx_ll_gpio.h.77b256c5.trap (tl_mbox.c.65a91f80_0.trap.tar.zst) (125 of 383)
[2025-11-20 18:09:44] Scanning stm32wbxx_ll_rtc.h.93ac9616.trap (tl_mbox.c.65a91f80_0.trap.tar.zst) (126 of 383)
[2025-11-20 18:09:44] Scanning tl_dbg_conf.h.83d92244.trap (tl_mbox.c.65a91f80_0.trap.tar.zst) (127 of 383)
[2025-11-20 18:09:44] Scanning tl_mbox.c.65a91f80.trap (tl_mbox.c.65a91f80_0.trap.tar.zst) (128 of 383)
[2025-11-20 18:09:44] Scanning stddef.h.70b5d22a.trap (dbg_trace.c.1b9d2d88_0.trap.tar.zst) (129 of 383)
[2025-11-20 18:09:44] Scanning stdarg.h.df84ed1e.trap (dbg_trace.c.1b9d2d88_0.trap.tar.zst) (130 of 383)
[2025-11-20 18:09:44] Scanning stdio.h.c5f347f4.trap (dbg_trace.c.1b9d2d88_0.trap.tar.zst) (131 of 383)
[2025-11-20 18:09:44] Scanning stdio.h.2b16476a.trap (dbg_trace.c.1b9d2d88_0.trap.tar.zst) (132 of 383)
[2025-11-20 18:09:44] Scanning ieeefp.h.45006e12.trap (dbg_trace.c.1b9d2d88_0.trap.tar.zst) (133 of 383)
[2025-11-20 18:09:44] Scanning stddef.h.639f141f.trap (dbg_trace.c.1b9d2d88_0.trap.tar.zst) (134 of 383)
[2025-11-20 18:09:44] Scanning stdlib.h.dfc694d7.trap (dbg_trace.c.1b9d2d88_0.trap.tar.zst) (135 of 383)
[2025-11-20 18:09:44] Scanning alloca.h.a9033fcd.trap (dbg_trace.c.1b9d2d88_0.trap.tar.zst) (136 of 383)
[2025-11-20 18:09:44] Scanning stdlib.h.64cd2b33.trap (dbg_trace.c.1b9d2d88_0.trap.tar.zst) (137 of 383)
[2025-11-20 18:09:44] Scanning stdarg.h.9cb71c37.trap (dbg_trace.c.1b9d2d88_0.trap.tar.zst) (138 of 383)
[2025-11-20 18:09:44] Scanning hw.h.e7f25835.trap (dbg_trace.c.1b9d2d88_0.trap.tar.zst) (139 of 383)
[2025-11-20 18:09:44] Scanning FreeRTOSConfig.h.ab6615ae.trap (dbg_trace.c.1b9d2d88_0.trap.tar.zst) (140 of 383)
[2025-11-20 18:09:44] Scanning hw_conf.h.a7018573.trap (dbg_trace.c.1b9d2d88_0.trap.tar.zst) (141 of 383)
[2025-11-20 18:09:44] Scanning cmsis_version.h.00521110.trap (dbg_trace.c.1b9d2d88_0.trap.tar.zst) (142 of 383)
[2025-11-20 18:09:44] Scanning cmsis_gcc.h.7e87bf41.trap (dbg_trace.c.1b9d2d88_0.trap.tar.zst) (143 of 383)
[2025-11-20 18:09:44] Scanning mpu_armv7.h.76b10986.trap (dbg_trace.c.1b9d2d88_0.trap.tar.zst) (144 of 383)
[2025-11-20 18:09:44] Scanning core_cm4.h.5d64d0ee.trap (dbg_trace.c.1b9d2d88_0.trap.tar.zst) (145 of 383)
[2025-11-20 18:09:44] Scanning system_stm32wbxx.h.b8cf240c.trap (dbg_trace.c.1b9d2d88_0.trap.tar.zst) (146 of 383)
[2025-11-20 18:09:44] Scanning stm32wb55xx.h.d36c0c7a.trap (dbg_trace.c.1b9d2d88_0.trap.tar.zst) (147 of 383)
[2025-11-20 18:09:44] Scanning stm32wbxx.h.abc58530.trap (dbg_trace.c.1b9d2d88_0.trap.tar.zst) (148 of 383)
[2025-11-20 18:09:44] Scanning stm32_hal_legacy.h.630e7470.trap (dbg_trace.c.1b9d2d88_0.trap.tar.zst) (149 of 383)
[2025-11-20 18:09:44] Scanning stm32wbxx_hal_def.h.329fbfd2.trap (dbg_trace.c.1b9d2d88_0.trap.tar.zst) (150 of 383)
[2025-11-20 18:09:44] Scanning stm32wbxx_ll_dmamux.h.6ba5b2b1.trap (dbg_trace.c.1b9d2d88_0.trap.tar.zst) (151 of 383)
[2025-11-20 18:09:44] Scanning stm32wbxx_ll_dma.h.39ee8037.trap (dbg_trace.c.1b9d2d88_0.trap.tar.zst) (152 of 383)
[2025-11-20 18:09:44] Scanning stm32wbxx_hal_dma_ex.h.74c51fb0.trap (dbg_trace.c.1b9d2d88_0.trap.tar.zst) (153 of 383)
[2025-11-20 18:09:44] Scanning stm32wbxx_hal_dma.h.617b255e.trap (dbg_trace.c.1b9d2d88_0.trap.tar.zst) (154 of 383)
[2025-11-20 18:09:44] Scanning stm32wbxx_hal_cortex.h.53df356c.trap (dbg_trace.c.1b9d2d88_0.trap.tar.zst) (155 of 383)
[2025-11-20 18:09:44] Scanning stm32wbxx_hal_exti.h.bdd0c701.trap (dbg_trace.c.1b9d2d88_0.trap.tar.zst) (156 of 383)
[2025-11-20 18:09:44] Scanning stm32wbxx_hal_flash_ex.h.346a89e3.trap (dbg_trace.c.1b9d2d88_0.trap.tar.zst) (157 of 383)
[2025-11-20 18:09:44] Scanning stm32wbxx_hal_flash.h.5983c943.trap (dbg_trace.c.1b9d2d88_0.trap.tar.zst) (158 of 383)
[2025-11-20 18:09:44] Scanning stm32wbxx_hal_gpio_ex.h.ba3e5d64.trap (dbg_trace.c.1b9d2d88_0.trap.tar.zst) (159 of 383)
[2025-11-20 18:09:44] Scanning stm32wbxx_hal_gpio.h.be608127.trap (dbg_trace.c.1b9d2d88_0.trap.tar.zst) (160 of 383)
[2025-11-20 18:09:44] Scanning stm32wbxx_hal_hsem.h.5a44fa47.trap (dbg_trace.c.1b9d2d88_0.trap.tar.zst) (161 of 383)
[2025-11-20 18:09:44] Scanning stm32wbxx_hal_ipcc.h.4436454f.trap (dbg_trace.c.1b9d2d88_0.trap.tar.zst) (162 of 383)
[2025-11-20 18:09:44] Scanning stm32wbxx_ll_pwr.h.fb96f88b.trap (dbg_trace.c.1b9d2d88_0.trap.tar.zst) (163 of 383)
[2025-11-20 18:09:44] Scanning stm32wbxx_ll_exti.h.c1ec2204.trap (dbg_trace.c.1b9d2d88_0.trap.tar.zst) (164 of 383)
[2025-11-20 18:09:44] Scanning stm32wbxx_hal_pwr_ex.h.e9883a11.trap (dbg_trace.c.1b9d2d88_0.trap.tar.zst) (165 of 383)
[2025-11-20 18:09:44] Scanning stm32wbxx_hal_pwr.h.f337c327.trap (dbg_trace.c.1b9d2d88_0.trap.tar.zst) (166 of 383)
[2025-11-20 18:09:44] Scanning stm32wbxx_ll_rcc.h.7950fd00.trap (dbg_trace.c.1b9d2d88_0.trap.tar.zst) (167 of 383)
[2025-11-20 18:09:44] Scanning stm32wbxx_ll_bus.h.a2b67c14.trap (dbg_trace.c.1b9d2d88_0.trap.tar.zst) (168 of 383)
[2025-11-20 18:09:44] Scanning stm32wbxx_ll_crs.h.98ef965b.trap (dbg_trace.c.1b9d2d88_0.trap.tar.zst) (169 of 383)
[2025-11-20 18:09:44] Scanning stm32wbxx_hal_rcc_ex.h.89926ca0.trap (dbg_trace.c.1b9d2d88_0.trap.tar.zst) (170 of 383)
[2025-11-20 18:09:44] Scanning stm32wbxx_hal_rcc.h.d6ad05b4.trap (dbg_trace.c.1b9d2d88_0.trap.tar.zst) (171 of 383)
[2025-11-20 18:09:44] Scanning stm32wbxx_hal_rng.h.b2fbd073.trap (dbg_trace.c.1b9d2d88_0.trap.tar.zst) (172 of 383)
[2025-11-20 18:09:44] Scanning stm32wbxx_hal_rtc_ex.h.2dbeb52c.trap (dbg_trace.c.1b9d2d88_0.trap.tar.zst) (173 of 383)
[2025-11-20 18:09:44] Scanning stm32wbxx_hal_rtc.h.4bdd1439.trap (dbg_trace.c.1b9d2d88_0.trap.tar.zst) (174 of 383)
[2025-11-20 18:09:44] Scanning stm32wbxx_hal_tim_ex.h.facef278.trap (dbg_trace.c.1b9d2d88_0.trap.tar.zst) (175 of 383)
[2025-11-20 18:09:44] Scanning stm32wbxx_hal_tim.h.4d728d67.trap (dbg_trace.c.1b9d2d88_0.trap.tar.zst) (176 of 383)
[2025-11-20 18:09:44] Scanning stm32wbxx_hal_uart_ex.h.f63e9b06.trap (dbg_trace.c.1b9d2d88_0.trap.tar.zst) (177 of 383)
[2025-11-20 18:09:44] Scanning stm32wbxx_hal_uart.h.32c1da39.trap (dbg_trace.c.1b9d2d88_0.trap.tar.zst) (178 of 383)
[2025-11-20 18:09:44] Scanning stm32wbxx_hal_conf.h.21373483.trap (dbg_trace.c.1b9d2d88_0.trap.tar.zst) (179 of 383)
[2025-11-20 18:09:44] Scanning stm32wbxx_ll_system.h.fed4b7ee.trap (dbg_trace.c.1b9d2d88_0.trap.tar.zst) (180 of 383)
[2025-11-20 18:09:44] Scanning stm32wbxx_hal.h.aa2beeb9.trap (dbg_trace.c.1b9d2d88_0.trap.tar.zst) (181 of 383)
[2025-11-20 18:09:44] Scanning stm32wbxx.h.9dc9583e.trap (dbg_trace.c.1b9d2d88_0.trap.tar.zst) (182 of 383)
[2025-11-20 18:09:44] Scanning stm32wbxx_ll_ipcc.h.4093f14d.trap (dbg_trace.c.1b9d2d88_0.trap.tar.zst) (183 of 383)
[2025-11-20 18:09:44] Scanning stm32wbxx_ll_cortex.h.67601435.trap (dbg_trace.c.1b9d2d88_0.trap.tar.zst) (184 of 383)
[2025-11-20 18:09:44] Scanning stm32wbxx_ll_utils.h.a3a849b5.trap (dbg_trace.c.1b9d2d88_0.trap.tar.zst) (185 of 383)
[2025-11-20 18:09:44] Scanning stm32wbxx_ll_hsem.h.4e1640a4.trap (dbg_trace.c.1b9d2d88_0.trap.tar.zst) (186 of 383)
[2025-11-20 18:09:44] Scanning stm32wbxx_ll_gpio.h.410ac731.trap (dbg_trace.c.1b9d2d88_0.trap.tar.zst) (187 of 383)
[2025-11-20 18:09:44] Scanning stm32wbxx_ll_rtc.h.2d26eb04.trap (dbg_trace.c.1b9d2d88_0.trap.tar.zst) (188 of 383)
[2025-11-20 18:09:44] Scanning stm32wbxx_nucleo_errno.h.c65ab444.trap (dbg_trace.c.1b9d2d88_0.trap.tar.zst) (189 of 383)
[2025-11-20 18:09:44] Scanning stm32wbxx_nucleo.h.761a3dc1.trap (dbg_trace.c.1b9d2d88_0.trap.tar.zst) (190 of 383)
[2025-11-20 18:09:44] Scanning hw_if.h.7befffd5.trap (dbg_trace.c.1b9d2d88_0.trap.tar.zst) (191 of 383)
[2025-11-20 18:09:44] Scanning ble_bufsize.h.1232bbc0.trap (dbg_trace.c.1b9d2d88_0.trap.tar.zst) (192 of 383)
[2025-11-20 18:09:44] Scanning app_conf.h.e4956754.trap (dbg_trace.c.1b9d2d88_0.trap.tar.zst) (193 of 383)
[2025-11-20 18:09:44] Scanning utilities_common.h.1816225d.trap (dbg_trace.c.1b9d2d88_0.trap.tar.zst) (194 of 383)
[2025-11-20 18:09:44] Scanning stm_queue.h.059942e5.trap (dbg_trace.c.1b9d2d88_0.trap.tar.zst) (195 of 383)
[2025-11-20 18:09:44] Scanning dbg_trace.h.5d742357.trap (dbg_trace.c.1b9d2d88_0.trap.tar.zst) (196 of 383)
[2025-11-20 18:09:44] Scanning dbg_trace.c.1b9d2d88.trap (dbg_trace.c.1b9d2d88_0.trap.tar.zst) (197 of 383)
[2025-11-20 18:09:44] Scanning otp.h.77d43373.trap (otp.c.c8f15912_0.trap.tar.zst) (198 of 383)
[2025-11-20 18:09:44] Scanning otp.c.c8f15912.trap (otp.c.c8f15912_0.trap.tar.zst) (199 of 383)
[2025-11-20 18:09:44] Scanning stm_list.c.8c1c7501.trap (stm_list.c.8c1c7501_0.trap.tar.zst) (200 of 383)
[2025-11-20 18:09:44] Scanning stm_queue.c.9b6c0098.trap (stm_queue.c.9b6c0098_0.trap.tar.zst) (201 of 383)
[2025-11-20 18:09:44] Scanning cmsis_os2.h.0d975bea.trap (cmsis_os2.c.991dd2a6_0.trap.tar.zst) (202 of 383)
[2025-11-20 18:09:44] Scanning cmsis_gcc.h.dfb97bf3.trap (cmsis_os2.c.991dd2a6_0.trap.tar.zst) (203 of 383)
[2025-11-20 18:09:44] Scanning projdefs.h.9cce0691.trap (cmsis_os2.c.991dd2a6_0.trap.tar.zst) (204 of 383)
[2025-11-20 18:09:44] Scanning deprecated_definitions.h.7c328ddb.trap (cmsis_os2.c.991dd2a6_0.trap.tar.zst) (205 of 383)
[2025-11-20 18:09:44] Scanning portmacro.h.9fdbe870.trap (cmsis_os2.c.991dd2a6_0.trap.tar.zst) (206 of 383)
[2025-11-20 18:09:44] Scanning mpu_wrappers.h.e493f75f.trap (cmsis_os2.c.991dd2a6_0.trap.tar.zst) (207 of 383)
[2025-11-20 18:09:44] Scanning portable.h.f487418d.trap (cmsis_os2.c.991dd2a6_0.trap.tar.zst) (208 of 383)
[2025-11-20 18:09:44] Scanning FreeRTOS.h.4296f1b8.trap (cmsis_os2.c.991dd2a6_0.trap.tar.zst) (209 of 383)
[2025-11-20 18:09:44] Scanning list.h.4f37bcf4.trap (cmsis_os2.c.991dd2a6_0.trap.tar.zst) (210 of 383)
[2025-11-20 18:09:44] Scanning task.h.89359450.trap (cmsis_os2.c.991dd2a6_0.trap.tar.zst) (211 of 383)
[2025-11-20 18:09:44] Scanning timers.h.35a05bf3.trap (cmsis_os2.c.991dd2a6_0.trap.tar.zst) (212 of 383)
[2025-11-20 18:09:44] Scanning event_groups.h.6f917d69.trap (cmsis_os2.c.991dd2a6_0.trap.tar.zst) (213 of 383)
[2025-11-20 18:09:44] Scanning queue.h.9e60c0c7.trap (cmsis_os2.c.991dd2a6_0.trap.tar.zst) (214 of 383)
[2025-11-20 18:09:44] Scanning semphr.h.e42ecff0.trap (cmsis_os2.c.991dd2a6_0.trap.tar.zst) (215 of 383)
[2025-11-20 18:09:44] Scanning freertos_mpool.h.fed0354b.trap (cmsis_os2.c.991dd2a6_0.trap.tar.zst) (216 of 383)
[2025-11-20 18:09:44] Scanning core_cm4.h.c72c92cb.trap (cmsis_os2.c.991dd2a6_0.trap.tar.zst) (217 of 383)
[2025-11-20 18:09:44] Scanning freertos_os2.h.13fbce69.trap (cmsis_os2.c.991dd2a6_0.trap.tar.zst) (218 of 383)
[2025-11-20 18:09:44] Scanning cmsis_os2.c.991dd2a6.trap (cmsis_os2.c.991dd2a6_0.trap.tar.zst) (219 of 383)
[2025-11-20 18:09:44] Scanning list.h.97054e48.trap (croutine.c.78bd44c4_0.trap.tar.zst) (220 of 383)
[2025-11-20 18:09:44] Scanning croutine.h.cd09233a.trap (croutine.c.78bd44c4_0.trap.tar.zst) (221 of 383)
[2025-11-20 18:09:44] Scanning croutine.c.78bd44c4.trap (croutine.c.78bd44c4_0.trap.tar.zst) (222 of 383)
[2025-11-20 18:09:44] Scanning stddef.h.6ca52924.trap (event_groups.c.74d2a61c_0.trap.tar.zst) (223 of 383)
[2025-11-20 18:09:44] Scanning stddef.h.f6b468e8.trap (event_groups.c.74d2a61c_0.trap.tar.zst) (224 of 383)
[2025-11-20 18:09:44] Scanning reent.h.fb9a8e33.trap (event_groups.c.74d2a61c_0.trap.tar.zst) (225 of 383)
[2025-11-20 18:09:44] Scanning event_groups.h.1af25541.trap (event_groups.c.74d2a61c_0.trap.tar.zst) (226 of 383)
[2025-11-20 18:09:44] Scanning event_groups.c.74d2a61c.trap (event_groups.c.74d2a61c_0.trap.tar.zst) (227 of 383)
[2025-11-20 18:09:44] Scanning list.c.14ac5636.trap (list.c.14ac5636_0.trap.tar.zst) (228 of 383)
[2025-11-20 18:09:44] Scanning port.c.a33dc2df.trap (port.c.a33dc2df_0.trap.tar.zst) (229 of 383)
[2025-11-20 18:09:44] Scanning heap_4.c.ccf9cf31.trap (heap_4.c.ccf9cf31_0.trap.tar.zst) (230 of 383)
[2025-11-20 18:09:44] Scanning queue.h.35534d7e.trap (queue.c.df02159a_0.trap.tar.zst) (231 of 383)
[2025-11-20 18:09:44] Scanning queue.c.df02159a.trap (queue.c.df02159a_0.trap.tar.zst) (232 of 383)
[2025-11-20 18:09:44] Scanning stream_buffer.h.0303259e.trap (stream_buffer.c.8a424919_0.trap.tar.zst) (233 of 383)
[2025-11-20 18:09:44] Scanning stream_buffer.c.8a424919.trap (stream_buffer.c.8a424919_0.trap.tar.zst) (234 of 383)
[2025-11-20 18:09:44] Scanning task.h.05b1f74b.trap (tasks.c.6f546998_0.trap.tar.zst) (235 of 383)
[2025-11-20 18:09:44] Scanning stack_macros.h.5da1057b.trap (tasks.c.6f546998_0.trap.tar.zst) (236 of 383)
[2025-11-20 18:09:44] Scanning tasks.c.6f546998.trap (tasks.c.6f546998_0.trap.tar.zst) (237 of 383)
[2025-11-20 18:09:44] Scanning timers.h.7a3644a1.trap (timers.c.586ab5c6_0.trap.tar.zst) (238 of 383)
[2025-11-20 18:09:44] Scanning timers.c.586ab5c6.trap (timers.c.586ab5c6_0.trap.tar.zst) (239 of 383)
[2025-11-20 18:09:44] Scanning reent.h.9468d4d6.trap (syscalls.c.00d62707_0.trap.tar.zst) (240 of 383)
[2025-11-20 18:09:44] Scanning stddef.h.575e70c5.trap (syscalls.c.00d62707_0.trap.tar.zst) (241 of 383)
[2025-11-20 18:09:44] Scanning time.h.f774140a.trap (syscalls.c.00d62707_0.trap.tar.zst) (242 of 383)
[2025-11-20 18:09:44] Scanning _endian.h.e4924a9b.trap (syscalls.c.00d62707_0.trap.tar.zst) (243 of 383)
[2025-11-20 18:09:44] Scanning endian.h.6adaa018.trap (syscalls.c.00d62707_0.trap.tar.zst) (244 of 383)
[2025-11-20 18:09:44] Scanning _sigset.h.1b9132e2.trap (syscalls.c.00d62707_0.trap.tar.zst) (245 of 383)
[2025-11-20 18:09:44] Scanning _timeval.h.1759955d.trap (syscalls.c.00d62707_0.trap.tar.zst) (246 of 383)
[2025-11-20 18:09:44] Scanning _timespec.h.dd27bdaa.trap (syscalls.c.00d62707_0.trap.tar.zst) (247 of 383)
[2025-11-20 18:09:44] Scanning timespec.h.8018e8e0.trap (syscalls.c.00d62707_0.trap.tar.zst) (248 of 383)
[2025-11-20 18:09:44] Scanning select.h.dc6f4c0d.trap (syscalls.c.00d62707_0.trap.tar.zst) (249 of 383)
[2025-11-20 18:09:44] Scanning sched.h.02a271da.trap (syscalls.c.00d62707_0.trap.tar.zst) (250 of 383)
[2025-11-20 18:09:44] Scanning _pthreadtypes.h.e898bf52.trap (syscalls.c.00d62707_0.trap.tar.zst) (251 of 383)
[2025-11-20 18:09:44] Scanning types.h.658ec4a9.trap (syscalls.c.00d62707_0.trap.tar.zst) (252 of 383)
[2025-11-20 18:09:44] Scanning types.h.944cba53.trap (syscalls.c.00d62707_0.trap.tar.zst) (253 of 383)
[2025-11-20 18:09:44] Scanning time.h.3f9f38dd.trap (syscalls.c.00d62707_0.trap.tar.zst) (254 of 383)
[2025-11-20 18:09:44] Scanning stat.h.3c26c024.trap (syscalls.c.00d62707_0.trap.tar.zst) (255 of 383)
[2025-11-20 18:09:44] Scanning errno.h.06eebc52.trap (syscalls.c.00d62707_0.trap.tar.zst) (256 of 383)
[2025-11-20 18:09:44] Scanning errno.h.32654baa.trap (syscalls.c.00d62707_0.trap.tar.zst) (257 of 383)
[2025-11-20 18:09:44] Scanning stdio.h.144f7662.trap (syscalls.c.00d62707_0.trap.tar.zst) (258 of 383)
[2025-11-20 18:09:44] Scanning signal.h.2f2a116f.trap (syscalls.c.00d62707_0.trap.tar.zst) (259 of 383)
[2025-11-20 18:09:44] Scanning signal.h.378b3d88.trap (syscalls.c.00d62707_0.trap.tar.zst) (260 of 383)
[2025-11-20 18:09:44] Scanning _time.h.ccfa176c.trap (syscalls.c.00d62707_0.trap.tar.zst) (261 of 383)
[2025-11-20 18:09:44] Scanning time.h.62cc6a64.trap (syscalls.c.00d62707_0.trap.tar.zst) (262 of 383)
[2025-11-20 18:09:44] Scanning times.h.ebbcd797.trap (syscalls.c.00d62707_0.trap.tar.zst) (263 of 383)
[2025-11-20 18:09:44] Scanning syscalls.c.00d62707.trap (syscalls.c.00d62707_0.trap.tar.zst) (264 of 383)
[2025-11-20 18:09:44] Scanning sysmem.c.4d07bd50.trap (sysmem.c.4d07bd50_0.trap.tar.zst) (265 of 383)
[2025-11-20 18:09:44] Scanning FreeRTOSConfig.h.50fd858b.trap (app_ble.c.1bdd84a5_0.trap.tar.zst) (266 of 383)
[2025-11-20 18:09:44] Scanning app_entry.h.10dfce5c.trap (app_ble.c.1bdd84a5_0.trap.tar.zst) (267 of 383)
[2025-11-20 18:09:44] Scanning app_common.h.d5893aae.trap (app_ble.c.1bdd84a5_0.trap.tar.zst) (268 of 383)
[2025-11-20 18:09:44] Scanning main.h.613a8329.trap (app_ble.c.1bdd84a5_0.trap.tar.zst) (269 of 383)
[2025-11-20 18:09:44] Scanning ble_const.h.4f1116bc.trap (app_ble.c.1bdd84a5_0.trap.tar.zst) (270 of 383)
[2025-11-20 18:09:44] Scanning app_ble.h.d7cba0df.trap (app_ble.c.1bdd84a5_0.trap.tar.zst) (271 of 383)
[2025-11-20 18:09:44] Scanning portmacro.h.d9e67641.trap (app_ble.c.1bdd84a5_0.trap.tar.zst) (272 of 383)
[2025-11-20 18:09:44] Scanning cmsis_os2.h.8527e6af.trap (app_ble.c.1bdd84a5_0.trap.tar.zst) (273 of 383)
[2025-11-20 18:09:44] Scanning cmsis_os.h.672ef453.trap (app_ble.c.1bdd84a5_0.trap.tar.zst) (274 of 383)
[2025-11-20 18:09:44] Scanning hrs_app.h.9007c9de.trap (app_ble.c.1bdd84a5_0.trap.tar.zst) (275 of 383)
[2025-11-20 18:09:44] Scanning dis_app.h.ed7e420d.trap (app_ble.c.1bdd84a5_0.trap.tar.zst) (276 of 383)
[2025-11-20 18:09:44] Scanning app_ble.c.1bdd84a5.trap (app_ble.c.1bdd84a5_0.trap.tar.zst) (277 of 383)
[2025-11-20 18:09:44] Scanning dis_app.c.8433ff33.trap (dis_app.c.8433ff33_0.trap.tar.zst) (278 of 383)
[2025-11-20 18:09:44] Scanning hrs_app.c.3b22f880.trap (hrs_app.c.3b22f880_0.trap.tar.zst) (279 of 383)
[2025-11-20 18:09:44] Scanning hw_ipcc.c.bd7f82c6.trap (hw_ipcc.c.bd7f82c6_0.trap.tar.zst) (280 of 383)
[2025-11-20 18:09:44] Scanning cpp_predefined.5653aa5f.trap (stm32_lpm.c.8d6c2d4a_0.trap.tar.zst) (281 of 383)
[2025-11-20 18:09:44] Scanning _newlib_version.h.dfc694d7.trap (stm32_lpm.c.8d6c2d4a_0.trap.tar.zst) (282 of 383)
[2025-11-20 18:09:44] Scanning features.h.401d6656.trap (stm32_lpm.c.8d6c2d4a_0.trap.tar.zst) (283 of 383)
[2025-11-20 18:09:44] Scanning _default_types.h.22cf78a6.trap (stm32_lpm.c.8d6c2d4a_0.trap.tar.zst) (284 of 383)
[2025-11-20 18:09:44] Scanning _intsup.h.79158e2f.trap (stm32_lpm.c.8d6c2d4a_0.trap.tar.zst) (285 of 383)
[2025-11-20 18:09:44] Scanning _stdint.h.34835988.trap (stm32_lpm.c.8d6c2d4a_0.trap.tar.zst) (286 of 383)
[2025-11-20 18:09:44] Scanning stdint.h.b2431403.trap (stm32_lpm.c.8d6c2d4a_0.trap.tar.zst) (287 of 383)
[2025-11-20 18:09:44] Scanning stdint.h.7e8a49a7.trap (stm32_lpm.c.8d6c2d4a_0.trap.tar.zst) (288 of 383)
[2025-11-20 18:09:44] Scanning stm32_lpm.h.e16e3d78.trap (stm32_lpm.c.8d6c2d4a_0.trap.tar.zst) (289 of 383)
[2025-11-20 18:09:44] Scanning cmsis_gcc.h.d49bb0e7.trap (stm32_lpm.c.8d6c2d4a_0.trap.tar.zst) (290 of 383)
[2025-11-20 18:09:44] Scanning cmsis_compiler.h.c838834c.trap (stm32_lpm.c.8d6c2d4a_0.trap.tar.zst) (291 of 383)
[2025-11-20 18:09:44] Scanning newlib.h.c4cd08dc.trap (stm32_lpm.c.8d6c2d4a_0.trap.tar.zst) (292 of 383)
[2025-11-20 18:09:44] Scanning ieeefp.h.20e4cf4c.trap (stm32_lpm.c.8d6c2d4a_0.trap.tar.zst) (293 of 383)
[2025-11-20 18:09:44] Scanning config.h.d108627a.trap (stm32_lpm.c.8d6c2d4a_0.trap.tar.zst) (294 of 383)
[2025-11-20 18:09:44] Scanning _ansi.h.309ce84b.trap (stm32_lpm.c.8d6c2d4a_0.trap.tar.zst) (295 of 383)
[2025-11-20 18:09:44] Scanning stddef.h.9f6b9e18.trap (stm32_lpm.c.8d6c2d4a_0.trap.tar.zst) (296 of 383)
[2025-11-20 18:09:44] Scanning stddef.h.f826b2a9.trap (stm32_lpm.c.8d6c2d4a_0.trap.tar.zst) (297 of 383)
[2025-11-20 18:09:44] Scanning cdefs.h.1b57af5b.trap (stm32_lpm.c.8d6c2d4a_0.trap.tar.zst) (298 of 383)
[2025-11-20 18:09:44] Scanning stddef.h.54e14f26.trap (stm32_lpm.c.8d6c2d4a_0.trap.tar.zst) (299 of 383)
[2025-11-20 18:09:44] Scanning _types.h.9f3f55e8.trap (stm32_lpm.c.8d6c2d4a_0.trap.tar.zst) (300 of 383)
[2025-11-20 18:09:44] Scanning _types.h.5812c010.trap (stm32_lpm.c.8d6c2d4a_0.trap.tar.zst) (301 of 383)
[2025-11-20 18:09:44] Scanning lock.h.b0b72e37.trap (stm32_lpm.c.8d6c2d4a_0.trap.tar.zst) (302 of 383)
[2025-11-20 18:09:44] Scanning assert.h.d72e8836.trap (stm32_lpm.c.8d6c2d4a_0.trap.tar.zst) (303 of 383)
[2025-11-20 18:09:44] Scanning reent.h.44983a14.trap (stm32_lpm.c.8d6c2d4a_0.trap.tar.zst) (304 of 383)
[2025-11-20 18:09:44] Scanning stddef.h.f5f8933d.trap (stm32_lpm.c.8d6c2d4a_0.trap.tar.zst) (305 of 383)
[2025-11-20 18:09:44] Scanning _locale.h.6f2aadd0.trap (stm32_lpm.c.8d6c2d4a_0.trap.tar.zst) (306 of 383)
[2025-11-20 18:09:44] Scanning strings.h.5623e644.trap (stm32_lpm.c.8d6c2d4a_0.trap.tar.zst) (307 of 383)
[2025-11-20 18:09:44] Scanning string.h.70317410.trap (stm32_lpm.c.8d6c2d4a_0.trap.tar.zst) (308 of 383)
[2025-11-20 18:09:44] Scanning string.h.cdd114ce.trap (stm32_lpm.c.8d6c2d4a_0.trap.tar.zst) (309 of 383)
[2025-11-20 18:09:44] Scanning utilities_conf.h.ced12bff.trap (stm32_lpm.c.8d6c2d4a_0.trap.tar.zst) (310 of 383)
[2025-11-20 18:09:44] Scanning stm32_lpm.c.8d6c2d4a.trap (stm32_lpm.c.8d6c2d4a_0.trap.tar.zst) (311 of 383)
[2025-11-20 18:09:44] Scanning 22423148_0.trap.zst (312 of 383)
[2025-11-20 18:09:44] Scanning 9208715_0.trap.zst (313 of 383)
[2025-11-20 18:09:44] Scanning 64474009_0.trap.zst (314 of 383)
[2025-11-20 18:09:44] Scanning 33625646_0.trap.zst (315 of 383)
[2025-11-20 18:09:44] Scanning 3472531_0.trap.zst (316 of 383)
[2025-11-20 18:09:44] Scanning 11683398_0.trap.zst (317 of 383)
[2025-11-20 18:09:44] Scanning 49098025_0.trap.zst (318 of 383)
[2025-11-20 18:09:44] Scanning 8562401_0.trap.zst (319 of 383)
[2025-11-20 18:09:44] Scanning 30263725_0.trap.zst (320 of 383)
[2025-11-20 18:09:44] Scanning 33204897_0.trap.zst (321 of 383)
[2025-11-20 18:09:44] Scanning 42505645_0.trap.zst (322 of 383)
[2025-11-20 18:09:44] Scanning 12836390_0.trap.zst (323 of 383)
[2025-11-20 18:09:44] Scanning 14160875_0.trap.zst (324 of 383)
[2025-11-20 18:09:44] Scanning 17951824_0.trap.zst (325 of 383)
[2025-11-20 18:09:44] Scanning 51837388_0.trap.zst (326 of 383)
[2025-11-20 18:09:44] Scanning 67098749_0.trap.zst (327 of 383)
[2025-11-20 18:09:44] Scanning 2432034_0.trap.zst (328 of 383)
[2025-11-20 18:09:44] Scanning 4348857_0.trap.zst (329 of 383)
[2025-11-20 18:09:44] Scanning 57087170_0.trap.zst (330 of 383)
[2025-11-20 18:09:44] Scanning 16771420_0.trap.zst (331 of 383)
[2025-11-20 18:09:44] Scanning 58603080_0.trap.zst (332 of 383)
[2025-11-20 18:09:44] Scanning 43289941_0.trap.zst (333 of 383)
[2025-11-20 18:09:44] Scanning 35221086_0.trap.zst (334 of 383)
[2025-11-20 18:09:44] Scanning 42189598_0.trap.zst (335 of 383)
[2025-11-20 18:09:44] Scanning 19109929_0.trap.zst (336 of 383)
[2025-11-20 18:09:44] Scanning 27888435_0.trap.zst (337 of 383)
[2025-11-20 18:09:44] Scanning 39800762_0.trap.zst (338 of 383)
[2025-11-20 18:09:44] Scanning 20237938_0.trap.zst (339 of 383)
[2025-11-20 18:09:44] Scanning 4180637_0.trap.zst (340 of 383)
[2025-11-20 18:09:44] Scanning 33245101_0.trap.zst (341 of 383)
[2025-11-20 18:09:44] Scanning 41316256_0.trap.zst (342 of 383)
[2025-11-20 18:09:44] Scanning 42535349_0.trap.zst (343 of 383)
[2025-11-20 18:09:44] Scanning 62552684_0.trap.zst (344 of 383)
[2025-11-20 18:09:44] Scanning 47909086_0.trap.zst (345 of 383)
[2025-11-20 18:09:44] Scanning 61725651_0.trap.zst (346 of 383)
[2025-11-20 18:09:44] Scanning 4677536_0.trap.zst (347 of 383)
[2025-11-20 18:09:44] Scanning 5071952_0.trap.zst (348 of 383)
[2025-11-20 18:09:44] Scanning 56164080_0.trap.zst (349 of 383)
[2025-11-20 18:09:44] Scanning 38073081_0.trap.zst (350 of 383)
[2025-11-20 18:09:44] Scanning 45326168_0.trap.zst (351 of 383)
[2025-11-20 18:09:44] Scanning 5790962_0.trap.zst (352 of 383)
[2025-11-20 18:09:44] Scanning 56367693_0.trap.zst (353 of 383)
[2025-11-20 18:09:44] Scanning 25201542_0.trap.zst (354 of 383)
[2025-11-20 18:09:44] Scanning 32086115_0.trap.zst (355 of 383)
[2025-11-20 18:09:44] Scanning 44640602_0.trap.zst (356 of 383)
[2025-11-20 18:09:44] Scanning 10815501_0.trap.zst (357 of 383)
[2025-11-20 18:09:44] Scanning 40528284_0.trap.zst (358 of 383)
[2025-11-20 18:09:44] Scanning 27528124_0.trap.zst (359 of 383)
[2025-11-20 18:09:44] Scanning 38801984_0.trap.zst (360 of 383)
[2025-11-20 18:09:44] Scanning 44105967_0.trap.zst (361 of 383)
[2025-11-20 18:09:44] Scanning 58315044_0.trap.zst (362 of 383)
[2025-11-20 18:09:44] Scanning 22610747_0.trap.zst (363 of 383)
[2025-11-20 18:09:44] Scanning 38568741_0.trap.zst (364 of 383)
[2025-11-20 18:09:45] Scanning 41241822_0.trap.zst (365 of 383)
[2025-11-20 18:09:45] Scanning 16879865_0.trap.zst (366 of 383)
[2025-11-20 18:09:45] Scanning 9322577_0.trap.zst (367 of 383)
[2025-11-20 18:09:45] Scanning 5612731_0.trap.zst (368 of 383)
[2025-11-20 18:09:45] Scanning 20280442_0.trap.zst (369 of 383)
[2025-11-20 18:09:45] Scanning 65180946_0.trap.zst (370 of 383)
[2025-11-20 18:09:45] Scanning 62168923_0.trap.zst (371 of 383)
[2025-11-20 18:09:45] Scanning 28291134_0.trap.zst (372 of 383)
[2025-11-20 18:09:45] Scanning 55501117_0.trap.zst (373 of 383)
[2025-11-20 18:09:45] Scanning 52585954_0.trap.zst (374 of 383)
[2025-11-20 18:09:45] Scanning 63561038_0.trap.zst (375 of 383)
[2025-11-20 18:09:45] Scanning 28706182_0.trap.zst (376 of 383)
[2025-11-20 18:09:45] Scanning 35073373_0.trap.zst (377 of 383)
[2025-11-20 18:09:45] Scanning 31862968_0.trap.zst (378 of 383)
[2025-11-20 18:09:45] Scanning 34210020_0.trap.zst (379 of 383)
[2025-11-20 18:09:45] Scanning 34916975_0.trap.zst (380 of 383)
[2025-11-20 18:09:45] Scanning 53573769_0.trap.zst (381 of 383)
[2025-11-20 18:09:45] Scanning metadata.trap.gz (382 of 383)
[2025-11-20 18:09:45] Scanning BLE_HeartRateFreeRTOS.elf.trap.zst (383 of 383)
[2025-11-20 18:09:45] [WARN] Non-unique implementations of @"fun_decl_vPortSuppressTicksAndSleep(?)": /Users/jie/Documents/workspace/lcmhalgen/posixGen_Demos/BLE_HeartRateFreeRTOS/Core/Src/freertos_port.c[72ceee23];lib_linux_i686, /Users/jie/Documents/workspace/lcmhalgen/posixGen_Demos/BLE_HeartRateFreeRTOS/Core/Src/app_freertos.c[00000000];lib_linux_i686
[2025-11-20 18:09:45] [WARN] Non-unique implementations of @"fun_decl_HAL_ResumeTick(?)": /Users/jie/Documents/workspace/lcmhalgen/posixGen_Demos/BLE_HeartRateFreeRTOS/Drivers/STM32WBxx_HAL_Driver/Src/stm32wbxx_hal.c[49a58daf];lib_linux_i686, /Users/jie/Documents/workspace/lcmhalgen/posixGen_Demos/BLE_HeartRateFreeRTOS/Core/Src/stm32wbxx_hal_timebase_tim.c[6e01c6c9];lib_linux_i686
[2025-11-20 18:09:45] [WARN] Non-unique implementations of @"fun_decl_HAL_SuspendTick(?)": /Users/jie/Documents/workspace/lcmhalgen/posixGen_Demos/BLE_HeartRateFreeRTOS/Drivers/STM32WBxx_HAL_Driver/Src/stm32wbxx_hal.c[b92b8523];lib_linux_i686, /Users/jie/Documents/workspace/lcmhalgen/posixGen_Demos/BLE_HeartRateFreeRTOS/Core/Src/stm32wbxx_hal_timebase_tim.c[16b985f3];lib_linux_i686
[2025-11-20 18:09:45] [WARN] Non-unique implementations of @"fun_decl_HAL_Delay(?)": /Users/jie/Documents/workspace/lcmhalgen/posixGen_Demos/BLE_HeartRateFreeRTOS/Drivers/STM32WBxx_HAL_Driver/Src/stm32wbxx_hal.c[832b512d];lib_linux_i686, /Users/jie/Documents/workspace/lcmhalgen/posixGen_Demos/BLE_HeartRateFreeRTOS/Core/Src/app_entry.c[27260435];lib_linux_i686
[2025-11-20 18:09:45] [WARN] Non-unique implementations of @"fun_decl_HAL_InitTick(?)": /Users/jie/Documents/workspace/lcmhalgen/posixGen_Demos/BLE_HeartRateFreeRTOS/Drivers/STM32WBxx_HAL_Driver/Src/stm32wbxx_hal.c[00d184b3];lib_linux_i686, /Users/jie/Documents/workspace/lcmhalgen/posixGen_Demos/BLE_HeartRateFreeRTOS/Core/Src/stm32wbxx_hal_timebase_tim.c[5a6f9b6a];lib_linux_i686
[2025-11-20 18:09:45] [WARN] Non-unique implementations of @"fun_decl_HAL_MspInit(?)": /Users/jie/Documents/workspace/lcmhalgen/posixGen_Demos/BLE_HeartRateFreeRTOS/Drivers/STM32WBxx_HAL_Driver/Src/stm32wbxx_hal.c[00000000];lib_linux_i686, /Users/jie/Documents/workspace/lcmhalgen/posixGen_Demos/BLE_HeartRateFreeRTOS/Core/Src/stm32wbxx_hal_msp.c[d7b3ff4f];lib_linux_i686
[2025-11-20 18:09:45] [WARN] Non-unique implementations of @"fun_decl_HAL_GPIO_EXTI_Callback(?)": /Users/jie/Documents/workspace/lcmhalgen/posixGen_Demos/BLE_HeartRateFreeRTOS/Drivers/STM32WBxx_HAL_Driver/Src/stm32wbxx_hal_gpio.c[cfc27eb5];lib_linux_i686, /Users/jie/Documents/workspace/lcmhalgen/posixGen_Demos/BLE_HeartRateFreeRTOS/Core/Src/app_entry.c[01f558b8];lib_linux_i686
[2025-11-20 18:09:45] [WARN] Non-unique implementations of @"fun_decl_HAL_IPCC_MspDeInit(?)": /Users/jie/Documents/workspace/lcmhalgen/posixGen_Demos/BLE_HeartRateFreeRTOS/Drivers/STM32WBxx_HAL_Driver/Src/stm32wbxx_hal_ipcc.c[cfc27eb5];lib_linux_i686, /Users/jie/Documents/workspace/lcmhalgen/posixGen_Demos/BLE_HeartRateFreeRTOS/Core/Src/stm32wbxx_hal_msp.c[4259e92b];lib_linux_i686
[2025-11-20 18:09:45] [WARN] Non-unique implementations of @"fun_decl_HAL_IPCC_MspInit(?)": /Users/jie/Documents/workspace/lcmhalgen/posixGen_Demos/BLE_HeartRateFreeRTOS/Drivers/STM32WBxx_HAL_Driver/Src/stm32wbxx_hal_ipcc.c[cfc27eb5];lib_linux_i686, /Users/jie/Documents/workspace/lcmhalgen/posixGen_Demos/BLE_HeartRateFreeRTOS/Core/Src/stm32wbxx_hal_msp.c[e090a39f];lib_linux_i686
[2025-11-20 18:09:45] [WARN] Non-unique implementations of @"fun_decl_HAL_RNG_MspDeInit(?)": /Users/jie/Documents/workspace/lcmhalgen/posixGen_Demos/BLE_HeartRateFreeRTOS/Drivers/STM32WBxx_HAL_Driver/Src/stm32wbxx_hal_rng.c[cfc27eb5];lib_linux_i686, /Users/jie/Documents/workspace/lcmhalgen/posixGen_Demos/BLE_HeartRateFreeRTOS/Core/Src/stm32wbxx_hal_msp.c[3bc39483];lib_linux_i686
[2025-11-20 18:09:45] [WARN] Total of 30 non-unique implementations encountered.
[2025-11-20 18:09:45] [PROGRESS] dataset import> Importing TRAP files
[2025-11-20 18:09:45] Importing app_debug.h.8887be62.trap (app_debug.c.235ab826_0.trap.tar.zst) for no link target (1 of 383)
[2025-11-20 18:09:45] Importing app_debug.c.235ab826.trap (app_debug.c.235ab826_0.trap.tar.zst) for no link target (2 of 383)
[2025-11-20 18:09:45] Importing ble_const.h.ad9d2d17.trap (app_entry.c.f5242728_0.trap.tar.zst) for no link target (3 of 383)
[2025-11-20 18:09:45] Importing app_entry.c.f5242728.trap (app_entry.c.f5242728_0.trap.tar.zst) for no link target (4 of 383)
[2025-11-20 18:09:45] Importing app_freertos.c.1a04149a.trap (app_freertos.c.1a04149a_0.trap.tar.zst) for no link target (5 of 383)
[2025-11-20 18:09:45] Importing syslimits.h.f4a016e0.trap (freertos_port.c.6f7fa4eb_0.trap.tar.zst) for no link target (6 of 383)
[2025-11-20 18:09:45] Importing limits.h.f2517f43.trap (freertos_port.c.6f7fa4eb_0.trap.tar.zst) for no link target (7 of 383)
[2025-11-20 18:09:45] Importing limits.h.69813c15.trap (freertos_port.c.6f7fa4eb_0.trap.tar.zst) for no link target (8 of 383)
[2025-11-20 18:09:45] Importing syslimits.h.c0654da8.trap (freertos_port.c.6f7fa4eb_0.trap.tar.zst) for no link target (9 of 383)
[2025-11-20 18:09:45] Importing limits.h.150e2047.trap (freertos_port.c.6f7fa4eb_0.trap.tar.zst) for no link target (10 of 383)
[2025-11-20 18:09:45] Importing freertos_port.c.6f7fa4eb.trap (freertos_port.c.6f7fa4eb_0.trap.tar.zst) for no link target (11 of 383)
[2025-11-20 18:09:45] Importing hw_timerserver.c.432ec51f.trap (hw_timerserver.c.432ec51f_0.trap.tar.zst) for no link target (12 of 383)
[2025-11-20 18:09:45] Importing hw_uart.c.2f0081e9.trap (hw_uart.c.2f0081e9_0.trap.tar.zst) for no link target (13 of 383)
[2025-11-20 18:09:45] Importing main.c.f4a1bd3b.trap (main.c.f4a1bd3b_0.trap.tar.zst) for no link target (14 of 383)
[2025-11-20 18:09:45] Importing stm32_lpm_if.h.3835a860.trap (stm32_lpm_if.c.893ab0ec_0.trap.tar.zst) for no link target (15 of 383)
[2025-11-20 18:09:45] Importing stm32_lpm_if.c.893ab0ec.trap (stm32_lpm_if.c.893ab0ec_0.trap.tar.zst) for no link target (16 of 383)
[2025-11-20 18:09:45] Importing stm32wbxx_hal_msp.c.95b4723c.trap (stm32wbxx_hal_msp.c.95b4723c_0.trap.tar.zst) for no link target (17 of 383)
[2025-11-20 18:09:45] Importing stm32wbxx_hal_timebase_tim.c.8c1d7106.trap (stm32wbxx_hal_timebase_tim.c.8c1d7106_0.trap.tar.zst) for no link target (18 of 383)
[2025-11-20 18:09:45] Importing stm32wbxx_it.h.dc9fca07.trap (stm32wbxx_it.c.75c206b1_0.trap.tar.zst) for no link target (19 of 383)
[2025-11-20 18:09:45] Importing stm32wbxx_it.c.75c206b1.trap (stm32wbxx_it.c.75c206b1_0.trap.tar.zst) for no link target (20 of 383)
[2025-11-20 18:09:45] Importing system_stm32wbxx.c.b8130b33.trap (system_stm32wbxx.c.b8130b33_0.trap.tar.zst) for no link target (21 of 383)
[2025-11-20 18:09:45] Importing stm32wbxx_nucleo.c.c68ed657.trap (stm32wbxx_nucleo.c.c68ed657_0.trap.tar.zst) for no link target (22 of 383)
[2025-11-20 18:09:45] Importing mpu_armv7.h.d13e078f.trap (stm32wbxx_hal.c.0321cc9e_0.trap.tar.zst) for no link target (23 of 383)
[2025-11-20 18:09:45] Importing stm32wbxx_hal.h.2d9ed1b0.trap (stm32wbxx_hal.c.0321cc9e_0.trap.tar.zst) for no link target (24 of 383)
[2025-11-20 18:09:45] Importing stm32wbxx_hal_def.h.9ce2bb95.trap (stm32wbxx_hal.c.0321cc9e_0.trap.tar.zst) for no link target (25 of 383)
[2025-11-20 18:09:45] Importing stm32wbxx_hal.c.0321cc9e.trap (stm32wbxx_hal.c.0321cc9e_0.trap.tar.zst) for no link target (26 of 383)
[2025-11-20 18:09:45] Importing stm32wbxx_hal_cortex.c.47571461.trap (stm32wbxx_hal_cortex.c.47571461_0.trap.tar.zst) for no link target (27 of 383)
[2025-11-20 18:09:45] Importing stm32wbxx_hal_dma.c.0823cd8b.trap (stm32wbxx_hal_dma.c.0823cd8b_0.trap.tar.zst) for no link target (28 of 383)
[2025-11-20 18:09:45] Importing stm32wbxx_hal_dma_ex.c.e64c2683.trap (stm32wbxx_hal_dma_ex.c.e64c2683_0.trap.tar.zst) for no link target (29 of 383)
[2025-11-20 18:09:45] Importing stm32wbxx_hal_exti.c.37362397.trap (stm32wbxx_hal_exti.c.37362397_0.trap.tar.zst) for no link target (30 of 383)
[2025-11-20 18:09:45] Importing stm32wbxx_hal_flash.c.b6f14940.trap (stm32wbxx_hal_flash.c.b6f14940_0.trap.tar.zst) for no link target (31 of 383)
[2025-11-20 18:09:45] Importing stm32wbxx_hal_flash_ex.c.1aa3c8f6.trap (stm32wbxx_hal_flash_ex.c.1aa3c8f6_0.trap.tar.zst) for no link target (32 of 383)
[2025-11-20 18:09:45] Importing stm32wbxx_hal_gpio.c.4470dc02.trap (stm32wbxx_hal_gpio.c.4470dc02_0.trap.tar.zst) for no link target (33 of 383)
[2025-11-20 18:09:45] Importing stm32wbxx_hal_hsem.c.597ecc6c.trap (stm32wbxx_hal_hsem.c.597ecc6c_0.trap.tar.zst) for no link target (34 of 383)
[2025-11-20 18:09:45] Importing stm32wbxx_hal_ipcc.c.9cbcce88.trap (stm32wbxx_hal_ipcc.c.9cbcce88_0.trap.tar.zst) for no link target (35 of 383)
[2025-11-20 18:09:45] Importing stm32wbxx_hal_pwr.c.8aa72dcf.trap (stm32wbxx_hal_pwr.c.8aa72dcf_0.trap.tar.zst) for no link target (36 of 383)
[2025-11-20 18:09:45] Importing stm32wbxx_hal_pwr_ex.c.91f4a82c.trap (stm32wbxx_hal_pwr_ex.c.91f4a82c_0.trap.tar.zst) for no link target (37 of 383)
[2025-11-20 18:09:45] Importing stm32wbxx_hal_rcc.c.245c87bd.trap (stm32wbxx_hal_rcc.c.245c87bd_0.trap.tar.zst) for no link target (38 of 383)
[2025-11-20 18:09:45] Importing stm32wbxx_hal_rcc_ex.c.9412105d.trap (stm32wbxx_hal_rcc_ex.c.9412105d_0.trap.tar.zst) for no link target (39 of 383)
[2025-11-20 18:09:45] Importing stm32wbxx_hal_rng.c.5a93f8aa.trap (stm32wbxx_hal_rng.c.5a93f8aa_0.trap.tar.zst) for no link target (40 of 383)
[2025-11-20 18:09:45] Importing stm32wbxx_hal_rtc.c.b3309633.trap (stm32wbxx_hal_rtc.c.b3309633_0.trap.tar.zst) for no link target (41 of 383)
[2025-11-20 18:09:45] Importing stm32wbxx_hal_rtc_ex.c.2be3a03f.trap (stm32wbxx_hal_rtc_ex.c.2be3a03f_0.trap.tar.zst) for no link target (42 of 383)
[2025-11-20 18:09:45] Importing stm32wbxx_hal_tim.c.aafe8cfd.trap (stm32wbxx_hal_tim.c.aafe8cfd_0.trap.tar.zst) for no link target (43 of 383)
[2025-11-20 18:09:45] Importing stm32wbxx_hal_tim_ex.c.5cdd6688.trap (stm32wbxx_hal_tim_ex.c.5cdd6688_0.trap.tar.zst) for no link target (44 of 383)
[2025-11-20 18:09:45] Importing stm32wbxx_hal_uart.c.88b752e3.trap (stm32wbxx_hal_uart.c.88b752e3_0.trap.tar.zst) for no link target (45 of 383)
[2025-11-20 18:09:45] Importing stm32wbxx_hal_uart_ex.c.938d74da.trap (stm32wbxx_hal_uart_ex.c.938d74da_0.trap.tar.zst) for no link target (46 of 383)
[2025-11-20 18:09:45] Importing ble_std.h.dfc694d7.trap (ble_gap_aci.c.df3553a7_0.trap.tar.zst) for no link target (47 of 383)
[2025-11-20 18:09:45] Importing ble_defs.h.dfc694d7.trap (ble_gap_aci.c.df3553a7_0.trap.tar.zst) for no link target (48 of 383)
[2025-11-20 18:09:45] Importing osal.h.4515789c.trap (ble_gap_aci.c.df3553a7_0.trap.tar.zst) for no link target (49 of 383)
[2025-11-20 18:09:45] Importing compiler.h.6113ddee.trap (ble_gap_aci.c.df3553a7_0.trap.tar.zst) for no link target (50 of 383)
[2025-11-20 18:09:45] Importing ble_const.h.80265214.trap (ble_gap_aci.c.df3553a7_0.trap.tar.zst) for no link target (51 of 383)
[2025-11-20 18:09:45] Importing ble_types.h.4b8a1807.trap (ble_gap_aci.c.df3553a7_0.trap.tar.zst) for no link target (52 of 383)
[2025-11-20 18:09:46] Importing ble_gap_aci.h.8b083ba8.trap (ble_gap_aci.c.df3553a7_0.trap.tar.zst) for no link target (53 of 383)
[2025-11-20 18:09:46] Importing ble_gap_aci.c.df3553a7.trap (ble_gap_aci.c.df3553a7_0.trap.tar.zst) for no link target (54 of 383)
[2025-11-20 18:09:46] Importing ble_gatt_aci.h.fdbb59b1.trap (ble_gatt_aci.c.8a6ad50d_0.trap.tar.zst) for no link target (55 of 383)
[2025-11-20 18:09:46] Importing ble_gatt_aci.c.8a6ad50d.trap (ble_gatt_aci.c.8a6ad50d_0.trap.tar.zst) for no link target (56 of 383)
[2025-11-20 18:09:46] Importing ble_hal_aci.h.6b74074d.trap (ble_hal_aci.c.552e4c7d_0.trap.tar.zst) for no link target (57 of 383)
[2025-11-20 18:09:46] Importing ble_hal_aci.c.552e4c7d.trap (ble_hal_aci.c.552e4c7d_0.trap.tar.zst) for no link target (58 of 383)
[2025-11-20 18:09:46] Importing ble_hci_le.h.6ec75a52.trap (ble_hci_le.c.920a3326_0.trap.tar.zst) for no link target (59 of 383)
[2025-11-20 18:09:46] Importing ble_hci_le.c.920a3326.trap (ble_hci_le.c.920a3326_0.trap.tar.zst) for no link target (60 of 383)
[2025-11-20 18:09:46] Importing ble_l2cap_aci.h.ea9d5f99.trap (ble_l2cap_aci.c.7cf5667b_0.trap.tar.zst) for no link target (61 of 383)
[2025-11-20 18:09:46] Importing ble_l2cap_aci.c.7cf5667b.trap (ble_l2cap_aci.c.7cf5667b_0.trap.tar.zst) for no link target (62 of 383)
[2025-11-20 18:09:46] Importing osal.c.6628c21e.trap (osal.c.6628c21e_0.trap.tar.zst) for no link target (63 of 383)
[2025-11-20 18:09:46] Importing ble_conf.h.afaa695c.trap (dis.c.b5a97a65_0.trap.tar.zst) for no link target (64 of 383)
[2025-11-20 18:09:46] Importing ble_dbg_conf.h.b367c07b.trap (dis.c.b5a97a65_0.trap.tar.zst) for no link target (65 of 383)
[2025-11-20 18:09:46] Importing stm32_wpan_common.h.53e100e3.trap (dis.c.b5a97a65_0.trap.tar.zst) for no link target (66 of 383)
[2025-11-20 18:09:46] Importing tl.h.6eb789d7.trap (dis.c.b5a97a65_0.trap.tar.zst) for no link target (67 of 383)
[2025-11-20 18:09:46] Importing ble_common.h.ae66058a.trap (dis.c.b5a97a65_0.trap.tar.zst) for no link target (68 of 383)
[2025-11-20 18:09:46] Importing ble_vs_codes.h.dfc694d7.trap (dis.c.b5a97a65_0.trap.tar.zst) for no link target (69 of 383)
[2025-11-20 18:09:46] Importing compiler.h.53474cf5.trap (dis.c.b5a97a65_0.trap.tar.zst) for no link target (70 of 383)
[2025-11-20 18:09:46] Importing ble_const.h.fccb85ba.trap (dis.c.b5a97a65_0.trap.tar.zst) for no link target (71 of 383)
[2025-11-20 18:09:46] Importing ble_types.h.9ea5d6f1.trap (dis.c.b5a97a65_0.trap.tar.zst) for no link target (72 of 383)
[2025-11-20 18:09:46] Importing ble_events.h.21c34221.trap (dis.c.b5a97a65_0.trap.tar.zst) for no link target (73 of 383)
[2025-11-20 18:09:46] Importing ble_legacy.h.dfc694d7.trap (dis.c.b5a97a65_0.trap.tar.zst) for no link target (74 of 383)
[2025-11-20 18:09:46] Importing ble_core.h.c02fc2ee.trap (dis.c.b5a97a65_0.trap.tar.zst) for no link target (75 of 383)
[2025-11-20 18:09:46] Importing bas.h.99f614ba.trap (dis.c.b5a97a65_0.trap.tar.zst) for no link target (76 of 383)
[2025-11-20 18:09:46] Importing bls.h.f11a98c5.trap (dis.c.b5a97a65_0.trap.tar.zst) for no link target (77 of 383)
[2025-11-20 18:09:46] Importing crs_stm.h.ed89667e.trap (dis.c.b5a97a65_0.trap.tar.zst) for no link target (78 of 383)
[2025-11-20 18:09:46] Importing dis.h.a630bb78.trap (dis.c.b5a97a65_0.trap.tar.zst) for no link target (79 of 383)
[2025-11-20 18:09:46] Importing eds_stm.h.ef8495a9.trap (dis.c.b5a97a65_0.trap.tar.zst) for no link target (80 of 383)
[2025-11-20 18:09:46] Importing hids.h.abf70a61.trap (dis.c.b5a97a65_0.trap.tar.zst) for no link target (81 of 383)
[2025-11-20 18:09:46] Importing hrs.h.b6f56fd4.trap (dis.c.b5a97a65_0.trap.tar.zst) for no link target (82 of 383)
[2025-11-20 18:09:46] Importing hts.h.c0435f9f.trap (dis.c.b5a97a65_0.trap.tar.zst) for no link target (83 of 383)
[2025-11-20 18:09:46] Importing ias.h.09e776e7.trap (dis.c.b5a97a65_0.trap.tar.zst) for no link target (84 of 383)
[2025-11-20 18:09:46] Importing lls.h.496768c2.trap (dis.c.b5a97a65_0.trap.tar.zst) for no link target (85 of 383)
[2025-11-20 18:09:46] Importing tps.h.59aef2a1.trap (dis.c.b5a97a65_0.trap.tar.zst) for no link target (86 of 383)
[2025-11-20 18:09:46] Importing motenv_stm.h.9fd2bd59.trap (dis.c.b5a97a65_0.trap.tar.zst) for no link target (87 of 383)
[2025-11-20 18:09:46] Importing p2p_stm.h.fe564ccd.trap (dis.c.b5a97a65_0.trap.tar.zst) for no link target (88 of 383)
[2025-11-20 18:09:46] Importing zdd_stm.h.526bcc84.trap (dis.c.b5a97a65_0.trap.tar.zst) for no link target (89 of 383)
[2025-11-20 18:09:46] Importing otas_stm.h.6da607f3.trap (dis.c.b5a97a65_0.trap.tar.zst) for no link target (90 of 383)
[2025-11-20 18:09:46] Importing mesh.h.5ca37e85.trap (dis.c.b5a97a65_0.trap.tar.zst) for no link target (91 of 383)
[2025-11-20 18:09:46] Importing template_stm.h.d40ad468.trap (dis.c.b5a97a65_0.trap.tar.zst) for no link target (92 of 383)
[2025-11-20 18:09:46] Importing svc_ctl.h.dcaec29b.trap (dis.c.b5a97a65_0.trap.tar.zst) for no link target (93 of 383)
[2025-11-20 18:09:46] Importing uuid.h.dfc694d7.trap (dis.c.b5a97a65_0.trap.tar.zst) for no link target (94 of 383)
[2025-11-20 18:09:46] Importing ble.h.cf2f6295.trap (dis.c.b5a97a65_0.trap.tar.zst) for no link target (95 of 383)
[2025-11-20 18:09:46] Importing common_blesvc.h.e760cd5b.trap (dis.c.b5a97a65_0.trap.tar.zst) for no link target (96 of 383)
[2025-11-20 18:09:46] Importing dis.c.b5a97a65.trap (dis.c.b5a97a65_0.trap.tar.zst) for no link target (97 of 383)
[2025-11-20 18:09:46] Importing hrs.c.b12f50e8.trap (hrs.c.b12f50e8_0.trap.tar.zst) for no link target (98 of 383)
[2025-11-20 18:09:46] Importing svc_ctl.c.2659aeb5.trap (svc_ctl.c.2659aeb5_0.trap.tar.zst) for no link target (99 of 383)
[2025-11-20 18:09:46] Importing shci_tl.h.68bbb037.trap (shci.c.848013f6_0.trap.tar.zst) for no link target (100 of 383)
[2025-11-20 18:09:46] Importing mbox_def.h.70f01241.trap (shci.c.848013f6_0.trap.tar.zst) for no link target (101 of 383)
[2025-11-20 18:09:46] Importing shci.h.4efb1f3f.trap (shci.c.848013f6_0.trap.tar.zst) for no link target (102 of 383)
[2025-11-20 18:09:46] Importing mpu_armv7.h.461656e4.trap (shci.c.848013f6_0.trap.tar.zst) for no link target (103 of 383)
[2025-11-20 18:09:46] Importing core_cm4.h.cb1e88b5.trap (shci.c.848013f6_0.trap.tar.zst) for no link target (104 of 383)
[2025-11-20 18:09:46] Importing stm32wbxx_ll_dmamux.h.e0a86f32.trap (shci.c.848013f6_0.trap.tar.zst) for no link target (105 of 383)
[2025-11-20 18:09:46] Importing stm32wbxx_ll_dma.h.7dc2fbc2.trap (shci.c.848013f6_0.trap.tar.zst) for no link target (106 of 383)
[2025-11-20 18:09:46] Importing stm32wbxx_ll_pwr.h.c3606a09.trap (shci.c.848013f6_0.trap.tar.zst) for no link target (107 of 383)
[2025-11-20 18:09:46] Importing stm32wbxx_ll_exti.h.4bf7a593.trap (shci.c.848013f6_0.trap.tar.zst) for no link target (108 of 383)
[2025-11-20 18:09:46] Importing stm32wbxx_ll_rcc.h.e0c7490d.trap (shci.c.848013f6_0.trap.tar.zst) for no link target (109 of 383)
[2025-11-20 18:09:46] Importing stm32wbxx_ll_bus.h.eae36ca8.trap (shci.c.848013f6_0.trap.tar.zst) for no link target (110 of 383)
[2025-11-20 18:09:46] Importing stm32wbxx_ll_crs.h.22a3daf4.trap (shci.c.848013f6_0.trap.tar.zst) for no link target (111 of 383)
[2025-11-20 18:09:46] Importing stm32wbxx_ll_system.h.18cf0f08.trap (shci.c.848013f6_0.trap.tar.zst) for no link target (112 of 383)
[2025-11-20 18:09:46] Importing shci.c.848013f6.trap (shci.c.848013f6_0.trap.tar.zst) for no link target (113 of 383)
[2025-11-20 18:09:46] Importing stm_list.h.46073da4.trap (hci_tl.c.8b7fa361_0.trap.tar.zst) for no link target (114 of 383)
[2025-11-20 18:09:46] Importing hci_tl.h.2cfa842f.trap (hci_tl.c.8b7fa361_0.trap.tar.zst) for no link target (115 of 383)
[2025-11-20 18:09:46] Importing hci_tl.c.8b7fa361.trap (hci_tl.c.8b7fa361_0.trap.tar.zst) for no link target (116 of 383)
[2025-11-20 18:09:46] Importing cmsis_gcc.h.5124cd37.trap (hci_tl_if.c.e8e65f09_0.trap.tar.zst) for no link target (117 of 383)
[2025-11-20 18:09:46] Importing hci_tl_if.c.e8e65f09.trap (hci_tl_if.c.e8e65f09_0.trap.tar.zst) for no link target (118 of 383)
[2025-11-20 18:09:46] Importing shci_tl.c.3a663e83.trap (shci_tl.c.3a663e83_0.trap.tar.zst) for no link target (119 of 383)
[2025-11-20 18:09:46] Importing shci_tl_if.c.375779a1.trap (shci_tl_if.c.375779a1_0.trap.tar.zst) for no link target (120 of 383)
[2025-11-20 18:09:46] Importing stm32wbxx_ll_ipcc.h.9d23e01e.trap (tl_mbox.c.65a91f80_0.trap.tar.zst) for no link target (121 of 383)
[2025-11-20 18:09:46] Importing stm32wbxx_ll_cortex.h.d125d0a4.trap (tl_mbox.c.65a91f80_0.trap.tar.zst) for no link target (122 of 383)
[2025-11-20 18:09:46] Importing stm32wbxx_ll_utils.h.fd91f6d6.trap (tl_mbox.c.65a91f80_0.trap.tar.zst) for no link target (123 of 383)
[2025-11-20 18:09:46] Importing stm32wbxx_ll_hsem.h.dfdbe632.trap (tl_mbox.c.65a91f80_0.trap.tar.zst) for no link target (124 of 383)
[2025-11-20 18:09:46] Importing stm32wbxx_ll_gpio.h.77b256c5.trap (tl_mbox.c.65a91f80_0.trap.tar.zst) for no link target (125 of 383)
[2025-11-20 18:09:46] Importing stm32wbxx_ll_rtc.h.93ac9616.trap (tl_mbox.c.65a91f80_0.trap.tar.zst) for no link target (126 of 383)
[2025-11-20 18:09:46] Importing tl_dbg_conf.h.83d92244.trap (tl_mbox.c.65a91f80_0.trap.tar.zst) for no link target (127 of 383)
[2025-11-20 18:09:46] Importing tl_mbox.c.65a91f80.trap (tl_mbox.c.65a91f80_0.trap.tar.zst) for no link target (128 of 383)
[2025-11-20 18:09:46] Importing stddef.h.70b5d22a.trap (dbg_trace.c.1b9d2d88_0.trap.tar.zst) for no link target (129 of 383)
[2025-11-20 18:09:46] Importing stdarg.h.df84ed1e.trap (dbg_trace.c.1b9d2d88_0.trap.tar.zst) for no link target (130 of 383)
[2025-11-20 18:09:46] Importing stdio.h.c5f347f4.trap (dbg_trace.c.1b9d2d88_0.trap.tar.zst) for no link target (131 of 383)
[2025-11-20 18:09:46] Importing stdio.h.2b16476a.trap (dbg_trace.c.1b9d2d88_0.trap.tar.zst) for no link target (132 of 383)
[2025-11-20 18:09:46] Importing ieeefp.h.45006e12.trap (dbg_trace.c.1b9d2d88_0.trap.tar.zst) for no link target (133 of 383)
[2025-11-20 18:09:46] Importing stddef.h.639f141f.trap (dbg_trace.c.1b9d2d88_0.trap.tar.zst) for no link target (134 of 383)
[2025-11-20 18:09:46] Importing stdlib.h.dfc694d7.trap (dbg_trace.c.1b9d2d88_0.trap.tar.zst) for no link target (135 of 383)
[2025-11-20 18:09:46] Importing alloca.h.a9033fcd.trap (dbg_trace.c.1b9d2d88_0.trap.tar.zst) for no link target (136 of 383)
[2025-11-20 18:09:46] Importing stdlib.h.64cd2b33.trap (dbg_trace.c.1b9d2d88_0.trap.tar.zst) for no link target (137 of 383)
[2025-11-20 18:09:46] Importing stdarg.h.9cb71c37.trap (dbg_trace.c.1b9d2d88_0.trap.tar.zst) for no link target (138 of 383)
[2025-11-20 18:09:46] Importing hw.h.e7f25835.trap (dbg_trace.c.1b9d2d88_0.trap.tar.zst) for no link target (139 of 383)
[2025-11-20 18:09:46] Importing FreeRTOSConfig.h.ab6615ae.trap (dbg_trace.c.1b9d2d88_0.trap.tar.zst) for no link target (140 of 383)
[2025-11-20 18:09:46] Importing hw_conf.h.a7018573.trap (dbg_trace.c.1b9d2d88_0.trap.tar.zst) for no link target (141 of 383)
[2025-11-20 18:09:46] Importing cmsis_version.h.00521110.trap (dbg_trace.c.1b9d2d88_0.trap.tar.zst) for no link target (142 of 383)
[2025-11-20 18:09:46] Importing cmsis_gcc.h.7e87bf41.trap (dbg_trace.c.1b9d2d88_0.trap.tar.zst) for no link target (143 of 383)
[2025-11-20 18:09:46] Importing mpu_armv7.h.76b10986.trap (dbg_trace.c.1b9d2d88_0.trap.tar.zst) for no link target (144 of 383)
[2025-11-20 18:09:46] Importing core_cm4.h.5d64d0ee.trap (dbg_trace.c.1b9d2d88_0.trap.tar.zst) for no link target (145 of 383)
[2025-11-20 18:09:46] Importing system_stm32wbxx.h.b8cf240c.trap (dbg_trace.c.1b9d2d88_0.trap.tar.zst) for no link target (146 of 383)
[2025-11-20 18:09:46] Importing stm32wb55xx.h.d36c0c7a.trap (dbg_trace.c.1b9d2d88_0.trap.tar.zst) for no link target (147 of 383)
[2025-11-20 18:09:46] Importing stm32wbxx.h.abc58530.trap (dbg_trace.c.1b9d2d88_0.trap.tar.zst) for no link target (148 of 383)
[2025-11-20 18:09:46] Importing stm32_hal_legacy.h.630e7470.trap (dbg_trace.c.1b9d2d88_0.trap.tar.zst) for no link target (149 of 383)
[2025-11-20 18:09:46] Importing stm32wbxx_hal_def.h.329fbfd2.trap (dbg_trace.c.1b9d2d88_0.trap.tar.zst) for no link target (150 of 383)
[2025-11-20 18:09:46] Importing stm32wbxx_ll_dmamux.h.6ba5b2b1.trap (dbg_trace.c.1b9d2d88_0.trap.tar.zst) for no link target (151 of 383)
[2025-11-20 18:09:46] Importing stm32wbxx_ll_dma.h.39ee8037.trap (dbg_trace.c.1b9d2d88_0.trap.tar.zst) for no link target (152 of 383)
[2025-11-20 18:09:46] Importing stm32wbxx_hal_dma_ex.h.74c51fb0.trap (dbg_trace.c.1b9d2d88_0.trap.tar.zst) for no link target (153 of 383)
[2025-11-20 18:09:46] Importing stm32wbxx_hal_dma.h.617b255e.trap (dbg_trace.c.1b9d2d88_0.trap.tar.zst) for no link target (154 of 383)
[2025-11-20 18:09:46] Importing stm32wbxx_hal_cortex.h.53df356c.trap (dbg_trace.c.1b9d2d88_0.trap.tar.zst) for no link target (155 of 383)
[2025-11-20 18:09:46] Importing stm32wbxx_hal_exti.h.bdd0c701.trap (dbg_trace.c.1b9d2d88_0.trap.tar.zst) for no link target (156 of 383)
[2025-11-20 18:09:46] Importing stm32wbxx_hal_flash_ex.h.346a89e3.trap (dbg_trace.c.1b9d2d88_0.trap.tar.zst) for no link target (157 of 383)
[2025-11-20 18:09:46] Importing stm32wbxx_hal_flash.h.5983c943.trap (dbg_trace.c.1b9d2d88_0.trap.tar.zst) for no link target (158 of 383)
[2025-11-20 18:09:46] Importing stm32wbxx_hal_gpio_ex.h.ba3e5d64.trap (dbg_trace.c.1b9d2d88_0.trap.tar.zst) for no link target (159 of 383)
[2025-11-20 18:09:46] Importing stm32wbxx_hal_gpio.h.be608127.trap (dbg_trace.c.1b9d2d88_0.trap.tar.zst) for no link target (160 of 383)
[2025-11-20 18:09:46] Importing stm32wbxx_hal_hsem.h.5a44fa47.trap (dbg_trace.c.1b9d2d88_0.trap.tar.zst) for no link target (161 of 383)
[2025-11-20 18:09:46] Importing stm32wbxx_hal_ipcc.h.4436454f.trap (dbg_trace.c.1b9d2d88_0.trap.tar.zst) for no link target (162 of 383)
[2025-11-20 18:09:46] Importing stm32wbxx_ll_pwr.h.fb96f88b.trap (dbg_trace.c.1b9d2d88_0.trap.tar.zst) for no link target (163 of 383)
[2025-11-20 18:09:46] Importing stm32wbxx_ll_exti.h.c1ec2204.trap (dbg_trace.c.1b9d2d88_0.trap.tar.zst) for no link target (164 of 383)
[2025-11-20 18:09:46] Importing stm32wbxx_hal_pwr_ex.h.e9883a11.trap (dbg_trace.c.1b9d2d88_0.trap.tar.zst) for no link target (165 of 383)
[2025-11-20 18:09:46] Importing stm32wbxx_hal_pwr.h.f337c327.trap (dbg_trace.c.1b9d2d88_0.trap.tar.zst) for no link target (166 of 383)
[2025-11-20 18:09:46] Importing stm32wbxx_ll_rcc.h.7950fd00.trap (dbg_trace.c.1b9d2d88_0.trap.tar.zst) for no link target (167 of 383)
[2025-11-20 18:09:46] Importing stm32wbxx_ll_bus.h.a2b67c14.trap (dbg_trace.c.1b9d2d88_0.trap.tar.zst) for no link target (168 of 383)
[2025-11-20 18:09:46] Importing stm32wbxx_ll_crs.h.98ef965b.trap (dbg_trace.c.1b9d2d88_0.trap.tar.zst) for no link target (169 of 383)
[2025-11-20 18:09:46] Importing stm32wbxx_hal_rcc_ex.h.89926ca0.trap (dbg_trace.c.1b9d2d88_0.trap.tar.zst) for no link target (170 of 383)
[2025-11-20 18:09:46] Importing stm32wbxx_hal_rcc.h.d6ad05b4.trap (dbg_trace.c.1b9d2d88_0.trap.tar.zst) for no link target (171 of 383)
[2025-11-20 18:09:46] Importing stm32wbxx_hal_rng.h.b2fbd073.trap (dbg_trace.c.1b9d2d88_0.trap.tar.zst) for no link target (172 of 383)
[2025-11-20 18:09:46] Importing stm32wbxx_hal_rtc_ex.h.2dbeb52c.trap (dbg_trace.c.1b9d2d88_0.trap.tar.zst) for no link target (173 of 383)
[2025-11-20 18:09:46] Importing stm32wbxx_hal_rtc.h.4bdd1439.trap (dbg_trace.c.1b9d2d88_0.trap.tar.zst) for no link target (174 of 383)
[2025-11-20 18:09:46] Importing stm32wbxx_hal_tim_ex.h.facef278.trap (dbg_trace.c.1b9d2d88_0.trap.tar.zst) for no link target (175 of 383)
[2025-11-20 18:09:46] Importing stm32wbxx_hal_tim.h.4d728d67.trap (dbg_trace.c.1b9d2d88_0.trap.tar.zst) for no link target (176 of 383)
[2025-11-20 18:09:46] Importing stm32wbxx_hal_uart_ex.h.f63e9b06.trap (dbg_trace.c.1b9d2d88_0.trap.tar.zst) for no link target (177 of 383)
[2025-11-20 18:09:46] Importing stm32wbxx_hal_uart.h.32c1da39.trap (dbg_trace.c.1b9d2d88_0.trap.tar.zst) for no link target (178 of 383)
[2025-11-20 18:09:46] Importing stm32wbxx_hal_conf.h.21373483.trap (dbg_trace.c.1b9d2d88_0.trap.tar.zst) for no link target (179 of 383)
[2025-11-20 18:09:46] Importing stm32wbxx_ll_system.h.fed4b7ee.trap (dbg_trace.c.1b9d2d88_0.trap.tar.zst) for no link target (180 of 383)
[2025-11-20 18:09:46] Importing stm32wbxx_hal.h.aa2beeb9.trap (dbg_trace.c.1b9d2d88_0.trap.tar.zst) for no link target (181 of 383)
[2025-11-20 18:09:46] Importing stm32wbxx.h.9dc9583e.trap (dbg_trace.c.1b9d2d88_0.trap.tar.zst) for no link target (182 of 383)
[2025-11-20 18:09:46] Importing stm32wbxx_ll_ipcc.h.4093f14d.trap (dbg_trace.c.1b9d2d88_0.trap.tar.zst) for no link target (183 of 383)
[2025-11-20 18:09:46] Importing stm32wbxx_ll_cortex.h.67601435.trap (dbg_trace.c.1b9d2d88_0.trap.tar.zst) for no link target (184 of 383)
[2025-11-20 18:09:46] Importing stm32wbxx_ll_utils.h.a3a849b5.trap (dbg_trace.c.1b9d2d88_0.trap.tar.zst) for no link target (185 of 383)
[2025-11-20 18:09:46] Importing stm32wbxx_ll_hsem.h.4e1640a4.trap (dbg_trace.c.1b9d2d88_0.trap.tar.zst) for no link target (186 of 383)
[2025-11-20 18:09:46] Importing stm32wbxx_ll_gpio.h.410ac731.trap (dbg_trace.c.1b9d2d88_0.trap.tar.zst) for no link target (187 of 383)
[2025-11-20 18:09:46] Importing stm32wbxx_ll_rtc.h.2d26eb04.trap (dbg_trace.c.1b9d2d88_0.trap.tar.zst) for no link target (188 of 383)
[2025-11-20 18:09:46] Importing stm32wbxx_nucleo_errno.h.c65ab444.trap (dbg_trace.c.1b9d2d88_0.trap.tar.zst) for no link target (189 of 383)
[2025-11-20 18:09:46] Importing stm32wbxx_nucleo.h.761a3dc1.trap (dbg_trace.c.1b9d2d88_0.trap.tar.zst) for no link target (190 of 383)
[2025-11-20 18:09:46] Importing hw_if.h.7befffd5.trap (dbg_trace.c.1b9d2d88_0.trap.tar.zst) for no link target (191 of 383)
[2025-11-20 18:09:46] Importing ble_bufsize.h.1232bbc0.trap (dbg_trace.c.1b9d2d88_0.trap.tar.zst) for no link target (192 of 383)
[2025-11-20 18:09:46] Importing app_conf.h.e4956754.trap (dbg_trace.c.1b9d2d88_0.trap.tar.zst) for no link target (193 of 383)
[2025-11-20 18:09:46] Importing utilities_common.h.1816225d.trap (dbg_trace.c.1b9d2d88_0.trap.tar.zst) for no link target (194 of 383)
[2025-11-20 18:09:46] Importing stm_queue.h.059942e5.trap (dbg_trace.c.1b9d2d88_0.trap.tar.zst) for no link target (195 of 383)
[2025-11-20 18:09:46] Importing dbg_trace.h.5d742357.trap (dbg_trace.c.1b9d2d88_0.trap.tar.zst) for no link target (196 of 383)
[2025-11-20 18:09:46] Importing dbg_trace.c.1b9d2d88.trap (dbg_trace.c.1b9d2d88_0.trap.tar.zst) for no link target (197 of 383)
[2025-11-20 18:09:46] Importing otp.h.77d43373.trap (otp.c.c8f15912_0.trap.tar.zst) for no link target (198 of 383)
[2025-11-20 18:09:46] Importing otp.c.c8f15912.trap (otp.c.c8f15912_0.trap.tar.zst) for no link target (199 of 383)
[2025-11-20 18:09:46] Importing stm_list.c.8c1c7501.trap (stm_list.c.8c1c7501_0.trap.tar.zst) for no link target (200 of 383)
[2025-11-20 18:09:46] Importing stm_queue.c.9b6c0098.trap (stm_queue.c.9b6c0098_0.trap.tar.zst) for no link target (201 of 383)
[2025-11-20 18:09:46] Importing cmsis_os2.h.0d975bea.trap (cmsis_os2.c.991dd2a6_0.trap.tar.zst) for no link target (202 of 383)
[2025-11-20 18:09:46] Importing cmsis_gcc.h.dfb97bf3.trap (cmsis_os2.c.991dd2a6_0.trap.tar.zst) for no link target (203 of 383)
[2025-11-20 18:09:46] Importing projdefs.h.9cce0691.trap (cmsis_os2.c.991dd2a6_0.trap.tar.zst) for no link target (204 of 383)
[2025-11-20 18:09:46] Importing deprecated_definitions.h.7c328ddb.trap (cmsis_os2.c.991dd2a6_0.trap.tar.zst) for no link target (205 of 383)
[2025-11-20 18:09:46] Importing portmacro.h.9fdbe870.trap (cmsis_os2.c.991dd2a6_0.trap.tar.zst) for no link target (206 of 383)
[2025-11-20 18:09:46] Importing mpu_wrappers.h.e493f75f.trap (cmsis_os2.c.991dd2a6_0.trap.tar.zst) for no link target (207 of 383)
[2025-11-20 18:09:46] Importing portable.h.f487418d.trap (cmsis_os2.c.991dd2a6_0.trap.tar.zst) for no link target (208 of 383)
[2025-11-20 18:09:46] Importing FreeRTOS.h.4296f1b8.trap (cmsis_os2.c.991dd2a6_0.trap.tar.zst) for no link target (209 of 383)
[2025-11-20 18:09:46] Importing list.h.4f37bcf4.trap (cmsis_os2.c.991dd2a6_0.trap.tar.zst) for no link target (210 of 383)
[2025-11-20 18:09:46] Importing task.h.89359450.trap (cmsis_os2.c.991dd2a6_0.trap.tar.zst) for no link target (211 of 383)
[2025-11-20 18:09:46] Importing timers.h.35a05bf3.trap (cmsis_os2.c.991dd2a6_0.trap.tar.zst) for no link target (212 of 383)
[2025-11-20 18:09:46] Importing event_groups.h.6f917d69.trap (cmsis_os2.c.991dd2a6_0.trap.tar.zst) for no link target (213 of 383)
[2025-11-20 18:09:46] Importing queue.h.9e60c0c7.trap (cmsis_os2.c.991dd2a6_0.trap.tar.zst) for no link target (214 of 383)
[2025-11-20 18:09:46] Importing semphr.h.e42ecff0.trap (cmsis_os2.c.991dd2a6_0.trap.tar.zst) for no link target (215 of 383)
[2025-11-20 18:09:46] Importing freertos_mpool.h.fed0354b.trap (cmsis_os2.c.991dd2a6_0.trap.tar.zst) for no link target (216 of 383)
[2025-11-20 18:09:46] Importing core_cm4.h.c72c92cb.trap (cmsis_os2.c.991dd2a6_0.trap.tar.zst) for no link target (217 of 383)
[2025-11-20 18:09:46] Importing freertos_os2.h.13fbce69.trap (cmsis_os2.c.991dd2a6_0.trap.tar.zst) for no link target (218 of 383)
[2025-11-20 18:09:46] Importing cmsis_os2.c.991dd2a6.trap (cmsis_os2.c.991dd2a6_0.trap.tar.zst) for no link target (219 of 383)
[2025-11-20 18:09:46] Importing list.h.97054e48.trap (croutine.c.78bd44c4_0.trap.tar.zst) for no link target (220 of 383)
[2025-11-20 18:09:46] Importing croutine.h.cd09233a.trap (croutine.c.78bd44c4_0.trap.tar.zst) for no link target (221 of 383)
[2025-11-20 18:09:46] Importing croutine.c.78bd44c4.trap (croutine.c.78bd44c4_0.trap.tar.zst) for no link target (222 of 383)
[2025-11-20 18:09:46] Importing stddef.h.6ca52924.trap (event_groups.c.74d2a61c_0.trap.tar.zst) for no link target (223 of 383)
[2025-11-20 18:09:46] Importing stddef.h.f6b468e8.trap (event_groups.c.74d2a61c_0.trap.tar.zst) for no link target (224 of 383)
[2025-11-20 18:09:46] Importing reent.h.fb9a8e33.trap (event_groups.c.74d2a61c_0.trap.tar.zst) for no link target (225 of 383)
[2025-11-20 18:09:46] Importing event_groups.h.1af25541.trap (event_groups.c.74d2a61c_0.trap.tar.zst) for no link target (226 of 383)
[2025-11-20 18:09:46] Importing event_groups.c.74d2a61c.trap (event_groups.c.74d2a61c_0.trap.tar.zst) for no link target (227 of 383)
[2025-11-20 18:09:46] Importing list.c.14ac5636.trap (list.c.14ac5636_0.trap.tar.zst) for no link target (228 of 383)
[2025-11-20 18:09:46] Importing port.c.a33dc2df.trap (port.c.a33dc2df_0.trap.tar.zst) for no link target (229 of 383)
[2025-11-20 18:09:47] Importing heap_4.c.ccf9cf31.trap (heap_4.c.ccf9cf31_0.trap.tar.zst) for no link target (230 of 383)
[2025-11-20 18:09:47] Importing queue.h.35534d7e.trap (queue.c.df02159a_0.trap.tar.zst) for no link target (231 of 383)
[2025-11-20 18:09:47] Importing queue.c.df02159a.trap (queue.c.df02159a_0.trap.tar.zst) for no link target (232 of 383)
[2025-11-20 18:09:47] Importing stream_buffer.h.0303259e.trap (stream_buffer.c.8a424919_0.trap.tar.zst) for no link target (233 of 383)
[2025-11-20 18:09:47] Importing stream_buffer.c.8a424919.trap (stream_buffer.c.8a424919_0.trap.tar.zst) for no link target (234 of 383)
[2025-11-20 18:09:47] Importing task.h.05b1f74b.trap (tasks.c.6f546998_0.trap.tar.zst) for no link target (235 of 383)
[2025-11-20 18:09:47] Importing stack_macros.h.5da1057b.trap (tasks.c.6f546998_0.trap.tar.zst) for no link target (236 of 383)
[2025-11-20 18:09:47] Importing tasks.c.6f546998.trap (tasks.c.6f546998_0.trap.tar.zst) for no link target (237 of 383)
[2025-11-20 18:09:47] Importing timers.h.7a3644a1.trap (timers.c.586ab5c6_0.trap.tar.zst) for no link target (238 of 383)
[2025-11-20 18:09:47] Importing timers.c.586ab5c6.trap (timers.c.586ab5c6_0.trap.tar.zst) for no link target (239 of 383)
[2025-11-20 18:09:47] Importing reent.h.9468d4d6.trap (syscalls.c.00d62707_0.trap.tar.zst) for no link target (240 of 383)
[2025-11-20 18:09:47] Importing stddef.h.575e70c5.trap (syscalls.c.00d62707_0.trap.tar.zst) for no link target (241 of 383)
[2025-11-20 18:09:47] Importing time.h.f774140a.trap (syscalls.c.00d62707_0.trap.tar.zst) for no link target (242 of 383)
[2025-11-20 18:09:47] Importing _endian.h.e4924a9b.trap (syscalls.c.00d62707_0.trap.tar.zst) for no link target (243 of 383)
[2025-11-20 18:09:47] Importing endian.h.6adaa018.trap (syscalls.c.00d62707_0.trap.tar.zst) for no link target (244 of 383)
[2025-11-20 18:09:47] Importing _sigset.h.1b9132e2.trap (syscalls.c.00d62707_0.trap.tar.zst) for no link target (245 of 383)
[2025-11-20 18:09:47] Importing _timeval.h.1759955d.trap (syscalls.c.00d62707_0.trap.tar.zst) for no link target (246 of 383)
[2025-11-20 18:09:47] Importing _timespec.h.dd27bdaa.trap (syscalls.c.00d62707_0.trap.tar.zst) for no link target (247 of 383)
[2025-11-20 18:09:47] Importing timespec.h.8018e8e0.trap (syscalls.c.00d62707_0.trap.tar.zst) for no link target (248 of 383)
[2025-11-20 18:09:47] Importing select.h.dc6f4c0d.trap (syscalls.c.00d62707_0.trap.tar.zst) for no link target (249 of 383)
[2025-11-20 18:09:47] Importing sched.h.02a271da.trap (syscalls.c.00d62707_0.trap.tar.zst) for no link target (250 of 383)
[2025-11-20 18:09:47] Importing _pthreadtypes.h.e898bf52.trap (syscalls.c.00d62707_0.trap.tar.zst) for no link target (251 of 383)
[2025-11-20 18:09:47] Importing types.h.658ec4a9.trap (syscalls.c.00d62707_0.trap.tar.zst) for no link target (252 of 383)
[2025-11-20 18:09:47] Importing types.h.944cba53.trap (syscalls.c.00d62707_0.trap.tar.zst) for no link target (253 of 383)
[2025-11-20 18:09:47] Importing time.h.3f9f38dd.trap (syscalls.c.00d62707_0.trap.tar.zst) for no link target (254 of 383)
[2025-11-20 18:09:47] Importing stat.h.3c26c024.trap (syscalls.c.00d62707_0.trap.tar.zst) for no link target (255 of 383)
[2025-11-20 18:09:47] Importing errno.h.06eebc52.trap (syscalls.c.00d62707_0.trap.tar.zst) for no link target (256 of 383)
[2025-11-20 18:09:47] Importing errno.h.32654baa.trap (syscalls.c.00d62707_0.trap.tar.zst) for no link target (257 of 383)
[2025-11-20 18:09:47] Importing stdio.h.144f7662.trap (syscalls.c.00d62707_0.trap.tar.zst) for no link target (258 of 383)
[2025-11-20 18:09:47] Importing signal.h.2f2a116f.trap (syscalls.c.00d62707_0.trap.tar.zst) for no link target (259 of 383)
[2025-11-20 18:09:47] Importing signal.h.378b3d88.trap (syscalls.c.00d62707_0.trap.tar.zst) for no link target (260 of 383)
[2025-11-20 18:09:47] Importing _time.h.ccfa176c.trap (syscalls.c.00d62707_0.trap.tar.zst) for no link target (261 of 383)
[2025-11-20 18:09:47] Importing time.h.62cc6a64.trap (syscalls.c.00d62707_0.trap.tar.zst) for no link target (262 of 383)
[2025-11-20 18:09:47] Importing times.h.ebbcd797.trap (syscalls.c.00d62707_0.trap.tar.zst) for no link target (263 of 383)
[2025-11-20 18:09:47] Importing syscalls.c.00d62707.trap (syscalls.c.00d62707_0.trap.tar.zst) for no link target (264 of 383)
[2025-11-20 18:09:47] Importing sysmem.c.4d07bd50.trap (sysmem.c.4d07bd50_0.trap.tar.zst) for no link target (265 of 383)
[2025-11-20 18:09:47] Importing FreeRTOSConfig.h.50fd858b.trap (app_ble.c.1bdd84a5_0.trap.tar.zst) for no link target (266 of 383)
[2025-11-20 18:09:47] Importing app_entry.h.10dfce5c.trap (app_ble.c.1bdd84a5_0.trap.tar.zst) for no link target (267 of 383)
[2025-11-20 18:09:47] Importing app_common.h.d5893aae.trap (app_ble.c.1bdd84a5_0.trap.tar.zst) for no link target (268 of 383)
[2025-11-20 18:09:47] Importing main.h.613a8329.trap (app_ble.c.1bdd84a5_0.trap.tar.zst) for no link target (269 of 383)
[2025-11-20 18:09:47] Importing ble_const.h.4f1116bc.trap (app_ble.c.1bdd84a5_0.trap.tar.zst) for no link target (270 of 383)
[2025-11-20 18:09:47] Importing app_ble.h.d7cba0df.trap (app_ble.c.1bdd84a5_0.trap.tar.zst) for no link target (271 of 383)
[2025-11-20 18:09:47] Importing portmacro.h.d9e67641.trap (app_ble.c.1bdd84a5_0.trap.tar.zst) for no link target (272 of 383)
[2025-11-20 18:09:47] Importing cmsis_os2.h.8527e6af.trap (app_ble.c.1bdd84a5_0.trap.tar.zst) for no link target (273 of 383)
[2025-11-20 18:09:47] Importing cmsis_os.h.672ef453.trap (app_ble.c.1bdd84a5_0.trap.tar.zst) for no link target (274 of 383)
[2025-11-20 18:09:47] Importing hrs_app.h.9007c9de.trap (app_ble.c.1bdd84a5_0.trap.tar.zst) for no link target (275 of 383)
[2025-11-20 18:09:47] Importing dis_app.h.ed7e420d.trap (app_ble.c.1bdd84a5_0.trap.tar.zst) for no link target (276 of 383)
[2025-11-20 18:09:47] Importing app_ble.c.1bdd84a5.trap (app_ble.c.1bdd84a5_0.trap.tar.zst) for no link target (277 of 383)
[2025-11-20 18:09:47] Importing dis_app.c.8433ff33.trap (dis_app.c.8433ff33_0.trap.tar.zst) for no link target (278 of 383)
[2025-11-20 18:09:47] Importing hrs_app.c.3b22f880.trap (hrs_app.c.3b22f880_0.trap.tar.zst) for no link target (279 of 383)
[2025-11-20 18:09:47] Importing hw_ipcc.c.bd7f82c6.trap (hw_ipcc.c.bd7f82c6_0.trap.tar.zst) for no link target (280 of 383)
[2025-11-20 18:09:47] Importing cpp_predefined.5653aa5f.trap (stm32_lpm.c.8d6c2d4a_0.trap.tar.zst) for no link target (281 of 383)
[2025-11-20 18:09:47] Importing _newlib_version.h.dfc694d7.trap (stm32_lpm.c.8d6c2d4a_0.trap.tar.zst) for 2 link targets (282 of 383)
[2025-11-20 18:09:47] Importing features.h.401d6656.trap (stm32_lpm.c.8d6c2d4a_0.trap.tar.zst) for 2 link targets (283 of 383)
[2025-11-20 18:09:47] Importing _default_types.h.22cf78a6.trap (stm32_lpm.c.8d6c2d4a_0.trap.tar.zst) for 2 link targets (284 of 383)
[2025-11-20 18:09:47] Importing _intsup.h.79158e2f.trap (stm32_lpm.c.8d6c2d4a_0.trap.tar.zst) for 2 link targets (285 of 383)
[2025-11-20 18:09:47] Importing _stdint.h.34835988.trap (stm32_lpm.c.8d6c2d4a_0.trap.tar.zst) for 2 link targets (286 of 383)
[2025-11-20 18:09:47] Importing stdint.h.b2431403.trap (stm32_lpm.c.8d6c2d4a_0.trap.tar.zst) for 2 link targets (287 of 383)
[2025-11-20 18:09:47] Importing stdint.h.7e8a49a7.trap (stm32_lpm.c.8d6c2d4a_0.trap.tar.zst) for 2 link targets (288 of 383)
[2025-11-20 18:09:47] Importing stm32_lpm.h.e16e3d78.trap (stm32_lpm.c.8d6c2d4a_0.trap.tar.zst) for 2 link targets (289 of 383)
[2025-11-20 18:09:47] Importing cmsis_gcc.h.d49bb0e7.trap (stm32_lpm.c.8d6c2d4a_0.trap.tar.zst) for BLE_HeartRateFreeRTOS.elf.link (290 of 383)
[2025-11-20 18:09:47] Importing cmsis_compiler.h.c838834c.trap (stm32_lpm.c.8d6c2d4a_0.trap.tar.zst) for 2 link targets (291 of 383)
[2025-11-20 18:09:47] Importing newlib.h.c4cd08dc.trap (stm32_lpm.c.8d6c2d4a_0.trap.tar.zst) for 2 link targets (292 of 383)
[2025-11-20 18:09:47] Importing ieeefp.h.20e4cf4c.trap (stm32_lpm.c.8d6c2d4a_0.trap.tar.zst) for 2 link targets (293 of 383)
[2025-11-20 18:09:47] Importing config.h.d108627a.trap (stm32_lpm.c.8d6c2d4a_0.trap.tar.zst) for 2 link targets (294 of 383)
[2025-11-20 18:09:47] Importing _ansi.h.309ce84b.trap (stm32_lpm.c.8d6c2d4a_0.trap.tar.zst) for 2 link targets (295 of 383)
[2025-11-20 18:09:47] Importing stddef.h.9f6b9e18.trap (stm32_lpm.c.8d6c2d4a_0.trap.tar.zst) for 2 link targets (296 of 383)
[2025-11-20 18:09:47] Importing stddef.h.f826b2a9.trap (stm32_lpm.c.8d6c2d4a_0.trap.tar.zst) for 2 link targets (297 of 383)
[2025-11-20 18:09:47] Importing cdefs.h.1b57af5b.trap (stm32_lpm.c.8d6c2d4a_0.trap.tar.zst) for 2 link targets (298 of 383)
[2025-11-20 18:09:47] Importing stddef.h.54e14f26.trap (stm32_lpm.c.8d6c2d4a_0.trap.tar.zst) for 2 link targets (299 of 383)
[2025-11-20 18:09:47] Importing _types.h.9f3f55e8.trap (stm32_lpm.c.8d6c2d4a_0.trap.tar.zst) for 2 link targets (300 of 383)
[2025-11-20 18:09:47] Importing _types.h.5812c010.trap (stm32_lpm.c.8d6c2d4a_0.trap.tar.zst) for 2 link targets (301 of 383)
[2025-11-20 18:09:47] Importing lock.h.b0b72e37.trap (stm32_lpm.c.8d6c2d4a_0.trap.tar.zst) for 2 link targets (302 of 383)
[2025-11-20 18:09:47] Importing assert.h.d72e8836.trap (stm32_lpm.c.8d6c2d4a_0.trap.tar.zst) for 2 link targets (303 of 383)
[2025-11-20 18:09:47] Importing reent.h.44983a14.trap (stm32_lpm.c.8d6c2d4a_0.trap.tar.zst) for 2 link targets (304 of 383)
[2025-11-20 18:09:47] Importing stddef.h.f5f8933d.trap (stm32_lpm.c.8d6c2d4a_0.trap.tar.zst) for 2 link targets (305 of 383)
[2025-11-20 18:09:47] Importing _locale.h.6f2aadd0.trap (stm32_lpm.c.8d6c2d4a_0.trap.tar.zst) for 2 link targets (306 of 383)
[2025-11-20 18:09:47] Importing strings.h.5623e644.trap (stm32_lpm.c.8d6c2d4a_0.trap.tar.zst) for 2 link targets (307 of 383)
[2025-11-20 18:09:47] Importing string.h.70317410.trap (stm32_lpm.c.8d6c2d4a_0.trap.tar.zst) for 2 link targets (308 of 383)
[2025-11-20 18:09:47] Importing string.h.cdd114ce.trap (stm32_lpm.c.8d6c2d4a_0.trap.tar.zst) for 2 link targets (309 of 383)
[2025-11-20 18:09:47] Importing utilities_conf.h.ced12bff.trap (stm32_lpm.c.8d6c2d4a_0.trap.tar.zst) for BLE_HeartRateFreeRTOS.elf.link (310 of 383)
[2025-11-20 18:09:47] Importing stm32_lpm.c.8d6c2d4a.trap (stm32_lpm.c.8d6c2d4a_0.trap.tar.zst) for BLE_HeartRateFreeRTOS.elf.link (311 of 383)
[2025-11-20 18:09:47] Importing 22423148_0.trap.zst for no link target (312 of 383)
[2025-11-20 18:09:47] Importing 9208715_0.trap.zst for no link target (313 of 383)
[2025-11-20 18:09:47] Importing 64474009_0.trap.zst for no link target (314 of 383)
[2025-11-20 18:09:47] Importing 33625646_0.trap.zst for no link target (315 of 383)
[2025-11-20 18:09:47] Importing 3472531_0.trap.zst for no link target (316 of 383)
[2025-11-20 18:09:47] Importing 11683398_0.trap.zst for no link target (317 of 383)
[2025-11-20 18:09:47] Importing 49098025_0.trap.zst for no link target (318 of 383)
[2025-11-20 18:09:47] Importing 8562401_0.trap.zst for no link target (319 of 383)
[2025-11-20 18:09:47] Importing 30263725_0.trap.zst for no link target (320 of 383)
[2025-11-20 18:09:47] Importing 33204897_0.trap.zst for no link target (321 of 383)
[2025-11-20 18:09:47] Importing 42505645_0.trap.zst for no link target (322 of 383)
[2025-11-20 18:09:47] Importing 12836390_0.trap.zst for no link target (323 of 383)
[2025-11-20 18:09:47] Importing 14160875_0.trap.zst for no link target (324 of 383)
[2025-11-20 18:09:47] Importing 17951824_0.trap.zst for no link target (325 of 383)
[2025-11-20 18:09:47] Importing 51837388_0.trap.zst for no link target (326 of 383)
[2025-11-20 18:09:47] Importing 67098749_0.trap.zst for no link target (327 of 383)
[2025-11-20 18:09:47] Importing 2432034_0.trap.zst for no link target (328 of 383)
[2025-11-20 18:09:47] Importing 4348857_0.trap.zst for no link target (329 of 383)
[2025-11-20 18:09:47] Importing 57087170_0.trap.zst for no link target (330 of 383)
[2025-11-20 18:09:47] Importing 16771420_0.trap.zst for no link target (331 of 383)
[2025-11-20 18:09:47] Importing 58603080_0.trap.zst for no link target (332 of 383)
[2025-11-20 18:09:47] Importing 43289941_0.trap.zst for no link target (333 of 383)
[2025-11-20 18:09:47] Importing 35221086_0.trap.zst for no link target (334 of 383)
[2025-11-20 18:09:47] Importing 42189598_0.trap.zst for no link target (335 of 383)
[2025-11-20 18:09:47] Importing 19109929_0.trap.zst for no link target (336 of 383)
[2025-11-20 18:09:47] Importing 27888435_0.trap.zst for no link target (337 of 383)
[2025-11-20 18:09:47] Importing 39800762_0.trap.zst for no link target (338 of 383)
[2025-11-20 18:09:47] Importing 20237938_0.trap.zst for no link target (339 of 383)
[2025-11-20 18:09:47] Importing 4180637_0.trap.zst for no link target (340 of 383)
[2025-11-20 18:09:47] Importing 33245101_0.trap.zst for no link target (341 of 383)
[2025-11-20 18:09:47] Importing 41316256_0.trap.zst for BLE_HeartRateFreeRTOS.elf.link (342 of 383)
[2025-11-20 18:09:47] Importing 42535349_0.trap.zst for no link target (343 of 383)
[2025-11-20 18:09:47] Importing 62552684_0.trap.zst for no link target (344 of 383)
[2025-11-20 18:09:47] Importing 47909086_0.trap.zst for no link target (345 of 383)
[2025-11-20 18:09:47] Importing 61725651_0.trap.zst for no link target (346 of 383)
[2025-11-20 18:09:47] Importing 4677536_0.trap.zst for no link target (347 of 383)
[2025-11-20 18:09:47] Importing 5071952_0.trap.zst for no link target (348 of 383)
[2025-11-20 18:09:47] Importing 56164080_0.trap.zst for no link target (349 of 383)
[2025-11-20 18:09:47] Importing 38073081_0.trap.zst for no link target (350 of 383)
[2025-11-20 18:09:47] Importing 45326168_0.trap.zst for no link target (351 of 383)
[2025-11-20 18:09:47] Importing 5790962_0.trap.zst for no link target (352 of 383)
[2025-11-20 18:09:47] Importing 56367693_0.trap.zst for no link target (353 of 383)
[2025-11-20 18:09:47] Importing 25201542_0.trap.zst for no link target (354 of 383)
[2025-11-20 18:09:47] Importing 32086115_0.trap.zst for no link target (355 of 383)
[2025-11-20 18:09:47] Importing 44640602_0.trap.zst for no link target (356 of 383)
[2025-11-20 18:09:47] Importing 10815501_0.trap.zst for no link target (357 of 383)
[2025-11-20 18:09:47] Importing 40528284_0.trap.zst for no link target (358 of 383)
[2025-11-20 18:09:47] Importing 27528124_0.trap.zst for no link target (359 of 383)
[2025-11-20 18:09:47] Importing 38801984_0.trap.zst for no link target (360 of 383)
[2025-11-20 18:09:47] Importing 44105967_0.trap.zst for no link target (361 of 383)
[2025-11-20 18:09:47] Importing 58315044_0.trap.zst for no link target (362 of 383)
[2025-11-20 18:09:47] Importing 22610747_0.trap.zst for no link target (363 of 383)
[2025-11-20 18:09:47] Importing 38568741_0.trap.zst for no link target (364 of 383)
[2025-11-20 18:09:47] Importing 41241822_0.trap.zst for no link target (365 of 383)
[2025-11-20 18:09:47] Importing 16879865_0.trap.zst for no link target (366 of 383)
[2025-11-20 18:09:47] Importing 9322577_0.trap.zst for no link target (367 of 383)
[2025-11-20 18:09:47] Importing 5612731_0.trap.zst for no link target (368 of 383)
[2025-11-20 18:09:47] Importing 20280442_0.trap.zst for no link target (369 of 383)
[2025-11-20 18:09:47] Importing 65180946_0.trap.zst for no link target (370 of 383)
[2025-11-20 18:09:47] Importing 62168923_0.trap.zst for no link target (371 of 383)
[2025-11-20 18:09:47] Importing 28291134_0.trap.zst for no link target (372 of 383)
[2025-11-20 18:09:47] Importing 55501117_0.trap.zst for no link target (373 of 383)
[2025-11-20 18:09:47] Importing 52585954_0.trap.zst for no link target (374 of 383)
[2025-11-20 18:09:47] Importing 63561038_0.trap.zst for no link target (375 of 383)
[2025-11-20 18:09:47] Importing 28706182_0.trap.zst for no link target (376 of 383)
[2025-11-20 18:09:47] Importing 35073373_0.trap.zst for no link target (377 of 383)
[2025-11-20 18:09:47] Importing 31862968_0.trap.zst for no link target (378 of 383)
[2025-11-20 18:09:47] Importing 34210020_0.trap.zst for no link target (379 of 383)
[2025-11-20 18:09:47] Importing 34916975_0.trap.zst for no link target (380 of 383)
[2025-11-20 18:09:47] Importing 53573769_0.trap.zst for no link target (381 of 383)
[2025-11-20 18:09:47] Importing metadata.trap.gz for no link target (382 of 383)
[2025-11-20 18:09:47] Importing BLE_HeartRateFreeRTOS.elf.trap.zst for BLE_HeartRateFreeRTOS.elf.link (383 of 383)
[2025-11-20 18:09:47] [PROGRESS] dataset import> Merging relations
[2025-11-20 18:09:47] Merging 1 fragment for 'files'.
[2025-11-20 18:09:47] Merged 861 bytes for 'files'.
[2025-11-20 18:09:47] Merging 1 fragment for 'numlines'.
[2025-11-20 18:09:47] Merged 10940 bytes (10.68 KiB) for 'numlines'.
[2025-11-20 18:09:47] Merging 5 fragments for 'locations_default'.
[2025-11-20 18:09:47] Merged 1029623 bytes (1005.49 KiB) for 'locations_default'.
[2025-11-20 18:09:47] Merging 1 fragment for 'preprocdirects'.
[2025-11-20 18:09:47] Merged 76889 bytes (75.09 KiB) for 'preprocdirects'.
[2025-11-20 18:09:47] Merging 1 fragment for 'preproctext'.
[2025-11-20 18:09:47] Merged 102148 bytes (99.75 KiB) for 'preproctext'.
[2025-11-20 18:09:47] Merging 1 fragment for 'preproctrue'.
[2025-11-20 18:09:47] Merged 2338 bytes (2.28 KiB) for 'preproctrue'.
[2025-11-20 18:09:47] Merging 1 fragment for 'preprocfalse'.
[2025-11-20 18:09:47] Merged 1748 bytes (1.71 KiB) for 'preprocfalse'.
[2025-11-20 18:09:47] Merging 1 fragment for 'functions'.
[2025-11-20 18:09:47] Merged 7976 bytes (7.79 KiB) for 'functions'.
[2025-11-20 18:09:47] Merging 1 fragment for 'link_parent'.
[2025-11-20 18:09:47] Merged 6786 bytes (6.63 KiB) for 'link_parent'.
[2025-11-20 18:09:47] Merging 1 fragment for 'function_return_type'.
[2025-11-20 18:09:47] Merged 7634 bytes (7.46 KiB) for 'function_return_type'.
[2025-11-20 18:09:47] Merging 1 fragment for 'function_prototyped'.
[2025-11-20 18:09:47] Merged 3795 bytes (3.71 KiB) for 'function_prototyped'.
[2025-11-20 18:09:47] Merging 1 fragment for 'fun_decls'.
[2025-11-20 18:09:47] Merged 28901 bytes (28.22 KiB) for 'fun_decls'.
[2025-11-20 18:09:47] Merging 1 fragment for 'fun_decl_specifiers'.
[2025-11-20 18:09:47] Merged 20211 bytes (19.74 KiB) for 'fun_decl_specifiers'.
[2025-11-20 18:09:47] Merging 1 fragment for 'comments'.
[2025-11-20 18:09:47] Merged 115740 bytes (113.03 KiB) for 'comments'.
[2025-11-20 18:09:47] Merging 1 fragment for 'commentbinding'.
[2025-11-20 18:09:47] Merged 68710 bytes (67.10 KiB) for 'commentbinding'.
[2025-11-20 18:09:47] Merging 1 fragment for 'containerparent'.
[2025-11-20 18:09:47] Merged 902 bytes for 'containerparent'.
[2025-11-20 18:09:47] Merging 1 fragment for 'folders'.
[2025-11-20 18:09:47] Merged 231 bytes for 'folders'.
[2025-11-20 18:09:47] Merging 1 fragment for 'preprocpair'.
[2025-11-20 18:09:47] Merged 10583 bytes (10.33 KiB) for 'preprocpair'.
[2025-11-20 18:09:47] Merging 1 fragment for 'mangled_name'.
[2025-11-20 18:09:47] Merged 7365 bytes (7.19 KiB) for 'mangled_name'.
[2025-11-20 18:09:47] Merging 1 fragment for 'extractor_version'.
[2025-11-20 18:09:47] Merged 26 bytes for 'extractor_version'.
[2025-11-20 18:09:47] Merging 1 fragment for 'fileannotations'.
[2025-11-20 18:09:47] Merged 10486 bytes (10.24 KiB) for 'fileannotations'.
[2025-11-20 18:09:47] Merging 1 fragment for 'includes'.
[2025-11-20 18:09:47] Merged 1925 bytes (1.88 KiB) for 'includes'.
[2025-11-20 18:09:47] Merging 1 fragment for 'type_mentions'.
[2025-11-20 18:09:47] Merged 55842 bytes (54.53 KiB) for 'type_mentions'.
[2025-11-20 18:09:47] Merging 1 fragment for 'fun_def'.
[2025-11-20 18:09:47] Merged 3177 bytes (3.10 KiB) for 'fun_def'.
[2025-11-20 18:09:47] Merging 1 fragment for 'stmts'.
[2025-11-20 18:09:47] Merged 93477 bytes (91.29 KiB) for 'stmts'.
[2025-11-20 18:09:47] Merging 1 fragment for 'macroinvocations'.
[2025-11-20 18:09:47] Merged 238086 bytes (232.51 KiB) for 'macroinvocations'.
[2025-11-20 18:09:47] Merging 3 fragments for 'affectedbymacroexpansion'.
[2025-11-20 18:09:47] Merged 296873 bytes (289.92 KiB) for 'affectedbymacroexpansion'.
[2025-11-20 18:09:47] Merging 1 fragment for 'stmtparents'.
[2025-11-20 18:09:47] Merged 90593 bytes (88.47 KiB) for 'stmtparents'.
[2025-11-20 18:09:47] Merging 1 fragment for 'blockscope'.
[2025-11-20 18:09:47] Merged 22811 bytes (22.28 KiB) for 'blockscope'.
[2025-11-20 18:09:47] Merging 1 fragment for 'function_entry_point'.
[2025-11-20 18:09:47] Merged 7978 bytes (7.79 KiB) for 'function_entry_point'.
[2025-11-20 18:09:47] Merging 1 fragment for 'localvariables'.
[2025-11-20 18:09:47] Merged 12559 bytes (12.26 KiB) for 'localvariables'.
[2025-11-20 18:09:47] Merging 2 fragments for 'exprs'.
[2025-11-20 18:09:47] Merged 568263 bytes (554.94 KiB) for 'exprs'.
[2025-11-20 18:09:47] Merging 2 fragments for 'expr_types'.
[2025-11-20 18:09:47] Merged 526294 bytes (513.96 KiB) for 'expr_types'.
[2025-11-20 18:09:47] Merging 1 fragment for 'values'.
[2025-11-20 18:09:47] Merged 202335 bytes (197.59 KiB) for 'values'.
[2025-11-20 18:09:47] Merging 1 fragment for 'valuetext'.
[2025-11-20 18:09:47] Merged 55239 bytes (53.94 KiB) for 'valuetext'.
[2025-11-20 18:09:47] Merging 1 fragment for 'valuebind'.
[2025-11-20 18:09:47] Merged 170723 bytes (166.72 KiB) for 'valuebind'.
[2025-11-20 18:09:47] Merging 1 fragment for 'compgenerated'.
[2025-11-20 18:09:47] Merged 14595 bytes (14.25 KiB) for 'compgenerated'.
[2025-11-20 18:09:47] Merging 2 fragments for 'exprparents'.
[2025-11-20 18:09:47] Merged 364838 bytes (356.29 KiB) for 'exprparents'.
[2025-11-20 18:09:47] Merging 1 fragment for 'aggregate_field_init'.
[2025-11-20 18:09:47] Merged 506 bytes for 'aggregate_field_init'.
[2025-11-20 18:09:47] Merging 1 fragment for 'braced_initialisers'.
[2025-11-20 18:09:47] Merged 51 bytes for 'braced_initialisers'.
[2025-11-20 18:09:47] Merging 1 fragment for 'var_decls'.
[2025-11-20 18:09:47] Merged 91969 bytes (89.81 KiB) for 'var_decls'.
[2025-11-20 18:09:47] Merging 1 fragment for 'var_def'.
[2025-11-20 18:09:47] Merged 9742 bytes (9.51 KiB) for 'var_def'.
[2025-11-20 18:09:47] Merging 1 fragment for 'stmt_decl_bind'.
[2025-11-20 18:09:47] Merged 7212 bytes (7.04 KiB) for 'stmt_decl_bind'.
[2025-11-20 18:09:47] Merging 1 fragment for 'stmt_decl_entry_bind'.
[2025-11-20 18:09:47] Merged 6940 bytes (6.78 KiB) for 'stmt_decl_entry_bind'.
[2025-11-20 18:09:47] Merging 1 fragment for 'macroparent'.
[2025-11-20 18:09:47] Merged 67745 bytes (66.16 KiB) for 'macroparent'.
[2025-11-20 18:09:47] Merging 1 fragment for 'expr_isload'.
[2025-11-20 18:09:47] Merged 31494 bytes (30.76 KiB) for 'expr_isload'.
[2025-11-20 18:09:47] Merging 1 fragment for 'for_condition'.
[2025-11-20 18:09:47] Merged 152 bytes for 'for_condition'.
[2025-11-20 18:09:47] Merging 1 fragment for 'derivedtypes'.
[2025-11-20 18:09:47] Merged 10029 bytes (9.79 KiB) for 'derivedtypes'.
[2025-11-20 18:09:47] Merging 1 fragment for 'unspecifiedtype'.
[2025-11-20 18:09:47] Merged 11540 bytes (11.27 KiB) for 'unspecifiedtype'.
[2025-11-20 18:09:47] Merging 1 fragment for 'arraysizes'.
[2025-11-20 18:09:47] Merged 1296 bytes (1.27 KiB) for 'arraysizes'.
[2025-11-20 18:09:47] Merging 1 fragment for 'pointerishsize'.
[2025-11-20 18:09:47] Merged 1731 bytes (1.69 KiB) for 'pointerishsize'.
[2025-11-20 18:09:47] Merging 1 fragment for 'varbind'.
[2025-11-20 18:09:47] Merged 140374 bytes (137.08 KiB) for 'varbind'.
[2025-11-20 18:09:47] Merging 3 fragments for 'inmacroexpansion'.
[2025-11-20 18:09:47] Merged 412441 bytes (402.77 KiB) for 'inmacroexpansion'.
[2025-11-20 18:09:47] Merging 2 fragments for 'macrolocationbind'.
[2025-11-20 18:09:47] Merged 66966 bytes (65.40 KiB) for 'macrolocationbind'.
[2025-11-20 18:09:47] Merging 1 fragment for 'switch_body'.
[2025-11-20 18:09:47] Merged 463 bytes for 'switch_body'.
[2025-11-20 18:09:47] Merging 1 fragment for 'switch_case'.
[2025-11-20 18:09:47] Merged 1655 bytes (1.62 KiB) for 'switch_case'.
[2025-11-20 18:09:47] Merging 1 fragment for 'jumpinfo'.
[2025-11-20 18:09:47] Merged 1350 bytes (1.32 KiB) for 'jumpinfo'.
[2025-11-20 18:09:47] Merging 1 fragment for 'if_then'.
[2025-11-20 18:09:47] Merged 7437 bytes (7.26 KiB) for 'if_then'.
[2025-11-20 18:09:47] Merging 1 fragment for 'for_body'.
[2025-11-20 18:09:47] Merged 704 bytes for 'for_body'.
[2025-11-20 18:09:47] Merging 1 fragment for 'for_initialization'.
[2025-11-20 18:09:47] Merged 151 bytes for 'for_initialization'.
[2025-11-20 18:09:47] Merging 1 fragment for 'for_update'.
[2025-11-20 18:09:47] Merged 151 bytes for 'for_update'.
[2025-11-20 18:09:47] Merging 1 fragment for 'routinetypes'.
[2025-11-20 18:09:47] Merged 1058 bytes (1.03 KiB) for 'routinetypes'.
[2025-11-20 18:09:47] Merging 1 fragment for 'routinetypeargs'.
[2025-11-20 18:09:47] Merged 3025 bytes (2.95 KiB) for 'routinetypeargs'.
[2025-11-20 18:09:47] Merging 1 fragment for 'funbind'.
[2025-11-20 18:09:47] Merged 11699 bytes (11.42 KiB) for 'funbind'.
[2025-11-20 18:09:47] Merging 1 fragment for 'aggregate_array_init'.
[2025-11-20 18:09:47] Merged 740 bytes for 'aggregate_array_init'.
[2025-11-20 18:09:47] Merging 1 fragment for 'usertypes'.
[2025-11-20 18:09:47] Merged 9324 bytes (9.11 KiB) for 'usertypes'.
[2025-11-20 18:09:47] Merging 1 fragment for 'usertype_alias_kind'.
[2025-11-20 18:09:47] Merged 1230 bytes (1.20 KiB) for 'usertype_alias_kind'.
[2025-11-20 18:09:47] Merging 1 fragment for 'typedefbase'.
[2025-11-20 18:09:47] Merged 2706 bytes (2.64 KiB) for 'typedefbase'.
[2025-11-20 18:09:47] Merging 1 fragment for 'type_decls'.
[2025-11-20 18:09:47] Merged 6926 bytes (6.76 KiB) for 'type_decls'.
[2025-11-20 18:09:47] Merging 1 fragment for 'type_decl_top'.
[2025-11-20 18:09:47] Merged 1241 bytes (1.21 KiB) for 'type_decl_top'.
[2025-11-20 18:09:47] Merging 1 fragment for 'usertypesize'.
[2025-11-20 18:09:47] Merged 2282 bytes (2.23 KiB) for 'usertypesize'.
[2025-11-20 18:09:47] Merging 1 fragment for 'is_pod_class'.
[2025-11-20 18:09:47] Merged 953 bytes for 'is_pod_class'.
[2025-11-20 18:09:47] Merging 1 fragment for 'is_standard_layout_class'.
[2025-11-20 18:09:47] Merged 953 bytes for 'is_standard_layout_class'.
[2025-11-20 18:09:47] Merging 1 fragment for 'is_complete'.
[2025-11-20 18:09:47] Merged 953 bytes for 'is_complete'.
[2025-11-20 18:09:47] Merging 1 fragment for 'member'.
[2025-11-20 18:09:47] Merged 8965 bytes (8.75 KiB) for 'member'.
[2025-11-20 18:09:47] Merging 1 fragment for 'type_def'.
[2025-11-20 18:09:47] Merged 1019 bytes for 'type_def'.
[2025-11-20 18:09:47] Merging 1 fragment for 'membervariables'.
[2025-11-20 18:09:47] Merged 12198 bytes (11.91 KiB) for 'membervariables'.
[2025-11-20 18:09:47] Merging 1 fragment for 'fieldoffsets'.
[2025-11-20 18:09:47] Merged 6486 bytes (6.33 KiB) for 'fieldoffsets'.
[2025-11-20 18:09:47] Merging 1 fragment for 'globalvariables'.
[2025-11-20 18:09:47] Merged 972 bytes for 'globalvariables'.
[2025-11-20 18:09:47] Merging 1 fragment for 'funspecifiers'.
[2025-11-20 18:09:47] Merged 15574 bytes (15.21 KiB) for 'funspecifiers'.
[2025-11-20 18:09:47] Merging 1 fragment for 'varspecifiers'.
[2025-11-20 18:09:47] Merged 10082 bytes (9.85 KiB) for 'varspecifiers'.
[2025-11-20 18:09:47] Merging 1 fragment for 'exprconv'.
[2025-11-20 18:09:47] Merged 123897 bytes (120.99 KiB) for 'exprconv'.
[2025-11-20 18:09:47] Merging 1 fragment for 'conversionkinds'.
[2025-11-20 18:09:47] Merged 17688 bytes (17.27 KiB) for 'conversionkinds'.
[2025-11-20 18:09:47] Merging 1 fragment for 'initialisers'.
[2025-11-20 18:09:47] Merged 9489 bytes (9.27 KiB) for 'initialisers'.
[2025-11-20 18:09:47] Merging 1 fragment for 'typespecifiers'.
[2025-11-20 18:09:47] Merged 1234 bytes (1.21 KiB) for 'typespecifiers'.
[2025-11-20 18:09:47] Merging 1 fragment for 'iscall'.
[2025-11-20 18:09:47] Merged 3923 bytes (3.83 KiB) for 'iscall'.
[2025-11-20 18:09:47] Merging 1 fragment for 'attributes'.
[2025-11-20 18:09:47] Merged 3352 bytes (3.27 KiB) for 'attributes'.
[2025-11-20 18:09:47] Merging 1 fragment for 'typeattributes'.
[2025-11-20 18:09:47] Merged 4490 bytes (4.38 KiB) for 'typeattributes'.
[2025-11-20 18:09:47] Merging 1 fragment for 'var_decl_specifiers'.
[2025-11-20 18:09:47] Merged 331 bytes for 'var_decl_specifiers'.
[2025-11-20 18:09:47] Merging 1 fragment for 'macro_argument_unexpanded'.
[2025-11-20 18:09:47] Merged 46141 bytes (45.06 KiB) for 'macro_argument_unexpanded'.
[2025-11-20 18:09:47] Merging 1 fragment for 'macro_argument_expanded'.
[2025-11-20 18:09:47] Merged 47782 bytes (46.66 KiB) for 'macro_argument_expanded'.
[2025-11-20 18:09:47] Merging 1 fragment for 'varattributes'.
[2025-11-20 18:09:47] Merged 205 bytes for 'varattributes'.
[2025-11-20 18:09:47] Merging 1 fragment for 'expr_ancestor'.
[2025-11-20 18:09:47] Merged 898 bytes for 'expr_ancestor'.
[2025-11-20 18:09:47] Merging 1 fragment for 'attribute_arg_constant'.
[2025-11-20 18:09:47] Merged 1508 bytes (1.47 KiB) for 'attribute_arg_constant'.
[2025-11-20 18:09:47] Merging 1 fragment for 'attribute_args'.
[2025-11-20 18:09:47] Merged 3081 bytes (3.01 KiB) for 'attribute_args'.
[2025-11-20 18:09:47] Merging 1 fragment for 'params'.
[2025-11-20 18:09:47] Merged 24796 bytes (24.21 KiB) for 'params'.
[2025-11-20 18:09:47] Merging 1 fragment for 'param_decl_bind'.
[2025-11-20 18:09:47] Merged 21958 bytes (21.44 KiB) for 'param_decl_bind'.
[2025-11-20 18:09:47] Merging 1 fragment for 'if_else'.
[2025-11-20 18:09:47] Merged 3358 bytes (3.28 KiB) for 'if_else'.
[2025-11-20 18:09:47] Merging 1 fragment for 'while_body'.
[2025-11-20 18:09:47] Merged 537 bytes for 'while_body'.
[2025-11-20 18:09:47] Merging 1 fragment for 'sizeof_bind'.
[2025-11-20 18:09:47] Merged 738 bytes for 'sizeof_bind'.
[2025-11-20 18:09:47] Merging 1 fragment for 'do_body'.
[2025-11-20 18:09:47] Merged 1743 bytes (1.70 KiB) for 'do_body'.
[2025-11-20 18:09:47] Merging 1 fragment for 'funcattributes'.
[2025-11-20 18:09:47] Merged 1176 bytes (1.15 KiB) for 'funcattributes'.
[2025-11-20 18:09:47] Merging 1 fragment for 'expr_cond_guard'.
[2025-11-20 18:09:47] Merged 3841 bytes (3.75 KiB) for 'expr_cond_guard'.
[2025-11-20 18:09:47] Merging 1 fragment for 'expr_cond_true'.
[2025-11-20 18:09:47] Merged 3845 bytes (3.75 KiB) for 'expr_cond_true'.
[2025-11-20 18:09:47] Merging 1 fragment for 'expr_cond_false'.
[2025-11-20 18:09:47] Merged 3834 bytes (3.74 KiB) for 'expr_cond_false'.
[2025-11-20 18:09:47] Merging 1 fragment for 'enumconstants'.
[2025-11-20 18:09:47] Merged 3101 bytes (3.03 KiB) for 'enumconstants'.
[2025-11-20 18:09:47] Merging 1 fragment for 'orphaned_variables'.
[2025-11-20 18:09:47] Merged 68 bytes for 'orphaned_variables'.
[2025-11-20 18:09:47] Merging 1 fragment for 'bitfield'.
[2025-11-20 18:09:47] Merged 100 bytes for 'bitfield'.
[2025-11-20 18:09:47] Merging 1 fragment for 'enclosingfunction'.
[2025-11-20 18:09:47] Merged 70 bytes for 'enclosingfunction'.
[2025-11-20 18:09:47] Merging 1 fragment for 'builtin_functions'.
[2025-11-20 18:09:47] Merged 27 bytes for 'builtin_functions'.
[2025-11-20 18:09:47] Merging 1 fragment for 'attribute_arg_value'.
[2025-11-20 18:09:47] Merged 175 bytes for 'attribute_arg_value'.
[2025-11-20 18:09:47] Merging 1 fragment for 'builtintypes'.
[2025-11-20 18:09:47] Merged 436 bytes for 'builtintypes'.
[2025-11-20 18:09:47] Merging 1 fragment for 'link_targets'.
[2025-11-20 18:09:47] Merged 34 bytes for 'link_targets'.
[2025-11-20 18:09:47] Merging 1 fragment for 'namespaces'.
[2025-11-20 18:09:47] Merged 28 bytes for 'namespaces'.
[2025-11-20 18:09:47] Merging 1 fragment for 'specialnamequalifyingelements'.
[2025-11-20 18:09:47] Merged 30 bytes for 'specialnamequalifyingelements'.
[2025-11-20 18:09:47] Merging 1 fragment for 'specifiers'.
[2025-11-20 18:09:47] Merged 179 bytes for 'specifiers'.
[2025-11-20 18:09:47] Merging 1 fragment for 'compilations'.
[2025-11-20 18:09:47] Merged 103 bytes for 'compilations'.
[2025-11-20 18:09:47] Merging 1 fragment for 'compilation_args'.
[2025-11-20 18:09:47] Merged 14528 bytes (14.19 KiB) for 'compilation_args'.
[2025-11-20 18:09:47] Merging 1 fragment for 'compilation_compiling_files'.
[2025-11-20 18:09:47] Merged 310 bytes for 'compilation_compiling_files'.
[2025-11-20 18:09:47] Merging 1 fragment for 'compilation_time'.
[2025-11-20 18:09:47] Merged 3279 bytes (3.20 KiB) for 'compilation_time'.
[2025-11-20 18:09:47] Merging 1 fragment for 'compilation_finished'.
[2025-11-20 18:09:47] Merged 931 bytes for 'compilation_finished'.
[2025-11-20 18:09:47] Merging 1 fragment for 'sourceLocationPrefix'.
[2025-11-20 18:09:47] Merged 19 bytes for 'sourceLocationPrefix'.
[2025-11-20 18:09:47] Saving string and id pools to disk.
[2025-11-20 18:09:47] Finished importing TRAP files.
[2025-11-20 18:09:47] Read 143.49 MiB of uncompressed TRAP data.
[2025-11-20 18:09:47] Uncompressed relation data size: 21.43 MiB
[2025-11-20 18:09:47] Relation data size: 5.31 MiB (merge rate: 13.59 MiB/s)
[2025-11-20 18:09:47] String pool size: 9.53 MiB
[2025-11-20 18:09:47] ID pool size: 21.00 MiB
[2025-11-20 18:09:47] [PROGRESS] dataset import> Finished writing database (relations: 5.31 MiB; string pool: 9.53 MiB).
[2025-11-20 18:09:47] Pausing evaluation to close the cache at sequence stamp o+271
[2025-11-20 18:09:47] The disk cache is freshly trimmed; leave it be.
[2025-11-20 18:09:47] Unpausing evaluation
[2025-11-20 18:09:47] Plumbing command codeql dataset import completed.
[2025-11-20 18:09:47] [PROGRESS] database finalize> TRAP import complete (4.2s).
[2025-11-20 18:09:47] Running plumbing command: codeql database cleanup -- /Users/jie/Documents/workspace/lcmhalgen/LCMHalTest_DBS/DATABASE_FreeRTOSBLE_HeartRate_macbook
[2025-11-20 18:09:48] [PROGRESS] database cleanup> Cleaning up existing TRAP files after import...
[2025-11-20 18:09:48] [PROGRESS] database cleanup> TRAP files cleaned up (59ms).
[2025-11-20 18:09:48] [PROGRESS] database cleanup> Cleaning up scratch directory...
[2025-11-20 18:09:48] [PROGRESS] database cleanup> Scratch directory cleaned up (65ms).
[2025-11-20 18:09:48] Running plumbing command: codeql dataset cleanup -- /Users/jie/Documents/workspace/lcmhalgen/LCMHalTest_DBS/DATABASE_FreeRTOSBLE_HeartRate_macbook/db-cpp
[2025-11-20 18:09:48] [PROGRESS] dataset cleanup> Cleaning up dataset in /Users/jie/Documents/workspace/lcmhalgen/LCMHalTest_DBS/DATABASE_FreeRTOSBLE_HeartRate_macbook/db-cpp.
[2025-11-20 18:09:48] Trimming disk cache at /Users/jie/Documents/workspace/lcmhalgen/LCMHalTest_DBS/DATABASE_FreeRTOSBLE_HeartRate_macbook/db-cpp/default/cache in mode trim.
[2025-11-20 18:09:48] Sequence stamp origin is -5979138269031585669
[2025-11-20 18:09:48] Pausing evaluation to quickly trim memory at sequence stamp o+0
[2025-11-20 18:09:48] Unpausing evaluation
[2025-11-20 18:09:48] Pausing evaluation to zealously trim disk at sequence stamp o+1
[2025-11-20 18:09:48] Unpausing evaluation
[2025-11-20 18:09:48] Trimming completed (2ms): Trimmed disposable data from cache.
[2025-11-20 18:09:48] Pausing evaluation to close the cache at sequence stamp o+2
[2025-11-20 18:09:48] The disk cache is freshly trimmed; leave it be.
[2025-11-20 18:09:48] Unpausing evaluation
[2025-11-20 18:09:48] [PROGRESS] dataset cleanup> Trimmed disposable data from cache.
[2025-11-20 18:09:48] [PROGRESS] dataset cleanup> Finalizing dataset in /Users/jie/Documents/workspace/lcmhalgen/LCMHalTest_DBS/DATABASE_FreeRTOSBLE_HeartRate_macbook/db-cpp
[2025-11-20 18:09:48] [DETAILS] dataset cleanup> Finished deleting ID pool from /Users/jie/Documents/workspace/lcmhalgen/LCMHalTest_DBS/DATABASE_FreeRTOSBLE_HeartRate_macbook/db-cpp (3ms).
[2025-11-20 18:09:48] Plumbing command codeql dataset cleanup completed.
[2025-11-20 18:09:48] Plumbing command codeql database cleanup completed with status 0.
[2025-11-20 18:09:48] [PROGRESS] database finalize> Finished zipping source archive (1.23 MiB).
[2025-11-20 18:09:48] Plumbing command codeql database finalize completed.
[2025-11-20 18:09:48] [PROGRESS] database create> Successfully created database at /Users/jie/Documents/workspace/lcmhalgen/LCMHalTest_DBS/DATABASE_FreeRTOSBLE_HeartRate_macbook.
[2025-11-20 18:09:48] Terminating normally.
