[T 08:16:00 79838] CodeQL CLI version 2.23.0
[T 08:16:00 79838] Initializing tracer.
[T 08:16:00 79838] Initializing tags.
[T 08:16:00 79838] ID set to 00000000000137DE_0000000000000001 (parent root)
[T 08:16:00 79838] Initializing tracer.
[T 08:16:00 79838] Initializing tags.
[T 08:16:00 79838] ID set to 00000000000137DE_0000000000000002 (parent root)
[T 08:16:00 79838] Warning: SEMMLE_EXEC and SEMMLE_EXECP not set. Falling back to path lookup on argv[0].
[T 08:16:00 79838] ==== Candidate to intercept: /opt/homebrew/Caskroom/codeql/2.23.0/codeql/tools/osx64/runner-osx (canonical: /opt/homebrew/Caskroom/codeql/2.23.0/codeql/tools/osx64/runner-osx) ====
[T 08:16:00 79838] Executing the following tracer actions:
[T 08:16:00 79838] Tracer actions:
[T 08:16:00 79838] pre_invocations(0)
[T 08:16:00 79838] post_invocations(0)
[T 08:16:00 79838] trace_languages(1): [cpp]
[T 08:16:00 79840] Attempting to switch stdout/stderr to 3...
/Users/jie/Documents/workspace/lcmhalgen/LCMHalTest_DBS/DATABASE_FreeRTOSUART_Hyperterminal_IT/working/copy-root/000001F5/bin/bash.semmle.000137DE.26DB7E98.slice.x86_64: replacing existing signature
[T 08:16:01 79838] Initializing tracer.
[T 08:16:01 79838] Initializing tags.
[T 08:16:01 79838] ID set to 00000000000137DE_0000000000000003 (parent 00000000000137DE_0000000000000002)
[T 08:16:01 79838] ==== Candidate to intercept: /bin/bash (canonical: /bin/bash) ====
[T 08:16:01 79838] Executing the following tracer actions:
[T 08:16:01 79838] Tracer actions:
[T 08:16:01 79838] pre_invocations(0)
[T 08:16:01 79838] post_invocations(0)
[T 08:16:01 79838] trace_languages(1): [cpp]
[T 08:16:01 79894] Attempting to switch stdout/stderr to 3...
/Users/jie/Documents/workspace/lcmhalgen/LCMHalTest_DBS/DATABASE_FreeRTOSUART_Hyperterminal_IT/working/copy-root/000001F5/usr/bin/dirname.semmle.00013815.2BC809D0.slice.x86_64: replacing existing signature
[T 08:16:02 79893] Initializing tracer.
[T 08:16:02 79893] Initializing tags.
[T 08:16:02 79893] ID set to 0000000000013815_0000000000000001 (parent 00000000000137DE_0000000000000003)
[T 08:16:02 79893] ==== Candidate to intercept: /usr/bin/dirname (canonical: /usr/bin/dirname) ====
[T 08:16:02 79893] Executing the following tracer actions:
[T 08:16:02 79893] Tracer actions:
[T 08:16:02 79893] pre_invocations(0)
[T 08:16:02 79893] post_invocations(0)
[T 08:16:02 79893] trace_languages(1): [cpp]
[T 08:16:02 79912] Attempting to switch stdout/stderr to 3...
/Users/jie/Documents/workspace/lcmhalgen/LCMHalTest_DBS/DATABASE_FreeRTOSUART_Hyperterminal_IT/working/copy-root/000001F5/usr/bin/make.semmle.00013827.12DD9AE8.slice.x86_64: replacing existing signature
[T 08:16:02 79911] Initializing tracer.
[T 08:16:02 79911] Initializing tags.
[T 08:16:02 79911] ID set to 0000000000013827_0000000000000001 (parent 00000000000137DE_0000000000000003)
[T 08:16:02 79911] ==== Candidate to intercept: /usr/bin/make (canonical: /usr/bin/make) ====
[T 08:16:02 79911] Executing the following tracer actions:
[T 08:16:02 79911] Tracer actions:
[T 08:16:02 79911] pre_invocations(0)
[T 08:16:02 79911] post_invocations(0)
[T 08:16:02 79911] trace_languages(1): [cpp]
[T 08:16:02 79919] Attempting to switch stdout/stderr to 3...
/Users/jie/Documents/workspace/lcmhalgen/LCMHalTest_DBS/DATABASE_FreeRTOSUART_Hyperterminal_IT/working/copy-root/000001F5/Library/Developer/CommandLineTools/usr/bin/make.semmle.00013827.3495C2F0.slice.x86_64: replacing existing signature
/Users/jie/Documents/workspace/lcmhalgen/LCMHalTest_DBS/DATABASE_FreeRTOSUART_Hyperterminal_IT/working/copy-root/000001F5/Library/Developer/CommandLineTools/usr/bin/make.semmle.00013827.3495C2F0.slice.arm64: replacing existing signature
[T 08:16:03 79911] Initializing tracer.
[T 08:16:03 79911] Initializing tags.
[T 08:16:03 79911] ID set to 0000000000013827_0000000000000002 (parent 0000000000013827_0000000000000001)
[T 08:16:03 79911] ==== Candidate to intercept: /Library/Developer/CommandLineTools/usr/bin/make (canonical: /Library/Developer/CommandLineTools/usr/bin/make) ====
[T 08:16:03 79911] Executing the following tracer actions:
[T 08:16:03 79911] Tracer actions:
[T 08:16:03 79911] pre_invocations(0)
[T 08:16:03 79911] post_invocations(0)
[T 08:16:03 79911] trace_languages(1): [cpp]
[T 08:16:03 79947] Attempting to switch stdout/stderr to 4...
/Users/jie/Documents/workspace/lcmhalgen/LCMHalTest_DBS/DATABASE_FreeRTOSUART_Hyperterminal_IT/working/copy-root/000001F5/bin/sh.semmle.00013827.1FD692E0.slice.x86_64: replacing existing signature
[T 08:16:04 79950] Initializing tracer.
[T 08:16:04 79950] Initializing tags.
[T 08:16:04 79950] ID set to 000000000001384E_0000000000000001 (parent 0000000000013827_0000000000000002)
[T 08:16:04 79950] ==== Candidate to intercept: /bin/sh (canonical: /bin/sh) ====
[T 08:16:04 79950] Executing the following tracer actions:
[T 08:16:04 79950] Tracer actions:
[T 08:16:04 79950] pre_invocations(0)
[T 08:16:04 79950] post_invocations(0)
[T 08:16:04 79950] trace_languages(1): [cpp]
[T 08:16:04 79950] Initializing tracer.
[T 08:16:04 79950] Initializing tags.
[T 08:16:04 79950] ID set to 000000000001384E_0000000000000002 (parent 000000000001384E_0000000000000001)
[T 08:16:04 79950] ==== Candidate to intercept: /bin/bash (canonical: /bin/bash) ====
[T 08:16:04 79950] Executing the following tracer actions:
[T 08:16:04 79950] Tracer actions:
[T 08:16:04 79950] pre_invocations(0)
[T 08:16:04 79950] post_invocations(0)
[T 08:16:04 79950] trace_languages(1): [cpp]
[T 08:16:04 79966] Attempting to switch stdout/stderr to 3...
/Users/jie/Documents/workspace/lcmhalgen/LCMHalTest_DBS/DATABASE_FreeRTOSUART_Hyperterminal_IT/working/copy-root/000001F5/Users/jie/Documents/arm-gnu-toolchain-14.3.rel1-darwin-arm64-arm-none-eabi/bin/arm-none-eabi-gcc.semmle.0001384E.05130E98.slice.arm64: replacing existing signature
[T 08:16:04 79950] Initializing tracer.
[T 08:16:04 79950] Initializing tags.
[T 08:16:04 79950] ID set to 000000000001384E_0000000000000003 (parent 000000000001384E_0000000000000002)
[T 08:16:04 79950] ==== Candidate to intercept: /Users/jie/Documents/arm-gnu-toolchain-14.3.rel1-darwin-arm64-arm-none-eabi/bin/arm-none-eabi-gcc (canonical: /Users/jie/Documents/arm-gnu-toolchain-14.3.rel1-darwin-arm64-arm-none-eabi/bin/arm-none-eabi-gcc) ====
[T 08:16:04 79950] Lua: === Intercepted call to /users/jie/documents/arm-gnu-toolchain-14.3.rel1-darwin-arm64-arm-none-eabi/bin/arm-none-eabi-gcc ===
[T 08:16:04 79950] Executing the following tracer actions:
[T 08:16:04 79950] Tracer actions:
[T 08:16:04 79950] pre_invocations(0)
[T 08:16:04 79950] post_invocations(1)
[T 08:16:04 79950] invocation: /opt/homebrew/Caskroom/codeql/2.23.0/codeql/cpp/tools/osx64/extractor, args: [--mimic, /users/jie/documents/arm-gnu-toolchain-14.3.rel1-darwin-arm64-arm-none-eabi/bin/arm-none-eabi-gcc, ../../Src/main.c, -mcpu=cortex-m4, -std=gnu11, -DUSE_STM324xG_EVAL, -DSTM32F407xx, -DUSE_HAL_DRIVER, -c, -I../../Inc, -I../../Drivers/CMSIS/Device/ST/STM32F4xx/Include, -I../../Drivers/STM32F4xx_HAL_Driver/Inc, -I../../Drivers/BSP/STM324xG_EVAL, -I../../Drivers/CMSIS/Include, -Os, -ffunction-sections, -fdata-sections, -Wall, -fstack-usage, -MMD, -MP, -MFExample/User/main.d, -MTExample/User/main.o, --specs=nano.specs, -mfpu=fpv4-sp-d16, -mfloat-abi=hard, -mthumb, -o, Example/User/main.o]
[T 08:16:04 79950] trace_languages(1): [cpp]
[T 08:16:04 79980] Attempting to switch stdout/stderr to 3...
/Users/jie/Documents/workspace/lcmhalgen/LCMHalTest_DBS/DATABASE_FreeRTOSUART_Hyperterminal_IT/working/copy-root/000001F5/Users/jie/Documents/arm-gnu-toolchain-14.3.rel1-darwin-arm64-arm-none-eabi/bin/../libexec/gcc/arm-none-eabi/14.3.1/cc1.semmle.0001386B.218446C8.slice.arm64: replacing existing signature
[T 08:16:05 79997] Initializing tracer.
[T 08:16:05 79997] Initializing tags.
[T 08:16:05 79997] ID set to 000000000001387D_0000000000000001 (parent 000000000001384E_0000000000000003)
[T 08:16:05 79997] ==== Candidate to intercept: /Users/jie/Documents/arm-gnu-toolchain-14.3.rel1-darwin-arm64-arm-none-eabi/bin/../libexec/gcc/arm-none-eabi/14.3.1/cc1 (canonical: /Users/jie/Documents/arm-gnu-toolchain-14.3.rel1-darwin-arm64-arm-none-eabi/libexec/gcc/arm-none-eabi/14.3.1/cc1) ====
[T 08:16:05 79997] Lua: === Intercepted call to /users/jie/documents/arm-gnu-toolchain-14.3.rel1-darwin-arm64-arm-none-eabi/libexec/gcc/arm-none-eabi/14.3.1/cc1 ===
[T 08:16:05 79997] Executing the following tracer actions:
[T 08:16:05 79997] Tracer actions:
[T 08:16:05 79997] pre_invocations(0)
[T 08:16:05 79997] post_invocations(1)
[T 08:16:05 79997] invocation: /opt/homebrew/Caskroom/codeql/2.23.0/codeql/cpp/tools/osx64/extractor, args: [--mimic, /users/jie/documents/arm-gnu-toolchain-14.3.rel1-darwin-arm64-arm-none-eabi/libexec/gcc/arm-none-eabi/14.3.1/cc1, -isystem, =/include/newlib-nano, -quiet, -I, ../../Inc, -I, ../../Drivers/CMSIS/Device/ST/STM32F4xx/Include, -I, ../../Drivers/STM32F4xx_HAL_Driver/Inc, -I, ../../Drivers/BSP/STM324xG_EVAL, -I, ../../Drivers/CMSIS/Include, -imultilib, thumb/v7e-m+fp/hard, -iprefix, /Users/jie/Documents/arm-gnu-toolchain-14.3.rel1-darwin-arm64-arm-none-eabi/bin/../lib/gcc/arm-none-eabi/14.3.1/, -isysroot, /Users/jie/Documents/arm-gnu-toolchain-14.3.rel1-darwin-arm64-arm-none-eabi/bin/../arm-none-eabi, -MMD, Example/User/main.d, -MF, Example/User/main.d, -MP, -MT, Example/User/main.o, -D__USES_INITFINI__, -D, USE_STM324xG_EVAL, -D, STM32F407xx, -D, USE_HAL_DRIVER, ../../Src/main.c, -quiet, -dumpdir, Example/User/, -dumpbase, main.c, -dumpbase-ext, .c, -mcpu=cortex-m4, -mfpu=fpv4-sp-d16, -mfloat-abi=hard, -mthumb, -mlibarch=armv7e-m+fp, -march=armv7e-m+fp, -Os, -Wall, -std=gnu11, -ffunction-sections, -fdata-sections, -fstack-usage, -o, /var/folders/b3/0hb7dhg16rd56bpwtd8bcnyc0000gn/T//ccTIxrjh.s]
[T 08:16:05 79997] trace_languages(1): [cpp]
[T 08:16:05 80009] Attempting to switch stdout/stderr to 4...
[T 08:16:05 80010] Attempting to switch stdout/stderr to 4...
/Users/jie/Documents/workspace/lcmhalgen/LCMHalTest_DBS/DATABASE_FreeRTOSUART_Hyperterminal_IT/working/copy-root/000001F5/opt/homebrew/Caskroom/codeql/2.23.0/codeql/cpp/tools/osx64/extractor.semmle.00013889.163030E8.slice.arm64: replacing existing signature
[T 08:16:07 80009] Initializing tracer.
[T 08:16:07 80009] Initializing tags.
[T 08:16:07 80009] ID set to 0000000000013889_0000000000000001 (parent 000000000001387D_0000000000000001)
[E 08:16:07 80009] CodeQL C/C++ Extractor 2.23.0
[E 08:16:08 80009] Current directory: /Users/jie/Documents/workspace/lcmhalgen/posixGen_Demos/UART_Hyperterminal_IT/STM32CubeIDE/Release
[E 08:16:08 80009] Command: /opt/homebrew/Caskroom/codeql/2.23.0/codeql/cpp/tools/osx64/extractor --mimic /users/jie/documents/arm-gnu-toolchain-14.3.rel1-darwin-arm64-arm-none-eabi/libexec/gcc/arm-none-eabi/14.3.1/cc1 -isystem '=/include/newlib-nano' -quiet -I ../../Inc -I ../../Drivers/CMSIS/Device/ST/STM32F4xx/Include -I ../../Drivers/STM32F4xx_HAL_Driver/Inc -I ../../Drivers/BSP/STM324xG_EVAL -I ../../Drivers/CMSIS/Include -imultilib 'thumb/v7e-m+fp/hard' -iprefix /Users/jie/Documents/arm-gnu-toolchain-14.3.rel1-darwin-arm64-arm-none-eabi/bin/../lib/gcc/arm-none-eabi/14.3.1/ -isysroot /Users/jie/Documents/arm-gnu-toolchain-14.3.rel1-darwin-arm64-arm-none-eabi/bin/../arm-none-eabi -MMD Example/User/main.d -MF Example/User/main.d -MP -MT Example/User/main.o -D__USES_INITFINI__ -D USE_STM324xG_EVAL -D STM32F407xx -D USE_HAL_DRIVER ../../Src/main.c -quiet -dumpdir Example/User/ -dumpbase main.c -dumpbase-ext .c -mcpu=cortex-m4 -mfpu=fpv4-sp-d16 -mfloat-abi=hard -mthumb '-mlibarch=armv7e-m+fp' '-march=armv7e-m+fp' -Os -Wall -std=gnu11 -ffunction-sections -fdata-sections -fstack-usage -o /var/folders/b3/0hb7dhg16rd56bpwtd8bcnyc0000gn/T//ccTIxrjh.s
[T 08:16:08 80069] Initializing tracer.
[T 08:16:08 80069] Initializing tags.
[T 08:16:08 80069] ID set to 00000000000138C5_0000000000000001 (parent 0000000000013889_0000000000000001)
[T 08:16:08 80069] ==== Candidate to intercept: /users/jie/documents/arm-gnu-toolchain-14.3.rel1-darwin-arm64-arm-none-eabi/libexec/gcc/arm-none-eabi/14.3.1/cc1 (canonical: /Users/jie/Documents/arm-gnu-toolchain-14.3.rel1-darwin-arm64-arm-none-eabi/libexec/gcc/arm-none-eabi/14.3.1/cc1) ====
[T 08:16:08 80069] Lua: === Intercepted call to /users/jie/documents/arm-gnu-toolchain-14.3.rel1-darwin-arm64-arm-none-eabi/libexec/gcc/arm-none-eabi/14.3.1/cc1 ===
[T 08:16:08 80069] Executing the following tracer actions:
[T 08:16:08 80069] Tracer actions:
[T 08:16:08 80069] pre_invocations(0)
[T 08:16:08 80069] post_invocations(1)
[T 08:16:08 80069] invocation: /opt/homebrew/Caskroom/codeql/2.23.0/codeql/cpp/tools/osx64/extractor, args: [--mimic, /users/jie/documents/arm-gnu-toolchain-14.3.rel1-darwin-arm64-arm-none-eabi/libexec/gcc/arm-none-eabi/14.3.1/cc1, --version]
[T 08:16:08 80069] trace_languages(1): [cpp]
[T 08:16:08 80072] Attempting to switch stdout/stderr to 7...
[T 08:16:08 80072] Initializing tracer.
[T 08:16:08 80072] Initializing tags.
[T 08:16:08 80072] ID set to 00000000000138C8_0000000000000001 (parent 00000000000138C5_0000000000000001)
[E 08:16:08 80072] Mimicry classification suppression detected; exiting.
[E 08:16:08 80072] Extractor exited successfully
[T 08:16:08 80069] Extractor /opt/homebrew/Caskroom/codeql/2.23.0/codeql/cpp/tools/osx64/extractor terminated with exit code 0.
[T 08:16:08 80073] Initializing tracer.
[T 08:16:08 80073] Initializing tags.
[T 08:16:08 80073] ID set to 00000000000138C9_0000000000000001 (parent 0000000000013889_0000000000000001)
[T 08:16:08 80073] ==== Candidate to intercept: /users/jie/documents/arm-gnu-toolchain-14.3.rel1-darwin-arm64-arm-none-eabi/libexec/gcc/arm-none-eabi/14.3.1/cc1 (canonical: /Users/jie/Documents/arm-gnu-toolchain-14.3.rel1-darwin-arm64-arm-none-eabi/libexec/gcc/arm-none-eabi/14.3.1/cc1) ====
[T 08:16:08 80073] Lua: === Intercepted call to /users/jie/documents/arm-gnu-toolchain-14.3.rel1-darwin-arm64-arm-none-eabi/libexec/gcc/arm-none-eabi/14.3.1/cc1 ===
[T 08:16:08 80073] Executing the following tracer actions:
[T 08:16:08 80073] Tracer actions:
[T 08:16:08 80073] pre_invocations(0)
[T 08:16:08 80073] post_invocations(1)
[T 08:16:08 80073] invocation: /opt/homebrew/Caskroom/codeql/2.23.0/codeql/cpp/tools/osx64/extractor, args: [--mimic, /users/jie/documents/arm-gnu-toolchain-14.3.rel1-darwin-arm64-arm-none-eabi/libexec/gcc/arm-none-eabi/14.3.1/cc1, --help]
[T 08:16:08 80073] trace_languages(1): [cpp]
[T 08:16:08 80075] Attempting to switch stdout/stderr to 7...
[T 08:16:08 80075] Initializing tracer.
[T 08:16:08 80075] Initializing tags.
[T 08:16:08 80075] ID set to 00000000000138CB_0000000000000001 (parent 00000000000138C9_0000000000000001)
[E 08:16:08 80075] Mimicry classification suppression detected; exiting.
[E 08:16:08 80075] Extractor exited successfully
[T 08:16:08 80073] Extractor /opt/homebrew/Caskroom/codeql/2.23.0/codeql/cpp/tools/osx64/extractor terminated with exit code 0.
[T 08:16:08 80076] Initializing tracer.
[T 08:16:08 80076] Initializing tags.
[T 08:16:08 80076] ID set to 00000000000138CC_0000000000000001 (parent 0000000000013889_0000000000000001)
[T 08:16:08 80076] ==== Candidate to intercept: /users/jie/documents/arm-gnu-toolchain-14.3.rel1-darwin-arm64-arm-none-eabi/libexec/gcc/arm-none-eabi/14.3.1/cc1 (canonical: /Users/jie/Documents/arm-gnu-toolchain-14.3.rel1-darwin-arm64-arm-none-eabi/libexec/gcc/arm-none-eabi/14.3.1/cc1) ====
[T 08:16:08 80076] Lua: === Intercepted call to /users/jie/documents/arm-gnu-toolchain-14.3.rel1-darwin-arm64-arm-none-eabi/libexec/gcc/arm-none-eabi/14.3.1/cc1 ===
[T 08:16:08 80076] Executing the following tracer actions:
[T 08:16:08 80076] Tracer actions:
[T 08:16:08 80076] pre_invocations(0)
[T 08:16:08 80076] post_invocations(1)
[T 08:16:08 80076] invocation: /opt/homebrew/Caskroom/codeql/2.23.0/codeql/cpp/tools/osx64/extractor, args: [--mimic, /users/jie/documents/arm-gnu-toolchain-14.3.rel1-darwin-arm64-arm-none-eabi/libexec/gcc/arm-none-eabi/14.3.1/cc1, -version, --help]
[T 08:16:08 80076] trace_languages(1): [cpp]
[T 08:16:08 80079] Attempting to switch stdout/stderr to 7...
[T 08:16:08 80079] Initializing tracer.
[T 08:16:08 80079] Initializing tags.
[T 08:16:08 80079] ID set to 00000000000138CF_0000000000000001 (parent 00000000000138CC_0000000000000001)
[E 08:16:08 80079] Mimicry classification suppression detected; exiting.
[E 08:16:08 80079] Extractor exited successfully
[T 08:16:08 80076] Extractor /opt/homebrew/Caskroom/codeql/2.23.0/codeql/cpp/tools/osx64/extractor terminated with exit code 0.
[T 08:16:08 80080] Initializing tracer.
[T 08:16:08 80080] Initializing tags.
[T 08:16:08 80080] ID set to 00000000000138D0_0000000000000001 (parent 0000000000013889_0000000000000001)
[T 08:16:08 80080] ==== Candidate to intercept: /users/jie/documents/arm-gnu-toolchain-14.3.rel1-darwin-arm64-arm-none-eabi/libexec/gcc/arm-none-eabi/14.3.1/cc1 (canonical: /Users/jie/Documents/arm-gnu-toolchain-14.3.rel1-darwin-arm64-arm-none-eabi/libexec/gcc/arm-none-eabi/14.3.1/cc1) ====
[T 08:16:08 80080] Lua: === Intercepted call to /users/jie/documents/arm-gnu-toolchain-14.3.rel1-darwin-arm64-arm-none-eabi/libexec/gcc/arm-none-eabi/14.3.1/cc1 ===
[T 08:16:08 80080] Executing the following tracer actions:
[T 08:16:08 80080] Tracer actions:
[T 08:16:08 80080] pre_invocations(0)
[T 08:16:08 80080] post_invocations(1)
[T 08:16:08 80080] invocation: /opt/homebrew/Caskroom/codeql/2.23.0/codeql/cpp/tools/osx64/extractor, args: [--mimic, /users/jie/documents/arm-gnu-toolchain-14.3.rel1-darwin-arm64-arm-none-eabi/libexec/gcc/arm-none-eabi/14.3.1/cc1, -nostdinc, -o, /Users/jie/Documents/workspace/lcmhalgen/LCMHalTest_DBS/DATABASE_FreeRTOSUART_Hyperterminal_IT/working/tmp//semmle_2_80009_202608.o, /Users/jie/Documents/workspace/lcmhalgen/LCMHalTest_DBS/DATABASE_FreeRTOSUART_Hyperterminal_IT/working/tmp//semmle_1_80009_202527.c]
[T 08:16:08 80080] trace_languages(1): [cpp]
[T 08:16:08 80083] Attempting to switch stdout/stderr to 7...
[T 08:16:08 80083] Initializing tracer.
[T 08:16:08 80083] Initializing tags.
[T 08:16:08 80083] ID set to 00000000000138D3_0000000000000001 (parent 00000000000138D0_0000000000000001)
[E 08:16:08 80083] Mimicry classification suppression detected; exiting.
[E 08:16:08 80083] Extractor exited successfully
[T 08:16:08 80080] Extractor /opt/homebrew/Caskroom/codeql/2.23.0/codeql/cpp/tools/osx64/extractor terminated with exit code 0.
[T 08:16:08 80084] Initializing tracer.
[T 08:16:08 80084] Initializing tags.
[T 08:16:08 80084] ID set to 00000000000138D4_0000000000000001 (parent 0000000000013889_0000000000000001)
[T 08:16:08 80084] ==== Candidate to intercept: /users/jie/documents/arm-gnu-toolchain-14.3.rel1-darwin-arm64-arm-none-eabi/libexec/gcc/arm-none-eabi/14.3.1/cc1 (canonical: /Users/jie/Documents/arm-gnu-toolchain-14.3.rel1-darwin-arm64-arm-none-eabi/libexec/gcc/arm-none-eabi/14.3.1/cc1) ====
[T 08:16:08 80084] Lua: === Intercepted call to /users/jie/documents/arm-gnu-toolchain-14.3.rel1-darwin-arm64-arm-none-eabi/libexec/gcc/arm-none-eabi/14.3.1/cc1 ===
[T 08:16:08 80084] Executing the following tracer actions:
[T 08:16:08 80084] Tracer actions:
[T 08:16:08 80084] pre_invocations(0)
[T 08:16:08 80084] post_invocations(1)
[T 08:16:08 80084] invocation: /opt/homebrew/Caskroom/codeql/2.23.0/codeql/cpp/tools/osx64/extractor, args: [--mimic, /users/jie/documents/arm-gnu-toolchain-14.3.rel1-darwin-arm64-arm-none-eabi/libexec/gcc/arm-none-eabi/14.3.1/cc1, -nostdinc, -o, /Users/jie/Documents/workspace/lcmhalgen/LCMHalTest_DBS/DATABASE_FreeRTOSUART_Hyperterminal_IT/working/tmp//semmle_4_80009_286390.o, /Users/jie/Documents/workspace/lcmhalgen/LCMHalTest_DBS/DATABASE_FreeRTOSUART_Hyperterminal_IT/working/tmp//semmle_3_80009_286301.c]
[T 08:16:08 80084] trace_languages(1): [cpp]
[T 08:16:08 80086] Attempting to switch stdout/stderr to 7...
[T 08:16:08 80086] Initializing tracer.
[T 08:16:08 80086] Initializing tags.
[T 08:16:08 80086] ID set to 00000000000138D6_0000000000000001 (parent 00000000000138D4_0000000000000001)
[E 08:16:08 80086] Mimicry classification suppression detected; exiting.
[E 08:16:08 80086] Extractor exited successfully
[T 08:16:08 80084] Extractor /opt/homebrew/Caskroom/codeql/2.23.0/codeql/cpp/tools/osx64/extractor terminated with exit code 0.
[E 08:16:08 80009] Checking whether C compilation already happened.
[E 08:16:08 80009] Checking for tag c-compilation-happened
[E 08:16:08 80009] Checking CODEQL_TRACER_DB_ID 000000000001387D_0000000000000001
[E 08:16:08 80009] Locking DB /Users/jie/Documents/workspace/lcmhalgen/LCMHalTest_DBS/DATABASE_FreeRTOSUART_Hyperterminal_IT/working/tags.db
[E 08:16:08 80009] Locked DB /Users/jie/Documents/workspace/lcmhalgen/LCMHalTest_DBS/DATABASE_FreeRTOSUART_Hyperterminal_IT/working/tags.db
[E 08:16:08 80009] Unlocking DB
[E 08:16:08 80009] Unlocked DB
[E 08:16:08 80009] Looks like C compilation didn't already happen.
[E 08:16:08 80009] Checking whether C compilation has been attempted.
[E 08:16:08 80009] Checking for tag c-compilation-attempted
[E 08:16:08 80009] Checking CODEQL_TRACER_DB_ID 000000000001387D_0000000000000001
[E 08:16:08 80009] Locking DB /Users/jie/Documents/workspace/lcmhalgen/LCMHalTest_DBS/DATABASE_FreeRTOSUART_Hyperterminal_IT/working/tags.db
[E 08:16:08 80009] Locked DB /Users/jie/Documents/workspace/lcmhalgen/LCMHalTest_DBS/DATABASE_FreeRTOSUART_Hyperterminal_IT/working/tags.db
[E 08:16:08 80009] Unlocking DB
[E 08:16:08 80009] Unlocked DB
[E 08:16:08 80009] Marking C compilation as attempted.
[E 08:16:08 80009] Setting tag c-compilation-attempted
[E 08:16:08 80009] Starting from CODEQL_TRACER_DB_ID 000000000001387D_0000000000000001
[E 08:16:08 80009] Locking DB /Users/jie/Documents/workspace/lcmhalgen/LCMHalTest_DBS/DATABASE_FreeRTOSUART_Hyperterminal_IT/working/tags.db
[E 08:16:08 80009] Locked DB /Users/jie/Documents/workspace/lcmhalgen/LCMHalTest_DBS/DATABASE_FreeRTOSUART_Hyperterminal_IT/working/tags.db
[E 08:16:08 80009] Set tag for 000000000001387D_0000000000000001
[E 08:16:08 80009] Set tag for 000000000001384E_0000000000000003
[E 08:16:08 80009] Set tag for 000000000001384E_0000000000000002
[E 08:16:08 80009] Set tag for 000000000001384E_0000000000000001
[E 08:16:08 80009] Set tag for 0000000000013827_0000000000000002
[E 08:16:08 80009] Set tag for 0000000000013827_0000000000000001
[E 08:16:08 80009] Set tag for 00000000000137DE_0000000000000003
[E 08:16:08 80009] Set tag for 00000000000137DE_0000000000000002
[E 08:16:08 80009] Set tag for root
[E 08:16:08 80009] Unlocking DB
[E 08:16:08 80009] Unlocked DB
[T 08:16:08 80097] Initializing tracer.
[T 08:16:08 80097] Initializing tags.
[T 08:16:08 80097] ID set to 00000000000138E1_0000000000000001 (parent 0000000000013889_0000000000000001)
[T 08:16:08 80097] ==== Candidate to intercept: /users/jie/documents/arm-gnu-toolchain-14.3.rel1-darwin-arm64-arm-none-eabi/libexec/gcc/arm-none-eabi/14.3.1/cc1 (canonical: /Users/jie/Documents/arm-gnu-toolchain-14.3.rel1-darwin-arm64-arm-none-eabi/libexec/gcc/arm-none-eabi/14.3.1/cc1) ====
[T 08:16:08 80097] Lua: === Intercepted call to /users/jie/documents/arm-gnu-toolchain-14.3.rel1-darwin-arm64-arm-none-eabi/libexec/gcc/arm-none-eabi/14.3.1/cc1 ===
[T 08:16:08 80097] Executing the following tracer actions:
[T 08:16:08 80097] Tracer actions:
[T 08:16:08 80097] pre_invocations(0)
[T 08:16:08 80097] post_invocations(1)
[T 08:16:08 80097] invocation: /opt/homebrew/Caskroom/codeql/2.23.0/codeql/cpp/tools/osx64/extractor, args: [--mimic, /users/jie/documents/arm-gnu-toolchain-14.3.rel1-darwin-arm64-arm-none-eabi/libexec/gcc/arm-none-eabi/14.3.1/cc1, @/Users/jie/Documents/workspace/lcmhalgen/LCMHalTest_DBS/DATABASE_FreeRTOSUART_Hyperterminal_IT/working/tmp//semmle_6_80009_384158, -v, -fsyntax-only, /Users/jie/Documents/workspace/lcmhalgen/LCMHalTest_DBS/DATABASE_FreeRTOSUART_Hyperterminal_IT/working/tmp//semmle_7_80009_390194]
[T 08:16:08 80097] trace_languages(1): [cpp]
[T 08:16:08 80105] Attempting to switch stdout/stderr to 7...
[T 08:16:08 80105] Initializing tracer.
[T 08:16:08 80105] Initializing tags.
[T 08:16:08 80105] ID set to 00000000000138E9_0000000000000001 (parent 00000000000138E1_0000000000000001)
[E 08:16:08 80105] Mimicry classification suppression detected; exiting.
[E 08:16:08 80105] Extractor exited successfully
[T 08:16:08 80097] Extractor /opt/homebrew/Caskroom/codeql/2.23.0/codeql/cpp/tools/osx64/extractor terminated with exit code 0.
[T 08:16:08 80114] Initializing tracer.
[T 08:16:08 80114] Initializing tags.
[T 08:16:08 80114] ID set to 00000000000138F2_0000000000000001 (parent 0000000000013889_0000000000000001)
[T 08:16:08 80114] ==== Candidate to intercept: /users/jie/documents/arm-gnu-toolchain-14.3.rel1-darwin-arm64-arm-none-eabi/libexec/gcc/arm-none-eabi/14.3.1/cc1 (canonical: /Users/jie/Documents/arm-gnu-toolchain-14.3.rel1-darwin-arm64-arm-none-eabi/libexec/gcc/arm-none-eabi/14.3.1/cc1) ====
[T 08:16:08 80114] Lua: === Intercepted call to /users/jie/documents/arm-gnu-toolchain-14.3.rel1-darwin-arm64-arm-none-eabi/libexec/gcc/arm-none-eabi/14.3.1/cc1 ===
[T 08:16:08 80114] Executing the following tracer actions:
[T 08:16:08 80114] Tracer actions:
[T 08:16:08 80114] pre_invocations(0)
[T 08:16:08 80114] post_invocations(1)
[T 08:16:08 80114] invocation: /opt/homebrew/Caskroom/codeql/2.23.0/codeql/cpp/tools/osx64/extractor, args: [--mimic, /users/jie/documents/arm-gnu-toolchain-14.3.rel1-darwin-arm64-arm-none-eabi/libexec/gcc/arm-none-eabi/14.3.1/cc1, @/Users/jie/Documents/workspace/lcmhalgen/LCMHalTest_DBS/DATABASE_FreeRTOSUART_Hyperterminal_IT/working/tmp//semmle_6_80009_384158, -E, -dM, /Users/jie/Documents/workspace/lcmhalgen/LCMHalTest_DBS/DATABASE_FreeRTOSUART_Hyperterminal_IT/working/tmp//semmle_8_80009_465682]
[T 08:16:08 80114] trace_languages(1): [cpp]
[T 08:16:08 80116] Attempting to switch stdout/stderr to 7...
[T 08:16:08 80116] Initializing tracer.
[T 08:16:08 80116] Initializing tags.
[T 08:16:08 80116] ID set to 00000000000138F4_0000000000000001 (parent 00000000000138F2_0000000000000001)
[E 08:16:08 80116] Mimicry classification suppression detected; exiting.
[E 08:16:08 80116] Extractor exited successfully
[T 08:16:08 80114] Extractor /opt/homebrew/Caskroom/codeql/2.23.0/codeql/cpp/tools/osx64/extractor terminated with exit code 0.
[T 08:16:08 80117] Initializing tracer.
[T 08:16:08 80117] Initializing tags.
[T 08:16:08 80117] ID set to 00000000000138F5_0000000000000001 (parent 0000000000013889_0000000000000001)
[T 08:16:08 80117] ==== Candidate to intercept: /users/jie/documents/arm-gnu-toolchain-14.3.rel1-darwin-arm64-arm-none-eabi/libexec/gcc/arm-none-eabi/14.3.1/cc1 (canonical: /Users/jie/Documents/arm-gnu-toolchain-14.3.rel1-darwin-arm64-arm-none-eabi/libexec/gcc/arm-none-eabi/14.3.1/cc1) ====
[T 08:16:08 80117] Lua: === Intercepted call to /users/jie/documents/arm-gnu-toolchain-14.3.rel1-darwin-arm64-arm-none-eabi/libexec/gcc/arm-none-eabi/14.3.1/cc1 ===
[T 08:16:08 80117] Executing the following tracer actions:
[T 08:16:08 80117] Tracer actions:
[T 08:16:08 80117] pre_invocations(0)
[T 08:16:08 80117] post_invocations(1)
[T 08:16:08 80117] invocation: /opt/homebrew/Caskroom/codeql/2.23.0/codeql/cpp/tools/osx64/extractor, args: [--mimic, /users/jie/documents/arm-gnu-toolchain-14.3.rel1-darwin-arm64-arm-none-eabi/libexec/gcc/arm-none-eabi/14.3.1/cc1, @/Users/jie/Documents/workspace/lcmhalgen/LCMHalTest_DBS/DATABASE_FreeRTOSUART_Hyperterminal_IT/working/tmp//semmle_9_80009_532752, -o, /Users/jie/Documents/workspace/lcmhalgen/LCMHalTest_DBS/DATABASE_FreeRTOSUART_Hyperterminal_IT/working/tmp//semmle_11_80009_532999.o, /Users/jie/Documents/workspace/lcmhalgen/LCMHalTest_DBS/DATABASE_FreeRTOSUART_Hyperterminal_IT/working/tmp//semmle_10_80009_532938.c]
[T 08:16:08 80117] trace_languages(1): [cpp]
[T 08:16:08 80119] Attempting to switch stdout/stderr to 7...
[T 08:16:08 80119] Initializing tracer.
[T 08:16:08 80119] Initializing tags.
[T 08:16:08 80119] ID set to 00000000000138F7_0000000000000001 (parent 00000000000138F5_0000000000000001)
[E 08:16:08 80119] Mimicry classification suppression detected; exiting.
[E 08:16:08 80119] Extractor exited successfully
[T 08:16:08 80117] Extractor /opt/homebrew/Caskroom/codeql/2.23.0/codeql/cpp/tools/osx64/extractor terminated with exit code 0.
[T 08:16:08 80120] Initializing tracer.
[T 08:16:08 80120] Initializing tags.
[T 08:16:08 80120] ID set to 00000000000138F8_0000000000000001 (parent 0000000000013889_0000000000000001)
[T 08:16:08 80120] ==== Candidate to intercept: /users/jie/documents/arm-gnu-toolchain-14.3.rel1-darwin-arm64-arm-none-eabi/libexec/gcc/arm-none-eabi/14.3.1/cc1 (canonical: /Users/jie/Documents/arm-gnu-toolchain-14.3.rel1-darwin-arm64-arm-none-eabi/libexec/gcc/arm-none-eabi/14.3.1/cc1) ====
[T 08:16:08 80120] Lua: === Intercepted call to /users/jie/documents/arm-gnu-toolchain-14.3.rel1-darwin-arm64-arm-none-eabi/libexec/gcc/arm-none-eabi/14.3.1/cc1 ===
[T 08:16:08 80120] Executing the following tracer actions:
[T 08:16:08 80120] Tracer actions:
[T 08:16:08 80120] pre_invocations(0)
[T 08:16:08 80120] post_invocations(1)
[T 08:16:08 80120] invocation: /opt/homebrew/Caskroom/codeql/2.23.0/codeql/cpp/tools/osx64/extractor, args: [--mimic, /users/jie/documents/arm-gnu-toolchain-14.3.rel1-darwin-arm64-arm-none-eabi/libexec/gcc/arm-none-eabi/14.3.1/cc1, @/Users/jie/Documents/workspace/lcmhalgen/LCMHalTest_DBS/DATABASE_FreeRTOSUART_Hyperterminal_IT/working/tmp//semmle_9_80009_532752, -o, /Users/jie/Documents/workspace/lcmhalgen/LCMHalTest_DBS/DATABASE_FreeRTOSUART_Hyperterminal_IT/working/tmp//semmle_13_80009_599343.o, /Users/jie/Documents/workspace/lcmhalgen/LCMHalTest_DBS/DATABASE_FreeRTOSUART_Hyperterminal_IT/working/tmp//semmle_12_80009_599263.c]
[T 08:16:08 80120] trace_languages(1): [cpp]
[T 08:16:08 80126] Attempting to switch stdout/stderr to 7...
[T 08:16:08 80126] Initializing tracer.
[T 08:16:08 80126] Initializing tags.
[T 08:16:08 80126] ID set to 00000000000138FE_0000000000000001 (parent 00000000000138F8_0000000000000001)
[E 08:16:08 80126] Mimicry classification suppression detected; exiting.
[E 08:16:08 80126] Extractor exited successfully
[T 08:16:08 80120] Extractor /opt/homebrew/Caskroom/codeql/2.23.0/codeql/cpp/tools/osx64/extractor terminated with exit code 0.
[T 08:16:08 80133] Initializing tracer.
[T 08:16:08 80133] Initializing tags.
[T 08:16:08 80133] ID set to 0000000000013905_0000000000000001 (parent 0000000000013889_0000000000000001)
[T 08:16:08 80133] ==== Candidate to intercept: /users/jie/documents/arm-gnu-toolchain-14.3.rel1-darwin-arm64-arm-none-eabi/libexec/gcc/arm-none-eabi/14.3.1/cc1 (canonical: /Users/jie/Documents/arm-gnu-toolchain-14.3.rel1-darwin-arm64-arm-none-eabi/libexec/gcc/arm-none-eabi/14.3.1/cc1) ====
[T 08:16:08 80133] Lua: === Intercepted call to /users/jie/documents/arm-gnu-toolchain-14.3.rel1-darwin-arm64-arm-none-eabi/libexec/gcc/arm-none-eabi/14.3.1/cc1 ===
[T 08:16:08 80133] Executing the following tracer actions:
[T 08:16:08 80133] Tracer actions:
[T 08:16:08 80133] pre_invocations(0)
[T 08:16:08 80133] post_invocations(1)
[T 08:16:08 80133] invocation: /opt/homebrew/Caskroom/codeql/2.23.0/codeql/cpp/tools/osx64/extractor, args: [--mimic, /users/jie/documents/arm-gnu-toolchain-14.3.rel1-darwin-arm64-arm-none-eabi/libexec/gcc/arm-none-eabi/14.3.1/cc1, @/Users/jie/Documents/workspace/lcmhalgen/LCMHalTest_DBS/DATABASE_FreeRTOSUART_Hyperterminal_IT/working/tmp//semmle_9_80009_532752, -o, /Users/jie/Documents/workspace/lcmhalgen/LCMHalTest_DBS/DATABASE_FreeRTOSUART_Hyperterminal_IT/working/tmp//semmle_15_80009_682309.o, /Users/jie/Documents/workspace/lcmhalgen/LCMHalTest_DBS/DATABASE_FreeRTOSUART_Hyperterminal_IT/working/tmp//semmle_14_80009_682213.c]
[T 08:16:08 80133] trace_languages(1): [cpp]
[T 08:16:08 80135] Attempting to switch stdout/stderr to 7...
[T 08:16:08 80135] Initializing tracer.
[T 08:16:08 80135] Initializing tags.
[T 08:16:08 80135] ID set to 0000000000013907_0000000000000001 (parent 0000000000013905_0000000000000001)
[E 08:16:08 80135] Mimicry classification suppression detected; exiting.
[E 08:16:08 80135] Extractor exited successfully
[T 08:16:08 80133] Extractor /opt/homebrew/Caskroom/codeql/2.23.0/codeql/cpp/tools/osx64/extractor terminated with exit code 0.
[T 08:16:08 80140] Initializing tracer.
[T 08:16:08 80140] Initializing tags.
[T 08:16:08 80140] ID set to 000000000001390C_0000000000000001 (parent 0000000000013889_0000000000000001)
[T 08:16:08 80140] ==== Candidate to intercept: /users/jie/documents/arm-gnu-toolchain-14.3.rel1-darwin-arm64-arm-none-eabi/libexec/gcc/arm-none-eabi/14.3.1/cc1 (canonical: /Users/jie/Documents/arm-gnu-toolchain-14.3.rel1-darwin-arm64-arm-none-eabi/libexec/gcc/arm-none-eabi/14.3.1/cc1) ====
[T 08:16:08 80140] Lua: === Intercepted call to /users/jie/documents/arm-gnu-toolchain-14.3.rel1-darwin-arm64-arm-none-eabi/libexec/gcc/arm-none-eabi/14.3.1/cc1 ===
[T 08:16:08 80140] Executing the following tracer actions:
[T 08:16:08 80140] Tracer actions:
[T 08:16:08 80140] pre_invocations(0)
[T 08:16:08 80140] post_invocations(1)
[T 08:16:08 80140] invocation: /opt/homebrew/Caskroom/codeql/2.23.0/codeql/cpp/tools/osx64/extractor, args: [--mimic, /users/jie/documents/arm-gnu-toolchain-14.3.rel1-darwin-arm64-arm-none-eabi/libexec/gcc/arm-none-eabi/14.3.1/cc1, @/Users/jie/Documents/workspace/lcmhalgen/LCMHalTest_DBS/DATABASE_FreeRTOSUART_Hyperterminal_IT/working/tmp//semmle_9_80009_532752, -o, /Users/jie/Documents/workspace/lcmhalgen/LCMHalTest_DBS/DATABASE_FreeRTOSUART_Hyperterminal_IT/working/tmp//semmle_17_80009_750721.o, /Users/jie/Documents/workspace/lcmhalgen/LCMHalTest_DBS/DATABASE_FreeRTOSUART_Hyperterminal_IT/working/tmp//semmle_16_80009_750645.c]
[T 08:16:08 80140] trace_languages(1): [cpp]
[T 08:16:08 80142] Attempting to switch stdout/stderr to 7...
[T 08:16:08 80142] Initializing tracer.
[T 08:16:08 80142] Initializing tags.
[T 08:16:08 80142] ID set to 000000000001390E_0000000000000001 (parent 000000000001390C_0000000000000001)
[E 08:16:08 80142] Mimicry classification suppression detected; exiting.
[E 08:16:08 80142] Extractor exited successfully
[T 08:16:08 80140] Extractor /opt/homebrew/Caskroom/codeql/2.23.0/codeql/cpp/tools/osx64/extractor terminated with exit code 0.
[T 08:16:08 80143] Initializing tracer.
[T 08:16:08 80143] Initializing tags.
[T 08:16:08 80143] ID set to 000000000001390F_0000000000000001 (parent 0000000000013889_0000000000000001)
[T 08:16:08 80143] ==== Candidate to intercept: /users/jie/documents/arm-gnu-toolchain-14.3.rel1-darwin-arm64-arm-none-eabi/libexec/gcc/arm-none-eabi/14.3.1/cc1 (canonical: /Users/jie/Documents/arm-gnu-toolchain-14.3.rel1-darwin-arm64-arm-none-eabi/libexec/gcc/arm-none-eabi/14.3.1/cc1) ====
[T 08:16:08 80143] Lua: === Intercepted call to /users/jie/documents/arm-gnu-toolchain-14.3.rel1-darwin-arm64-arm-none-eabi/libexec/gcc/arm-none-eabi/14.3.1/cc1 ===
[T 08:16:08 80143] Executing the following tracer actions:
[T 08:16:08 80143] Tracer actions:
[T 08:16:08 80143] pre_invocations(0)
[T 08:16:08 80143] post_invocations(1)
[T 08:16:08 80143] invocation: /opt/homebrew/Caskroom/codeql/2.23.0/codeql/cpp/tools/osx64/extractor, args: [--mimic, /users/jie/documents/arm-gnu-toolchain-14.3.rel1-darwin-arm64-arm-none-eabi/libexec/gcc/arm-none-eabi/14.3.1/cc1, @/Users/jie/Documents/workspace/lcmhalgen/LCMHalTest_DBS/DATABASE_FreeRTOSUART_Hyperterminal_IT/working/tmp//semmle_9_80009_532752, -o, /Users/jie/Documents/workspace/lcmhalgen/LCMHalTest_DBS/DATABASE_FreeRTOSUART_Hyperterminal_IT/working/tmp//semmle_19_80009_816124.o, /Users/jie/Documents/workspace/lcmhalgen/LCMHalTest_DBS/DATABASE_FreeRTOSUART_Hyperterminal_IT/working/tmp//semmle_18_80009_816043.c]
[T 08:16:08 80143] trace_languages(1): [cpp]
[T 08:16:08 80145] Attempting to switch stdout/stderr to 7...
[T 08:16:08 80145] Initializing tracer.
[T 08:16:08 80145] Initializing tags.
[T 08:16:08 80145] ID set to 0000000000013911_0000000000000001 (parent 000000000001390F_0000000000000001)
[E 08:16:08 80145] Mimicry classification suppression detected; exiting.
[E 08:16:08 80145] Extractor exited successfully
[T 08:16:08 80143] Extractor /opt/homebrew/Caskroom/codeql/2.23.0/codeql/cpp/tools/osx64/extractor terminated with exit code 0.
Warning: No OS
[E 08:16:08 80009] Processed command line: /opt/homebrew/Caskroom/codeql/2.23.0/codeql/cpp/tools/osx64/extractor --trapfolder /Users/jie/Documents/workspace/lcmhalgen/LCMHalTest_DBS/DATABASE_FreeRTOSUART_Hyperterminal_IT/trap/cpp --src_archive /Users/jie/Documents/workspace/lcmhalgen/LCMHalTest_DBS/DATABASE_FreeRTOSUART_Hyperterminal_IT/src --object_filename /var/folders/b3/0hb7dhg16rd56bpwtd8bcnyc0000gn/T//ccTIxrjh.s --no_warnings_and_discretionary_errors --error_limit 1000 --disable_system_macros --variadic_macros --incognito --c11 --gcc --gnu_version 140301 --target linux_i686 '-D__DBL_MIN_EXP__=(-1021)' -D__HQ_FBIT__=15 -D__UINT_LEAST16_MAX__=0xffff -D__ARM_SIZEOF_WCHAR_T=4 -D__WCHAR_MAX__=0xffffffffU -D__SFRACT_IBIT__=0 -D__ULFRACT_MIN__=0.0ULR -D__FLT_MIN__=1.1754943508222875e-38F -D__GCC_IEC_559_COMPLEX=0 -D__SIZEOF_LONG__=4 -D__UFRACT_MAX__=0XFFFFP-16UR '-D__UINT_LEAST8_TYPE__=unsigned char' -D__FLT_MAX_EXP__=128 -D__DQ_FBIT__=63 '-D__INTMAX_C(c)=c ## LL' -D__ARM_FEATURE_SAT=1 -D__ULFRACT_FBIT__=32 -D__CHAR_BIT__=8 -D__USQ_IBIT__=0 -D__UINT8_MAX__=0xff -D__ACCUM_FBIT__=15 -D__WINT_MAX__=0xffffffffU '-D__FLT32_MIN_EXP__=(-125)' -D__LONG_WIDTH__=32 -D__USFRACT_FBIT__=8 -D__ORDER_LITTLE_ENDIAN__=1234 -D__SIZE_MAX__=0xffffffffU -D__LACCUM_IBIT__=32 -D__GCC_HAVE_SYNC_COMPARE_AND_SWAP_1=1 -D__GCC_HAVE_SYNC_COMPARE_AND_SWAP_2=1 -D__GCC_HAVE_SYNC_COMPARE_AND_SWAP_4=1 '-D__DBL_DENORM_MIN__=((double)4.9406564584124654e-324L)' -D__GCC_ATOMIC_CHAR_LOCK_FREE=2 -D__GCC_IEC_559=0 -D__FLT32X_DECIMAL_DIG__=17 -D__FLT_EVAL_METHOD__=0 -D__TQ_IBIT__=0 -D__LLACCUM_MAX__=0X7FFFFFFFFFFFFFFFP-31LLK -D__FLT32_HAS_INFINITY__=1 -D__FLT64_DECIMAL_DIG__=17 -D__GCC_ATOMIC_CHAR32_T_LOCK_FREE=2 -D__INTPTR_WIDTH__=32 -D__SIG_ATOMIC_TYPE__=int '-D__DBL_MIN_10_EXP__=(-307)' -D__LFRACT_IBIT__=0 -D__FLT32_HAS_DENORM__=1 -D__USA_FBIT__=16 -D__UINT_FAST8_MAX__=0xffffffffU -D__FLT_HAS_QUIET_NAN__=1 '-D__INT8_C(c)=c' -D__INT_LEAST8_WIDTH__=8 -D__UINT_LEAST64_MAX__=0xffffffffffffffffULL -D__SA_FBIT__=15 -D__APCS_32__=1 -D__SHRT_MAX__=0x7fff '-D__LDBL_MAX__=1.7976931348623157e+308L' -D__FRACT_MAX__=0X7FFFP-15R -D__thumb2__=1 -D__LDBL_IS_IEC_60559__=1 -D__UFRACT_FBIT__=16 -D__ARM_FP=4 -D__UFRACT_MIN__=0.0UR -D__UINT_LEAST8_MAX__=0xff -D__GCC_ATOMIC_BOOL_LOCK_FREE=2 '-D__UINTMAX_TYPE__=long long unsigned int' -D__LLFRACT_EPSILON__=0x1P-63LLR -D__FLT_EVAL_METHOD_TS_18661_3__=0 -D__UINT32_MAX__=0xffffffffUL -D__ULFRACT_MAX__=0XFFFFFFFFP-32ULR -D__TA_IBIT__=64 -D__LDBL_MAX_EXP__=1024 -D__WINT_MIN__=0U -D__ARM_ASM_SYNTAX_UNIFIED__=1 -D__FLT32X_IS_IEC_60559__=1 -D__INT_LEAST16_WIDTH__=16 -D__ULLFRACT_MIN__=0.0ULLR -D__SCHAR_MAX__=0x7f -D__WCHAR_MIN__=0U '-D__INT64_C(c)=c ## LL' '-D__UINT16_C(c)=c' -D__GCC_ATOMIC_POINTER_LOCK_FREE=2 -D__ATOMIC_SEQ_CST=5 -D__FLT32X_MAX_EXP__=1024 -D__SIZEOF_INT__=4 -D__FLT32X_MANT_DIG__=53 -D__USACCUM_IBIT__=8 '-D__INT16_TYPE__=short int' -D__FLT_DIG__=6 '-D__LFRACT_MIN__=(-0.5LR-0.5LR)' -D__HA_IBIT__=8 -D__FLT_EPSILON__=1.1920928955078125e-7F -D__SHRT_WIDTH__=16 -D__FLT32_IS_IEC_60559__=1 -D__USFRACT_IBIT__=0 -D__LDBL_MIN__=2.2250738585072014e-308L -D__STDC_UTF_16__=1 '-D__FRACT_MIN__=(-0.5R-0.5R)' -D__DA_IBIT__=32 -D__ARM_SIZEOF_MINIMAL_ENUM=1 -D__FLT32X_HAS_INFINITY__=1 -D__UQQ_FBIT__=8 -D__UACCUM_MAX__=0XFFFFFFFFP-16UK -D__DECIMAL_DIG__=17 -D__LFRACT_EPSILON__=0x1P-31LR -D__FLT64_EPSILON__=2.2204460492503131e-16F64 -D__INT16_MAX__=0x7fff -D__ARM_PCS_VFP=1 -D__LDBL_HAS_QUIET_NAN__=1 -D__ULACCUM_IBIT__=32 -D__ARM_FEATURE_FMA=1 -D__FLT64_MANT_DIG__=53 -D__INT_LEAST16_MAX__=0x7fff -D__UACCUM_EPSILON__=0x1P-16UK -D__ULLACCUM_MAX__=0XFFFFFFFFFFFFFFFFP-32ULLK -D__HQ_IBIT__=0 -D__FLT_HAS_DENORM__=1 -D__SIZEOF_LONG_DOUBLE__=8 -D__SA_IBIT__=16 -D__BIGGEST_ALIGNMENT__=8 -D__ARM_FEATURE_IDIV=1 -D__INTPTR_TYPE__=int '-D__SIZE_TYPE__=unsigned int' -D__FLT64_MAX_10_EXP__=308 -D__DBL_DIG__=15 -D__ULLACCUM_FBIT__=32 -D__DBL_IS_IEC_60559__=1 -D__DQ_IBIT__=0 '-D__DBL_MAX__=((double)1.7976931348623157e+308L)' -D__ULFRACT_IBIT__=0 -D__INT_FAST32_MAX__=0x7fffffff -D__DBL_HAS_INFINITY__=1 -D__HAVE_SPECULATION_SAFE_VALUE=1 -D__ACCUM_IBIT__=16 -D__THUMB_INTERWORK__=1 -D__UINT_LEAST32_MAX__=0xffffffffUL -D__LACCUM_MAX__=0X7FFFFFFFFFFFFFFFP-31LK -D__FLT32X_HAS_DENORM__=1 -D__INT_FAST16_TYPE__=int -D__LDBL_HAS_DENORM__=1 -D__ARM_FEATURE_LDREX=7 -D__FLT32_DECIMAL_DIG__=9 -D__INT_LEAST32_MAX__=0x7fffffffL -D__ACCUM_MAX__=0X7FFFFFFFP-15K -D__DBL_MAX_EXP__=1024 -D__USACCUM_EPSILON__=0x1P-8UHK -D__WCHAR_WIDTH__=32 '-D__FLT32_MAX__=3.4028234663852886e+38F32' -D__SFRACT_MAX__=0X7FP-7HR -D__FRACT_IBIT__=0 -D__PTRDIFF_MAX__=0x7fffffff -D__UACCUM_MIN__=0.0UK -D__UACCUM_IBIT__=16 '-D__LLACCUM_MIN__=(-0X1P31LLK-0X1P31LLK)' -D__FLT32_HAS_QUIET_NAN__=1 -D__LONG_LONG_MAX__=0x7fffffffffffffffLL -D__ULACCUM_MAX__=0XFFFFFFFFFFFFFFFFP-32ULK -D__SIZEOF_WINT_T__=4 -D__ARM_FEATURE_UNALIGNED=1 -D__LONG_LONG_WIDTH__=64 -D__FLT32_MAX_EXP__=128 -D__ULLACCUM_MIN__=0.0ULLK -D__GXX_ABI_VERSION=1019 -D__UTA_FBIT__=64 -D__UFRACT_IBIT__=0 -D__FLT64_IS_IEC_60559__=1 -D__USQ_FBIT__=32 -D__ARM_FEATURE_QBIT=1 '-D__INT_FAST64_TYPE__=long long int' -D__FP_FAST_FMAF=1 -D__FLT64_DENORM_MIN__=4.9406564584124654e-324F64 '-D__DBL_MIN__=((double)2.2250738585072014e-308L)' -D__SIZEOF_POINTER__=4 -D__DBL_HAS_QUIET_NAN__=1 -D__FLT32X_EPSILON__=2.2204460492503131e-16F32x '-D__FLT64_MIN_EXP__=(-1021)' '-D__LACCUM_MIN__=(-0X1P31LK-0X1P31LK)' -D__FRACT_FBIT__=15 '-D__FLT64_MIN_10_EXP__=(-307)' -D__ULLFRACT_EPSILON__=0x1P-64ULLR -D__REGISTER_PREFIX__= -D__UINT16_MAX__=0xffff -D__DBL_HAS_DENORM__=1 '-D__ACCUM_MIN__=(-0X1P15K-0X1P15K)' -D__SQ_IBIT__=0 '-D__UINT8_TYPE__=unsigned char' -D__UHA_FBIT__=8 '-D__SFRACT_MIN__=(-0.5HR-0.5HR)' -D__UTQ_FBIT__=128 -D__DEC_EVAL_METHOD__=2 -D__FLT_MANT_DIG__=24 -D__LDBL_DECIMAL_DIG__=17 '-D__UINT64_C(c)=c ## ULL' -D__FRACT_EPSILON__=0x1P-15R -D__ULACCUM_MIN__=0.0ULK -D__UDA_FBIT__=32 -D__GCC_ATOMIC_INT_LOCK_FREE=2 '-D__FLT_MIN_EXP__=(-125)' -D__FLOAT_WORD_ORDER__=__ORDER_LITTLE_ENDIAN__ -D__USFRACT_MIN__=0.0UHR -D__FLT32_MANT_DIG__=24 -D__ULLFRACT_FBIT__=64 -D__UQQ_IBIT__=0 -D__SCHAR_WIDTH__=8 '-D__INT32_C(c)=c ## L' -D__ORDER_PDP_ENDIAN__=3412 -D__UHQ_FBIT__=16 -D__LLACCUM_FBIT__=31 -D__INT_FAST32_TYPE__=int '-D__UINT_LEAST16_TYPE__=short unsigned int' -D__UINT64_MAX__=0xffffffffffffffffULL -D__FLT_IS_IEC_60559__=1 -D__UDQ_FBIT__=64 -D__UINT_FAST64_MAX__=0xffffffffffffffffULL '-D__GNUC_WIDE_EXECUTION_CHARSET_NAME="UTF-32LE"' '-D__INT8_TYPE__=signed char' -D__thumb__=1 -D__ELF__=1 -D__SACCUM_EPSILON__=0x1P-7HK -D__ULFRACT_EPSILON__=0x1P-32ULR -D__LLFRACT_FBIT__=63 -D__FLT_RADIX__=2 '-D__INT_LEAST16_TYPE__=short int' -D__ARM_ARCH_PROFILE=77 -D__LDBL_EPSILON__=2.2204460492503131e-16L '-D__UINTMAX_C(c)=c ## ULL' -D__SACCUM_MAX__=0X7FFFP-7HK -D__FLT32X_MIN__=2.2250738585072014e-308F32x -D__SIG_ATOMIC_MAX__=0x7fffffff -D__UACCUM_FBIT__=16 -D__GCC_ATOMIC_WCHAR_T_LOCK_FREE=2 -D__USER_LABEL_PREFIX__= -D__VFP_FP__=1 -D__SIZEOF_PTRDIFF_T__=4 -D__ATOMIC_ACQUIRE=2 -D__INT_WIDTH__=32 -D__OPTIMIZE__=1 -D__LACCUM_EPSILON__=0x1P-31LK -D__LDBL_DIG__=15 '-D__FLT32X_MIN_EXP__=(-1021)' -D__INT_FAST16_MAX__=0x7fffffff -D__GCC_CONSTRUCTIVE_SIZE=64 -D__FLT64_DIG__=15 -D__UINT_FAST32_MAX__=0xffffffffU '-D__UINT_LEAST64_TYPE__=long long unsigned int' -D__SFRACT_EPSILON__=0x1P-7HR -D__GCC_ASM_FLAG_OUTPUTS__=1 -D__FLT_MAX_10_EXP__=38 -D__LONG_MAX__=0x7fffffffL -D__FINITE_MATH_ONLY__=0 -D__SIZEOF_SIZE_T__=4 -D__FLT_HAS_INFINITY__=1 '-D__GNUC_EXECUTION_CHARSET_NAME="UTF-8"' -D__CHAR_UNSIGNED__=1 '-D__UINT_FAST16_TYPE__=unsigned int' -D__ARM_32BIT_STATE=1 -D__INT_FAST32_WIDTH__=32 -D__PRAGMA_REDEFINE_EXTNAME=1 -D__ARMEL__=1 -D__SIZE_WIDTH__=32 -D__INT64_MAX__=0x7fffffffffffffffLL -D__SACCUM_FBIT__=7 -D__FLT32_DENORM_MIN__=1.4012984643248171e-45F32 -D__SIG_ATOMIC_WIDTH__=32 '-D__INT_LEAST64_TYPE__=long long int' -D__ARM_FEATURE_CLZ=1 '-D__INT_LEAST8_TYPE__=signed char' -D__SQ_FBIT__=31 -D__USFRACT_MAX__=0XFFP-8UHR -D__ARM_ARCH_ISA_THUMB=2 -D__INT_FAST8_MAX__=0x7fffffff -D__ARM_ARCH=7 -D__INTPTR_MAX__=0x7fffffff -D__QQ_FBIT__=7 -D__UTA_IBIT__=64 -D__FLT64_HAS_QUIET_NAN__=1 -D__FLT32X_DIG__=15 -D__PTRDIFF_WIDTH__=32 -D__LDBL_MANT_DIG__=53 -D__SFRACT_FBIT__=7 '-D__SACCUM_MIN__=(-0X1P7HK-0X1P7HK)' -D__FLT64_HAS_INFINITY__=1 '-D__SIG_ATOMIC_MIN__=(-__SIG_ATOMIC_MAX__ - 1)' -D__GCC_ATOMIC_LONG_LOCK_FREE=2 '-D__UINT16_TYPE__=short unsigned int' '-D__WCHAR_TYPE__=unsigned int' -D__SIZEOF_FLOAT__=4 -D__THUMBEL__=1 -D__TQ_FBIT__=127 -D__UINTPTR_MAX__=0xffffffffU -D__INT_FAST64_WIDTH__=64 -D__LDBL_HAS_INFINITY__=1 -D__ULLACCUM_IBIT__=32 -D__FLT32_MAX_10_EXP__=38 -D__INT_FAST64_MAX__=0x7fffffffffffffffLL -D__GCC_ATOMIC_TEST_AND_SET_TRUEVAL=1 '-D__FLT_NORM_MAX__=3.4028234663852886e+38F' '-D__UINT_FAST64_TYPE__=long long unsigned int' -D__LACCUM_FBIT__=31 -D__HA_FBIT__=7 -D__UHA_IBIT__=8 '-D__INT64_TYPE__=long long int' -D__UTQ_IBIT__=0 -D__DBL_MANT_DIG__=53 -D__INT_LEAST64_MAX__=0x7fffffffffffffffLL -D__GCC_ATOMIC_CHAR16_T_LOCK_FREE=2 -D__FP_FAST_FMAF32=1 '-D__WINT_TYPE__=unsigned int' '-D__UINT_LEAST32_TYPE__=long unsigned int' -D__SIZEOF_SHORT__=2 -D__ULLFRACT_IBIT__=0 '-D__FLT32_NORM_MAX__=3.4028234663852886e+38F32' '-D__LDBL_MIN_EXP__=(-1021)' -D__GXX_TYPEINFO_EQUALITY_INLINE=0 -D__INTMAX_MAX__=0x7fffffffffffffffLL -D__arm__=1 '-D__FLT64_MAX__=1.7976931348623157e+308F64' -D__UDA_IBIT__=32 -D__INT_MAX__=0x7fffffff -D__WINT_WIDTH__=32 -D__INT_LEAST8_MAX__=0x7f -D__INT_LEAST64_WIDTH__=64 -D__FLT32X_MAX_10_EXP__=308 -D__LLACCUM_EPSILON__=0x1P-31LLK -D__LFRACT_FBIT__=31 -D__LDBL_MAX_10_EXP__=308 -D__ATOMIC_RELAXED=0 '-D__DBL_EPSILON__=((double)2.2204460492503131e-16L)' '-D__INT_LEAST32_TYPE__=long int' -D__ARM_ARCH_7EM__=1 -D__ARM_FEATURE_SIMD32=1 '-D__UINT8_C(c)=c' -D__FLT64_MAX_EXP__=1024 -D__SIZEOF_WCHAR_T__=4 '-D__UINT64_TYPE__=long long unsigned int' -D__OPTIMIZE_SIZE__=1 -D__LLFRACT_MAX__=0X7FFFFFFFFFFFFFFFP-63LLR '-D__FLT64_NORM_MAX__=1.7976931348623157e+308F64' -D__INT_FAST8_TYPE__=int -D__ULLACCUM_EPSILON__=0x1P-32ULLK -D__USACCUM_MAX__=0XFFFFP-8UHK -D__UHQ_IBIT__=0 -D__ARM_FEATURE_COPROC=15 -D__LLACCUM_IBIT__=32 -D__FLT64_HAS_DENORM__=1 -D__FLT32_EPSILON__=1.1920928955078125e-7F32 -D__DBL_DECIMAL_DIG__=17 -D__STDC_UTF_32__=1 -D__INT_FAST8_WIDTH__=32 -D__BYTE_ORDER__=__ORDER_LITTLE_ENDIAN__ '-D__FLT32X_MAX__=1.7976931348623157e+308F32x' -D__TA_FBIT__=63 '-D__DBL_NORM_MAX__=((double)1.7976931348623157e+308L)' -D__USFRACT_EPSILON__=0x1P-8UHR -D__GCC_DESTRUCTIVE_SIZE=64 -D__UDQ_IBIT__=0 -D__INTMAX_WIDTH__=64 -D__ORDER_BIG_ENDIAN__=4321 -D__LFRACT_MAX__=0X7FFFFFFFP-31LR -D__ARM_FEATURE_DSP=1 -D__FLT32_DIG__=6 -D__ACCUM_EPSILON__=0x1P-15K '-D__UINT32_C(c)=c ## UL' -D__QQ_IBIT__=0 -D__LLFRACT_IBIT__=0 -D__INT8_MAX__=0x7f -D__INT32_MAX__=0x7fffffffL '-D__UINT_FAST32_TYPE__=unsigned int' '-D__FLT32X_NORM_MAX__=1.7976931348623157e+308F32x' '-D__FLT32_MIN_10_EXP__=(-37)' '-D__FLT_MAX__=3.4028234663852886e+38F' -D__USACCUM_FBIT__=8 '-D__INT32_TYPE__=long int' -D__SIZEOF_DOUBLE__=8 '-D__FLT_MIN_10_EXP__=(-37)' -D__UFRACT_EPSILON__=0x1P-16UR -D__FLT64_MIN__=2.2250738585072014e-308F64 -D__FLT_DENORM_MIN__=1.4012984643248171e-45F -D__INT_LEAST32_WIDTH__=32 '-D__INTMAX_TYPE__=long long int' -D__FLT32X_HAS_QUIET_NAN__=1 -D__ATOMIC_CONSUME=1 -D__INT_FAST16_WIDTH__=32 -D__UINTMAX_MAX__=0xffffffffffffffffULL -D__FLT32X_DENORM_MIN__=4.9406564584124654e-324F32x -D__ATOMIC_ACQ_REL=4 -D__DBL_MAX_10_EXP__=308 -D__LDBL_DENORM_MIN__=4.9406564584124654e-324L '-D__INT16_C(c)=c' -D__ATOMIC_RELEASE=3 -D__PTRDIFF_TYPE__=int '-D__LLFRACT_MIN__=(-0.5LLR-0.5LLR)' -D__USACCUM_MIN__=0.0UHK -D__FLT32_MIN__=1.1754943508222875e-38F32 -D__DA_FBIT__=31 '-D__UINT32_TYPE__=long unsigned int' '-D__FLT32X_MIN_10_EXP__=(-307)' -D__ARM_ARCH_EXT_IDIV__=1 '-D__UINTPTR_TYPE__=unsigned int' -D__USA_IBIT__=16 -D__ARM_EABI__=1 '-D__LDBL_MIN_10_EXP__=(-307)' -D__SIZEOF_LONG_LONG__=8 -D__ULACCUM_EPSILON__=0x1P-32ULK -D__SACCUM_IBIT__=8 -D__GCC_ATOMIC_LLONG_LOCK_FREE=1 -D__FLT_DECIMAL_DIG__=9 -D__UINT_FAST16_MAX__=0xffffffffU '-D__LDBL_NORM_MAX__=1.7976931348623157e+308L' -D__GCC_ATOMIC_SHORT_LOCK_FREE=2 -D__ULLFRACT_MAX__=0XFFFFFFFFFFFFFFFFP-64ULLR '-D__UINT_FAST8_TYPE__=unsigned int' -D__ULACCUM_FBIT__=32 -D__USES_INITFINI__ -DUSE_STM324xG_EVAL -DSTM32F407xx -DUSE_HAL_DRIVER -I../../Inc -I../../Drivers/CMSIS/Device/ST/STM32F4xx/Include -I../../Drivers/STM32F4xx_HAL_Driver/Inc -I../../Drivers/BSP/STM324xG_EVAL -I../../Drivers/CMSIS/Include -I/Users/jie/Documents/arm-gnu-toolchain-14.3.rel1-darwin-arm64-arm-none-eabi/bin/../arm-none-eabi/include/newlib-nano -I/Users/jie/Documents/arm-gnu-toolchain-14.3.rel1-darwin-arm64-arm-none-eabi/bin/../lib/gcc/arm-none-eabi/14.3.1/include -I/Users/jie/Documents/arm-gnu-toolchain-14.3.rel1-darwin-arm64-arm-none-eabi/bin/../lib/gcc/arm-none-eabi/14.3.1/include-fixed -I/Users/jie/Documents/arm-gnu-toolchain-14.3.rel1-darwin-arm64-arm-none-eabi/bin/../lib/gcc/arm-none-eabi/14.3.1/../../../../arm-none-eabi/include -- ../../Src/main.c
[E 08:16:08 80009] CODEQL_EXTRACTOR_CPP_TRAP_CACHING is not set
[E 08:16:08 80009] CODEQL_EXTRACTOR_CPP_OPTION_TRAP_CACHE_WRITE is not set
[E 08:16:08 80009] CODEQL_EXTRACTOR_CPP_OPTION_TRAP_CACHE_DIR is not set
[E 08:16:08 80009] Initialising TRAP cache at path: 26/f3e7/e717dd44315df0f30f935c923403
[E 08:16:08 80009] Not using TRAP cache
[E 08:16:08 80009] TRAP cache miss
[E 08:16:08 80009] Starting compilation TRAP /Users/jie/Documents/workspace/lcmhalgen/LCMHalTest_DBS/DATABASE_FreeRTOSUART_Hyperterminal_IT/trap/cpp/compilations/18/28153987_0.trap.zst
[E 08:16:08 80009] Archiving /Users/jie/Documents/workspace/lcmhalgen/LCMHalTest_DBS/DATABASE_FreeRTOSUART_Hyperterminal_IT/src/Users/jie/Documents/workspace/lcmhalgen/posixGen_Demos/UART_Hyperterminal_IT/Src/main.c
[E 08:16:08 80009] Archiving /Users/jie/Documents/workspace/lcmhalgen/LCMHalTest_DBS/DATABASE_FreeRTOSUART_Hyperterminal_IT/src/Users/jie/Documents/workspace/lcmhalgen/posixGen_Demos/UART_Hyperterminal_IT/Inc/main.h
[E 08:16:08 80009] Archiving /Users/jie/Documents/workspace/lcmhalgen/LCMHalTest_DBS/DATABASE_FreeRTOSUART_Hyperterminal_IT/src/Users/jie/Documents/workspace/lcmhalgen/posixGen_Demos/UART_Hyperterminal_IT/Drivers/STM32F4xx_HAL_Driver/Inc/stm32f4xx_hal.h
[E 08:16:08 80009] Archiving /Users/jie/Documents/workspace/lcmhalgen/LCMHalTest_DBS/DATABASE_FreeRTOSUART_Hyperterminal_IT/src/Users/jie/Documents/workspace/lcmhalgen/posixGen_Demos/UART_Hyperterminal_IT/Inc/stm32f4xx_hal_conf.h
[E 08:16:08 80009] Archiving /Users/jie/Documents/workspace/lcmhalgen/LCMHalTest_DBS/DATABASE_FreeRTOSUART_Hyperterminal_IT/src/Users/jie/Documents/workspace/lcmhalgen/posixGen_Demos/UART_Hyperterminal_IT/Drivers/STM32F4xx_HAL_Driver/Inc/stm32f4xx_hal_rcc.h
[E 08:16:08 80009] Archiving /Users/jie/Documents/workspace/lcmhalgen/LCMHalTest_DBS/DATABASE_FreeRTOSUART_Hyperterminal_IT/src/Users/jie/Documents/workspace/lcmhalgen/posixGen_Demos/UART_Hyperterminal_IT/Drivers/STM32F4xx_HAL_Driver/Inc/stm32f4xx_hal_def.h
[E 08:16:08 80009] Archiving /Users/jie/Documents/workspace/lcmhalgen/LCMHalTest_DBS/DATABASE_FreeRTOSUART_Hyperterminal_IT/src/Users/jie/Documents/workspace/lcmhalgen/posixGen_Demos/UART_Hyperterminal_IT/Drivers/CMSIS/Device/ST/STM32F4xx/Include/stm32f4xx.h
[E 08:16:08 80009] Archiving /Users/jie/Documents/workspace/lcmhalgen/LCMHalTest_DBS/DATABASE_FreeRTOSUART_Hyperterminal_IT/src/Users/jie/Documents/workspace/lcmhalgen/posixGen_Demos/UART_Hyperterminal_IT/Drivers/CMSIS/Device/ST/STM32F4xx/Include/stm32f407xx.h
[E 08:16:08 80009] Archiving /Users/jie/Documents/workspace/lcmhalgen/LCMHalTest_DBS/DATABASE_FreeRTOSUART_Hyperterminal_IT/src/Users/jie/Documents/workspace/lcmhalgen/posixGen_Demos/UART_Hyperterminal_IT/Drivers/CMSIS/Include/core_cm4.h
[E 08:16:08 80009] Archiving /Users/jie/Documents/workspace/lcmhalgen/LCMHalTest_DBS/DATABASE_FreeRTOSUART_Hyperterminal_IT/src/Users/jie/Documents/arm-gnu-toolchain-14.3.rel1-darwin-arm64-arm-none-eabi/lib/gcc/arm-none-eabi/14.3.1/include/stdint.h
[E 08:16:08 80009] Archiving /Users/jie/Documents/workspace/lcmhalgen/LCMHalTest_DBS/DATABASE_FreeRTOSUART_Hyperterminal_IT/src/Users/jie/Documents/arm-gnu-toolchain-14.3.rel1-darwin-arm64-arm-none-eabi/arm-none-eabi/include/stdint.h
[E 08:16:08 80009] Archiving /Users/jie/Documents/workspace/lcmhalgen/LCMHalTest_DBS/DATABASE_FreeRTOSUART_Hyperterminal_IT/src/Users/jie/Documents/arm-gnu-toolchain-14.3.rel1-darwin-arm64-arm-none-eabi/arm-none-eabi/include/machine/_default_types.h
[E 08:16:08 80009] Archiving /Users/jie/Documents/workspace/lcmhalgen/LCMHalTest_DBS/DATABASE_FreeRTOSUART_Hyperterminal_IT/src/Users/jie/Documents/arm-gnu-toolchain-14.3.rel1-darwin-arm64-arm-none-eabi/arm-none-eabi/include/sys/features.h
[E 08:16:08 80009] Archiving /Users/jie/Documents/workspace/lcmhalgen/LCMHalTest_DBS/DATABASE_FreeRTOSUART_Hyperterminal_IT/src/Users/jie/Documents/arm-gnu-toolchain-14.3.rel1-darwin-arm64-arm-none-eabi/arm-none-eabi/include/_newlib_version.h
[E 08:16:08 80009] Archiving /Users/jie/Documents/workspace/lcmhalgen/LCMHalTest_DBS/DATABASE_FreeRTOSUART_Hyperterminal_IT/src/Users/jie/Documents/arm-gnu-toolchain-14.3.rel1-darwin-arm64-arm-none-eabi/arm-none-eabi/include/sys/_intsup.h
[E 08:16:08 80009] Archiving /Users/jie/Documents/workspace/lcmhalgen/LCMHalTest_DBS/DATABASE_FreeRTOSUART_Hyperterminal_IT/src/Users/jie/Documents/arm-gnu-toolchain-14.3.rel1-darwin-arm64-arm-none-eabi/arm-none-eabi/include/sys/_stdint.h
[E 08:16:08 80009] Archiving /Users/jie/Documents/workspace/lcmhalgen/LCMHalTest_DBS/DATABASE_FreeRTOSUART_Hyperterminal_IT/src/Users/jie/Documents/workspace/lcmhalgen/posixGen_Demos/UART_Hyperterminal_IT/Drivers/CMSIS/Include/cmsis_version.h
[E 08:16:08 80009] Archiving /Users/jie/Documents/workspace/lcmhalgen/LCMHalTest_DBS/DATABASE_FreeRTOSUART_Hyperterminal_IT/src/Users/jie/Documents/workspace/lcmhalgen/posixGen_Demos/UART_Hyperterminal_IT/Drivers/CMSIS/Include/cmsis_compiler.h
[E 08:16:08 80009] Archiving /Users/jie/Documents/workspace/lcmhalgen/LCMHalTest_DBS/DATABASE_FreeRTOSUART_Hyperterminal_IT/src/Users/jie/Documents/workspace/lcmhalgen/posixGen_Demos/UART_Hyperterminal_IT/Drivers/CMSIS/Include/cmsis_gcc.h
[E 08:16:08 80009] Archiving /Users/jie/Documents/workspace/lcmhalgen/LCMHalTest_DBS/DATABASE_FreeRTOSUART_Hyperterminal_IT/src/Users/jie/Documents/workspace/lcmhalgen/posixGen_Demos/UART_Hyperterminal_IT/Drivers/CMSIS/Include/mpu_armv7.h
[E 08:16:08 80009] Archiving /Users/jie/Documents/workspace/lcmhalgen/LCMHalTest_DBS/DATABASE_FreeRTOSUART_Hyperterminal_IT/src/Users/jie/Documents/workspace/lcmhalgen/posixGen_Demos/UART_Hyperterminal_IT/Drivers/CMSIS/Device/ST/STM32F4xx/Include/system_stm32f4xx.h
[E 08:16:09 80009] Already archived /Users/jie/Documents/workspace/lcmhalgen/LCMHalTest_DBS/DATABASE_FreeRTOSUART_Hyperterminal_IT/src/Users/jie/Documents/workspace/lcmhalgen/posixGen_Demos/UART_Hyperterminal_IT/Drivers/STM32F4xx_HAL_Driver/Inc/stm32f4xx_hal.h
[E 08:16:09 80009] Archiving /Users/jie/Documents/workspace/lcmhalgen/LCMHalTest_DBS/DATABASE_FreeRTOSUART_Hyperterminal_IT/src/Users/jie/Documents/workspace/lcmhalgen/posixGen_Demos/UART_Hyperterminal_IT/Drivers/STM32F4xx_HAL_Driver/Inc/Legacy/stm32_hal_legacy.h
[E 08:16:09 80009] Archiving /Users/jie/Documents/workspace/lcmhalgen/LCMHalTest_DBS/DATABASE_FreeRTOSUART_Hyperterminal_IT/src/Users/jie/Documents/arm-gnu-toolchain-14.3.rel1-darwin-arm64-arm-none-eabi/lib/gcc/arm-none-eabi/14.3.1/include/stddef.h
[E 08:16:09 80009] Archiving /Users/jie/Documents/workspace/lcmhalgen/LCMHalTest_DBS/DATABASE_FreeRTOSUART_Hyperterminal_IT/src/Users/jie/Documents/workspace/lcmhalgen/posixGen_Demos/UART_Hyperterminal_IT/Drivers/STM32F4xx_HAL_Driver/Inc/stm32f4xx_hal_rcc_ex.h
[E 08:16:09 80009] Archiving /Users/jie/Documents/workspace/lcmhalgen/LCMHalTest_DBS/DATABASE_FreeRTOSUART_Hyperterminal_IT/src/Users/jie/Documents/workspace/lcmhalgen/posixGen_Demos/UART_Hyperterminal_IT/Drivers/STM32F4xx_HAL_Driver/Inc/stm32f4xx_hal_gpio.h
[E 08:16:09 80009] Archiving /Users/jie/Documents/workspace/lcmhalgen/LCMHalTest_DBS/DATABASE_FreeRTOSUART_Hyperterminal_IT/src/Users/jie/Documents/workspace/lcmhalgen/posixGen_Demos/UART_Hyperterminal_IT/Drivers/STM32F4xx_HAL_Driver/Inc/stm32f4xx_hal_gpio_ex.h
[E 08:16:09 80009] Archiving /Users/jie/Documents/workspace/lcmhalgen/LCMHalTest_DBS/DATABASE_FreeRTOSUART_Hyperterminal_IT/src/Users/jie/Documents/workspace/lcmhalgen/posixGen_Demos/UART_Hyperterminal_IT/Drivers/STM32F4xx_HAL_Driver/Inc/stm32f4xx_hal_dma.h
[E 08:16:09 80009] Archiving /Users/jie/Documents/workspace/lcmhalgen/LCMHalTest_DBS/DATABASE_FreeRTOSUART_Hyperterminal_IT/src/Users/jie/Documents/workspace/lcmhalgen/posixGen_Demos/UART_Hyperterminal_IT/Drivers/STM32F4xx_HAL_Driver/Inc/stm32f4xx_hal_dma_ex.h
[E 08:16:09 80009] Archiving /Users/jie/Documents/workspace/lcmhalgen/LCMHalTest_DBS/DATABASE_FreeRTOSUART_Hyperterminal_IT/src/Users/jie/Documents/workspace/lcmhalgen/posixGen_Demos/UART_Hyperterminal_IT/Drivers/STM32F4xx_HAL_Driver/Inc/stm32f4xx_hal_cortex.h
[E 08:16:09 80009] Archiving /Users/jie/Documents/workspace/lcmhalgen/LCMHalTest_DBS/DATABASE_FreeRTOSUART_Hyperterminal_IT/src/Users/jie/Documents/workspace/lcmhalgen/posixGen_Demos/UART_Hyperterminal_IT/Drivers/STM32F4xx_HAL_Driver/Inc/stm32f4xx_hal_flash.h
[E 08:16:09 80009] Archiving /Users/jie/Documents/workspace/lcmhalgen/LCMHalTest_DBS/DATABASE_FreeRTOSUART_Hyperterminal_IT/src/Users/jie/Documents/workspace/lcmhalgen/posixGen_Demos/UART_Hyperterminal_IT/Drivers/STM32F4xx_HAL_Driver/Inc/stm32f4xx_hal_flash_ex.h
[E 08:16:09 80009] Archiving /Users/jie/Documents/workspace/lcmhalgen/LCMHalTest_DBS/DATABASE_FreeRTOSUART_Hyperterminal_IT/src/Users/jie/Documents/workspace/lcmhalgen/posixGen_Demos/UART_Hyperterminal_IT/Drivers/STM32F4xx_HAL_Driver/Inc/stm32f4xx_hal_flash_ramfunc.h
[E 08:16:09 80009] Archiving /Users/jie/Documents/workspace/lcmhalgen/LCMHalTest_DBS/DATABASE_FreeRTOSUART_Hyperterminal_IT/src/Users/jie/Documents/workspace/lcmhalgen/posixGen_Demos/UART_Hyperterminal_IT/Drivers/STM32F4xx_HAL_Driver/Inc/stm32f4xx_hal_sram.h
[E 08:16:09 80009] Archiving /Users/jie/Documents/workspace/lcmhalgen/LCMHalTest_DBS/DATABASE_FreeRTOSUART_Hyperterminal_IT/src/Users/jie/Documents/workspace/lcmhalgen/posixGen_Demos/UART_Hyperterminal_IT/Drivers/STM32F4xx_HAL_Driver/Inc/stm32f4xx_ll_fsmc.h
[E 08:16:09 80009] Archiving /Users/jie/Documents/workspace/lcmhalgen/LCMHalTest_DBS/DATABASE_FreeRTOSUART_Hyperterminal_IT/src/Users/jie/Documents/workspace/lcmhalgen/posixGen_Demos/UART_Hyperterminal_IT/Drivers/STM32F4xx_HAL_Driver/Inc/stm32f4xx_hal_i2c.h
[E 08:16:09 80009] Archiving /Users/jie/Documents/workspace/lcmhalgen/LCMHalTest_DBS/DATABASE_FreeRTOSUART_Hyperterminal_IT/src/Users/jie/Documents/workspace/lcmhalgen/posixGen_Demos/UART_Hyperterminal_IT/Drivers/STM32F4xx_HAL_Driver/Inc/stm32f4xx_hal_i2c_ex.h
[E 08:16:09 80009] Archiving /Users/jie/Documents/workspace/lcmhalgen/LCMHalTest_DBS/DATABASE_FreeRTOSUART_Hyperterminal_IT/src/Users/jie/Documents/workspace/lcmhalgen/posixGen_Demos/UART_Hyperterminal_IT/Drivers/STM32F4xx_HAL_Driver/Inc/stm32f4xx_hal_pwr.h
[E 08:16:09 80009] Archiving /Users/jie/Documents/workspace/lcmhalgen/LCMHalTest_DBS/DATABASE_FreeRTOSUART_Hyperterminal_IT/src/Users/jie/Documents/workspace/lcmhalgen/posixGen_Demos/UART_Hyperterminal_IT/Drivers/STM32F4xx_HAL_Driver/Inc/stm32f4xx_hal_pwr_ex.h
[E 08:16:09 80009] Archiving /Users/jie/Documents/workspace/lcmhalgen/LCMHalTest_DBS/DATABASE_FreeRTOSUART_Hyperterminal_IT/src/Users/jie/Documents/workspace/lcmhalgen/posixGen_Demos/UART_Hyperterminal_IT/Drivers/STM32F4xx_HAL_Driver/Inc/stm32f4xx_hal_uart.h
[E 08:16:09 80009] Archiving /Users/jie/Documents/workspace/lcmhalgen/LCMHalTest_DBS/DATABASE_FreeRTOSUART_Hyperterminal_IT/src/Users/jie/Documents/workspace/lcmhalgen/posixGen_Demos/UART_Hyperterminal_IT/Drivers/BSP/STM324xG_EVAL/stm324xg_eval.h
[E 08:16:09 80009] Creating trap tarball /Users/jie/Documents/workspace/lcmhalgen/LCMHalTest_DBS/DATABASE_FreeRTOSUART_Hyperterminal_IT/trap/cpp/tarballs/Users/jie/Documents/workspace/lcmhalgen/posixGen_Demos/UART_Hyperterminal_IT/Src/main.c.d3ff3f19_0.trap.tar.zst
[E 08:16:09 80009] Emitting trap files for ../../Src/main.c
[E 08:16:09 80009] Opening existencedb in /Users/jie/Documents/workspace/lcmhalgen/LCMHalTest_DBS/DATABASE_FreeRTOSUART_Hyperterminal_IT/working/existencedb/db
[E 08:16:09 80009] Wrote 42 files to /Users/jie/Documents/workspace/lcmhalgen/LCMHalTest_DBS/DATABASE_FreeRTOSUART_Hyperterminal_IT/trap/cpp/tarballs/Users/jie/Documents/workspace/lcmhalgen/posixGen_Demos/UART_Hyperterminal_IT/Src/main.c.d3ff3f19_0.trap.tar.zst
[E 08:16:09 80009] Finished compilation TRAP /Users/jie/Documents/workspace/lcmhalgen/LCMHalTest_DBS/DATABASE_FreeRTOSUART_Hyperterminal_IT/trap/cpp/compilations/18/28153987_0.trap.zst
[E 08:16:09 80009] Marking C compilation as happened.
[E 08:16:09 80009] Setting tag c-compilation-happened
[E 08:16:09 80009] Starting from CODEQL_TRACER_DB_ID 000000000001387D_0000000000000001
[E 08:16:09 80009] Locking DB /Users/jie/Documents/workspace/lcmhalgen/LCMHalTest_DBS/DATABASE_FreeRTOSUART_Hyperterminal_IT/working/tags.db
[E 08:16:09 80009] Locked DB /Users/jie/Documents/workspace/lcmhalgen/LCMHalTest_DBS/DATABASE_FreeRTOSUART_Hyperterminal_IT/working/tags.db
[E 08:16:09 80009] Set tag for 000000000001387D_0000000000000001
[E 08:16:09 80009] Set tag for 000000000001384E_0000000000000003
[E 08:16:09 80009] Set tag for 000000000001384E_0000000000000002
[E 08:16:09 80009] Set tag for 000000000001384E_0000000000000001
[E 08:16:09 80009] Set tag for 0000000000013827_0000000000000002
[E 08:16:09 80009] Set tag for 0000000000013827_0000000000000001
[E 08:16:09 80009] Set tag for 00000000000137DE_0000000000000003
[E 08:16:09 80009] Set tag for 00000000000137DE_0000000000000002
[E 08:16:09 80009] Set tag for root
[E 08:16:09 80009] Unlocking DB
[E 08:16:09 80009] Unlocked DB
[E 08:16:09 80009] Extractor exited successfully
[T 08:16:09 79997] Extractor /opt/homebrew/Caskroom/codeql/2.23.0/codeql/cpp/tools/osx64/extractor terminated with exit code 0.
[T 08:16:09 80165] Attempting to switch stdout/stderr to 3...
/Users/jie/Documents/workspace/lcmhalgen/LCMHalTest_DBS/DATABASE_FreeRTOSUART_Hyperterminal_IT/working/copy-root/000001F5/Users/jie/Documents/arm-gnu-toolchain-14.3.rel1-darwin-arm64-arm-none-eabi/bin/../lib/gcc/arm-none-eabi/14.3.1/../../../../arm-none-eabi/bin/as.semmle.0001386B.109E5560.slice.arm64: replacing existing signature
[T 08:16:09 80172] Initializing tracer.
[T 08:16:09 80172] Initializing tags.
[T 08:16:09 80172] ID set to 000000000001392C_0000000000000001 (parent 000000000001384E_0000000000000003)
[T 08:16:09 80172] ==== Candidate to intercept: /Users/jie/Documents/arm-gnu-toolchain-14.3.rel1-darwin-arm64-arm-none-eabi/bin/../lib/gcc/arm-none-eabi/14.3.1/../../../../arm-none-eabi/bin/as (canonical: /Users/jie/Documents/arm-gnu-toolchain-14.3.rel1-darwin-arm64-arm-none-eabi/arm-none-eabi/bin/as) ====
[T 08:16:09 80172] Lua: === Intercepted call to /users/jie/documents/arm-gnu-toolchain-14.3.rel1-darwin-arm64-arm-none-eabi/arm-none-eabi/bin/as ===
[T 08:16:09 80172] Executing the following tracer actions:
[T 08:16:09 80172] Tracer actions:
[T 08:16:09 80172] pre_invocations(0)
[T 08:16:09 80172] post_invocations(1)
[T 08:16:09 80172] invocation: /opt/homebrew/Caskroom/codeql/2.23.0/codeql/cpp/tools/osx64/extractor, args: [--assembler, --codeql-assembler-executable, /users/jie/documents/arm-gnu-toolchain-14.3.rel1-darwin-arm64-arm-none-eabi/arm-none-eabi/bin/as, -I, ../../Inc, -I, ../../Drivers/CMSIS/Device/ST/STM32F4xx/Include, -I, ../../Drivers/STM32F4xx_HAL_Driver/Inc, -I, ../../Drivers/BSP/STM324xG_EVAL, -I, ../../Drivers/CMSIS/Include, -march=armv7e-m+fp, -mfloat-abi=hard, -mfpu=fpv4-sp-d16, -meabi=5, -o, Example/User/main.o, /var/folders/b3/0hb7dhg16rd56bpwtd8bcnyc0000gn/T//ccTIxrjh.s]
[T 08:16:09 80172] trace_languages(1): [cpp]
[T 08:16:09 80202] Attempting to switch stdout/stderr to 4...
[T 08:16:09 80202] Initializing tracer.
[T 08:16:09 80202] Initializing tags.
[T 08:16:09 80202] ID set to 000000000001394A_0000000000000001 (parent 000000000001392C_0000000000000001)
[E 08:16:09 80202] CodeQL C/C++ Extractor 2.23.0
[E 08:16:09 80202] Current directory: /Users/jie/Documents/workspace/lcmhalgen/posixGen_Demos/UART_Hyperterminal_IT/STM32CubeIDE/Release
[E 08:16:09 80202] Command: /opt/homebrew/Caskroom/codeql/2.23.0/codeql/cpp/tools/osx64/extractor --assembler --codeql-assembler-executable /users/jie/documents/arm-gnu-toolchain-14.3.rel1-darwin-arm64-arm-none-eabi/arm-none-eabi/bin/as -I ../../Inc -I ../../Drivers/CMSIS/Device/ST/STM32F4xx/Include -I ../../Drivers/STM32F4xx_HAL_Driver/Inc -I ../../Drivers/BSP/STM324xG_EVAL -I ../../Drivers/CMSIS/Include '-march=armv7e-m+fp' -mfloat-abi=hard -mfpu=fpv4-sp-d16 -meabi=5 -o Example/User/main.o /var/folders/b3/0hb7dhg16rd56bpwtd8bcnyc0000gn/T//ccTIxrjh.s
[E 08:16:09 80202] Extractor exited after mimicking assembler
[T 08:16:09 80172] Extractor /opt/homebrew/Caskroom/codeql/2.23.0/codeql/cpp/tools/osx64/extractor terminated with exit code 0.
[T 08:16:09 80203] Attempting to switch stdout/stderr to 4...
[T 08:16:09 80203] Initializing tracer.
[T 08:16:09 80203] Initializing tags.
[T 08:16:09 80203] ID set to 000000000001394B_0000000000000001 (parent 000000000001384E_0000000000000003)
[E 08:16:09 80203] CodeQL C/C++ Extractor 2.23.0
[E 08:16:09 80203] Current directory: /Users/jie/Documents/workspace/lcmhalgen/posixGen_Demos/UART_Hyperterminal_IT/STM32CubeIDE/Release
[E 08:16:09 80203] Command: /opt/homebrew/Caskroom/codeql/2.23.0/codeql/cpp/tools/osx64/extractor --mimic /users/jie/documents/arm-gnu-toolchain-14.3.rel1-darwin-arm64-arm-none-eabi/bin/arm-none-eabi-gcc ../../Src/main.c -mcpu=cortex-m4 -std=gnu11 -DUSE_STM324xG_EVAL -DSTM32F407xx -DUSE_HAL_DRIVER -c -I../../Inc -I../../Drivers/CMSIS/Device/ST/STM32F4xx/Include -I../../Drivers/STM32F4xx_HAL_Driver/Inc -I../../Drivers/BSP/STM324xG_EVAL -I../../Drivers/CMSIS/Include -Os -ffunction-sections -fdata-sections -Wall -fstack-usage -MMD -MP -MFExample/User/main.d -MTExample/User/main.o --specs=nano.specs -mfpu=fpv4-sp-d16 -mfloat-abi=hard -mthumb -o Example/User/main.o
[T 08:16:09 80204] Initializing tracer.
[T 08:16:09 80204] Initializing tags.
[T 08:16:09 80204] ID set to 000000000001394C_0000000000000001 (parent 000000000001394B_0000000000000001)
[T 08:16:09 80204] ==== Candidate to intercept: /users/jie/documents/arm-gnu-toolchain-14.3.rel1-darwin-arm64-arm-none-eabi/bin/arm-none-eabi-gcc (canonical: /Users/jie/Documents/arm-gnu-toolchain-14.3.rel1-darwin-arm64-arm-none-eabi/bin/arm-none-eabi-gcc) ====
[T 08:16:09 80204] Lua: === Intercepted call to /users/jie/documents/arm-gnu-toolchain-14.3.rel1-darwin-arm64-arm-none-eabi/bin/arm-none-eabi-gcc ===
[T 08:16:09 80204] Executing the following tracer actions:
[T 08:16:09 80204] Tracer actions:
[T 08:16:09 80204] pre_invocations(0)
[T 08:16:09 80204] post_invocations(1)
[T 08:16:09 80204] invocation: /opt/homebrew/Caskroom/codeql/2.23.0/codeql/cpp/tools/osx64/extractor, args: [--mimic, /users/jie/documents/arm-gnu-toolchain-14.3.rel1-darwin-arm64-arm-none-eabi/bin/arm-none-eabi-gcc, --version]
[T 08:16:09 80204] trace_languages(1): [cpp]
[T 08:16:09 80206] Attempting to switch stdout/stderr to 7...
[T 08:16:09 80206] Initializing tracer.
[T 08:16:09 80206] Initializing tags.
[T 08:16:09 80206] ID set to 000000000001394E_0000000000000001 (parent 000000000001394C_0000000000000001)
[E 08:16:09 80206] Mimicry classification suppression detected; exiting.
[E 08:16:09 80206] Extractor exited successfully
[T 08:16:09 80204] Extractor /opt/homebrew/Caskroom/codeql/2.23.0/codeql/cpp/tools/osx64/extractor terminated with exit code 0.
[T 08:16:09 80207] Initializing tracer.
[T 08:16:09 80207] Initializing tags.
[T 08:16:09 80207] ID set to 000000000001394F_0000000000000001 (parent 000000000001394B_0000000000000001)
[T 08:16:09 80207] ==== Candidate to intercept: /users/jie/documents/arm-gnu-toolchain-14.3.rel1-darwin-arm64-arm-none-eabi/bin/arm-none-eabi-gcc (canonical: /Users/jie/Documents/arm-gnu-toolchain-14.3.rel1-darwin-arm64-arm-none-eabi/bin/arm-none-eabi-gcc) ====
[T 08:16:09 80207] Lua: === Intercepted call to /users/jie/documents/arm-gnu-toolchain-14.3.rel1-darwin-arm64-arm-none-eabi/bin/arm-none-eabi-gcc ===
[T 08:16:09 80207] Executing the following tracer actions:
[T 08:16:09 80207] Tracer actions:
[T 08:16:09 80207] pre_invocations(0)
[T 08:16:09 80207] post_invocations(1)
[T 08:16:09 80207] invocation: /opt/homebrew/Caskroom/codeql/2.23.0/codeql/cpp/tools/osx64/extractor, args: [--mimic, /users/jie/documents/arm-gnu-toolchain-14.3.rel1-darwin-arm64-arm-none-eabi/bin/arm-none-eabi-gcc, --help]
[T 08:16:09 80207] trace_languages(1): [cpp]
[T 08:16:09 80210] Attempting to switch stdout/stderr to 7...
[T 08:16:09 80210] Initializing tracer.
[T 08:16:09 80210] Initializing tags.
[T 08:16:09 80210] ID set to 0000000000013952_0000000000000001 (parent 000000000001394F_0000000000000001)
[E 08:16:09 80210] Mimicry classification suppression detected; exiting.
[E 08:16:09 80210] Extractor exited successfully
[T 08:16:09 80207] Extractor /opt/homebrew/Caskroom/codeql/2.23.0/codeql/cpp/tools/osx64/extractor terminated with exit code 0.
[T 08:16:09 80215] Initializing tracer.
[T 08:16:09 80215] Initializing tags.
[T 08:16:09 80215] ID set to 0000000000013957_0000000000000001 (parent 000000000001394B_0000000000000001)
[T 08:16:09 80215] ==== Candidate to intercept: /users/jie/documents/arm-gnu-toolchain-14.3.rel1-darwin-arm64-arm-none-eabi/bin/arm-none-eabi-gcc (canonical: /Users/jie/Documents/arm-gnu-toolchain-14.3.rel1-darwin-arm64-arm-none-eabi/bin/arm-none-eabi-gcc) ====
[T 08:16:09 80215] Lua: === Intercepted call to /users/jie/documents/arm-gnu-toolchain-14.3.rel1-darwin-arm64-arm-none-eabi/bin/arm-none-eabi-gcc ===
[T 08:16:09 80215] Executing the following tracer actions:
[T 08:16:09 80215] Tracer actions:
[T 08:16:09 80215] pre_invocations(0)
[T 08:16:09 80215] post_invocations(1)
[T 08:16:09 80215] invocation: /opt/homebrew/Caskroom/codeql/2.23.0/codeql/cpp/tools/osx64/extractor, args: [--mimic, /users/jie/documents/arm-gnu-toolchain-14.3.rel1-darwin-arm64-arm-none-eabi/bin/arm-none-eabi-gcc, -nostdinc, -o, /Users/jie/Documents/workspace/lcmhalgen/LCMHalTest_DBS/DATABASE_FreeRTOSUART_Hyperterminal_IT/working/tmp//semmle_2_80203_972910.o, -c, /Users/jie/Documents/workspace/lcmhalgen/LCMHalTest_DBS/DATABASE_FreeRTOSUART_Hyperterminal_IT/working/tmp//semmle_1_80203_972782.c]
[T 08:16:09 80215] trace_languages(1): [cpp]
[T 08:16:09 80217] Initializing tracer.
[T 08:16:09 80217] Initializing tags.
[T 08:16:09 80217] ID set to 0000000000013959_0000000000000001 (parent 0000000000013957_0000000000000001)
[T 08:16:09 80217] ==== Candidate to intercept: /Users/jie/Documents/arm-gnu-toolchain-14.3.rel1-darwin-arm64-arm-none-eabi/bin/../libexec/gcc/arm-none-eabi/14.3.1/cc1 (canonical: /Users/jie/Documents/arm-gnu-toolchain-14.3.rel1-darwin-arm64-arm-none-eabi/libexec/gcc/arm-none-eabi/14.3.1/cc1) ====
[T 08:16:09 80217] Lua: === Intercepted call to /users/jie/documents/arm-gnu-toolchain-14.3.rel1-darwin-arm64-arm-none-eabi/libexec/gcc/arm-none-eabi/14.3.1/cc1 ===
[T 08:16:09 80217] Executing the following tracer actions:
[T 08:16:09 80217] Tracer actions:
[T 08:16:09 80217] pre_invocations(0)
[T 08:16:09 80217] post_invocations(1)
[T 08:16:09 80217] invocation: /opt/homebrew/Caskroom/codeql/2.23.0/codeql/cpp/tools/osx64/extractor, args: [--mimic, /users/jie/documents/arm-gnu-toolchain-14.3.rel1-darwin-arm64-arm-none-eabi/libexec/gcc/arm-none-eabi/14.3.1/cc1, -quiet, -nostdinc, -iprefix, /Users/jie/Documents/arm-gnu-toolchain-14.3.rel1-darwin-arm64-arm-none-eabi/bin/../lib/gcc/arm-none-eabi/14.3.1/, -isysroot, /Users/jie/Documents/arm-gnu-toolchain-14.3.rel1-darwin-arm64-arm-none-eabi/bin/../arm-none-eabi, -D__USES_INITFINI__, /Users/jie/Documents/workspace/lcmhalgen/LCMHalTest_DBS/DATABASE_FreeRTOSUART_Hyperterminal_IT/working/tmp//semmle_1_80203_972782.c, -quiet, -dumpdir, /Users/jie/Documents/workspace/lcmhalgen/LCMHalTest_DBS/DATABASE_FreeRTOSUART_Hyperterminal_IT/working/tmp//, -dumpbase, semmle_2_80203_972910.c, -dumpbase-ext, .c, -mcpu=arm7tdmi, -mfloat-abi=soft, -marm, -mlibarch=armv4t, -march=armv4t, -o, /var/folders/b3/0hb7dhg16rd56bpwtd8bcnyc0000gn/T//ccpYBDud.s]
[T 08:16:09 80217] trace_languages(1): [cpp]
[T 08:16:10 80223] Attempting to switch stdout/stderr to 7...
[T 08:16:10 80223] Initializing tracer.
[T 08:16:10 80223] Initializing tags.
[T 08:16:10 80223] ID set to 000000000001395F_0000000000000001 (parent 0000000000013959_0000000000000001)
[E 08:16:10 80223] Mimicry classification suppression detected; exiting.
[E 08:16:10 80223] Extractor exited successfully
[T 08:16:10 80217] Extractor /opt/homebrew/Caskroom/codeql/2.23.0/codeql/cpp/tools/osx64/extractor terminated with exit code 0.
[T 08:16:10 80228] Initializing tracer.
[T 08:16:10 80228] Initializing tags.
[T 08:16:10 80228] ID set to 0000000000013964_0000000000000001 (parent 0000000000013957_0000000000000001)
[T 08:16:10 80228] ==== Candidate to intercept: /Users/jie/Documents/arm-gnu-toolchain-14.3.rel1-darwin-arm64-arm-none-eabi/bin/../lib/gcc/arm-none-eabi/14.3.1/../../../../arm-none-eabi/bin/as (canonical: /Users/jie/Documents/arm-gnu-toolchain-14.3.rel1-darwin-arm64-arm-none-eabi/arm-none-eabi/bin/as) ====
[T 08:16:10 80228] Lua: === Intercepted call to /users/jie/documents/arm-gnu-toolchain-14.3.rel1-darwin-arm64-arm-none-eabi/arm-none-eabi/bin/as ===
[T 08:16:10 80228] Executing the following tracer actions:
[T 08:16:10 80228] Tracer actions:
[T 08:16:10 80228] pre_invocations(0)
[T 08:16:10 80228] post_invocations(1)
[T 08:16:10 80228] invocation: /opt/homebrew/Caskroom/codeql/2.23.0/codeql/cpp/tools/osx64/extractor, args: [--assembler, --codeql-assembler-executable, /users/jie/documents/arm-gnu-toolchain-14.3.rel1-darwin-arm64-arm-none-eabi/arm-none-eabi/bin/as, -march=armv4t, -mfloat-abi=soft, -meabi=5, -o, /Users/jie/Documents/workspace/lcmhalgen/LCMHalTest_DBS/DATABASE_FreeRTOSUART_Hyperterminal_IT/working/tmp//semmle_2_80203_972910.o, /var/folders/b3/0hb7dhg16rd56bpwtd8bcnyc0000gn/T//ccpYBDud.s]
[T 08:16:10 80228] trace_languages(1): [cpp]
[T 08:16:10 80230] Attempting to switch stdout/stderr to 7...
[T 08:16:10 80230] Initializing tracer.
[T 08:16:10 80230] Initializing tags.
[T 08:16:10 80230] ID set to 0000000000013966_0000000000000001 (parent 0000000000013964_0000000000000001)
[E 08:16:10 80230] Mimicry classification suppression detected; exiting.
[E 08:16:10 80230] Extractor exited successfully
[T 08:16:10 80228] Extractor /opt/homebrew/Caskroom/codeql/2.23.0/codeql/cpp/tools/osx64/extractor terminated with exit code 0.
[T 08:16:10 80241] Attempting to switch stdout/stderr to 7...
[T 08:16:10 80241] Initializing tracer.
[T 08:16:10 80241] Initializing tags.
[T 08:16:10 80241] ID set to 0000000000013971_0000000000000001 (parent 0000000000013957_0000000000000001)
[E 08:16:10 80241] Mimicry classification suppression detected; exiting.
[E 08:16:10 80241] Extractor exited successfully
[T 08:16:10 80215] Extractor /opt/homebrew/Caskroom/codeql/2.23.0/codeql/cpp/tools/osx64/extractor terminated with exit code 0.
[T 08:16:10 80248] Initializing tracer.
[T 08:16:10 80248] Initializing tags.
[T 08:16:10 80248] ID set to 0000000000013978_0000000000000001 (parent 000000000001394B_0000000000000001)
[T 08:16:10 80248] ==== Candidate to intercept: /users/jie/documents/arm-gnu-toolchain-14.3.rel1-darwin-arm64-arm-none-eabi/bin/arm-none-eabi-gcc (canonical: /Users/jie/Documents/arm-gnu-toolchain-14.3.rel1-darwin-arm64-arm-none-eabi/bin/arm-none-eabi-gcc) ====
[T 08:16:10 80248] Lua: === Intercepted call to /users/jie/documents/arm-gnu-toolchain-14.3.rel1-darwin-arm64-arm-none-eabi/bin/arm-none-eabi-gcc ===
[T 08:16:10 80248] Executing the following tracer actions:
[T 08:16:10 80248] Tracer actions:
[T 08:16:10 80248] pre_invocations(0)
[T 08:16:10 80248] post_invocations(1)
[T 08:16:10 80248] invocation: /opt/homebrew/Caskroom/codeql/2.23.0/codeql/cpp/tools/osx64/extractor, args: [--mimic, /users/jie/documents/arm-gnu-toolchain-14.3.rel1-darwin-arm64-arm-none-eabi/bin/arm-none-eabi-gcc, -nostdinc, -o, /Users/jie/Documents/workspace/lcmhalgen/LCMHalTest_DBS/DATABASE_FreeRTOSUART_Hyperterminal_IT/working/tmp//semmle_4_80203_148397.o, -c, /Users/jie/Documents/workspace/lcmhalgen/LCMHalTest_DBS/DATABASE_FreeRTOSUART_Hyperterminal_IT/working/tmp//semmle_3_80203_148297.c]
[T 08:16:10 80248] trace_languages(1): [cpp]
[T 08:16:10 80250] Initializing tracer.
[T 08:16:10 80250] Initializing tags.
[T 08:16:10 80250] ID set to 000000000001397A_0000000000000001 (parent 0000000000013978_0000000000000001)
[T 08:16:10 80250] ==== Candidate to intercept: /Users/jie/Documents/arm-gnu-toolchain-14.3.rel1-darwin-arm64-arm-none-eabi/bin/../libexec/gcc/arm-none-eabi/14.3.1/cc1 (canonical: /Users/jie/Documents/arm-gnu-toolchain-14.3.rel1-darwin-arm64-arm-none-eabi/libexec/gcc/arm-none-eabi/14.3.1/cc1) ====
[T 08:16:10 80250] Lua: === Intercepted call to /users/jie/documents/arm-gnu-toolchain-14.3.rel1-darwin-arm64-arm-none-eabi/libexec/gcc/arm-none-eabi/14.3.1/cc1 ===
[T 08:16:10 80250] Executing the following tracer actions:
[T 08:16:10 80250] Tracer actions:
[T 08:16:10 80250] pre_invocations(0)
[T 08:16:10 80250] post_invocations(1)
[T 08:16:10 80250] invocation: /opt/homebrew/Caskroom/codeql/2.23.0/codeql/cpp/tools/osx64/extractor, args: [--mimic, /users/jie/documents/arm-gnu-toolchain-14.3.rel1-darwin-arm64-arm-none-eabi/libexec/gcc/arm-none-eabi/14.3.1/cc1, -quiet, -nostdinc, -iprefix, /Users/jie/Documents/arm-gnu-toolchain-14.3.rel1-darwin-arm64-arm-none-eabi/bin/../lib/gcc/arm-none-eabi/14.3.1/, -isysroot, /Users/jie/Documents/arm-gnu-toolchain-14.3.rel1-darwin-arm64-arm-none-eabi/bin/../arm-none-eabi, -D__USES_INITFINI__, /Users/jie/Documents/workspace/lcmhalgen/LCMHalTest_DBS/DATABASE_FreeRTOSUART_Hyperterminal_IT/working/tmp//semmle_3_80203_148297.c, -quiet, -dumpdir, /Users/jie/Documents/workspace/lcmhalgen/LCMHalTest_DBS/DATABASE_FreeRTOSUART_Hyperterminal_IT/working/tmp//, -dumpbase, semmle_4_80203_148397.c, -dumpbase-ext, .c, -mcpu=arm7tdmi, -mfloat-abi=soft, -marm, -mlibarch=armv4t, -march=armv4t, -o, /var/folders/b3/0hb7dhg16rd56bpwtd8bcnyc0000gn/T//ccxNLQTZ.s]
[T 08:16:10 80250] trace_languages(1): [cpp]
[T 08:16:10 80252] Attempting to switch stdout/stderr to 7...
[T 08:16:10 80252] Initializing tracer.
[T 08:16:10 80252] Initializing tags.
[T 08:16:10 80252] ID set to 000000000001397C_0000000000000001 (parent 000000000001397A_0000000000000001)
[E 08:16:10 80252] Mimicry classification suppression detected; exiting.
[E 08:16:10 80252] Extractor exited successfully
[T 08:16:10 80250] Extractor /opt/homebrew/Caskroom/codeql/2.23.0/codeql/cpp/tools/osx64/extractor terminated with exit code 0.
[T 08:16:10 80253] Attempting to switch stdout/stderr to 7...
[T 08:16:10 80253] Initializing tracer.
[T 08:16:10 80253] Initializing tags.
[T 08:16:10 80253] ID set to 000000000001397D_0000000000000001 (parent 0000000000013978_0000000000000001)
[E 08:16:10 80253] Mimicry classification suppression detected; exiting.
[E 08:16:10 80253] Extractor exited successfully
[T 08:16:10 80248] Extractor /opt/homebrew/Caskroom/codeql/2.23.0/codeql/cpp/tools/osx64/extractor terminated with exit code 0.
[E 08:16:10 80203] Warning: Unrecognized command line argument --specs=nano.specs
[E 08:16:10 80203] Checking whether C compilation already happened.
[E 08:16:10 80203] Checking for tag c-compilation-happened
[E 08:16:10 80203] Checking CODEQL_TRACER_DB_ID 000000000001384E_0000000000000003
[E 08:16:10 80203] Locking DB /Users/jie/Documents/workspace/lcmhalgen/LCMHalTest_DBS/DATABASE_FreeRTOSUART_Hyperterminal_IT/working/tags.db
[E 08:16:10 80203] Locked DB /Users/jie/Documents/workspace/lcmhalgen/LCMHalTest_DBS/DATABASE_FreeRTOSUART_Hyperterminal_IT/working/tags.db
[E 08:16:10 80203] Unlocking DB
[E 08:16:10 80203] Unlocked DB
[E 08:16:10 80203] Exiting as C compilation already happened.
[T 08:16:10 79950] Extractor /opt/homebrew/Caskroom/codeql/2.23.0/codeql/cpp/tools/osx64/extractor terminated with exit code 0.
[T 08:16:10 80255] Initializing tracer.
[T 08:16:10 80255] Initializing tags.
[T 08:16:10 80255] ID set to 000000000001397F_0000000000000001 (parent 0000000000013827_0000000000000002)
[T 08:16:10 80255] ==== Candidate to intercept: /bin/sh (canonical: /bin/sh) ====
[T 08:16:10 80255] Executing the following tracer actions:
[T 08:16:10 80255] Tracer actions:
[T 08:16:10 80255] pre_invocations(0)
[T 08:16:10 80255] post_invocations(0)
[T 08:16:10 80255] trace_languages(1): [cpp]
[T 08:16:10 80255] Initializing tracer.
[T 08:16:10 80255] Initializing tags.
[T 08:16:10 80255] ID set to 000000000001397F_0000000000000002 (parent 000000000001397F_0000000000000001)
[T 08:16:10 80255] ==== Candidate to intercept: /bin/bash (canonical: /bin/bash) ====
[T 08:16:10 80255] Executing the following tracer actions:
[T 08:16:10 80255] Tracer actions:
[T 08:16:10 80255] pre_invocations(0)
[T 08:16:10 80255] post_invocations(0)
[T 08:16:10 80255] trace_languages(1): [cpp]
[T 08:16:10 80255] Initializing tracer.
[T 08:16:10 80255] Initializing tags.
[T 08:16:10 80255] ID set to 000000000001397F_0000000000000003 (parent 000000000001397F_0000000000000002)
[T 08:16:10 80255] ==== Candidate to intercept: /Users/jie/Documents/arm-gnu-toolchain-14.3.rel1-darwin-arm64-arm-none-eabi/bin/arm-none-eabi-gcc (canonical: /Users/jie/Documents/arm-gnu-toolchain-14.3.rel1-darwin-arm64-arm-none-eabi/bin/arm-none-eabi-gcc) ====
[T 08:16:10 80255] Lua: === Intercepted call to /users/jie/documents/arm-gnu-toolchain-14.3.rel1-darwin-arm64-arm-none-eabi/bin/arm-none-eabi-gcc ===
[T 08:16:10 80255] Executing the following tracer actions:
[T 08:16:10 80255] Tracer actions:
[T 08:16:10 80255] pre_invocations(0)
[T 08:16:10 80255] post_invocations(1)
[T 08:16:10 80255] invocation: /opt/homebrew/Caskroom/codeql/2.23.0/codeql/cpp/tools/osx64/extractor, args: [--mimic, /users/jie/documents/arm-gnu-toolchain-14.3.rel1-darwin-arm64-arm-none-eabi/bin/arm-none-eabi-gcc, ../../Src/stm32f4xx_hal_msp.c, -mcpu=cortex-m4, -std=gnu11, -DUSE_STM324xG_EVAL, -DSTM32F407xx, -DUSE_HAL_DRIVER, -c, -I../../Inc, -I../../Drivers/CMSIS/Device/ST/STM32F4xx/Include, -I../../Drivers/STM32F4xx_HAL_Driver/Inc, -I../../Drivers/BSP/STM324xG_EVAL, -I../../Drivers/CMSIS/Include, -Os, -ffunction-sections, -fdata-sections, -Wall, -fstack-usage, -MMD, -MP, -MFExample/User/stm32f4xx_hal_msp.d, -MTExample/User/stm32f4xx_hal_msp.o, --specs=nano.specs, -mfpu=fpv4-sp-d16, -mfloat-abi=hard, -mthumb, -o, Example/User/stm32f4xx_hal_msp.o]
[T 08:16:10 80255] trace_languages(1): [cpp]
[T 08:16:10 80263] Initializing tracer.
[T 08:16:10 80263] Initializing tags.
[T 08:16:10 80263] ID set to 0000000000013987_0000000000000001 (parent 000000000001397F_0000000000000003)
[T 08:16:10 80263] ==== Candidate to intercept: /Users/jie/Documents/arm-gnu-toolchain-14.3.rel1-darwin-arm64-arm-none-eabi/bin/../libexec/gcc/arm-none-eabi/14.3.1/cc1 (canonical: /Users/jie/Documents/arm-gnu-toolchain-14.3.rel1-darwin-arm64-arm-none-eabi/libexec/gcc/arm-none-eabi/14.3.1/cc1) ====
[T 08:16:10 80263] Lua: === Intercepted call to /users/jie/documents/arm-gnu-toolchain-14.3.rel1-darwin-arm64-arm-none-eabi/libexec/gcc/arm-none-eabi/14.3.1/cc1 ===
[T 08:16:10 80263] Executing the following tracer actions:
[T 08:16:10 80263] Tracer actions:
[T 08:16:10 80263] pre_invocations(0)
[T 08:16:10 80263] post_invocations(1)
[T 08:16:10 80263] invocation: /opt/homebrew/Caskroom/codeql/2.23.0/codeql/cpp/tools/osx64/extractor, args: [--mimic, /users/jie/documents/arm-gnu-toolchain-14.3.rel1-darwin-arm64-arm-none-eabi/libexec/gcc/arm-none-eabi/14.3.1/cc1, -isystem, =/include/newlib-nano, -quiet, -I, ../../Inc, -I, ../../Drivers/CMSIS/Device/ST/STM32F4xx/Include, -I, ../../Drivers/STM32F4xx_HAL_Driver/Inc, -I, ../../Drivers/BSP/STM324xG_EVAL, -I, ../../Drivers/CMSIS/Include, -imultilib, thumb/v7e-m+fp/hard, -iprefix, /Users/jie/Documents/arm-gnu-toolchain-14.3.rel1-darwin-arm64-arm-none-eabi/bin/../lib/gcc/arm-none-eabi/14.3.1/, -isysroot, /Users/jie/Documents/arm-gnu-toolchain-14.3.rel1-darwin-arm64-arm-none-eabi/bin/../arm-none-eabi, -MMD, Example/User/stm32f4xx_hal_msp.d, -MF, Example/User/stm32f4xx_hal_msp.d, -MP, -MT, Example/User/stm32f4xx_hal_msp.o, -D__USES_INITFINI__, -D, USE_STM324xG_EVAL, -D, STM32F407xx, -D, USE_HAL_DRIVER, ../../Src/stm32f4xx_hal_msp.c, -quiet, -dumpdir, Example/User/, -dumpbase, stm32f4xx_hal_msp.c, -dumpbase-ext, .c, -mcpu=cortex-m4, -mfpu=fpv4-sp-d16, -mfloat-abi=hard, -mthumb, -mlibarch=armv7e-m+fp, -march=armv7e-m+fp, -Os, -Wall, -std=gnu11, -ffunction-sections, -fdata-sections, -fstack-usage, -o, /var/folders/b3/0hb7dhg16rd56bpwtd8bcnyc0000gn/T//ccvKpGSw.s]
[T 08:16:10 80263] trace_languages(1): [cpp]
[T 08:16:10 80265] Attempting to switch stdout/stderr to 4...
[T 08:16:10 80265] Initializing tracer.
[T 08:16:10 80265] Initializing tags.
[T 08:16:10 80265] ID set to 0000000000013989_0000000000000001 (parent 0000000000013987_0000000000000001)
[E 08:16:10 80265] CodeQL C/C++ Extractor 2.23.0
[E 08:16:10 80265] Current directory: /Users/jie/Documents/workspace/lcmhalgen/posixGen_Demos/UART_Hyperterminal_IT/STM32CubeIDE/Release
[E 08:16:10 80265] Command: /opt/homebrew/Caskroom/codeql/2.23.0/codeql/cpp/tools/osx64/extractor --mimic /users/jie/documents/arm-gnu-toolchain-14.3.rel1-darwin-arm64-arm-none-eabi/libexec/gcc/arm-none-eabi/14.3.1/cc1 -isystem '=/include/newlib-nano' -quiet -I ../../Inc -I ../../Drivers/CMSIS/Device/ST/STM32F4xx/Include -I ../../Drivers/STM32F4xx_HAL_Driver/Inc -I ../../Drivers/BSP/STM324xG_EVAL -I ../../Drivers/CMSIS/Include -imultilib 'thumb/v7e-m+fp/hard' -iprefix /Users/jie/Documents/arm-gnu-toolchain-14.3.rel1-darwin-arm64-arm-none-eabi/bin/../lib/gcc/arm-none-eabi/14.3.1/ -isysroot /Users/jie/Documents/arm-gnu-toolchain-14.3.rel1-darwin-arm64-arm-none-eabi/bin/../arm-none-eabi -MMD Example/User/stm32f4xx_hal_msp.d -MF Example/User/stm32f4xx_hal_msp.d -MP -MT Example/User/stm32f4xx_hal_msp.o -D__USES_INITFINI__ -D USE_STM324xG_EVAL -D STM32F407xx -D USE_HAL_DRIVER ../../Src/stm32f4xx_hal_msp.c -quiet -dumpdir Example/User/ -dumpbase stm32f4xx_hal_msp.c -dumpbase-ext .c -mcpu=cortex-m4 -mfpu=fpv4-sp-d16 -mfloat-abi=hard -mthumb '-mlibarch=armv7e-m+fp' '-march=armv7e-m+fp' -Os -Wall -std=gnu11 -ffunction-sections -fdata-sections -fstack-usage -o /var/folders/b3/0hb7dhg16rd56bpwtd8bcnyc0000gn/T//ccvKpGSw.s
[E 08:16:10 80265] Checking whether C compilation already happened.
[E 08:16:10 80265] Checking for tag c-compilation-happened
[E 08:16:10 80265] Checking CODEQL_TRACER_DB_ID 0000000000013987_0000000000000001
[E 08:16:10 80265] Locking DB /Users/jie/Documents/workspace/lcmhalgen/LCMHalTest_DBS/DATABASE_FreeRTOSUART_Hyperterminal_IT/working/tags.db
[E 08:16:10 80265] Locked DB /Users/jie/Documents/workspace/lcmhalgen/LCMHalTest_DBS/DATABASE_FreeRTOSUART_Hyperterminal_IT/working/tags.db
[E 08:16:10 80265] Unlocking DB
[E 08:16:10 80265] Unlocked DB
[E 08:16:10 80265] Looks like C compilation didn't already happen.
[E 08:16:10 80265] Checking whether C compilation has been attempted.
[E 08:16:10 80265] Checking for tag c-compilation-attempted
[E 08:16:10 80265] Checking CODEQL_TRACER_DB_ID 0000000000013987_0000000000000001
[E 08:16:10 80265] Locking DB /Users/jie/Documents/workspace/lcmhalgen/LCMHalTest_DBS/DATABASE_FreeRTOSUART_Hyperterminal_IT/working/tags.db
[E 08:16:10 80265] Locked DB /Users/jie/Documents/workspace/lcmhalgen/LCMHalTest_DBS/DATABASE_FreeRTOSUART_Hyperterminal_IT/working/tags.db
[E 08:16:10 80265] Unlocking DB
[E 08:16:10 80265] Unlocked DB
[E 08:16:10 80265] Marking C compilation as attempted.
[E 08:16:10 80265] Setting tag c-compilation-attempted
[E 08:16:10 80265] Starting from CODEQL_TRACER_DB_ID 0000000000013987_0000000000000001
[E 08:16:10 80265] Locking DB /Users/jie/Documents/workspace/lcmhalgen/LCMHalTest_DBS/DATABASE_FreeRTOSUART_Hyperterminal_IT/working/tags.db
[E 08:16:10 80265] Locked DB /Users/jie/Documents/workspace/lcmhalgen/LCMHalTest_DBS/DATABASE_FreeRTOSUART_Hyperterminal_IT/working/tags.db
[E 08:16:10 80265] Set tag for 0000000000013987_0000000000000001
[E 08:16:10 80265] Set tag for 000000000001397F_0000000000000003
[E 08:16:10 80265] Set tag for 000000000001397F_0000000000000002
[E 08:16:10 80265] Set tag for 000000000001397F_0000000000000001
[E 08:16:10 80265] Set tag for 0000000000013827_0000000000000002
[E 08:16:10 80265] Set tag for 0000000000013827_0000000000000001
[E 08:16:10 80265] Set tag for 00000000000137DE_0000000000000003
[E 08:16:10 80265] Set tag for 00000000000137DE_0000000000000002
[E 08:16:10 80265] Set tag for root
[E 08:16:10 80265] Unlocking DB
[E 08:16:10 80265] Unlocked DB
[E 08:16:10 80265] Processed command line: /opt/homebrew/Caskroom/codeql/2.23.0/codeql/cpp/tools/osx64/extractor --trapfolder /Users/jie/Documents/workspace/lcmhalgen/LCMHalTest_DBS/DATABASE_FreeRTOSUART_Hyperterminal_IT/trap/cpp --src_archive /Users/jie/Documents/workspace/lcmhalgen/LCMHalTest_DBS/DATABASE_FreeRTOSUART_Hyperterminal_IT/src --object_filename /var/folders/b3/0hb7dhg16rd56bpwtd8bcnyc0000gn/T//ccvKpGSw.s --no_warnings_and_discretionary_errors --error_limit 1000 --disable_system_macros --variadic_macros --incognito --c11 --gcc --gnu_version 140301 --target linux_i686 '-D__DBL_MIN_EXP__=(-1021)' -D__HQ_FBIT__=15 -D__UINT_LEAST16_MAX__=0xffff -D__ARM_SIZEOF_WCHAR_T=4 -D__WCHAR_MAX__=0xffffffffU -D__SFRACT_IBIT__=0 -D__ULFRACT_MIN__=0.0ULR -D__FLT_MIN__=1.1754943508222875e-38F -D__GCC_IEC_559_COMPLEX=0 -D__SIZEOF_LONG__=4 -D__UFRACT_MAX__=0XFFFFP-16UR '-D__UINT_LEAST8_TYPE__=unsigned char' -D__FLT_MAX_EXP__=128 -D__DQ_FBIT__=63 '-D__INTMAX_C(c)=c ## LL' -D__ARM_FEATURE_SAT=1 -D__ULFRACT_FBIT__=32 -D__CHAR_BIT__=8 -D__USQ_IBIT__=0 -D__UINT8_MAX__=0xff -D__ACCUM_FBIT__=15 -D__WINT_MAX__=0xffffffffU '-D__FLT32_MIN_EXP__=(-125)' -D__LONG_WIDTH__=32 -D__USFRACT_FBIT__=8 -D__ORDER_LITTLE_ENDIAN__=1234 -D__SIZE_MAX__=0xffffffffU -D__LACCUM_IBIT__=32 -D__GCC_HAVE_SYNC_COMPARE_AND_SWAP_1=1 -D__GCC_HAVE_SYNC_COMPARE_AND_SWAP_2=1 -D__GCC_HAVE_SYNC_COMPARE_AND_SWAP_4=1 '-D__DBL_DENORM_MIN__=((double)4.9406564584124654e-324L)' -D__GCC_ATOMIC_CHAR_LOCK_FREE=2 -D__GCC_IEC_559=0 -D__FLT32X_DECIMAL_DIG__=17 -D__FLT_EVAL_METHOD__=0 -D__TQ_IBIT__=0 -D__LLACCUM_MAX__=0X7FFFFFFFFFFFFFFFP-31LLK -D__FLT32_HAS_INFINITY__=1 -D__FLT64_DECIMAL_DIG__=17 -D__GCC_ATOMIC_CHAR32_T_LOCK_FREE=2 -D__INTPTR_WIDTH__=32 -D__SIG_ATOMIC_TYPE__=int '-D__DBL_MIN_10_EXP__=(-307)' -D__LFRACT_IBIT__=0 -D__FLT32_HAS_DENORM__=1 -D__USA_FBIT__=16 -D__UINT_FAST8_MAX__=0xffffffffU -D__FLT_HAS_QUIET_NAN__=1 '-D__INT8_C(c)=c' -D__INT_LEAST8_WIDTH__=8 -D__UINT_LEAST64_MAX__=0xffffffffffffffffULL -D__SA_FBIT__=15 -D__APCS_32__=1 -D__SHRT_MAX__=0x7fff '-D__LDBL_MAX__=1.7976931348623157e+308L' -D__FRACT_MAX__=0X7FFFP-15R -D__thumb2__=1 -D__LDBL_IS_IEC_60559__=1 -D__UFRACT_FBIT__=16 -D__ARM_FP=4 -D__UFRACT_MIN__=0.0UR -D__UINT_LEAST8_MAX__=0xff -D__GCC_ATOMIC_BOOL_LOCK_FREE=2 '-D__UINTMAX_TYPE__=long long unsigned int' -D__LLFRACT_EPSILON__=0x1P-63LLR -D__FLT_EVAL_METHOD_TS_18661_3__=0 -D__UINT32_MAX__=0xffffffffUL -D__ULFRACT_MAX__=0XFFFFFFFFP-32ULR -D__TA_IBIT__=64 -D__LDBL_MAX_EXP__=1024 -D__WINT_MIN__=0U -D__ARM_ASM_SYNTAX_UNIFIED__=1 -D__FLT32X_IS_IEC_60559__=1 -D__INT_LEAST16_WIDTH__=16 -D__ULLFRACT_MIN__=0.0ULLR -D__SCHAR_MAX__=0x7f -D__WCHAR_MIN__=0U '-D__INT64_C(c)=c ## LL' '-D__UINT16_C(c)=c' -D__GCC_ATOMIC_POINTER_LOCK_FREE=2 -D__ATOMIC_SEQ_CST=5 -D__FLT32X_MAX_EXP__=1024 -D__SIZEOF_INT__=4 -D__FLT32X_MANT_DIG__=53 -D__USACCUM_IBIT__=8 '-D__INT16_TYPE__=short int' -D__FLT_DIG__=6 '-D__LFRACT_MIN__=(-0.5LR-0.5LR)' -D__HA_IBIT__=8 -D__FLT_EPSILON__=1.1920928955078125e-7F -D__SHRT_WIDTH__=16 -D__FLT32_IS_IEC_60559__=1 -D__USFRACT_IBIT__=0 -D__LDBL_MIN__=2.2250738585072014e-308L -D__STDC_UTF_16__=1 '-D__FRACT_MIN__=(-0.5R-0.5R)' -D__DA_IBIT__=32 -D__ARM_SIZEOF_MINIMAL_ENUM=1 -D__FLT32X_HAS_INFINITY__=1 -D__UQQ_FBIT__=8 -D__UACCUM_MAX__=0XFFFFFFFFP-16UK -D__DECIMAL_DIG__=17 -D__LFRACT_EPSILON__=0x1P-31LR -D__FLT64_EPSILON__=2.2204460492503131e-16F64 -D__INT16_MAX__=0x7fff -D__ARM_PCS_VFP=1 -D__LDBL_HAS_QUIET_NAN__=1 -D__ULACCUM_IBIT__=32 -D__ARM_FEATURE_FMA=1 -D__FLT64_MANT_DIG__=53 -D__INT_LEAST16_MAX__=0x7fff -D__UACCUM_EPSILON__=0x1P-16UK -D__ULLACCUM_MAX__=0XFFFFFFFFFFFFFFFFP-32ULLK -D__HQ_IBIT__=0 -D__FLT_HAS_DENORM__=1 -D__SIZEOF_LONG_DOUBLE__=8 -D__SA_IBIT__=16 -D__BIGGEST_ALIGNMENT__=8 -D__ARM_FEATURE_IDIV=1 -D__INTPTR_TYPE__=int '-D__SIZE_TYPE__=unsigned int' -D__FLT64_MAX_10_EXP__=308 -D__DBL_DIG__=15 -D__ULLACCUM_FBIT__=32 -D__DBL_IS_IEC_60559__=1 -D__DQ_IBIT__=0 '-D__DBL_MAX__=((double)1.7976931348623157e+308L)' -D__ULFRACT_IBIT__=0 -D__INT_FAST32_MAX__=0x7fffffff -D__DBL_HAS_INFINITY__=1 -D__HAVE_SPECULATION_SAFE_VALUE=1 -D__ACCUM_IBIT__=16 -D__THUMB_INTERWORK__=1 -D__UINT_LEAST32_MAX__=0xffffffffUL -D__LACCUM_MAX__=0X7FFFFFFFFFFFFFFFP-31LK -D__FLT32X_HAS_DENORM__=1 -D__INT_FAST16_TYPE__=int -D__LDBL_HAS_DENORM__=1 -D__ARM_FEATURE_LDREX=7 -D__FLT32_DECIMAL_DIG__=9 -D__INT_LEAST32_MAX__=0x7fffffffL -D__ACCUM_MAX__=0X7FFFFFFFP-15K -D__DBL_MAX_EXP__=1024 -D__USACCUM_EPSILON__=0x1P-8UHK -D__WCHAR_WIDTH__=32 '-D__FLT32_MAX__=3.4028234663852886e+38F32' -D__SFRACT_MAX__=0X7FP-7HR -D__FRACT_IBIT__=0 -D__PTRDIFF_MAX__=0x7fffffff -D__UACCUM_MIN__=0.0UK -D__UACCUM_IBIT__=16 '-D__LLACCUM_MIN__=(-0X1P31LLK-0X1P31LLK)' -D__FLT32_HAS_QUIET_NAN__=1 -D__LONG_LONG_MAX__=0x7fffffffffffffffLL -D__ULACCUM_MAX__=0XFFFFFFFFFFFFFFFFP-32ULK -D__SIZEOF_WINT_T__=4 -D__ARM_FEATURE_UNALIGNED=1 -D__LONG_LONG_WIDTH__=64 -D__FLT32_MAX_EXP__=128 -D__ULLACCUM_MIN__=0.0ULLK -D__GXX_ABI_VERSION=1019 -D__UTA_FBIT__=64 -D__UFRACT_IBIT__=0 -D__FLT64_IS_IEC_60559__=1 -D__USQ_FBIT__=32 -D__ARM_FEATURE_QBIT=1 '-D__INT_FAST64_TYPE__=long long int' -D__FP_FAST_FMAF=1 -D__FLT64_DENORM_MIN__=4.9406564584124654e-324F64 '-D__DBL_MIN__=((double)2.2250738585072014e-308L)' -D__SIZEOF_POINTER__=4 -D__DBL_HAS_QUIET_NAN__=1 -D__FLT32X_EPSILON__=2.2204460492503131e-16F32x '-D__FLT64_MIN_EXP__=(-1021)' '-D__LACCUM_MIN__=(-0X1P31LK-0X1P31LK)' -D__FRACT_FBIT__=15 '-D__FLT64_MIN_10_EXP__=(-307)' -D__ULLFRACT_EPSILON__=0x1P-64ULLR -D__REGISTER_PREFIX__= -D__UINT16_MAX__=0xffff -D__DBL_HAS_DENORM__=1 '-D__ACCUM_MIN__=(-0X1P15K-0X1P15K)' -D__SQ_IBIT__=0 '-D__UINT8_TYPE__=unsigned char' -D__UHA_FBIT__=8 '-D__SFRACT_MIN__=(-0.5HR-0.5HR)' -D__UTQ_FBIT__=128 -D__DEC_EVAL_METHOD__=2 -D__FLT_MANT_DIG__=24 -D__LDBL_DECIMAL_DIG__=17 '-D__UINT64_C(c)=c ## ULL' -D__FRACT_EPSILON__=0x1P-15R -D__ULACCUM_MIN__=0.0ULK -D__UDA_FBIT__=32 -D__GCC_ATOMIC_INT_LOCK_FREE=2 '-D__FLT_MIN_EXP__=(-125)' -D__FLOAT_WORD_ORDER__=__ORDER_LITTLE_ENDIAN__ -D__USFRACT_MIN__=0.0UHR -D__FLT32_MANT_DIG__=24 -D__ULLFRACT_FBIT__=64 -D__UQQ_IBIT__=0 -D__SCHAR_WIDTH__=8 '-D__INT32_C(c)=c ## L' -D__ORDER_PDP_ENDIAN__=3412 -D__UHQ_FBIT__=16 -D__LLACCUM_FBIT__=31 -D__INT_FAST32_TYPE__=int '-D__UINT_LEAST16_TYPE__=short unsigned int' -D__UINT64_MAX__=0xffffffffffffffffULL -D__FLT_IS_IEC_60559__=1 -D__UDQ_FBIT__=64 -D__UINT_FAST64_MAX__=0xffffffffffffffffULL '-D__GNUC_WIDE_EXECUTION_CHARSET_NAME="UTF-32LE"' '-D__INT8_TYPE__=signed char' -D__thumb__=1 -D__ELF__=1 -D__SACCUM_EPSILON__=0x1P-7HK -D__ULFRACT_EPSILON__=0x1P-32ULR -D__LLFRACT_FBIT__=63 -D__FLT_RADIX__=2 '-D__INT_LEAST16_TYPE__=short int' -D__ARM_ARCH_PROFILE=77 -D__LDBL_EPSILON__=2.2204460492503131e-16L '-D__UINTMAX_C(c)=c ## ULL' -D__SACCUM_MAX__=0X7FFFP-7HK -D__FLT32X_MIN__=2.2250738585072014e-308F32x -D__SIG_ATOMIC_MAX__=0x7fffffff -D__UACCUM_FBIT__=16 -D__GCC_ATOMIC_WCHAR_T_LOCK_FREE=2 -D__USER_LABEL_PREFIX__= -D__VFP_FP__=1 -D__SIZEOF_PTRDIFF_T__=4 -D__ATOMIC_ACQUIRE=2 -D__INT_WIDTH__=32 -D__OPTIMIZE__=1 -D__LACCUM_EPSILON__=0x1P-31LK -D__LDBL_DIG__=15 '-D__FLT32X_MIN_EXP__=(-1021)' -D__INT_FAST16_MAX__=0x7fffffff -D__GCC_CONSTRUCTIVE_SIZE=64 -D__FLT64_DIG__=15 -D__UINT_FAST32_MAX__=0xffffffffU '-D__UINT_LEAST64_TYPE__=long long unsigned int' -D__SFRACT_EPSILON__=0x1P-7HR -D__GCC_ASM_FLAG_OUTPUTS__=1 -D__FLT_MAX_10_EXP__=38 -D__LONG_MAX__=0x7fffffffL -D__FINITE_MATH_ONLY__=0 -D__SIZEOF_SIZE_T__=4 -D__FLT_HAS_INFINITY__=1 '-D__GNUC_EXECUTION_CHARSET_NAME="UTF-8"' -D__CHAR_UNSIGNED__=1 '-D__UINT_FAST16_TYPE__=unsigned int' -D__ARM_32BIT_STATE=1 -D__INT_FAST32_WIDTH__=32 -D__PRAGMA_REDEFINE_EXTNAME=1 -D__ARMEL__=1 -D__SIZE_WIDTH__=32 -D__INT64_MAX__=0x7fffffffffffffffLL -D__SACCUM_FBIT__=7 -D__FLT32_DENORM_MIN__=1.4012984643248171e-45F32 -D__SIG_ATOMIC_WIDTH__=32 '-D__INT_LEAST64_TYPE__=long long int' -D__ARM_FEATURE_CLZ=1 '-D__INT_LEAST8_TYPE__=signed char' -D__SQ_FBIT__=31 -D__USFRACT_MAX__=0XFFP-8UHR -D__ARM_ARCH_ISA_THUMB=2 -D__INT_FAST8_MAX__=0x7fffffff -D__ARM_ARCH=7 -D__INTPTR_MAX__=0x7fffffff -D__QQ_FBIT__=7 -D__UTA_IBIT__=64 -D__FLT64_HAS_QUIET_NAN__=1 -D__FLT32X_DIG__=15 -D__PTRDIFF_WIDTH__=32 -D__LDBL_MANT_DIG__=53 -D__SFRACT_FBIT__=7 '-D__SACCUM_MIN__=(-0X1P7HK-0X1P7HK)' -D__FLT64_HAS_INFINITY__=1 '-D__SIG_ATOMIC_MIN__=(-__SIG_ATOMIC_MAX__ - 1)' -D__GCC_ATOMIC_LONG_LOCK_FREE=2 '-D__UINT16_TYPE__=short unsigned int' '-D__WCHAR_TYPE__=unsigned int' -D__SIZEOF_FLOAT__=4 -D__THUMBEL__=1 -D__TQ_FBIT__=127 -D__UINTPTR_MAX__=0xffffffffU -D__INT_FAST64_WIDTH__=64 -D__LDBL_HAS_INFINITY__=1 -D__ULLACCUM_IBIT__=32 -D__FLT32_MAX_10_EXP__=38 -D__INT_FAST64_MAX__=0x7fffffffffffffffLL -D__GCC_ATOMIC_TEST_AND_SET_TRUEVAL=1 '-D__FLT_NORM_MAX__=3.4028234663852886e+38F' '-D__UINT_FAST64_TYPE__=long long unsigned int' -D__LACCUM_FBIT__=31 -D__HA_FBIT__=7 -D__UHA_IBIT__=8 '-D__INT64_TYPE__=long long int' -D__UTQ_IBIT__=0 -D__DBL_MANT_DIG__=53 -D__INT_LEAST64_MAX__=0x7fffffffffffffffLL -D__GCC_ATOMIC_CHAR16_T_LOCK_FREE=2 -D__FP_FAST_FMAF32=1 '-D__WINT_TYPE__=unsigned int' '-D__UINT_LEAST32_TYPE__=long unsigned int' -D__SIZEOF_SHORT__=2 -D__ULLFRACT_IBIT__=0 '-D__FLT32_NORM_MAX__=3.4028234663852886e+38F32' '-D__LDBL_MIN_EXP__=(-1021)' -D__GXX_TYPEINFO_EQUALITY_INLINE=0 -D__INTMAX_MAX__=0x7fffffffffffffffLL -D__arm__=1 '-D__FLT64_MAX__=1.7976931348623157e+308F64' -D__UDA_IBIT__=32 -D__INT_MAX__=0x7fffffff -D__WINT_WIDTH__=32 -D__INT_LEAST8_MAX__=0x7f -D__INT_LEAST64_WIDTH__=64 -D__FLT32X_MAX_10_EXP__=308 -D__LLACCUM_EPSILON__=0x1P-31LLK -D__LFRACT_FBIT__=31 -D__LDBL_MAX_10_EXP__=308 -D__ATOMIC_RELAXED=0 '-D__DBL_EPSILON__=((double)2.2204460492503131e-16L)' '-D__INT_LEAST32_TYPE__=long int' -D__ARM_ARCH_7EM__=1 -D__ARM_FEATURE_SIMD32=1 '-D__UINT8_C(c)=c' -D__FLT64_MAX_EXP__=1024 -D__SIZEOF_WCHAR_T__=4 '-D__UINT64_TYPE__=long long unsigned int' -D__OPTIMIZE_SIZE__=1 -D__LLFRACT_MAX__=0X7FFFFFFFFFFFFFFFP-63LLR '-D__FLT64_NORM_MAX__=1.7976931348623157e+308F64' -D__INT_FAST8_TYPE__=int -D__ULLACCUM_EPSILON__=0x1P-32ULLK -D__USACCUM_MAX__=0XFFFFP-8UHK -D__UHQ_IBIT__=0 -D__ARM_FEATURE_COPROC=15 -D__LLACCUM_IBIT__=32 -D__FLT64_HAS_DENORM__=1 -D__FLT32_EPSILON__=1.1920928955078125e-7F32 -D__DBL_DECIMAL_DIG__=17 -D__STDC_UTF_32__=1 -D__INT_FAST8_WIDTH__=32 -D__BYTE_ORDER__=__ORDER_LITTLE_ENDIAN__ '-D__FLT32X_MAX__=1.7976931348623157e+308F32x' -D__TA_FBIT__=63 '-D__DBL_NORM_MAX__=((double)1.7976931348623157e+308L)' -D__USFRACT_EPSILON__=0x1P-8UHR -D__GCC_DESTRUCTIVE_SIZE=64 -D__UDQ_IBIT__=0 -D__INTMAX_WIDTH__=64 -D__ORDER_BIG_ENDIAN__=4321 -D__LFRACT_MAX__=0X7FFFFFFFP-31LR -D__ARM_FEATURE_DSP=1 -D__FLT32_DIG__=6 -D__ACCUM_EPSILON__=0x1P-15K '-D__UINT32_C(c)=c ## UL' -D__QQ_IBIT__=0 -D__LLFRACT_IBIT__=0 -D__INT8_MAX__=0x7f -D__INT32_MAX__=0x7fffffffL '-D__UINT_FAST32_TYPE__=unsigned int' '-D__FLT32X_NORM_MAX__=1.7976931348623157e+308F32x' '-D__FLT32_MIN_10_EXP__=(-37)' '-D__FLT_MAX__=3.4028234663852886e+38F' -D__USACCUM_FBIT__=8 '-D__INT32_TYPE__=long int' -D__SIZEOF_DOUBLE__=8 '-D__FLT_MIN_10_EXP__=(-37)' -D__UFRACT_EPSILON__=0x1P-16UR -D__FLT64_MIN__=2.2250738585072014e-308F64 -D__FLT_DENORM_MIN__=1.4012984643248171e-45F -D__INT_LEAST32_WIDTH__=32 '-D__INTMAX_TYPE__=long long int' -D__FLT32X_HAS_QUIET_NAN__=1 -D__ATOMIC_CONSUME=1 -D__INT_FAST16_WIDTH__=32 -D__UINTMAX_MAX__=0xffffffffffffffffULL -D__FLT32X_DENORM_MIN__=4.9406564584124654e-324F32x -D__ATOMIC_ACQ_REL=4 -D__DBL_MAX_10_EXP__=308 -D__LDBL_DENORM_MIN__=4.9406564584124654e-324L '-D__INT16_C(c)=c' -D__ATOMIC_RELEASE=3 -D__PTRDIFF_TYPE__=int '-D__LLFRACT_MIN__=(-0.5LLR-0.5LLR)' -D__USACCUM_MIN__=0.0UHK -D__FLT32_MIN__=1.1754943508222875e-38F32 -D__DA_FBIT__=31 '-D__UINT32_TYPE__=long unsigned int' '-D__FLT32X_MIN_10_EXP__=(-307)' -D__ARM_ARCH_EXT_IDIV__=1 '-D__UINTPTR_TYPE__=unsigned int' -D__USA_IBIT__=16 -D__ARM_EABI__=1 '-D__LDBL_MIN_10_EXP__=(-307)' -D__SIZEOF_LONG_LONG__=8 -D__ULACCUM_EPSILON__=0x1P-32ULK -D__SACCUM_IBIT__=8 -D__GCC_ATOMIC_LLONG_LOCK_FREE=1 -D__FLT_DECIMAL_DIG__=9 -D__UINT_FAST16_MAX__=0xffffffffU '-D__LDBL_NORM_MAX__=1.7976931348623157e+308L' -D__GCC_ATOMIC_SHORT_LOCK_FREE=2 -D__ULLFRACT_MAX__=0XFFFFFFFFFFFFFFFFP-64ULLR '-D__UINT_FAST8_TYPE__=unsigned int' -D__ULACCUM_FBIT__=32 -D__USES_INITFINI__ -DUSE_STM324xG_EVAL -DSTM32F407xx -DUSE_HAL_DRIVER -I../../Inc -I../../Drivers/CMSIS/Device/ST/STM32F4xx/Include -I../../Drivers/STM32F4xx_HAL_Driver/Inc -I../../Drivers/BSP/STM324xG_EVAL -I../../Drivers/CMSIS/Include -I/Users/jie/Documents/arm-gnu-toolchain-14.3.rel1-darwin-arm64-arm-none-eabi/bin/../arm-none-eabi/include/newlib-nano -I/Users/jie/Documents/arm-gnu-toolchain-14.3.rel1-darwin-arm64-arm-none-eabi/bin/../lib/gcc/arm-none-eabi/14.3.1/include -I/Users/jie/Documents/arm-gnu-toolchain-14.3.rel1-darwin-arm64-arm-none-eabi/bin/../lib/gcc/arm-none-eabi/14.3.1/include-fixed -I/Users/jie/Documents/arm-gnu-toolchain-14.3.rel1-darwin-arm64-arm-none-eabi/bin/../lib/gcc/arm-none-eabi/14.3.1/../../../../arm-none-eabi/include -- ../../Src/stm32f4xx_hal_msp.c
[E 08:16:10 80265] CODEQL_EXTRACTOR_CPP_TRAP_CACHING is not set
[E 08:16:10 80265] CODEQL_EXTRACTOR_CPP_OPTION_TRAP_CACHE_WRITE is not set
[E 08:16:10 80265] CODEQL_EXTRACTOR_CPP_OPTION_TRAP_CACHE_DIR is not set
[E 08:16:10 80265] Initialising TRAP cache at path: 63/f76b/6bff6b733ffdef3786ea3d7ebfb1
[E 08:16:10 80265] Not using TRAP cache
[E 08:16:10 80265] TRAP cache miss
[E 08:16:10 80265] Starting compilation TRAP /Users/jie/Documents/workspace/lcmhalgen/LCMHalTest_DBS/DATABASE_FreeRTOSUART_Hyperterminal_IT/trap/cpp/compilations/57/8694487_0.trap.zst
[E 08:16:10 80265] Archiving /Users/jie/Documents/workspace/lcmhalgen/LCMHalTest_DBS/DATABASE_FreeRTOSUART_Hyperterminal_IT/src/Users/jie/Documents/workspace/lcmhalgen/posixGen_Demos/UART_Hyperterminal_IT/Src/stm32f4xx_hal_msp.c
[E 08:16:10 80265] Already archived /Users/jie/Documents/workspace/lcmhalgen/LCMHalTest_DBS/DATABASE_FreeRTOSUART_Hyperterminal_IT/src/Users/jie/Documents/workspace/lcmhalgen/posixGen_Demos/UART_Hyperterminal_IT/Inc/main.h
[E 08:16:10 80265] Already archived /Users/jie/Documents/workspace/lcmhalgen/LCMHalTest_DBS/DATABASE_FreeRTOSUART_Hyperterminal_IT/src/Users/jie/Documents/workspace/lcmhalgen/posixGen_Demos/UART_Hyperterminal_IT/Drivers/STM32F4xx_HAL_Driver/Inc/stm32f4xx_hal.h
[E 08:16:10 80265] Already archived /Users/jie/Documents/workspace/lcmhalgen/LCMHalTest_DBS/DATABASE_FreeRTOSUART_Hyperterminal_IT/src/Users/jie/Documents/workspace/lcmhalgen/posixGen_Demos/UART_Hyperterminal_IT/Inc/stm32f4xx_hal_conf.h
[E 08:16:10 80265] Already archived /Users/jie/Documents/workspace/lcmhalgen/LCMHalTest_DBS/DATABASE_FreeRTOSUART_Hyperterminal_IT/src/Users/jie/Documents/workspace/lcmhalgen/posixGen_Demos/UART_Hyperterminal_IT/Drivers/STM32F4xx_HAL_Driver/Inc/stm32f4xx_hal_rcc.h
[E 08:16:10 80265] Already archived /Users/jie/Documents/workspace/lcmhalgen/LCMHalTest_DBS/DATABASE_FreeRTOSUART_Hyperterminal_IT/src/Users/jie/Documents/workspace/lcmhalgen/posixGen_Demos/UART_Hyperterminal_IT/Drivers/STM32F4xx_HAL_Driver/Inc/stm32f4xx_hal_def.h
[E 08:16:10 80265] Already archived /Users/jie/Documents/workspace/lcmhalgen/LCMHalTest_DBS/DATABASE_FreeRTOSUART_Hyperterminal_IT/src/Users/jie/Documents/workspace/lcmhalgen/posixGen_Demos/UART_Hyperterminal_IT/Drivers/CMSIS/Device/ST/STM32F4xx/Include/stm32f4xx.h
[E 08:16:10 80265] Already archived /Users/jie/Documents/workspace/lcmhalgen/LCMHalTest_DBS/DATABASE_FreeRTOSUART_Hyperterminal_IT/src/Users/jie/Documents/workspace/lcmhalgen/posixGen_Demos/UART_Hyperterminal_IT/Drivers/CMSIS/Device/ST/STM32F4xx/Include/stm32f407xx.h
[E 08:16:10 80265] Already archived /Users/jie/Documents/workspace/lcmhalgen/LCMHalTest_DBS/DATABASE_FreeRTOSUART_Hyperterminal_IT/src/Users/jie/Documents/workspace/lcmhalgen/posixGen_Demos/UART_Hyperterminal_IT/Drivers/CMSIS/Include/core_cm4.h
[E 08:16:10 80265] Already archived /Users/jie/Documents/workspace/lcmhalgen/LCMHalTest_DBS/DATABASE_FreeRTOSUART_Hyperterminal_IT/src/Users/jie/Documents/arm-gnu-toolchain-14.3.rel1-darwin-arm64-arm-none-eabi/lib/gcc/arm-none-eabi/14.3.1/include/stdint.h
[E 08:16:10 80265] Already archived /Users/jie/Documents/workspace/lcmhalgen/LCMHalTest_DBS/DATABASE_FreeRTOSUART_Hyperterminal_IT/src/Users/jie/Documents/arm-gnu-toolchain-14.3.rel1-darwin-arm64-arm-none-eabi/arm-none-eabi/include/stdint.h
[E 08:16:10 80265] Already archived /Users/jie/Documents/workspace/lcmhalgen/LCMHalTest_DBS/DATABASE_FreeRTOSUART_Hyperterminal_IT/src/Users/jie/Documents/arm-gnu-toolchain-14.3.rel1-darwin-arm64-arm-none-eabi/arm-none-eabi/include/machine/_default_types.h
[E 08:16:10 80265] Already archived /Users/jie/Documents/workspace/lcmhalgen/LCMHalTest_DBS/DATABASE_FreeRTOSUART_Hyperterminal_IT/src/Users/jie/Documents/arm-gnu-toolchain-14.3.rel1-darwin-arm64-arm-none-eabi/arm-none-eabi/include/sys/features.h
[E 08:16:10 80265] Already archived /Users/jie/Documents/workspace/lcmhalgen/LCMHalTest_DBS/DATABASE_FreeRTOSUART_Hyperterminal_IT/src/Users/jie/Documents/arm-gnu-toolchain-14.3.rel1-darwin-arm64-arm-none-eabi/arm-none-eabi/include/_newlib_version.h
[E 08:16:10 80265] Already archived /Users/jie/Documents/workspace/lcmhalgen/LCMHalTest_DBS/DATABASE_FreeRTOSUART_Hyperterminal_IT/src/Users/jie/Documents/arm-gnu-toolchain-14.3.rel1-darwin-arm64-arm-none-eabi/arm-none-eabi/include/sys/_intsup.h
[E 08:16:10 80265] Already archived /Users/jie/Documents/workspace/lcmhalgen/LCMHalTest_DBS/DATABASE_FreeRTOSUART_Hyperterminal_IT/src/Users/jie/Documents/arm-gnu-toolchain-14.3.rel1-darwin-arm64-arm-none-eabi/arm-none-eabi/include/sys/_stdint.h
[E 08:16:10 80265] Already archived /Users/jie/Documents/workspace/lcmhalgen/LCMHalTest_DBS/DATABASE_FreeRTOSUART_Hyperterminal_IT/src/Users/jie/Documents/workspace/lcmhalgen/posixGen_Demos/UART_Hyperterminal_IT/Drivers/CMSIS/Include/cmsis_version.h
[E 08:16:10 80265] Already archived /Users/jie/Documents/workspace/lcmhalgen/LCMHalTest_DBS/DATABASE_FreeRTOSUART_Hyperterminal_IT/src/Users/jie/Documents/workspace/lcmhalgen/posixGen_Demos/UART_Hyperterminal_IT/Drivers/CMSIS/Include/cmsis_compiler.h
[E 08:16:10 80265] Already archived /Users/jie/Documents/workspace/lcmhalgen/LCMHalTest_DBS/DATABASE_FreeRTOSUART_Hyperterminal_IT/src/Users/jie/Documents/workspace/lcmhalgen/posixGen_Demos/UART_Hyperterminal_IT/Drivers/CMSIS/Include/cmsis_gcc.h
[E 08:16:10 80265] Already archived /Users/jie/Documents/workspace/lcmhalgen/LCMHalTest_DBS/DATABASE_FreeRTOSUART_Hyperterminal_IT/src/Users/jie/Documents/workspace/lcmhalgen/posixGen_Demos/UART_Hyperterminal_IT/Drivers/CMSIS/Include/mpu_armv7.h
[E 08:16:10 80265] Already archived /Users/jie/Documents/workspace/lcmhalgen/LCMHalTest_DBS/DATABASE_FreeRTOSUART_Hyperterminal_IT/src/Users/jie/Documents/workspace/lcmhalgen/posixGen_Demos/UART_Hyperterminal_IT/Drivers/CMSIS/Device/ST/STM32F4xx/Include/system_stm32f4xx.h
[E 08:16:10 80265] Already archived /Users/jie/Documents/workspace/lcmhalgen/LCMHalTest_DBS/DATABASE_FreeRTOSUART_Hyperterminal_IT/src/Users/jie/Documents/workspace/lcmhalgen/posixGen_Demos/UART_Hyperterminal_IT/Drivers/STM32F4xx_HAL_Driver/Inc/stm32f4xx_hal.h
[E 08:16:10 80265] Already archived /Users/jie/Documents/workspace/lcmhalgen/LCMHalTest_DBS/DATABASE_FreeRTOSUART_Hyperterminal_IT/src/Users/jie/Documents/workspace/lcmhalgen/posixGen_Demos/UART_Hyperterminal_IT/Drivers/STM32F4xx_HAL_Driver/Inc/Legacy/stm32_hal_legacy.h
[E 08:16:10 80265] Already archived /Users/jie/Documents/workspace/lcmhalgen/LCMHalTest_DBS/DATABASE_FreeRTOSUART_Hyperterminal_IT/src/Users/jie/Documents/arm-gnu-toolchain-14.3.rel1-darwin-arm64-arm-none-eabi/lib/gcc/arm-none-eabi/14.3.1/include/stddef.h
[E 08:16:10 80265] Already archived /Users/jie/Documents/workspace/lcmhalgen/LCMHalTest_DBS/DATABASE_FreeRTOSUART_Hyperterminal_IT/src/Users/jie/Documents/workspace/lcmhalgen/posixGen_Demos/UART_Hyperterminal_IT/Drivers/STM32F4xx_HAL_Driver/Inc/stm32f4xx_hal_rcc_ex.h
[E 08:16:10 80265] Already archived /Users/jie/Documents/workspace/lcmhalgen/LCMHalTest_DBS/DATABASE_FreeRTOSUART_Hyperterminal_IT/src/Users/jie/Documents/workspace/lcmhalgen/posixGen_Demos/UART_Hyperterminal_IT/Drivers/STM32F4xx_HAL_Driver/Inc/stm32f4xx_hal_gpio.h
[E 08:16:10 80265] Already archived /Users/jie/Documents/workspace/lcmhalgen/LCMHalTest_DBS/DATABASE_FreeRTOSUART_Hyperterminal_IT/src/Users/jie/Documents/workspace/lcmhalgen/posixGen_Demos/UART_Hyperterminal_IT/Drivers/STM32F4xx_HAL_Driver/Inc/stm32f4xx_hal_gpio_ex.h
[E 08:16:10 80265] Already archived /Users/jie/Documents/workspace/lcmhalgen/LCMHalTest_DBS/DATABASE_FreeRTOSUART_Hyperterminal_IT/src/Users/jie/Documents/workspace/lcmhalgen/posixGen_Demos/UART_Hyperterminal_IT/Drivers/STM32F4xx_HAL_Driver/Inc/stm32f4xx_hal_dma.h
[E 08:16:10 80265] Already archived /Users/jie/Documents/workspace/lcmhalgen/LCMHalTest_DBS/DATABASE_FreeRTOSUART_Hyperterminal_IT/src/Users/jie/Documents/workspace/lcmhalgen/posixGen_Demos/UART_Hyperterminal_IT/Drivers/STM32F4xx_HAL_Driver/Inc/stm32f4xx_hal_dma_ex.h
[E 08:16:10 80265] Already archived /Users/jie/Documents/workspace/lcmhalgen/LCMHalTest_DBS/DATABASE_FreeRTOSUART_Hyperterminal_IT/src/Users/jie/Documents/workspace/lcmhalgen/posixGen_Demos/UART_Hyperterminal_IT/Drivers/STM32F4xx_HAL_Driver/Inc/stm32f4xx_hal_cortex.h
[E 08:16:10 80265] Already archived /Users/jie/Documents/workspace/lcmhalgen/LCMHalTest_DBS/DATABASE_FreeRTOSUART_Hyperterminal_IT/src/Users/jie/Documents/workspace/lcmhalgen/posixGen_Demos/UART_Hyperterminal_IT/Drivers/STM32F4xx_HAL_Driver/Inc/stm32f4xx_hal_flash.h
[E 08:16:10 80265] Already archived /Users/jie/Documents/workspace/lcmhalgen/LCMHalTest_DBS/DATABASE_FreeRTOSUART_Hyperterminal_IT/src/Users/jie/Documents/workspace/lcmhalgen/posixGen_Demos/UART_Hyperterminal_IT/Drivers/STM32F4xx_HAL_Driver/Inc/stm32f4xx_hal_flash_ex.h
[E 08:16:10 80265] Already archived /Users/jie/Documents/workspace/lcmhalgen/LCMHalTest_DBS/DATABASE_FreeRTOSUART_Hyperterminal_IT/src/Users/jie/Documents/workspace/lcmhalgen/posixGen_Demos/UART_Hyperterminal_IT/Drivers/STM32F4xx_HAL_Driver/Inc/stm32f4xx_hal_flash_ramfunc.h
[E 08:16:10 80265] Already archived /Users/jie/Documents/workspace/lcmhalgen/LCMHalTest_DBS/DATABASE_FreeRTOSUART_Hyperterminal_IT/src/Users/jie/Documents/workspace/lcmhalgen/posixGen_Demos/UART_Hyperterminal_IT/Drivers/STM32F4xx_HAL_Driver/Inc/stm32f4xx_hal_sram.h
[E 08:16:10 80265] Already archived /Users/jie/Documents/workspace/lcmhalgen/LCMHalTest_DBS/DATABASE_FreeRTOSUART_Hyperterminal_IT/src/Users/jie/Documents/workspace/lcmhalgen/posixGen_Demos/UART_Hyperterminal_IT/Drivers/STM32F4xx_HAL_Driver/Inc/stm32f4xx_ll_fsmc.h
[E 08:16:10 80265] Already archived /Users/jie/Documents/workspace/lcmhalgen/LCMHalTest_DBS/DATABASE_FreeRTOSUART_Hyperterminal_IT/src/Users/jie/Documents/workspace/lcmhalgen/posixGen_Demos/UART_Hyperterminal_IT/Drivers/STM32F4xx_HAL_Driver/Inc/stm32f4xx_hal_i2c.h
[E 08:16:10 80265] Already archived /Users/jie/Documents/workspace/lcmhalgen/LCMHalTest_DBS/DATABASE_FreeRTOSUART_Hyperterminal_IT/src/Users/jie/Documents/workspace/lcmhalgen/posixGen_Demos/UART_Hyperterminal_IT/Drivers/STM32F4xx_HAL_Driver/Inc/stm32f4xx_hal_i2c_ex.h
[E 08:16:10 80265] Already archived /Users/jie/Documents/workspace/lcmhalgen/LCMHalTest_DBS/DATABASE_FreeRTOSUART_Hyperterminal_IT/src/Users/jie/Documents/workspace/lcmhalgen/posixGen_Demos/UART_Hyperterminal_IT/Drivers/STM32F4xx_HAL_Driver/Inc/stm32f4xx_hal_pwr.h
[E 08:16:10 80265] Already archived /Users/jie/Documents/workspace/lcmhalgen/LCMHalTest_DBS/DATABASE_FreeRTOSUART_Hyperterminal_IT/src/Users/jie/Documents/workspace/lcmhalgen/posixGen_Demos/UART_Hyperterminal_IT/Drivers/STM32F4xx_HAL_Driver/Inc/stm32f4xx_hal_pwr_ex.h
[E 08:16:10 80265] Already archived /Users/jie/Documents/workspace/lcmhalgen/LCMHalTest_DBS/DATABASE_FreeRTOSUART_Hyperterminal_IT/src/Users/jie/Documents/workspace/lcmhalgen/posixGen_Demos/UART_Hyperterminal_IT/Drivers/STM32F4xx_HAL_Driver/Inc/stm32f4xx_hal_uart.h
[E 08:16:10 80265] Already archived /Users/jie/Documents/workspace/lcmhalgen/LCMHalTest_DBS/DATABASE_FreeRTOSUART_Hyperterminal_IT/src/Users/jie/Documents/workspace/lcmhalgen/posixGen_Demos/UART_Hyperterminal_IT/Drivers/BSP/STM324xG_EVAL/stm324xg_eval.h
[E 08:16:10 80265] Creating trap tarball /Users/jie/Documents/workspace/lcmhalgen/LCMHalTest_DBS/DATABASE_FreeRTOSUART_Hyperterminal_IT/trap/cpp/tarballs/Users/jie/Documents/workspace/lcmhalgen/posixGen_Demos/UART_Hyperterminal_IT/Src/stm32f4xx_hal_msp.c.a019032f_0.trap.tar.zst
[E 08:16:10 80265] Emitting trap files for ../../Src/stm32f4xx_hal_msp.c
[E 08:16:10 80265] Opening existencedb in /Users/jie/Documents/workspace/lcmhalgen/LCMHalTest_DBS/DATABASE_FreeRTOSUART_Hyperterminal_IT/working/existencedb/db
[E 08:16:10 80265] Wrote 1 files to /Users/jie/Documents/workspace/lcmhalgen/LCMHalTest_DBS/DATABASE_FreeRTOSUART_Hyperterminal_IT/trap/cpp/tarballs/Users/jie/Documents/workspace/lcmhalgen/posixGen_Demos/UART_Hyperterminal_IT/Src/stm32f4xx_hal_msp.c.a019032f_0.trap.tar.zst
[E 08:16:10 80265] Finished compilation TRAP /Users/jie/Documents/workspace/lcmhalgen/LCMHalTest_DBS/DATABASE_FreeRTOSUART_Hyperterminal_IT/trap/cpp/compilations/57/8694487_0.trap.zst
[E 08:16:10 80265] Marking C compilation as happened.
[E 08:16:10 80265] Setting tag c-compilation-happened
[E 08:16:10 80265] Starting from CODEQL_TRACER_DB_ID 0000000000013987_0000000000000001
[E 08:16:10 80265] Locking DB /Users/jie/Documents/workspace/lcmhalgen/LCMHalTest_DBS/DATABASE_FreeRTOSUART_Hyperterminal_IT/working/tags.db
[E 08:16:10 80265] Locked DB /Users/jie/Documents/workspace/lcmhalgen/LCMHalTest_DBS/DATABASE_FreeRTOSUART_Hyperterminal_IT/working/tags.db
[E 08:16:10 80265] Set tag for 0000000000013987_0000000000000001
[E 08:16:10 80265] Set tag for 000000000001397F_0000000000000003
[E 08:16:10 80265] Set tag for 000000000001397F_0000000000000002
[E 08:16:10 80265] Set tag for 000000000001397F_0000000000000001
[E 08:16:10 80265] Set tag for 0000000000013827_0000000000000002
[E 08:16:10 80265] Set tag for 0000000000013827_0000000000000001
[E 08:16:10 80265] Set tag for 00000000000137DE_0000000000000003
[E 08:16:10 80265] Set tag for 00000000000137DE_0000000000000002
[E 08:16:10 80265] Set tag for root
[E 08:16:10 80265] Unlocking DB
[E 08:16:10 80265] Unlocked DB
[E 08:16:10 80265] Extractor exited successfully
[T 08:16:10 80263] Extractor /opt/homebrew/Caskroom/codeql/2.23.0/codeql/cpp/tools/osx64/extractor terminated with exit code 0.
[T 08:16:10 80275] Initializing tracer.
[T 08:16:10 80275] Initializing tags.
[T 08:16:10 80275] ID set to 0000000000013993_0000000000000001 (parent 000000000001397F_0000000000000003)
[T 08:16:10 80275] ==== Candidate to intercept: /Users/jie/Documents/arm-gnu-toolchain-14.3.rel1-darwin-arm64-arm-none-eabi/bin/../lib/gcc/arm-none-eabi/14.3.1/../../../../arm-none-eabi/bin/as (canonical: /Users/jie/Documents/arm-gnu-toolchain-14.3.rel1-darwin-arm64-arm-none-eabi/arm-none-eabi/bin/as) ====
[T 08:16:10 80275] Lua: === Intercepted call to /users/jie/documents/arm-gnu-toolchain-14.3.rel1-darwin-arm64-arm-none-eabi/arm-none-eabi/bin/as ===
[T 08:16:10 80275] Executing the following tracer actions:
[T 08:16:10 80275] Tracer actions:
[T 08:16:10 80275] pre_invocations(0)
[T 08:16:10 80275] post_invocations(1)
[T 08:16:10 80275] invocation: /opt/homebrew/Caskroom/codeql/2.23.0/codeql/cpp/tools/osx64/extractor, args: [--assembler, --codeql-assembler-executable, /users/jie/documents/arm-gnu-toolchain-14.3.rel1-darwin-arm64-arm-none-eabi/arm-none-eabi/bin/as, -I, ../../Inc, -I, ../../Drivers/CMSIS/Device/ST/STM32F4xx/Include, -I, ../../Drivers/STM32F4xx_HAL_Driver/Inc, -I, ../../Drivers/BSP/STM324xG_EVAL, -I, ../../Drivers/CMSIS/Include, -march=armv7e-m+fp, -mfloat-abi=hard, -mfpu=fpv4-sp-d16, -meabi=5, -o, Example/User/stm32f4xx_hal_msp.o, /var/folders/b3/0hb7dhg16rd56bpwtd8bcnyc0000gn/T//ccvKpGSw.s]
[T 08:16:10 80275] trace_languages(1): [cpp]
[T 08:16:10 80277] Attempting to switch stdout/stderr to 4...
[T 08:16:10 80277] Initializing tracer.
[T 08:16:10 80277] Initializing tags.
[T 08:16:10 80277] ID set to 0000000000013995_0000000000000001 (parent 0000000000013993_0000000000000001)
[E 08:16:10 80277] CodeQL C/C++ Extractor 2.23.0
[E 08:16:10 80277] Current directory: /Users/jie/Documents/workspace/lcmhalgen/posixGen_Demos/UART_Hyperterminal_IT/STM32CubeIDE/Release
[E 08:16:10 80277] Command: /opt/homebrew/Caskroom/codeql/2.23.0/codeql/cpp/tools/osx64/extractor --assembler --codeql-assembler-executable /users/jie/documents/arm-gnu-toolchain-14.3.rel1-darwin-arm64-arm-none-eabi/arm-none-eabi/bin/as -I ../../Inc -I ../../Drivers/CMSIS/Device/ST/STM32F4xx/Include -I ../../Drivers/STM32F4xx_HAL_Driver/Inc -I ../../Drivers/BSP/STM324xG_EVAL -I ../../Drivers/CMSIS/Include '-march=armv7e-m+fp' -mfloat-abi=hard -mfpu=fpv4-sp-d16 -meabi=5 -o Example/User/stm32f4xx_hal_msp.o /var/folders/b3/0hb7dhg16rd56bpwtd8bcnyc0000gn/T//ccvKpGSw.s
[E 08:16:10 80277] Extractor exited after mimicking assembler
[T 08:16:10 80275] Extractor /opt/homebrew/Caskroom/codeql/2.23.0/codeql/cpp/tools/osx64/extractor terminated with exit code 0.
[T 08:16:10 80281] Attempting to switch stdout/stderr to 4...
[T 08:16:10 80281] Initializing tracer.
[T 08:16:10 80281] Initializing tags.
[T 08:16:10 80281] ID set to 0000000000013999_0000000000000001 (parent 000000000001397F_0000000000000003)
[E 08:16:10 80281] CodeQL C/C++ Extractor 2.23.0
[E 08:16:10 80281] Current directory: /Users/jie/Documents/workspace/lcmhalgen/posixGen_Demos/UART_Hyperterminal_IT/STM32CubeIDE/Release
[E 08:16:10 80281] Command: /opt/homebrew/Caskroom/codeql/2.23.0/codeql/cpp/tools/osx64/extractor --mimic /users/jie/documents/arm-gnu-toolchain-14.3.rel1-darwin-arm64-arm-none-eabi/bin/arm-none-eabi-gcc ../../Src/stm32f4xx_hal_msp.c -mcpu=cortex-m4 -std=gnu11 -DUSE_STM324xG_EVAL -DSTM32F407xx -DUSE_HAL_DRIVER -c -I../../Inc -I../../Drivers/CMSIS/Device/ST/STM32F4xx/Include -I../../Drivers/STM32F4xx_HAL_Driver/Inc -I../../Drivers/BSP/STM324xG_EVAL -I../../Drivers/CMSIS/Include -Os -ffunction-sections -fdata-sections -Wall -fstack-usage -MMD -MP -MFExample/User/stm32f4xx_hal_msp.d -MTExample/User/stm32f4xx_hal_msp.o --specs=nano.specs -mfpu=fpv4-sp-d16 -mfloat-abi=hard -mthumb -o Example/User/stm32f4xx_hal_msp.o
[E 08:16:10 80281] Warning: Unrecognized command line argument --specs=nano.specs
[E 08:16:10 80281] Checking whether C compilation already happened.
[E 08:16:10 80281] Checking for tag c-compilation-happened
[E 08:16:10 80281] Checking CODEQL_TRACER_DB_ID 000000000001397F_0000000000000003
[E 08:16:10 80281] Locking DB /Users/jie/Documents/workspace/lcmhalgen/LCMHalTest_DBS/DATABASE_FreeRTOSUART_Hyperterminal_IT/working/tags.db
[E 08:16:10 80281] Locked DB /Users/jie/Documents/workspace/lcmhalgen/LCMHalTest_DBS/DATABASE_FreeRTOSUART_Hyperterminal_IT/working/tags.db
[E 08:16:10 80281] Unlocking DB
[E 08:16:10 80281] Unlocked DB
[E 08:16:10 80281] Exiting as C compilation already happened.
[T 08:16:10 80255] Extractor /opt/homebrew/Caskroom/codeql/2.23.0/codeql/cpp/tools/osx64/extractor terminated with exit code 0.
[T 08:16:10 80290] Initializing tracer.
[T 08:16:10 80290] Initializing tags.
[T 08:16:10 80290] ID set to 00000000000139A2_0000000000000001 (parent 0000000000013827_0000000000000002)
[T 08:16:10 80290] ==== Candidate to intercept: /bin/sh (canonical: /bin/sh) ====
[T 08:16:10 80290] Executing the following tracer actions:
[T 08:16:10 80290] Tracer actions:
[T 08:16:10 80290] pre_invocations(0)
[T 08:16:10 80290] post_invocations(0)
[T 08:16:10 80290] trace_languages(1): [cpp]
[T 08:16:10 80290] Initializing tracer.
[T 08:16:10 80290] Initializing tags.
[T 08:16:10 80290] ID set to 00000000000139A2_0000000000000002 (parent 00000000000139A2_0000000000000001)
[T 08:16:10 80290] ==== Candidate to intercept: /bin/bash (canonical: /bin/bash) ====
[T 08:16:10 80290] Executing the following tracer actions:
[T 08:16:10 80290] Tracer actions:
[T 08:16:10 80290] pre_invocations(0)
[T 08:16:10 80290] post_invocations(0)
[T 08:16:10 80290] trace_languages(1): [cpp]
[T 08:16:10 80290] Initializing tracer.
[T 08:16:10 80290] Initializing tags.
[T 08:16:10 80290] ID set to 00000000000139A2_0000000000000003 (parent 00000000000139A2_0000000000000002)
[T 08:16:10 80290] ==== Candidate to intercept: /Users/jie/Documents/arm-gnu-toolchain-14.3.rel1-darwin-arm64-arm-none-eabi/bin/arm-none-eabi-gcc (canonical: /Users/jie/Documents/arm-gnu-toolchain-14.3.rel1-darwin-arm64-arm-none-eabi/bin/arm-none-eabi-gcc) ====
[T 08:16:10 80290] Lua: === Intercepted call to /users/jie/documents/arm-gnu-toolchain-14.3.rel1-darwin-arm64-arm-none-eabi/bin/arm-none-eabi-gcc ===
[T 08:16:10 80290] Executing the following tracer actions:
[T 08:16:10 80290] Tracer actions:
[T 08:16:10 80290] pre_invocations(0)
[T 08:16:10 80290] post_invocations(1)
[T 08:16:10 80290] invocation: /opt/homebrew/Caskroom/codeql/2.23.0/codeql/cpp/tools/osx64/extractor, args: [--mimic, /users/jie/documents/arm-gnu-toolchain-14.3.rel1-darwin-arm64-arm-none-eabi/bin/arm-none-eabi-gcc, ../../Src/stm32f4xx_it.c, -mcpu=cortex-m4, -std=gnu11, -DUSE_STM324xG_EVAL, -DSTM32F407xx, -DUSE_HAL_DRIVER, -c, -I../../Inc, -I../../Drivers/CMSIS/Device/ST/STM32F4xx/Include, -I../../Drivers/STM32F4xx_HAL_Driver/Inc, -I../../Drivers/BSP/STM324xG_EVAL, -I../../Drivers/CMSIS/Include, -Os, -ffunction-sections, -fdata-sections, -Wall, -fstack-usage, -MMD, -MP, -MFExample/User/stm32f4xx_it.d, -MTExample/User/stm32f4xx_it.o, --specs=nano.specs, -mfpu=fpv4-sp-d16, -mfloat-abi=hard, -mthumb, -o, Example/User/stm32f4xx_it.o]
[T 08:16:10 80290] trace_languages(1): [cpp]
[T 08:16:10 80293] Initializing tracer.
[T 08:16:10 80293] Initializing tags.
[T 08:16:10 80293] ID set to 00000000000139A5_0000000000000001 (parent 00000000000139A2_0000000000000003)
[T 08:16:10 80293] ==== Candidate to intercept: /Users/jie/Documents/arm-gnu-toolchain-14.3.rel1-darwin-arm64-arm-none-eabi/bin/../libexec/gcc/arm-none-eabi/14.3.1/cc1 (canonical: /Users/jie/Documents/arm-gnu-toolchain-14.3.rel1-darwin-arm64-arm-none-eabi/libexec/gcc/arm-none-eabi/14.3.1/cc1) ====
[T 08:16:10 80293] Lua: === Intercepted call to /users/jie/documents/arm-gnu-toolchain-14.3.rel1-darwin-arm64-arm-none-eabi/libexec/gcc/arm-none-eabi/14.3.1/cc1 ===
[T 08:16:10 80293] Executing the following tracer actions:
[T 08:16:10 80293] Tracer actions:
[T 08:16:10 80293] pre_invocations(0)
[T 08:16:10 80293] post_invocations(1)
[T 08:16:10 80293] invocation: /opt/homebrew/Caskroom/codeql/2.23.0/codeql/cpp/tools/osx64/extractor, args: [--mimic, /users/jie/documents/arm-gnu-toolchain-14.3.rel1-darwin-arm64-arm-none-eabi/libexec/gcc/arm-none-eabi/14.3.1/cc1, -isystem, =/include/newlib-nano, -quiet, -I, ../../Inc, -I, ../../Drivers/CMSIS/Device/ST/STM32F4xx/Include, -I, ../../Drivers/STM32F4xx_HAL_Driver/Inc, -I, ../../Drivers/BSP/STM324xG_EVAL, -I, ../../Drivers/CMSIS/Include, -imultilib, thumb/v7e-m+fp/hard, -iprefix, /Users/jie/Documents/arm-gnu-toolchain-14.3.rel1-darwin-arm64-arm-none-eabi/bin/../lib/gcc/arm-none-eabi/14.3.1/, -isysroot, /Users/jie/Documents/arm-gnu-toolchain-14.3.rel1-darwin-arm64-arm-none-eabi/bin/../arm-none-eabi, -MMD, Example/User/stm32f4xx_it.d, -MF, Example/User/stm32f4xx_it.d, -MP, -MT, Example/User/stm32f4xx_it.o, -D__USES_INITFINI__, -D, USE_STM324xG_EVAL, -D, STM32F407xx, -D, USE_HAL_DRIVER, ../../Src/stm32f4xx_it.c, -quiet, -dumpdir, Example/User/, -dumpbase, stm32f4xx_it.c, -dumpbase-ext, .c, -mcpu=cortex-m4, -mfpu=fpv4-sp-d16, -mfloat-abi=hard, -mthumb, -mlibarch=armv7e-m+fp, -march=armv7e-m+fp, -Os, -Wall, -std=gnu11, -ffunction-sections, -fdata-sections, -fstack-usage, -o, /var/folders/b3/0hb7dhg16rd56bpwtd8bcnyc0000gn/T//ccjQGLvt.s]
[T 08:16:10 80293] trace_languages(1): [cpp]
[T 08:16:10 80295] Attempting to switch stdout/stderr to 4...
[T 08:16:10 80295] Initializing tracer.
[T 08:16:10 80295] Initializing tags.
[T 08:16:10 80295] ID set to 00000000000139A7_0000000000000001 (parent 00000000000139A5_0000000000000001)
[E 08:16:10 80295] CodeQL C/C++ Extractor 2.23.0
[E 08:16:10 80295] Current directory: /Users/jie/Documents/workspace/lcmhalgen/posixGen_Demos/UART_Hyperterminal_IT/STM32CubeIDE/Release
[E 08:16:10 80295] Command: /opt/homebrew/Caskroom/codeql/2.23.0/codeql/cpp/tools/osx64/extractor --mimic /users/jie/documents/arm-gnu-toolchain-14.3.rel1-darwin-arm64-arm-none-eabi/libexec/gcc/arm-none-eabi/14.3.1/cc1 -isystem '=/include/newlib-nano' -quiet -I ../../Inc -I ../../Drivers/CMSIS/Device/ST/STM32F4xx/Include -I ../../Drivers/STM32F4xx_HAL_Driver/Inc -I ../../Drivers/BSP/STM324xG_EVAL -I ../../Drivers/CMSIS/Include -imultilib 'thumb/v7e-m+fp/hard' -iprefix /Users/jie/Documents/arm-gnu-toolchain-14.3.rel1-darwin-arm64-arm-none-eabi/bin/../lib/gcc/arm-none-eabi/14.3.1/ -isysroot /Users/jie/Documents/arm-gnu-toolchain-14.3.rel1-darwin-arm64-arm-none-eabi/bin/../arm-none-eabi -MMD Example/User/stm32f4xx_it.d -MF Example/User/stm32f4xx_it.d -MP -MT Example/User/stm32f4xx_it.o -D__USES_INITFINI__ -D USE_STM324xG_EVAL -D STM32F407xx -D USE_HAL_DRIVER ../../Src/stm32f4xx_it.c -quiet -dumpdir Example/User/ -dumpbase stm32f4xx_it.c -dumpbase-ext .c -mcpu=cortex-m4 -mfpu=fpv4-sp-d16 -mfloat-abi=hard -mthumb '-mlibarch=armv7e-m+fp' '-march=armv7e-m+fp' -Os -Wall -std=gnu11 -ffunction-sections -fdata-sections -fstack-usage -o /var/folders/b3/0hb7dhg16rd56bpwtd8bcnyc0000gn/T//ccjQGLvt.s
[E 08:16:10 80295] Checking whether C compilation already happened.
[E 08:16:10 80295] Checking for tag c-compilation-happened
[E 08:16:10 80295] Checking CODEQL_TRACER_DB_ID 00000000000139A5_0000000000000001
[E 08:16:10 80295] Locking DB /Users/jie/Documents/workspace/lcmhalgen/LCMHalTest_DBS/DATABASE_FreeRTOSUART_Hyperterminal_IT/working/tags.db
[E 08:16:10 80295] Locked DB /Users/jie/Documents/workspace/lcmhalgen/LCMHalTest_DBS/DATABASE_FreeRTOSUART_Hyperterminal_IT/working/tags.db
[E 08:16:10 80295] Unlocking DB
[E 08:16:10 80295] Unlocked DB
[E 08:16:10 80295] Looks like C compilation didn't already happen.
[E 08:16:10 80295] Checking whether C compilation has been attempted.
[E 08:16:10 80295] Checking for tag c-compilation-attempted
[E 08:16:10 80295] Checking CODEQL_TRACER_DB_ID 00000000000139A5_0000000000000001
[E 08:16:10 80295] Locking DB /Users/jie/Documents/workspace/lcmhalgen/LCMHalTest_DBS/DATABASE_FreeRTOSUART_Hyperterminal_IT/working/tags.db
[E 08:16:10 80295] Locked DB /Users/jie/Documents/workspace/lcmhalgen/LCMHalTest_DBS/DATABASE_FreeRTOSUART_Hyperterminal_IT/working/tags.db
[E 08:16:10 80295] Unlocking DB
[E 08:16:10 80295] Unlocked DB
[E 08:16:10 80295] Marking C compilation as attempted.
[E 08:16:10 80295] Setting tag c-compilation-attempted
[E 08:16:10 80295] Starting from CODEQL_TRACER_DB_ID 00000000000139A5_0000000000000001
[E 08:16:10 80295] Locking DB /Users/jie/Documents/workspace/lcmhalgen/LCMHalTest_DBS/DATABASE_FreeRTOSUART_Hyperterminal_IT/working/tags.db
[E 08:16:10 80295] Locked DB /Users/jie/Documents/workspace/lcmhalgen/LCMHalTest_DBS/DATABASE_FreeRTOSUART_Hyperterminal_IT/working/tags.db
[E 08:16:10 80295] Set tag for 00000000000139A5_0000000000000001
[E 08:16:10 80295] Set tag for 00000000000139A2_0000000000000003
[E 08:16:10 80295] Set tag for 00000000000139A2_0000000000000002
[E 08:16:10 80295] Set tag for 00000000000139A2_0000000000000001
[E 08:16:10 80295] Set tag for 0000000000013827_0000000000000002
[E 08:16:10 80295] Set tag for 0000000000013827_0000000000000001
[E 08:16:10 80295] Set tag for 00000000000137DE_0000000000000003
[E 08:16:10 80295] Set tag for 00000000000137DE_0000000000000002
[E 08:16:10 80295] Set tag for root
[E 08:16:10 80295] Unlocking DB
[E 08:16:10 80295] Unlocked DB
[E 08:16:10 80295] Processed command line: /opt/homebrew/Caskroom/codeql/2.23.0/codeql/cpp/tools/osx64/extractor --trapfolder /Users/jie/Documents/workspace/lcmhalgen/LCMHalTest_DBS/DATABASE_FreeRTOSUART_Hyperterminal_IT/trap/cpp --src_archive /Users/jie/Documents/workspace/lcmhalgen/LCMHalTest_DBS/DATABASE_FreeRTOSUART_Hyperterminal_IT/src --object_filename /var/folders/b3/0hb7dhg16rd56bpwtd8bcnyc0000gn/T//ccjQGLvt.s --no_warnings_and_discretionary_errors --error_limit 1000 --disable_system_macros --variadic_macros --incognito --c11 --gcc --gnu_version 140301 --target linux_i686 '-D__DBL_MIN_EXP__=(-1021)' -D__HQ_FBIT__=15 -D__UINT_LEAST16_MAX__=0xffff -D__ARM_SIZEOF_WCHAR_T=4 -D__WCHAR_MAX__=0xffffffffU -D__SFRACT_IBIT__=0 -D__ULFRACT_MIN__=0.0ULR -D__FLT_MIN__=1.1754943508222875e-38F -D__GCC_IEC_559_COMPLEX=0 -D__SIZEOF_LONG__=4 -D__UFRACT_MAX__=0XFFFFP-16UR '-D__UINT_LEAST8_TYPE__=unsigned char' -D__FLT_MAX_EXP__=128 -D__DQ_FBIT__=63 '-D__INTMAX_C(c)=c ## LL' -D__ARM_FEATURE_SAT=1 -D__ULFRACT_FBIT__=32 -D__CHAR_BIT__=8 -D__USQ_IBIT__=0 -D__UINT8_MAX__=0xff -D__ACCUM_FBIT__=15 -D__WINT_MAX__=0xffffffffU '-D__FLT32_MIN_EXP__=(-125)' -D__LONG_WIDTH__=32 -D__USFRACT_FBIT__=8 -D__ORDER_LITTLE_ENDIAN__=1234 -D__SIZE_MAX__=0xffffffffU -D__LACCUM_IBIT__=32 -D__GCC_HAVE_SYNC_COMPARE_AND_SWAP_1=1 -D__GCC_HAVE_SYNC_COMPARE_AND_SWAP_2=1 -D__GCC_HAVE_SYNC_COMPARE_AND_SWAP_4=1 '-D__DBL_DENORM_MIN__=((double)4.9406564584124654e-324L)' -D__GCC_ATOMIC_CHAR_LOCK_FREE=2 -D__GCC_IEC_559=0 -D__FLT32X_DECIMAL_DIG__=17 -D__FLT_EVAL_METHOD__=0 -D__TQ_IBIT__=0 -D__LLACCUM_MAX__=0X7FFFFFFFFFFFFFFFP-31LLK -D__FLT32_HAS_INFINITY__=1 -D__FLT64_DECIMAL_DIG__=17 -D__GCC_ATOMIC_CHAR32_T_LOCK_FREE=2 -D__INTPTR_WIDTH__=32 -D__SIG_ATOMIC_TYPE__=int '-D__DBL_MIN_10_EXP__=(-307)' -D__LFRACT_IBIT__=0 -D__FLT32_HAS_DENORM__=1 -D__USA_FBIT__=16 -D__UINT_FAST8_MAX__=0xffffffffU -D__FLT_HAS_QUIET_NAN__=1 '-D__INT8_C(c)=c' -D__INT_LEAST8_WIDTH__=8 -D__UINT_LEAST64_MAX__=0xffffffffffffffffULL -D__SA_FBIT__=15 -D__APCS_32__=1 -D__SHRT_MAX__=0x7fff '-D__LDBL_MAX__=1.7976931348623157e+308L' -D__FRACT_MAX__=0X7FFFP-15R -D__thumb2__=1 -D__LDBL_IS_IEC_60559__=1 -D__UFRACT_FBIT__=16 -D__ARM_FP=4 -D__UFRACT_MIN__=0.0UR -D__UINT_LEAST8_MAX__=0xff -D__GCC_ATOMIC_BOOL_LOCK_FREE=2 '-D__UINTMAX_TYPE__=long long unsigned int' -D__LLFRACT_EPSILON__=0x1P-63LLR -D__FLT_EVAL_METHOD_TS_18661_3__=0 -D__UINT32_MAX__=0xffffffffUL -D__ULFRACT_MAX__=0XFFFFFFFFP-32ULR -D__TA_IBIT__=64 -D__LDBL_MAX_EXP__=1024 -D__WINT_MIN__=0U -D__ARM_ASM_SYNTAX_UNIFIED__=1 -D__FLT32X_IS_IEC_60559__=1 -D__INT_LEAST16_WIDTH__=16 -D__ULLFRACT_MIN__=0.0ULLR -D__SCHAR_MAX__=0x7f -D__WCHAR_MIN__=0U '-D__INT64_C(c)=c ## LL' '-D__UINT16_C(c)=c' -D__GCC_ATOMIC_POINTER_LOCK_FREE=2 -D__ATOMIC_SEQ_CST=5 -D__FLT32X_MAX_EXP__=1024 -D__SIZEOF_INT__=4 -D__FLT32X_MANT_DIG__=53 -D__USACCUM_IBIT__=8 '-D__INT16_TYPE__=short int' -D__FLT_DIG__=6 '-D__LFRACT_MIN__=(-0.5LR-0.5LR)' -D__HA_IBIT__=8 -D__FLT_EPSILON__=1.1920928955078125e-7F -D__SHRT_WIDTH__=16 -D__FLT32_IS_IEC_60559__=1 -D__USFRACT_IBIT__=0 -D__LDBL_MIN__=2.2250738585072014e-308L -D__STDC_UTF_16__=1 '-D__FRACT_MIN__=(-0.5R-0.5R)' -D__DA_IBIT__=32 -D__ARM_SIZEOF_MINIMAL_ENUM=1 -D__FLT32X_HAS_INFINITY__=1 -D__UQQ_FBIT__=8 -D__UACCUM_MAX__=0XFFFFFFFFP-16UK -D__DECIMAL_DIG__=17 -D__LFRACT_EPSILON__=0x1P-31LR -D__FLT64_EPSILON__=2.2204460492503131e-16F64 -D__INT16_MAX__=0x7fff -D__ARM_PCS_VFP=1 -D__LDBL_HAS_QUIET_NAN__=1 -D__ULACCUM_IBIT__=32 -D__ARM_FEATURE_FMA=1 -D__FLT64_MANT_DIG__=53 -D__INT_LEAST16_MAX__=0x7fff -D__UACCUM_EPSILON__=0x1P-16UK -D__ULLACCUM_MAX__=0XFFFFFFFFFFFFFFFFP-32ULLK -D__HQ_IBIT__=0 -D__FLT_HAS_DENORM__=1 -D__SIZEOF_LONG_DOUBLE__=8 -D__SA_IBIT__=16 -D__BIGGEST_ALIGNMENT__=8 -D__ARM_FEATURE_IDIV=1 -D__INTPTR_TYPE__=int '-D__SIZE_TYPE__=unsigned int' -D__FLT64_MAX_10_EXP__=308 -D__DBL_DIG__=15 -D__ULLACCUM_FBIT__=32 -D__DBL_IS_IEC_60559__=1 -D__DQ_IBIT__=0 '-D__DBL_MAX__=((double)1.7976931348623157e+308L)' -D__ULFRACT_IBIT__=0 -D__INT_FAST32_MAX__=0x7fffffff -D__DBL_HAS_INFINITY__=1 -D__HAVE_SPECULATION_SAFE_VALUE=1 -D__ACCUM_IBIT__=16 -D__THUMB_INTERWORK__=1 -D__UINT_LEAST32_MAX__=0xffffffffUL -D__LACCUM_MAX__=0X7FFFFFFFFFFFFFFFP-31LK -D__FLT32X_HAS_DENORM__=1 -D__INT_FAST16_TYPE__=int -D__LDBL_HAS_DENORM__=1 -D__ARM_FEATURE_LDREX=7 -D__FLT32_DECIMAL_DIG__=9 -D__INT_LEAST32_MAX__=0x7fffffffL -D__ACCUM_MAX__=0X7FFFFFFFP-15K -D__DBL_MAX_EXP__=1024 -D__USACCUM_EPSILON__=0x1P-8UHK -D__WCHAR_WIDTH__=32 '-D__FLT32_MAX__=3.4028234663852886e+38F32' -D__SFRACT_MAX__=0X7FP-7HR -D__FRACT_IBIT__=0 -D__PTRDIFF_MAX__=0x7fffffff -D__UACCUM_MIN__=0.0UK -D__UACCUM_IBIT__=16 '-D__LLACCUM_MIN__=(-0X1P31LLK-0X1P31LLK)' -D__FLT32_HAS_QUIET_NAN__=1 -D__LONG_LONG_MAX__=0x7fffffffffffffffLL -D__ULACCUM_MAX__=0XFFFFFFFFFFFFFFFFP-32ULK -D__SIZEOF_WINT_T__=4 -D__ARM_FEATURE_UNALIGNED=1 -D__LONG_LONG_WIDTH__=64 -D__FLT32_MAX_EXP__=128 -D__ULLACCUM_MIN__=0.0ULLK -D__GXX_ABI_VERSION=1019 -D__UTA_FBIT__=64 -D__UFRACT_IBIT__=0 -D__FLT64_IS_IEC_60559__=1 -D__USQ_FBIT__=32 -D__ARM_FEATURE_QBIT=1 '-D__INT_FAST64_TYPE__=long long int' -D__FP_FAST_FMAF=1 -D__FLT64_DENORM_MIN__=4.9406564584124654e-324F64 '-D__DBL_MIN__=((double)2.2250738585072014e-308L)' -D__SIZEOF_POINTER__=4 -D__DBL_HAS_QUIET_NAN__=1 -D__FLT32X_EPSILON__=2.2204460492503131e-16F32x '-D__FLT64_MIN_EXP__=(-1021)' '-D__LACCUM_MIN__=(-0X1P31LK-0X1P31LK)' -D__FRACT_FBIT__=15 '-D__FLT64_MIN_10_EXP__=(-307)' -D__ULLFRACT_EPSILON__=0x1P-64ULLR -D__REGISTER_PREFIX__= -D__UINT16_MAX__=0xffff -D__DBL_HAS_DENORM__=1 '-D__ACCUM_MIN__=(-0X1P15K-0X1P15K)' -D__SQ_IBIT__=0 '-D__UINT8_TYPE__=unsigned char' -D__UHA_FBIT__=8 '-D__SFRACT_MIN__=(-0.5HR-0.5HR)' -D__UTQ_FBIT__=128 -D__DEC_EVAL_METHOD__=2 -D__FLT_MANT_DIG__=24 -D__LDBL_DECIMAL_DIG__=17 '-D__UINT64_C(c)=c ## ULL' -D__FRACT_EPSILON__=0x1P-15R -D__ULACCUM_MIN__=0.0ULK -D__UDA_FBIT__=32 -D__GCC_ATOMIC_INT_LOCK_FREE=2 '-D__FLT_MIN_EXP__=(-125)' -D__FLOAT_WORD_ORDER__=__ORDER_LITTLE_ENDIAN__ -D__USFRACT_MIN__=0.0UHR -D__FLT32_MANT_DIG__=24 -D__ULLFRACT_FBIT__=64 -D__UQQ_IBIT__=0 -D__SCHAR_WIDTH__=8 '-D__INT32_C(c)=c ## L' -D__ORDER_PDP_ENDIAN__=3412 -D__UHQ_FBIT__=16 -D__LLACCUM_FBIT__=31 -D__INT_FAST32_TYPE__=int '-D__UINT_LEAST16_TYPE__=short unsigned int' -D__UINT64_MAX__=0xffffffffffffffffULL -D__FLT_IS_IEC_60559__=1 -D__UDQ_FBIT__=64 -D__UINT_FAST64_MAX__=0xffffffffffffffffULL '-D__GNUC_WIDE_EXECUTION_CHARSET_NAME="UTF-32LE"' '-D__INT8_TYPE__=signed char' -D__thumb__=1 -D__ELF__=1 -D__SACCUM_EPSILON__=0x1P-7HK -D__ULFRACT_EPSILON__=0x1P-32ULR -D__LLFRACT_FBIT__=63 -D__FLT_RADIX__=2 '-D__INT_LEAST16_TYPE__=short int' -D__ARM_ARCH_PROFILE=77 -D__LDBL_EPSILON__=2.2204460492503131e-16L '-D__UINTMAX_C(c)=c ## ULL' -D__SACCUM_MAX__=0X7FFFP-7HK -D__FLT32X_MIN__=2.2250738585072014e-308F32x -D__SIG_ATOMIC_MAX__=0x7fffffff -D__UACCUM_FBIT__=16 -D__GCC_ATOMIC_WCHAR_T_LOCK_FREE=2 -D__USER_LABEL_PREFIX__= -D__VFP_FP__=1 -D__SIZEOF_PTRDIFF_T__=4 -D__ATOMIC_ACQUIRE=2 -D__INT_WIDTH__=32 -D__OPTIMIZE__=1 -D__LACCUM_EPSILON__=0x1P-31LK -D__LDBL_DIG__=15 '-D__FLT32X_MIN_EXP__=(-1021)' -D__INT_FAST16_MAX__=0x7fffffff -D__GCC_CONSTRUCTIVE_SIZE=64 -D__FLT64_DIG__=15 -D__UINT_FAST32_MAX__=0xffffffffU '-D__UINT_LEAST64_TYPE__=long long unsigned int' -D__SFRACT_EPSILON__=0x1P-7HR -D__GCC_ASM_FLAG_OUTPUTS__=1 -D__FLT_MAX_10_EXP__=38 -D__LONG_MAX__=0x7fffffffL -D__FINITE_MATH_ONLY__=0 -D__SIZEOF_SIZE_T__=4 -D__FLT_HAS_INFINITY__=1 '-D__GNUC_EXECUTION_CHARSET_NAME="UTF-8"' -D__CHAR_UNSIGNED__=1 '-D__UINT_FAST16_TYPE__=unsigned int' -D__ARM_32BIT_STATE=1 -D__INT_FAST32_WIDTH__=32 -D__PRAGMA_REDEFINE_EXTNAME=1 -D__ARMEL__=1 -D__SIZE_WIDTH__=32 -D__INT64_MAX__=0x7fffffffffffffffLL -D__SACCUM_FBIT__=7 -D__FLT32_DENORM_MIN__=1.4012984643248171e-45F32 -D__SIG_ATOMIC_WIDTH__=32 '-D__INT_LEAST64_TYPE__=long long int' -D__ARM_FEATURE_CLZ=1 '-D__INT_LEAST8_TYPE__=signed char' -D__SQ_FBIT__=31 -D__USFRACT_MAX__=0XFFP-8UHR -D__ARM_ARCH_ISA_THUMB=2 -D__INT_FAST8_MAX__=0x7fffffff -D__ARM_ARCH=7 -D__INTPTR_MAX__=0x7fffffff -D__QQ_FBIT__=7 -D__UTA_IBIT__=64 -D__FLT64_HAS_QUIET_NAN__=1 -D__FLT32X_DIG__=15 -D__PTRDIFF_WIDTH__=32 -D__LDBL_MANT_DIG__=53 -D__SFRACT_FBIT__=7 '-D__SACCUM_MIN__=(-0X1P7HK-0X1P7HK)' -D__FLT64_HAS_INFINITY__=1 '-D__SIG_ATOMIC_MIN__=(-__SIG_ATOMIC_MAX__ - 1)' -D__GCC_ATOMIC_LONG_LOCK_FREE=2 '-D__UINT16_TYPE__=short unsigned int' '-D__WCHAR_TYPE__=unsigned int' -D__SIZEOF_FLOAT__=4 -D__THUMBEL__=1 -D__TQ_FBIT__=127 -D__UINTPTR_MAX__=0xffffffffU -D__INT_FAST64_WIDTH__=64 -D__LDBL_HAS_INFINITY__=1 -D__ULLACCUM_IBIT__=32 -D__FLT32_MAX_10_EXP__=38 -D__INT_FAST64_MAX__=0x7fffffffffffffffLL -D__GCC_ATOMIC_TEST_AND_SET_TRUEVAL=1 '-D__FLT_NORM_MAX__=3.4028234663852886e+38F' '-D__UINT_FAST64_TYPE__=long long unsigned int' -D__LACCUM_FBIT__=31 -D__HA_FBIT__=7 -D__UHA_IBIT__=8 '-D__INT64_TYPE__=long long int' -D__UTQ_IBIT__=0 -D__DBL_MANT_DIG__=53 -D__INT_LEAST64_MAX__=0x7fffffffffffffffLL -D__GCC_ATOMIC_CHAR16_T_LOCK_FREE=2 -D__FP_FAST_FMAF32=1 '-D__WINT_TYPE__=unsigned int' '-D__UINT_LEAST32_TYPE__=long unsigned int' -D__SIZEOF_SHORT__=2 -D__ULLFRACT_IBIT__=0 '-D__FLT32_NORM_MAX__=3.4028234663852886e+38F32' '-D__LDBL_MIN_EXP__=(-1021)' -D__GXX_TYPEINFO_EQUALITY_INLINE=0 -D__INTMAX_MAX__=0x7fffffffffffffffLL -D__arm__=1 '-D__FLT64_MAX__=1.7976931348623157e+308F64' -D__UDA_IBIT__=32 -D__INT_MAX__=0x7fffffff -D__WINT_WIDTH__=32 -D__INT_LEAST8_MAX__=0x7f -D__INT_LEAST64_WIDTH__=64 -D__FLT32X_MAX_10_EXP__=308 -D__LLACCUM_EPSILON__=0x1P-31LLK -D__LFRACT_FBIT__=31 -D__LDBL_MAX_10_EXP__=308 -D__ATOMIC_RELAXED=0 '-D__DBL_EPSILON__=((double)2.2204460492503131e-16L)' '-D__INT_LEAST32_TYPE__=long int' -D__ARM_ARCH_7EM__=1 -D__ARM_FEATURE_SIMD32=1 '-D__UINT8_C(c)=c' -D__FLT64_MAX_EXP__=1024 -D__SIZEOF_WCHAR_T__=4 '-D__UINT64_TYPE__=long long unsigned int' -D__OPTIMIZE_SIZE__=1 -D__LLFRACT_MAX__=0X7FFFFFFFFFFFFFFFP-63LLR '-D__FLT64_NORM_MAX__=1.7976931348623157e+308F64' -D__INT_FAST8_TYPE__=int -D__ULLACCUM_EPSILON__=0x1P-32ULLK -D__USACCUM_MAX__=0XFFFFP-8UHK -D__UHQ_IBIT__=0 -D__ARM_FEATURE_COPROC=15 -D__LLACCUM_IBIT__=32 -D__FLT64_HAS_DENORM__=1 -D__FLT32_EPSILON__=1.1920928955078125e-7F32 -D__DBL_DECIMAL_DIG__=17 -D__STDC_UTF_32__=1 -D__INT_FAST8_WIDTH__=32 -D__BYTE_ORDER__=__ORDER_LITTLE_ENDIAN__ '-D__FLT32X_MAX__=1.7976931348623157e+308F32x' -D__TA_FBIT__=63 '-D__DBL_NORM_MAX__=((double)1.7976931348623157e+308L)' -D__USFRACT_EPSILON__=0x1P-8UHR -D__GCC_DESTRUCTIVE_SIZE=64 -D__UDQ_IBIT__=0 -D__INTMAX_WIDTH__=64 -D__ORDER_BIG_ENDIAN__=4321 -D__LFRACT_MAX__=0X7FFFFFFFP-31LR -D__ARM_FEATURE_DSP=1 -D__FLT32_DIG__=6 -D__ACCUM_EPSILON__=0x1P-15K '-D__UINT32_C(c)=c ## UL' -D__QQ_IBIT__=0 -D__LLFRACT_IBIT__=0 -D__INT8_MAX__=0x7f -D__INT32_MAX__=0x7fffffffL '-D__UINT_FAST32_TYPE__=unsigned int' '-D__FLT32X_NORM_MAX__=1.7976931348623157e+308F32x' '-D__FLT32_MIN_10_EXP__=(-37)' '-D__FLT_MAX__=3.4028234663852886e+38F' -D__USACCUM_FBIT__=8 '-D__INT32_TYPE__=long int' -D__SIZEOF_DOUBLE__=8 '-D__FLT_MIN_10_EXP__=(-37)' -D__UFRACT_EPSILON__=0x1P-16UR -D__FLT64_MIN__=2.2250738585072014e-308F64 -D__FLT_DENORM_MIN__=1.4012984643248171e-45F -D__INT_LEAST32_WIDTH__=32 '-D__INTMAX_TYPE__=long long int' -D__FLT32X_HAS_QUIET_NAN__=1 -D__ATOMIC_CONSUME=1 -D__INT_FAST16_WIDTH__=32 -D__UINTMAX_MAX__=0xffffffffffffffffULL -D__FLT32X_DENORM_MIN__=4.9406564584124654e-324F32x -D__ATOMIC_ACQ_REL=4 -D__DBL_MAX_10_EXP__=308 -D__LDBL_DENORM_MIN__=4.9406564584124654e-324L '-D__INT16_C(c)=c' -D__ATOMIC_RELEASE=3 -D__PTRDIFF_TYPE__=int '-D__LLFRACT_MIN__=(-0.5LLR-0.5LLR)' -D__USACCUM_MIN__=0.0UHK -D__FLT32_MIN__=1.1754943508222875e-38F32 -D__DA_FBIT__=31 '-D__UINT32_TYPE__=long unsigned int' '-D__FLT32X_MIN_10_EXP__=(-307)' -D__ARM_ARCH_EXT_IDIV__=1 '-D__UINTPTR_TYPE__=unsigned int' -D__USA_IBIT__=16 -D__ARM_EABI__=1 '-D__LDBL_MIN_10_EXP__=(-307)' -D__SIZEOF_LONG_LONG__=8 -D__ULACCUM_EPSILON__=0x1P-32ULK -D__SACCUM_IBIT__=8 -D__GCC_ATOMIC_LLONG_LOCK_FREE=1 -D__FLT_DECIMAL_DIG__=9 -D__UINT_FAST16_MAX__=0xffffffffU '-D__LDBL_NORM_MAX__=1.7976931348623157e+308L' -D__GCC_ATOMIC_SHORT_LOCK_FREE=2 -D__ULLFRACT_MAX__=0XFFFFFFFFFFFFFFFFP-64ULLR '-D__UINT_FAST8_TYPE__=unsigned int' -D__ULACCUM_FBIT__=32 -D__USES_INITFINI__ -DUSE_STM324xG_EVAL -DSTM32F407xx -DUSE_HAL_DRIVER -I../../Inc -I../../Drivers/CMSIS/Device/ST/STM32F4xx/Include -I../../Drivers/STM32F4xx_HAL_Driver/Inc -I../../Drivers/BSP/STM324xG_EVAL -I../../Drivers/CMSIS/Include -I/Users/jie/Documents/arm-gnu-toolchain-14.3.rel1-darwin-arm64-arm-none-eabi/bin/../arm-none-eabi/include/newlib-nano -I/Users/jie/Documents/arm-gnu-toolchain-14.3.rel1-darwin-arm64-arm-none-eabi/bin/../lib/gcc/arm-none-eabi/14.3.1/include -I/Users/jie/Documents/arm-gnu-toolchain-14.3.rel1-darwin-arm64-arm-none-eabi/bin/../lib/gcc/arm-none-eabi/14.3.1/include-fixed -I/Users/jie/Documents/arm-gnu-toolchain-14.3.rel1-darwin-arm64-arm-none-eabi/bin/../lib/gcc/arm-none-eabi/14.3.1/../../../../arm-none-eabi/include -- ../../Src/stm32f4xx_it.c
[E 08:16:11 80295] CODEQL_EXTRACTOR_CPP_TRAP_CACHING is not set
[E 08:16:11 80295] CODEQL_EXTRACTOR_CPP_OPTION_TRAP_CACHE_WRITE is not set
[E 08:16:11 80295] CODEQL_EXTRACTOR_CPP_OPTION_TRAP_CACHE_DIR is not set
[E 08:16:11 80295] Initialising TRAP cache at path: 4b/57e3/e3b0fe7b68630f73954f93bc893e
[E 08:16:11 80295] Not using TRAP cache
[E 08:16:11 80295] TRAP cache miss
[E 08:16:11 80295] Starting compilation TRAP /Users/jie/Documents/workspace/lcmhalgen/LCMHalTest_DBS/DATABASE_FreeRTOSUART_Hyperterminal_IT/trap/cpp/compilations/50/22662695_0.trap.zst
[E 08:16:11 80295] Archiving /Users/jie/Documents/workspace/lcmhalgen/LCMHalTest_DBS/DATABASE_FreeRTOSUART_Hyperterminal_IT/src/Users/jie/Documents/workspace/lcmhalgen/posixGen_Demos/UART_Hyperterminal_IT/Src/stm32f4xx_it.c
[E 08:16:11 80295] Already archived /Users/jie/Documents/workspace/lcmhalgen/LCMHalTest_DBS/DATABASE_FreeRTOSUART_Hyperterminal_IT/src/Users/jie/Documents/workspace/lcmhalgen/posixGen_Demos/UART_Hyperterminal_IT/Inc/main.h
[E 08:16:11 80295] Already archived /Users/jie/Documents/workspace/lcmhalgen/LCMHalTest_DBS/DATABASE_FreeRTOSUART_Hyperterminal_IT/src/Users/jie/Documents/workspace/lcmhalgen/posixGen_Demos/UART_Hyperterminal_IT/Drivers/STM32F4xx_HAL_Driver/Inc/stm32f4xx_hal.h
[E 08:16:11 80295] Already archived /Users/jie/Documents/workspace/lcmhalgen/LCMHalTest_DBS/DATABASE_FreeRTOSUART_Hyperterminal_IT/src/Users/jie/Documents/workspace/lcmhalgen/posixGen_Demos/UART_Hyperterminal_IT/Inc/stm32f4xx_hal_conf.h
[E 08:16:11 80295] Already archived /Users/jie/Documents/workspace/lcmhalgen/LCMHalTest_DBS/DATABASE_FreeRTOSUART_Hyperterminal_IT/src/Users/jie/Documents/workspace/lcmhalgen/posixGen_Demos/UART_Hyperterminal_IT/Drivers/STM32F4xx_HAL_Driver/Inc/stm32f4xx_hal_rcc.h
[E 08:16:11 80295] Already archived /Users/jie/Documents/workspace/lcmhalgen/LCMHalTest_DBS/DATABASE_FreeRTOSUART_Hyperterminal_IT/src/Users/jie/Documents/workspace/lcmhalgen/posixGen_Demos/UART_Hyperterminal_IT/Drivers/STM32F4xx_HAL_Driver/Inc/stm32f4xx_hal_def.h
[E 08:16:11 80295] Already archived /Users/jie/Documents/workspace/lcmhalgen/LCMHalTest_DBS/DATABASE_FreeRTOSUART_Hyperterminal_IT/src/Users/jie/Documents/workspace/lcmhalgen/posixGen_Demos/UART_Hyperterminal_IT/Drivers/CMSIS/Device/ST/STM32F4xx/Include/stm32f4xx.h
[E 08:16:11 80295] Already archived /Users/jie/Documents/workspace/lcmhalgen/LCMHalTest_DBS/DATABASE_FreeRTOSUART_Hyperterminal_IT/src/Users/jie/Documents/workspace/lcmhalgen/posixGen_Demos/UART_Hyperterminal_IT/Drivers/CMSIS/Device/ST/STM32F4xx/Include/stm32f407xx.h
[E 08:16:11 80295] Already archived /Users/jie/Documents/workspace/lcmhalgen/LCMHalTest_DBS/DATABASE_FreeRTOSUART_Hyperterminal_IT/src/Users/jie/Documents/workspace/lcmhalgen/posixGen_Demos/UART_Hyperterminal_IT/Drivers/CMSIS/Include/core_cm4.h
[E 08:16:11 80295] Already archived /Users/jie/Documents/workspace/lcmhalgen/LCMHalTest_DBS/DATABASE_FreeRTOSUART_Hyperterminal_IT/src/Users/jie/Documents/arm-gnu-toolchain-14.3.rel1-darwin-arm64-arm-none-eabi/lib/gcc/arm-none-eabi/14.3.1/include/stdint.h
[E 08:16:11 80295] Already archived /Users/jie/Documents/workspace/lcmhalgen/LCMHalTest_DBS/DATABASE_FreeRTOSUART_Hyperterminal_IT/src/Users/jie/Documents/arm-gnu-toolchain-14.3.rel1-darwin-arm64-arm-none-eabi/arm-none-eabi/include/stdint.h
[E 08:16:11 80295] Already archived /Users/jie/Documents/workspace/lcmhalgen/LCMHalTest_DBS/DATABASE_FreeRTOSUART_Hyperterminal_IT/src/Users/jie/Documents/arm-gnu-toolchain-14.3.rel1-darwin-arm64-arm-none-eabi/arm-none-eabi/include/machine/_default_types.h
[E 08:16:11 80295] Already archived /Users/jie/Documents/workspace/lcmhalgen/LCMHalTest_DBS/DATABASE_FreeRTOSUART_Hyperterminal_IT/src/Users/jie/Documents/arm-gnu-toolchain-14.3.rel1-darwin-arm64-arm-none-eabi/arm-none-eabi/include/sys/features.h
[E 08:16:11 80295] Already archived /Users/jie/Documents/workspace/lcmhalgen/LCMHalTest_DBS/DATABASE_FreeRTOSUART_Hyperterminal_IT/src/Users/jie/Documents/arm-gnu-toolchain-14.3.rel1-darwin-arm64-arm-none-eabi/arm-none-eabi/include/_newlib_version.h
[E 08:16:11 80295] Already archived /Users/jie/Documents/workspace/lcmhalgen/LCMHalTest_DBS/DATABASE_FreeRTOSUART_Hyperterminal_IT/src/Users/jie/Documents/arm-gnu-toolchain-14.3.rel1-darwin-arm64-arm-none-eabi/arm-none-eabi/include/sys/_intsup.h
[E 08:16:11 80295] Already archived /Users/jie/Documents/workspace/lcmhalgen/LCMHalTest_DBS/DATABASE_FreeRTOSUART_Hyperterminal_IT/src/Users/jie/Documents/arm-gnu-toolchain-14.3.rel1-darwin-arm64-arm-none-eabi/arm-none-eabi/include/sys/_stdint.h
[E 08:16:11 80295] Already archived /Users/jie/Documents/workspace/lcmhalgen/LCMHalTest_DBS/DATABASE_FreeRTOSUART_Hyperterminal_IT/src/Users/jie/Documents/workspace/lcmhalgen/posixGen_Demos/UART_Hyperterminal_IT/Drivers/CMSIS/Include/cmsis_version.h
[E 08:16:11 80295] Already archived /Users/jie/Documents/workspace/lcmhalgen/LCMHalTest_DBS/DATABASE_FreeRTOSUART_Hyperterminal_IT/src/Users/jie/Documents/workspace/lcmhalgen/posixGen_Demos/UART_Hyperterminal_IT/Drivers/CMSIS/Include/cmsis_compiler.h
[E 08:16:11 80295] Already archived /Users/jie/Documents/workspace/lcmhalgen/LCMHalTest_DBS/DATABASE_FreeRTOSUART_Hyperterminal_IT/src/Users/jie/Documents/workspace/lcmhalgen/posixGen_Demos/UART_Hyperterminal_IT/Drivers/CMSIS/Include/cmsis_gcc.h
[E 08:16:11 80295] Already archived /Users/jie/Documents/workspace/lcmhalgen/LCMHalTest_DBS/DATABASE_FreeRTOSUART_Hyperterminal_IT/src/Users/jie/Documents/workspace/lcmhalgen/posixGen_Demos/UART_Hyperterminal_IT/Drivers/CMSIS/Include/mpu_armv7.h
[E 08:16:11 80295] Already archived /Users/jie/Documents/workspace/lcmhalgen/LCMHalTest_DBS/DATABASE_FreeRTOSUART_Hyperterminal_IT/src/Users/jie/Documents/workspace/lcmhalgen/posixGen_Demos/UART_Hyperterminal_IT/Drivers/CMSIS/Device/ST/STM32F4xx/Include/system_stm32f4xx.h
[E 08:16:11 80295] Already archived /Users/jie/Documents/workspace/lcmhalgen/LCMHalTest_DBS/DATABASE_FreeRTOSUART_Hyperterminal_IT/src/Users/jie/Documents/workspace/lcmhalgen/posixGen_Demos/UART_Hyperterminal_IT/Drivers/STM32F4xx_HAL_Driver/Inc/stm32f4xx_hal.h
[E 08:16:11 80295] Already archived /Users/jie/Documents/workspace/lcmhalgen/LCMHalTest_DBS/DATABASE_FreeRTOSUART_Hyperterminal_IT/src/Users/jie/Documents/workspace/lcmhalgen/posixGen_Demos/UART_Hyperterminal_IT/Drivers/STM32F4xx_HAL_Driver/Inc/Legacy/stm32_hal_legacy.h
[E 08:16:11 80295] Already archived /Users/jie/Documents/workspace/lcmhalgen/LCMHalTest_DBS/DATABASE_FreeRTOSUART_Hyperterminal_IT/src/Users/jie/Documents/arm-gnu-toolchain-14.3.rel1-darwin-arm64-arm-none-eabi/lib/gcc/arm-none-eabi/14.3.1/include/stddef.h
[E 08:16:11 80295] Already archived /Users/jie/Documents/workspace/lcmhalgen/LCMHalTest_DBS/DATABASE_FreeRTOSUART_Hyperterminal_IT/src/Users/jie/Documents/workspace/lcmhalgen/posixGen_Demos/UART_Hyperterminal_IT/Drivers/STM32F4xx_HAL_Driver/Inc/stm32f4xx_hal_rcc_ex.h
[E 08:16:11 80295] Already archived /Users/jie/Documents/workspace/lcmhalgen/LCMHalTest_DBS/DATABASE_FreeRTOSUART_Hyperterminal_IT/src/Users/jie/Documents/workspace/lcmhalgen/posixGen_Demos/UART_Hyperterminal_IT/Drivers/STM32F4xx_HAL_Driver/Inc/stm32f4xx_hal_gpio.h
[E 08:16:11 80295] Already archived /Users/jie/Documents/workspace/lcmhalgen/LCMHalTest_DBS/DATABASE_FreeRTOSUART_Hyperterminal_IT/src/Users/jie/Documents/workspace/lcmhalgen/posixGen_Demos/UART_Hyperterminal_IT/Drivers/STM32F4xx_HAL_Driver/Inc/stm32f4xx_hal_gpio_ex.h
[E 08:16:11 80295] Already archived /Users/jie/Documents/workspace/lcmhalgen/LCMHalTest_DBS/DATABASE_FreeRTOSUART_Hyperterminal_IT/src/Users/jie/Documents/workspace/lcmhalgen/posixGen_Demos/UART_Hyperterminal_IT/Drivers/STM32F4xx_HAL_Driver/Inc/stm32f4xx_hal_dma.h
[E 08:16:11 80295] Already archived /Users/jie/Documents/workspace/lcmhalgen/LCMHalTest_DBS/DATABASE_FreeRTOSUART_Hyperterminal_IT/src/Users/jie/Documents/workspace/lcmhalgen/posixGen_Demos/UART_Hyperterminal_IT/Drivers/STM32F4xx_HAL_Driver/Inc/stm32f4xx_hal_dma_ex.h
[E 08:16:11 80295] Already archived /Users/jie/Documents/workspace/lcmhalgen/LCMHalTest_DBS/DATABASE_FreeRTOSUART_Hyperterminal_IT/src/Users/jie/Documents/workspace/lcmhalgen/posixGen_Demos/UART_Hyperterminal_IT/Drivers/STM32F4xx_HAL_Driver/Inc/stm32f4xx_hal_cortex.h
[E 08:16:11 80295] Already archived /Users/jie/Documents/workspace/lcmhalgen/LCMHalTest_DBS/DATABASE_FreeRTOSUART_Hyperterminal_IT/src/Users/jie/Documents/workspace/lcmhalgen/posixGen_Demos/UART_Hyperterminal_IT/Drivers/STM32F4xx_HAL_Driver/Inc/stm32f4xx_hal_flash.h
[E 08:16:11 80295] Already archived /Users/jie/Documents/workspace/lcmhalgen/LCMHalTest_DBS/DATABASE_FreeRTOSUART_Hyperterminal_IT/src/Users/jie/Documents/workspace/lcmhalgen/posixGen_Demos/UART_Hyperterminal_IT/Drivers/STM32F4xx_HAL_Driver/Inc/stm32f4xx_hal_flash_ex.h
[E 08:16:11 80295] Already archived /Users/jie/Documents/workspace/lcmhalgen/LCMHalTest_DBS/DATABASE_FreeRTOSUART_Hyperterminal_IT/src/Users/jie/Documents/workspace/lcmhalgen/posixGen_Demos/UART_Hyperterminal_IT/Drivers/STM32F4xx_HAL_Driver/Inc/stm32f4xx_hal_flash_ramfunc.h
[E 08:16:11 80295] Already archived /Users/jie/Documents/workspace/lcmhalgen/LCMHalTest_DBS/DATABASE_FreeRTOSUART_Hyperterminal_IT/src/Users/jie/Documents/workspace/lcmhalgen/posixGen_Demos/UART_Hyperterminal_IT/Drivers/STM32F4xx_HAL_Driver/Inc/stm32f4xx_hal_sram.h
[E 08:16:11 80295] Already archived /Users/jie/Documents/workspace/lcmhalgen/LCMHalTest_DBS/DATABASE_FreeRTOSUART_Hyperterminal_IT/src/Users/jie/Documents/workspace/lcmhalgen/posixGen_Demos/UART_Hyperterminal_IT/Drivers/STM32F4xx_HAL_Driver/Inc/stm32f4xx_ll_fsmc.h
[E 08:16:11 80295] Already archived /Users/jie/Documents/workspace/lcmhalgen/LCMHalTest_DBS/DATABASE_FreeRTOSUART_Hyperterminal_IT/src/Users/jie/Documents/workspace/lcmhalgen/posixGen_Demos/UART_Hyperterminal_IT/Drivers/STM32F4xx_HAL_Driver/Inc/stm32f4xx_hal_i2c.h
[E 08:16:11 80295] Already archived /Users/jie/Documents/workspace/lcmhalgen/LCMHalTest_DBS/DATABASE_FreeRTOSUART_Hyperterminal_IT/src/Users/jie/Documents/workspace/lcmhalgen/posixGen_Demos/UART_Hyperterminal_IT/Drivers/STM32F4xx_HAL_Driver/Inc/stm32f4xx_hal_i2c_ex.h
[E 08:16:11 80295] Already archived /Users/jie/Documents/workspace/lcmhalgen/LCMHalTest_DBS/DATABASE_FreeRTOSUART_Hyperterminal_IT/src/Users/jie/Documents/workspace/lcmhalgen/posixGen_Demos/UART_Hyperterminal_IT/Drivers/STM32F4xx_HAL_Driver/Inc/stm32f4xx_hal_pwr.h
[E 08:16:11 80295] Already archived /Users/jie/Documents/workspace/lcmhalgen/LCMHalTest_DBS/DATABASE_FreeRTOSUART_Hyperterminal_IT/src/Users/jie/Documents/workspace/lcmhalgen/posixGen_Demos/UART_Hyperterminal_IT/Drivers/STM32F4xx_HAL_Driver/Inc/stm32f4xx_hal_pwr_ex.h
[E 08:16:11 80295] Already archived /Users/jie/Documents/workspace/lcmhalgen/LCMHalTest_DBS/DATABASE_FreeRTOSUART_Hyperterminal_IT/src/Users/jie/Documents/workspace/lcmhalgen/posixGen_Demos/UART_Hyperterminal_IT/Drivers/STM32F4xx_HAL_Driver/Inc/stm32f4xx_hal_uart.h
[E 08:16:11 80295] Already archived /Users/jie/Documents/workspace/lcmhalgen/LCMHalTest_DBS/DATABASE_FreeRTOSUART_Hyperterminal_IT/src/Users/jie/Documents/workspace/lcmhalgen/posixGen_Demos/UART_Hyperterminal_IT/Drivers/BSP/STM324xG_EVAL/stm324xg_eval.h
[E 08:16:11 80295] Archiving /Users/jie/Documents/workspace/lcmhalgen/LCMHalTest_DBS/DATABASE_FreeRTOSUART_Hyperterminal_IT/src/Users/jie/Documents/workspace/lcmhalgen/posixGen_Demos/UART_Hyperterminal_IT/Inc/stm32f4xx_it.h
[E 08:16:11 80295] Creating trap tarball /Users/jie/Documents/workspace/lcmhalgen/LCMHalTest_DBS/DATABASE_FreeRTOSUART_Hyperterminal_IT/trap/cpp/tarballs/Users/jie/Documents/workspace/lcmhalgen/posixGen_Demos/UART_Hyperterminal_IT/Src/stm32f4xx_it.c.7e744499_0.trap.tar.zst
[E 08:16:11 80295] Emitting trap files for ../../Src/stm32f4xx_it.c
[E 08:16:11 80295] Opening existencedb in /Users/jie/Documents/workspace/lcmhalgen/LCMHalTest_DBS/DATABASE_FreeRTOSUART_Hyperterminal_IT/working/existencedb/db
[E 08:16:11 80295] Wrote 2 files to /Users/jie/Documents/workspace/lcmhalgen/LCMHalTest_DBS/DATABASE_FreeRTOSUART_Hyperterminal_IT/trap/cpp/tarballs/Users/jie/Documents/workspace/lcmhalgen/posixGen_Demos/UART_Hyperterminal_IT/Src/stm32f4xx_it.c.7e744499_0.trap.tar.zst
[E 08:16:11 80295] Finished compilation TRAP /Users/jie/Documents/workspace/lcmhalgen/LCMHalTest_DBS/DATABASE_FreeRTOSUART_Hyperterminal_IT/trap/cpp/compilations/50/22662695_0.trap.zst
[E 08:16:11 80295] Marking C compilation as happened.
[E 08:16:11 80295] Setting tag c-compilation-happened
[E 08:16:11 80295] Starting from CODEQL_TRACER_DB_ID 00000000000139A5_0000000000000001
[E 08:16:11 80295] Locking DB /Users/jie/Documents/workspace/lcmhalgen/LCMHalTest_DBS/DATABASE_FreeRTOSUART_Hyperterminal_IT/working/tags.db
[E 08:16:11 80295] Locked DB /Users/jie/Documents/workspace/lcmhalgen/LCMHalTest_DBS/DATABASE_FreeRTOSUART_Hyperterminal_IT/working/tags.db
[E 08:16:11 80295] Set tag for 00000000000139A5_0000000000000001
[E 08:16:11 80295] Set tag for 00000000000139A2_0000000000000003
[E 08:16:11 80295] Set tag for 00000000000139A2_0000000000000002
[E 08:16:11 80295] Set tag for 00000000000139A2_0000000000000001
[E 08:16:11 80295] Set tag for 0000000000013827_0000000000000002
[E 08:16:11 80295] Set tag for 0000000000013827_0000000000000001
[E 08:16:11 80295] Set tag for 00000000000137DE_0000000000000003
[E 08:16:11 80295] Set tag for 00000000000137DE_0000000000000002
[E 08:16:11 80295] Set tag for root
[E 08:16:11 80295] Unlocking DB
[E 08:16:11 80295] Unlocked DB
[E 08:16:11 80295] Extractor exited successfully
[T 08:16:11 80293] Extractor /opt/homebrew/Caskroom/codeql/2.23.0/codeql/cpp/tools/osx64/extractor terminated with exit code 0.
[T 08:16:11 80342] Initializing tracer.
[T 08:16:11 80342] Initializing tags.
[T 08:16:11 80342] ID set to 00000000000139D6_0000000000000001 (parent 00000000000139A2_0000000000000003)
[T 08:16:11 80342] ==== Candidate to intercept: /Users/jie/Documents/arm-gnu-toolchain-14.3.rel1-darwin-arm64-arm-none-eabi/bin/../lib/gcc/arm-none-eabi/14.3.1/../../../../arm-none-eabi/bin/as (canonical: /Users/jie/Documents/arm-gnu-toolchain-14.3.rel1-darwin-arm64-arm-none-eabi/arm-none-eabi/bin/as) ====
[T 08:16:11 80342] Lua: === Intercepted call to /users/jie/documents/arm-gnu-toolchain-14.3.rel1-darwin-arm64-arm-none-eabi/arm-none-eabi/bin/as ===
[T 08:16:11 80342] Executing the following tracer actions:
[T 08:16:11 80342] Tracer actions:
[T 08:16:11 80342] pre_invocations(0)
[T 08:16:11 80342] post_invocations(1)
[T 08:16:11 80342] invocation: /opt/homebrew/Caskroom/codeql/2.23.0/codeql/cpp/tools/osx64/extractor, args: [--assembler, --codeql-assembler-executable, /users/jie/documents/arm-gnu-toolchain-14.3.rel1-darwin-arm64-arm-none-eabi/arm-none-eabi/bin/as, -I, ../../Inc, -I, ../../Drivers/CMSIS/Device/ST/STM32F4xx/Include, -I, ../../Drivers/STM32F4xx_HAL_Driver/Inc, -I, ../../Drivers/BSP/STM324xG_EVAL, -I, ../../Drivers/CMSIS/Include, -march=armv7e-m+fp, -mfloat-abi=hard, -mfpu=fpv4-sp-d16, -meabi=5, -o, Example/User/stm32f4xx_it.o, /var/folders/b3/0hb7dhg16rd56bpwtd8bcnyc0000gn/T//ccjQGLvt.s]
[T 08:16:11 80342] trace_languages(1): [cpp]
[T 08:16:11 80344] Attempting to switch stdout/stderr to 4...
[T 08:16:11 80344] Initializing tracer.
[T 08:16:11 80344] Initializing tags.
[T 08:16:11 80344] ID set to 00000000000139D8_0000000000000001 (parent 00000000000139D6_0000000000000001)
[E 08:16:11 80344] CodeQL C/C++ Extractor 2.23.0
[E 08:16:11 80344] Current directory: /Users/jie/Documents/workspace/lcmhalgen/posixGen_Demos/UART_Hyperterminal_IT/STM32CubeIDE/Release
[E 08:16:11 80344] Command: /opt/homebrew/Caskroom/codeql/2.23.0/codeql/cpp/tools/osx64/extractor --assembler --codeql-assembler-executable /users/jie/documents/arm-gnu-toolchain-14.3.rel1-darwin-arm64-arm-none-eabi/arm-none-eabi/bin/as -I ../../Inc -I ../../Drivers/CMSIS/Device/ST/STM32F4xx/Include -I ../../Drivers/STM32F4xx_HAL_Driver/Inc -I ../../Drivers/BSP/STM324xG_EVAL -I ../../Drivers/CMSIS/Include '-march=armv7e-m+fp' -mfloat-abi=hard -mfpu=fpv4-sp-d16 -meabi=5 -o Example/User/stm32f4xx_it.o /var/folders/b3/0hb7dhg16rd56bpwtd8bcnyc0000gn/T//ccjQGLvt.s
[E 08:16:11 80344] Extractor exited after mimicking assembler
[T 08:16:11 80342] Extractor /opt/homebrew/Caskroom/codeql/2.23.0/codeql/cpp/tools/osx64/extractor terminated with exit code 0.
[T 08:16:11 80346] Attempting to switch stdout/stderr to 4...
[T 08:16:11 80346] Initializing tracer.
[T 08:16:11 80346] Initializing tags.
[T 08:16:11 80346] ID set to 00000000000139DA_0000000000000001 (parent 00000000000139A2_0000000000000003)
[E 08:16:11 80346] CodeQL C/C++ Extractor 2.23.0
[E 08:16:11 80346] Current directory: /Users/jie/Documents/workspace/lcmhalgen/posixGen_Demos/UART_Hyperterminal_IT/STM32CubeIDE/Release
[E 08:16:11 80346] Command: /opt/homebrew/Caskroom/codeql/2.23.0/codeql/cpp/tools/osx64/extractor --mimic /users/jie/documents/arm-gnu-toolchain-14.3.rel1-darwin-arm64-arm-none-eabi/bin/arm-none-eabi-gcc ../../Src/stm32f4xx_it.c -mcpu=cortex-m4 -std=gnu11 -DUSE_STM324xG_EVAL -DSTM32F407xx -DUSE_HAL_DRIVER -c -I../../Inc -I../../Drivers/CMSIS/Device/ST/STM32F4xx/Include -I../../Drivers/STM32F4xx_HAL_Driver/Inc -I../../Drivers/BSP/STM324xG_EVAL -I../../Drivers/CMSIS/Include -Os -ffunction-sections -fdata-sections -Wall -fstack-usage -MMD -MP -MFExample/User/stm32f4xx_it.d -MTExample/User/stm32f4xx_it.o --specs=nano.specs -mfpu=fpv4-sp-d16 -mfloat-abi=hard -mthumb -o Example/User/stm32f4xx_it.o
[E 08:16:11 80346] Warning: Unrecognized command line argument --specs=nano.specs
[E 08:16:11 80346] Checking whether C compilation already happened.
[E 08:16:11 80346] Checking for tag c-compilation-happened
[E 08:16:11 80346] Checking CODEQL_TRACER_DB_ID 00000000000139A2_0000000000000003
[E 08:16:11 80346] Locking DB /Users/jie/Documents/workspace/lcmhalgen/LCMHalTest_DBS/DATABASE_FreeRTOSUART_Hyperterminal_IT/working/tags.db
[E 08:16:11 80346] Locked DB /Users/jie/Documents/workspace/lcmhalgen/LCMHalTest_DBS/DATABASE_FreeRTOSUART_Hyperterminal_IT/working/tags.db
[E 08:16:11 80346] Unlocking DB
[E 08:16:11 80346] Unlocked DB
[E 08:16:11 80346] Exiting as C compilation already happened.
[T 08:16:11 80290] Extractor /opt/homebrew/Caskroom/codeql/2.23.0/codeql/cpp/tools/osx64/extractor terminated with exit code 0.
[T 08:16:11 80360] Initializing tracer.
[T 08:16:11 80360] Initializing tags.
[T 08:16:11 80360] ID set to 00000000000139E8_0000000000000001 (parent 0000000000013827_0000000000000002)
[T 08:16:11 80360] ==== Candidate to intercept: /bin/sh (canonical: /bin/sh) ====
[T 08:16:11 80360] Executing the following tracer actions:
[T 08:16:11 80360] Tracer actions:
[T 08:16:11 80360] pre_invocations(0)
[T 08:16:11 80360] post_invocations(0)
[T 08:16:11 80360] trace_languages(1): [cpp]
[T 08:16:11 80360] Initializing tracer.
[T 08:16:11 80360] Initializing tags.
[T 08:16:11 80360] ID set to 00000000000139E8_0000000000000002 (parent 00000000000139E8_0000000000000001)
[T 08:16:11 80360] ==== Candidate to intercept: /bin/bash (canonical: /bin/bash) ====
[T 08:16:11 80360] Executing the following tracer actions:
[T 08:16:11 80360] Tracer actions:
[T 08:16:11 80360] pre_invocations(0)
[T 08:16:11 80360] post_invocations(0)
[T 08:16:11 80360] trace_languages(1): [cpp]
[T 08:16:11 80360] Initializing tracer.
[T 08:16:11 80360] Initializing tags.
[T 08:16:11 80360] ID set to 00000000000139E8_0000000000000003 (parent 00000000000139E8_0000000000000002)
[T 08:16:11 80360] ==== Candidate to intercept: /Users/jie/Documents/arm-gnu-toolchain-14.3.rel1-darwin-arm64-arm-none-eabi/bin/arm-none-eabi-gcc (canonical: /Users/jie/Documents/arm-gnu-toolchain-14.3.rel1-darwin-arm64-arm-none-eabi/bin/arm-none-eabi-gcc) ====
[T 08:16:11 80360] Lua: === Intercepted call to /users/jie/documents/arm-gnu-toolchain-14.3.rel1-darwin-arm64-arm-none-eabi/bin/arm-none-eabi-gcc ===
[T 08:16:11 80360] Executing the following tracer actions:
[T 08:16:11 80360] Tracer actions:
[T 08:16:11 80360] pre_invocations(0)
[T 08:16:11 80360] post_invocations(1)
[T 08:16:11 80360] invocation: /opt/homebrew/Caskroom/codeql/2.23.0/codeql/cpp/tools/osx64/extractor, args: [--mimic, /users/jie/documents/arm-gnu-toolchain-14.3.rel1-darwin-arm64-arm-none-eabi/bin/arm-none-eabi-gcc, ../Example/User/syscalls.c, -mcpu=cortex-m4, -std=gnu11, -DUSE_STM324xG_EVAL, -DSTM32F407xx, -DUSE_HAL_DRIVER, -c, -I../../Inc, -I../../Drivers/CMSIS/Device/ST/STM32F4xx/Include, -I../../Drivers/STM32F4xx_HAL_Driver/Inc, -I../../Drivers/BSP/STM324xG_EVAL, -I../../Drivers/CMSIS/Include, -Os, -ffunction-sections, -fdata-sections, -Wall, -fstack-usage, -MMD, -MP, -MFExample/User/syscalls.d, -MTExample/User/syscalls.o, --specs=nano.specs, -mfpu=fpv4-sp-d16, -mfloat-abi=hard, -mthumb, -o, Example/User/syscalls.o]
[T 08:16:11 80360] trace_languages(1): [cpp]
[T 08:16:11 80384] Initializing tracer.
[T 08:16:11 80384] Initializing tags.
[T 08:16:11 80384] ID set to 0000000000013A00_0000000000000001 (parent 00000000000139E8_0000000000000003)
[T 08:16:11 80384] ==== Candidate to intercept: /Users/jie/Documents/arm-gnu-toolchain-14.3.rel1-darwin-arm64-arm-none-eabi/bin/../libexec/gcc/arm-none-eabi/14.3.1/cc1 (canonical: /Users/jie/Documents/arm-gnu-toolchain-14.3.rel1-darwin-arm64-arm-none-eabi/libexec/gcc/arm-none-eabi/14.3.1/cc1) ====
[T 08:16:11 80384] Lua: === Intercepted call to /users/jie/documents/arm-gnu-toolchain-14.3.rel1-darwin-arm64-arm-none-eabi/libexec/gcc/arm-none-eabi/14.3.1/cc1 ===
[T 08:16:11 80384] Executing the following tracer actions:
[T 08:16:11 80384] Tracer actions:
[T 08:16:11 80384] pre_invocations(0)
[T 08:16:11 80384] post_invocations(1)
[T 08:16:11 80384] invocation: /opt/homebrew/Caskroom/codeql/2.23.0/codeql/cpp/tools/osx64/extractor, args: [--mimic, /users/jie/documents/arm-gnu-toolchain-14.3.rel1-darwin-arm64-arm-none-eabi/libexec/gcc/arm-none-eabi/14.3.1/cc1, -isystem, =/include/newlib-nano, -quiet, -I, ../../Inc, -I, ../../Drivers/CMSIS/Device/ST/STM32F4xx/Include, -I, ../../Drivers/STM32F4xx_HAL_Driver/Inc, -I, ../../Drivers/BSP/STM324xG_EVAL, -I, ../../Drivers/CMSIS/Include, -imultilib, thumb/v7e-m+fp/hard, -iprefix, /Users/jie/Documents/arm-gnu-toolchain-14.3.rel1-darwin-arm64-arm-none-eabi/bin/../lib/gcc/arm-none-eabi/14.3.1/, -isysroot, /Users/jie/Documents/arm-gnu-toolchain-14.3.rel1-darwin-arm64-arm-none-eabi/bin/../arm-none-eabi, -MMD, Example/User/syscalls.d, -MF, Example/User/syscalls.d, -MP, -MT, Example/User/syscalls.o, -D__USES_INITFINI__, -D, USE_STM324xG_EVAL, -D, STM32F407xx, -D, USE_HAL_DRIVER, ../Example/User/syscalls.c, -quiet, -dumpdir, Example/User/, -dumpbase, syscalls.c, -dumpbase-ext, .c, -mcpu=cortex-m4, -mfpu=fpv4-sp-d16, -mfloat-abi=hard, -mthumb, -mlibarch=armv7e-m+fp, -march=armv7e-m+fp, -Os, -Wall, -std=gnu11, -ffunction-sections, -fdata-sections, -fstack-usage, -o, /var/folders/b3/0hb7dhg16rd56bpwtd8bcnyc0000gn/T//cca7rbCh.s]
[T 08:16:11 80384] trace_languages(1): [cpp]
[T 08:16:11 80392] Attempting to switch stdout/stderr to 4...
[T 08:16:11 80392] Initializing tracer.
[T 08:16:11 80392] Initializing tags.
[T 08:16:11 80392] ID set to 0000000000013A08_0000000000000001 (parent 0000000000013A00_0000000000000001)
[E 08:16:11 80392] CodeQL C/C++ Extractor 2.23.0
[E 08:16:11 80392] Current directory: /Users/jie/Documents/workspace/lcmhalgen/posixGen_Demos/UART_Hyperterminal_IT/STM32CubeIDE/Release
[E 08:16:11 80392] Command: /opt/homebrew/Caskroom/codeql/2.23.0/codeql/cpp/tools/osx64/extractor --mimic /users/jie/documents/arm-gnu-toolchain-14.3.rel1-darwin-arm64-arm-none-eabi/libexec/gcc/arm-none-eabi/14.3.1/cc1 -isystem '=/include/newlib-nano' -quiet -I ../../Inc -I ../../Drivers/CMSIS/Device/ST/STM32F4xx/Include -I ../../Drivers/STM32F4xx_HAL_Driver/Inc -I ../../Drivers/BSP/STM324xG_EVAL -I ../../Drivers/CMSIS/Include -imultilib 'thumb/v7e-m+fp/hard' -iprefix /Users/jie/Documents/arm-gnu-toolchain-14.3.rel1-darwin-arm64-arm-none-eabi/bin/../lib/gcc/arm-none-eabi/14.3.1/ -isysroot /Users/jie/Documents/arm-gnu-toolchain-14.3.rel1-darwin-arm64-arm-none-eabi/bin/../arm-none-eabi -MMD Example/User/syscalls.d -MF Example/User/syscalls.d -MP -MT Example/User/syscalls.o -D__USES_INITFINI__ -D USE_STM324xG_EVAL -D STM32F407xx -D USE_HAL_DRIVER ../Example/User/syscalls.c -quiet -dumpdir Example/User/ -dumpbase syscalls.c -dumpbase-ext .c -mcpu=cortex-m4 -mfpu=fpv4-sp-d16 -mfloat-abi=hard -mthumb '-mlibarch=armv7e-m+fp' '-march=armv7e-m+fp' -Os -Wall -std=gnu11 -ffunction-sections -fdata-sections -fstack-usage -o /var/folders/b3/0hb7dhg16rd56bpwtd8bcnyc0000gn/T//cca7rbCh.s
[E 08:16:11 80392] Checking whether C compilation already happened.
[E 08:16:11 80392] Checking for tag c-compilation-happened
[E 08:16:11 80392] Checking CODEQL_TRACER_DB_ID 0000000000013A00_0000000000000001
[E 08:16:11 80392] Locking DB /Users/jie/Documents/workspace/lcmhalgen/LCMHalTest_DBS/DATABASE_FreeRTOSUART_Hyperterminal_IT/working/tags.db
[E 08:16:11 80392] Locked DB /Users/jie/Documents/workspace/lcmhalgen/LCMHalTest_DBS/DATABASE_FreeRTOSUART_Hyperterminal_IT/working/tags.db
[E 08:16:11 80392] Unlocking DB
[E 08:16:11 80392] Unlocked DB
[E 08:16:11 80392] Looks like C compilation didn't already happen.
[E 08:16:11 80392] Checking whether C compilation has been attempted.
[E 08:16:11 80392] Checking for tag c-compilation-attempted
[E 08:16:11 80392] Checking CODEQL_TRACER_DB_ID 0000000000013A00_0000000000000001
[E 08:16:11 80392] Locking DB /Users/jie/Documents/workspace/lcmhalgen/LCMHalTest_DBS/DATABASE_FreeRTOSUART_Hyperterminal_IT/working/tags.db
[E 08:16:11 80392] Locked DB /Users/jie/Documents/workspace/lcmhalgen/LCMHalTest_DBS/DATABASE_FreeRTOSUART_Hyperterminal_IT/working/tags.db
[E 08:16:11 80392] Unlocking DB
[E 08:16:11 80392] Unlocked DB
[E 08:16:11 80392] Marking C compilation as attempted.
[E 08:16:11 80392] Setting tag c-compilation-attempted
[E 08:16:11 80392] Starting from CODEQL_TRACER_DB_ID 0000000000013A00_0000000000000001
[E 08:16:11 80392] Locking DB /Users/jie/Documents/workspace/lcmhalgen/LCMHalTest_DBS/DATABASE_FreeRTOSUART_Hyperterminal_IT/working/tags.db
[E 08:16:11 80392] Locked DB /Users/jie/Documents/workspace/lcmhalgen/LCMHalTest_DBS/DATABASE_FreeRTOSUART_Hyperterminal_IT/working/tags.db
[E 08:16:11 80392] Set tag for 0000000000013A00_0000000000000001
[E 08:16:11 80392] Set tag for 00000000000139E8_0000000000000003
[E 08:16:11 80392] Set tag for 00000000000139E8_0000000000000002
[E 08:16:11 80392] Set tag for 00000000000139E8_0000000000000001
[E 08:16:11 80392] Set tag for 0000000000013827_0000000000000002
[E 08:16:11 80392] Set tag for 0000000000013827_0000000000000001
[E 08:16:11 80392] Set tag for 00000000000137DE_0000000000000003
[E 08:16:11 80392] Set tag for 00000000000137DE_0000000000000002
[E 08:16:11 80392] Set tag for root
[E 08:16:11 80392] Unlocking DB
[E 08:16:11 80392] Unlocked DB
[E 08:16:11 80392] Processed command line: /opt/homebrew/Caskroom/codeql/2.23.0/codeql/cpp/tools/osx64/extractor --trapfolder /Users/jie/Documents/workspace/lcmhalgen/LCMHalTest_DBS/DATABASE_FreeRTOSUART_Hyperterminal_IT/trap/cpp --src_archive /Users/jie/Documents/workspace/lcmhalgen/LCMHalTest_DBS/DATABASE_FreeRTOSUART_Hyperterminal_IT/src --object_filename /var/folders/b3/0hb7dhg16rd56bpwtd8bcnyc0000gn/T//cca7rbCh.s --no_warnings_and_discretionary_errors --error_limit 1000 --disable_system_macros --variadic_macros --incognito --c11 --gcc --gnu_version 140301 --target linux_i686 '-D__DBL_MIN_EXP__=(-1021)' -D__HQ_FBIT__=15 -D__UINT_LEAST16_MAX__=0xffff -D__ARM_SIZEOF_WCHAR_T=4 -D__WCHAR_MAX__=0xffffffffU -D__SFRACT_IBIT__=0 -D__ULFRACT_MIN__=0.0ULR -D__FLT_MIN__=1.1754943508222875e-38F -D__GCC_IEC_559_COMPLEX=0 -D__SIZEOF_LONG__=4 -D__UFRACT_MAX__=0XFFFFP-16UR '-D__UINT_LEAST8_TYPE__=unsigned char' -D__FLT_MAX_EXP__=128 -D__DQ_FBIT__=63 '-D__INTMAX_C(c)=c ## LL' -D__ARM_FEATURE_SAT=1 -D__ULFRACT_FBIT__=32 -D__CHAR_BIT__=8 -D__USQ_IBIT__=0 -D__UINT8_MAX__=0xff -D__ACCUM_FBIT__=15 -D__WINT_MAX__=0xffffffffU '-D__FLT32_MIN_EXP__=(-125)' -D__LONG_WIDTH__=32 -D__USFRACT_FBIT__=8 -D__ORDER_LITTLE_ENDIAN__=1234 -D__SIZE_MAX__=0xffffffffU -D__LACCUM_IBIT__=32 -D__GCC_HAVE_SYNC_COMPARE_AND_SWAP_1=1 -D__GCC_HAVE_SYNC_COMPARE_AND_SWAP_2=1 -D__GCC_HAVE_SYNC_COMPARE_AND_SWAP_4=1 '-D__DBL_DENORM_MIN__=((double)4.9406564584124654e-324L)' -D__GCC_ATOMIC_CHAR_LOCK_FREE=2 -D__GCC_IEC_559=0 -D__FLT32X_DECIMAL_DIG__=17 -D__FLT_EVAL_METHOD__=0 -D__TQ_IBIT__=0 -D__LLACCUM_MAX__=0X7FFFFFFFFFFFFFFFP-31LLK -D__FLT32_HAS_INFINITY__=1 -D__FLT64_DECIMAL_DIG__=17 -D__GCC_ATOMIC_CHAR32_T_LOCK_FREE=2 -D__INTPTR_WIDTH__=32 -D__SIG_ATOMIC_TYPE__=int '-D__DBL_MIN_10_EXP__=(-307)' -D__LFRACT_IBIT__=0 -D__FLT32_HAS_DENORM__=1 -D__USA_FBIT__=16 -D__UINT_FAST8_MAX__=0xffffffffU -D__FLT_HAS_QUIET_NAN__=1 '-D__INT8_C(c)=c' -D__INT_LEAST8_WIDTH__=8 -D__UINT_LEAST64_MAX__=0xffffffffffffffffULL -D__SA_FBIT__=15 -D__APCS_32__=1 -D__SHRT_MAX__=0x7fff '-D__LDBL_MAX__=1.7976931348623157e+308L' -D__FRACT_MAX__=0X7FFFP-15R -D__thumb2__=1 -D__LDBL_IS_IEC_60559__=1 -D__UFRACT_FBIT__=16 -D__ARM_FP=4 -D__UFRACT_MIN__=0.0UR -D__UINT_LEAST8_MAX__=0xff -D__GCC_ATOMIC_BOOL_LOCK_FREE=2 '-D__UINTMAX_TYPE__=long long unsigned int' -D__LLFRACT_EPSILON__=0x1P-63LLR -D__FLT_EVAL_METHOD_TS_18661_3__=0 -D__UINT32_MAX__=0xffffffffUL -D__ULFRACT_MAX__=0XFFFFFFFFP-32ULR -D__TA_IBIT__=64 -D__LDBL_MAX_EXP__=1024 -D__WINT_MIN__=0U -D__ARM_ASM_SYNTAX_UNIFIED__=1 -D__FLT32X_IS_IEC_60559__=1 -D__INT_LEAST16_WIDTH__=16 -D__ULLFRACT_MIN__=0.0ULLR -D__SCHAR_MAX__=0x7f -D__WCHAR_MIN__=0U '-D__INT64_C(c)=c ## LL' '-D__UINT16_C(c)=c' -D__GCC_ATOMIC_POINTER_LOCK_FREE=2 -D__ATOMIC_SEQ_CST=5 -D__FLT32X_MAX_EXP__=1024 -D__SIZEOF_INT__=4 -D__FLT32X_MANT_DIG__=53 -D__USACCUM_IBIT__=8 '-D__INT16_TYPE__=short int' -D__FLT_DIG__=6 '-D__LFRACT_MIN__=(-0.5LR-0.5LR)' -D__HA_IBIT__=8 -D__FLT_EPSILON__=1.1920928955078125e-7F -D__SHRT_WIDTH__=16 -D__FLT32_IS_IEC_60559__=1 -D__USFRACT_IBIT__=0 -D__LDBL_MIN__=2.2250738585072014e-308L -D__STDC_UTF_16__=1 '-D__FRACT_MIN__=(-0.5R-0.5R)' -D__DA_IBIT__=32 -D__ARM_SIZEOF_MINIMAL_ENUM=1 -D__FLT32X_HAS_INFINITY__=1 -D__UQQ_FBIT__=8 -D__UACCUM_MAX__=0XFFFFFFFFP-16UK -D__DECIMAL_DIG__=17 -D__LFRACT_EPSILON__=0x1P-31LR -D__FLT64_EPSILON__=2.2204460492503131e-16F64 -D__INT16_MAX__=0x7fff -D__ARM_PCS_VFP=1 -D__LDBL_HAS_QUIET_NAN__=1 -D__ULACCUM_IBIT__=32 -D__ARM_FEATURE_FMA=1 -D__FLT64_MANT_DIG__=53 -D__INT_LEAST16_MAX__=0x7fff -D__UACCUM_EPSILON__=0x1P-16UK -D__ULLACCUM_MAX__=0XFFFFFFFFFFFFFFFFP-32ULLK -D__HQ_IBIT__=0 -D__FLT_HAS_DENORM__=1 -D__SIZEOF_LONG_DOUBLE__=8 -D__SA_IBIT__=16 -D__BIGGEST_ALIGNMENT__=8 -D__ARM_FEATURE_IDIV=1 -D__INTPTR_TYPE__=int '-D__SIZE_TYPE__=unsigned int' -D__FLT64_MAX_10_EXP__=308 -D__DBL_DIG__=15 -D__ULLACCUM_FBIT__=32 -D__DBL_IS_IEC_60559__=1 -D__DQ_IBIT__=0 '-D__DBL_MAX__=((double)1.7976931348623157e+308L)' -D__ULFRACT_IBIT__=0 -D__INT_FAST32_MAX__=0x7fffffff -D__DBL_HAS_INFINITY__=1 -D__HAVE_SPECULATION_SAFE_VALUE=1 -D__ACCUM_IBIT__=16 -D__THUMB_INTERWORK__=1 -D__UINT_LEAST32_MAX__=0xffffffffUL -D__LACCUM_MAX__=0X7FFFFFFFFFFFFFFFP-31LK -D__FLT32X_HAS_DENORM__=1 -D__INT_FAST16_TYPE__=int -D__LDBL_HAS_DENORM__=1 -D__ARM_FEATURE_LDREX=7 -D__FLT32_DECIMAL_DIG__=9 -D__INT_LEAST32_MAX__=0x7fffffffL -D__ACCUM_MAX__=0X7FFFFFFFP-15K -D__DBL_MAX_EXP__=1024 -D__USACCUM_EPSILON__=0x1P-8UHK -D__WCHAR_WIDTH__=32 '-D__FLT32_MAX__=3.4028234663852886e+38F32' -D__SFRACT_MAX__=0X7FP-7HR -D__FRACT_IBIT__=0 -D__PTRDIFF_MAX__=0x7fffffff -D__UACCUM_MIN__=0.0UK -D__UACCUM_IBIT__=16 '-D__LLACCUM_MIN__=(-0X1P31LLK-0X1P31LLK)' -D__FLT32_HAS_QUIET_NAN__=1 -D__LONG_LONG_MAX__=0x7fffffffffffffffLL -D__ULACCUM_MAX__=0XFFFFFFFFFFFFFFFFP-32ULK -D__SIZEOF_WINT_T__=4 -D__ARM_FEATURE_UNALIGNED=1 -D__LONG_LONG_WIDTH__=64 -D__FLT32_MAX_EXP__=128 -D__ULLACCUM_MIN__=0.0ULLK -D__GXX_ABI_VERSION=1019 -D__UTA_FBIT__=64 -D__UFRACT_IBIT__=0 -D__FLT64_IS_IEC_60559__=1 -D__USQ_FBIT__=32 -D__ARM_FEATURE_QBIT=1 '-D__INT_FAST64_TYPE__=long long int' -D__FP_FAST_FMAF=1 -D__FLT64_DENORM_MIN__=4.9406564584124654e-324F64 '-D__DBL_MIN__=((double)2.2250738585072014e-308L)' -D__SIZEOF_POINTER__=4 -D__DBL_HAS_QUIET_NAN__=1 -D__FLT32X_EPSILON__=2.2204460492503131e-16F32x '-D__FLT64_MIN_EXP__=(-1021)' '-D__LACCUM_MIN__=(-0X1P31LK-0X1P31LK)' -D__FRACT_FBIT__=15 '-D__FLT64_MIN_10_EXP__=(-307)' -D__ULLFRACT_EPSILON__=0x1P-64ULLR -D__REGISTER_PREFIX__= -D__UINT16_MAX__=0xffff -D__DBL_HAS_DENORM__=1 '-D__ACCUM_MIN__=(-0X1P15K-0X1P15K)' -D__SQ_IBIT__=0 '-D__UINT8_TYPE__=unsigned char' -D__UHA_FBIT__=8 '-D__SFRACT_MIN__=(-0.5HR-0.5HR)' -D__UTQ_FBIT__=128 -D__DEC_EVAL_METHOD__=2 -D__FLT_MANT_DIG__=24 -D__LDBL_DECIMAL_DIG__=17 '-D__UINT64_C(c)=c ## ULL' -D__FRACT_EPSILON__=0x1P-15R -D__ULACCUM_MIN__=0.0ULK -D__UDA_FBIT__=32 -D__GCC_ATOMIC_INT_LOCK_FREE=2 '-D__FLT_MIN_EXP__=(-125)' -D__FLOAT_WORD_ORDER__=__ORDER_LITTLE_ENDIAN__ -D__USFRACT_MIN__=0.0UHR -D__FLT32_MANT_DIG__=24 -D__ULLFRACT_FBIT__=64 -D__UQQ_IBIT__=0 -D__SCHAR_WIDTH__=8 '-D__INT32_C(c)=c ## L' -D__ORDER_PDP_ENDIAN__=3412 -D__UHQ_FBIT__=16 -D__LLACCUM_FBIT__=31 -D__INT_FAST32_TYPE__=int '-D__UINT_LEAST16_TYPE__=short unsigned int' -D__UINT64_MAX__=0xffffffffffffffffULL -D__FLT_IS_IEC_60559__=1 -D__UDQ_FBIT__=64 -D__UINT_FAST64_MAX__=0xffffffffffffffffULL '-D__GNUC_WIDE_EXECUTION_CHARSET_NAME="UTF-32LE"' '-D__INT8_TYPE__=signed char' -D__thumb__=1 -D__ELF__=1 -D__SACCUM_EPSILON__=0x1P-7HK -D__ULFRACT_EPSILON__=0x1P-32ULR -D__LLFRACT_FBIT__=63 -D__FLT_RADIX__=2 '-D__INT_LEAST16_TYPE__=short int' -D__ARM_ARCH_PROFILE=77 -D__LDBL_EPSILON__=2.2204460492503131e-16L '-D__UINTMAX_C(c)=c ## ULL' -D__SACCUM_MAX__=0X7FFFP-7HK -D__FLT32X_MIN__=2.2250738585072014e-308F32x -D__SIG_ATOMIC_MAX__=0x7fffffff -D__UACCUM_FBIT__=16 -D__GCC_ATOMIC_WCHAR_T_LOCK_FREE=2 -D__USER_LABEL_PREFIX__= -D__VFP_FP__=1 -D__SIZEOF_PTRDIFF_T__=4 -D__ATOMIC_ACQUIRE=2 -D__INT_WIDTH__=32 -D__OPTIMIZE__=1 -D__LACCUM_EPSILON__=0x1P-31LK -D__LDBL_DIG__=15 '-D__FLT32X_MIN_EXP__=(-1021)' -D__INT_FAST16_MAX__=0x7fffffff -D__GCC_CONSTRUCTIVE_SIZE=64 -D__FLT64_DIG__=15 -D__UINT_FAST32_MAX__=0xffffffffU '-D__UINT_LEAST64_TYPE__=long long unsigned int' -D__SFRACT_EPSILON__=0x1P-7HR -D__GCC_ASM_FLAG_OUTPUTS__=1 -D__FLT_MAX_10_EXP__=38 -D__LONG_MAX__=0x7fffffffL -D__FINITE_MATH_ONLY__=0 -D__SIZEOF_SIZE_T__=4 -D__FLT_HAS_INFINITY__=1 '-D__GNUC_EXECUTION_CHARSET_NAME="UTF-8"' -D__CHAR_UNSIGNED__=1 '-D__UINT_FAST16_TYPE__=unsigned int' -D__ARM_32BIT_STATE=1 -D__INT_FAST32_WIDTH__=32 -D__PRAGMA_REDEFINE_EXTNAME=1 -D__ARMEL__=1 -D__SIZE_WIDTH__=32 -D__INT64_MAX__=0x7fffffffffffffffLL -D__SACCUM_FBIT__=7 -D__FLT32_DENORM_MIN__=1.4012984643248171e-45F32 -D__SIG_ATOMIC_WIDTH__=32 '-D__INT_LEAST64_TYPE__=long long int' -D__ARM_FEATURE_CLZ=1 '-D__INT_LEAST8_TYPE__=signed char' -D__SQ_FBIT__=31 -D__USFRACT_MAX__=0XFFP-8UHR -D__ARM_ARCH_ISA_THUMB=2 -D__INT_FAST8_MAX__=0x7fffffff -D__ARM_ARCH=7 -D__INTPTR_MAX__=0x7fffffff -D__QQ_FBIT__=7 -D__UTA_IBIT__=64 -D__FLT64_HAS_QUIET_NAN__=1 -D__FLT32X_DIG__=15 -D__PTRDIFF_WIDTH__=32 -D__LDBL_MANT_DIG__=53 -D__SFRACT_FBIT__=7 '-D__SACCUM_MIN__=(-0X1P7HK-0X1P7HK)' -D__FLT64_HAS_INFINITY__=1 '-D__SIG_ATOMIC_MIN__=(-__SIG_ATOMIC_MAX__ - 1)' -D__GCC_ATOMIC_LONG_LOCK_FREE=2 '-D__UINT16_TYPE__=short unsigned int' '-D__WCHAR_TYPE__=unsigned int' -D__SIZEOF_FLOAT__=4 -D__THUMBEL__=1 -D__TQ_FBIT__=127 -D__UINTPTR_MAX__=0xffffffffU -D__INT_FAST64_WIDTH__=64 -D__LDBL_HAS_INFINITY__=1 -D__ULLACCUM_IBIT__=32 -D__FLT32_MAX_10_EXP__=38 -D__INT_FAST64_MAX__=0x7fffffffffffffffLL -D__GCC_ATOMIC_TEST_AND_SET_TRUEVAL=1 '-D__FLT_NORM_MAX__=3.4028234663852886e+38F' '-D__UINT_FAST64_TYPE__=long long unsigned int' -D__LACCUM_FBIT__=31 -D__HA_FBIT__=7 -D__UHA_IBIT__=8 '-D__INT64_TYPE__=long long int' -D__UTQ_IBIT__=0 -D__DBL_MANT_DIG__=53 -D__INT_LEAST64_MAX__=0x7fffffffffffffffLL -D__GCC_ATOMIC_CHAR16_T_LOCK_FREE=2 -D__FP_FAST_FMAF32=1 '-D__WINT_TYPE__=unsigned int' '-D__UINT_LEAST32_TYPE__=long unsigned int' -D__SIZEOF_SHORT__=2 -D__ULLFRACT_IBIT__=0 '-D__FLT32_NORM_MAX__=3.4028234663852886e+38F32' '-D__LDBL_MIN_EXP__=(-1021)' -D__GXX_TYPEINFO_EQUALITY_INLINE=0 -D__INTMAX_MAX__=0x7fffffffffffffffLL -D__arm__=1 '-D__FLT64_MAX__=1.7976931348623157e+308F64' -D__UDA_IBIT__=32 -D__INT_MAX__=0x7fffffff -D__WINT_WIDTH__=32 -D__INT_LEAST8_MAX__=0x7f -D__INT_LEAST64_WIDTH__=64 -D__FLT32X_MAX_10_EXP__=308 -D__LLACCUM_EPSILON__=0x1P-31LLK -D__LFRACT_FBIT__=31 -D__LDBL_MAX_10_EXP__=308 -D__ATOMIC_RELAXED=0 '-D__DBL_EPSILON__=((double)2.2204460492503131e-16L)' '-D__INT_LEAST32_TYPE__=long int' -D__ARM_ARCH_7EM__=1 -D__ARM_FEATURE_SIMD32=1 '-D__UINT8_C(c)=c' -D__FLT64_MAX_EXP__=1024 -D__SIZEOF_WCHAR_T__=4 '-D__UINT64_TYPE__=long long unsigned int' -D__OPTIMIZE_SIZE__=1 -D__LLFRACT_MAX__=0X7FFFFFFFFFFFFFFFP-63LLR '-D__FLT64_NORM_MAX__=1.7976931348623157e+308F64' -D__INT_FAST8_TYPE__=int -D__ULLACCUM_EPSILON__=0x1P-32ULLK -D__USACCUM_MAX__=0XFFFFP-8UHK -D__UHQ_IBIT__=0 -D__ARM_FEATURE_COPROC=15 -D__LLACCUM_IBIT__=32 -D__FLT64_HAS_DENORM__=1 -D__FLT32_EPSILON__=1.1920928955078125e-7F32 -D__DBL_DECIMAL_DIG__=17 -D__STDC_UTF_32__=1 -D__INT_FAST8_WIDTH__=32 -D__BYTE_ORDER__=__ORDER_LITTLE_ENDIAN__ '-D__FLT32X_MAX__=1.7976931348623157e+308F32x' -D__TA_FBIT__=63 '-D__DBL_NORM_MAX__=((double)1.7976931348623157e+308L)' -D__USFRACT_EPSILON__=0x1P-8UHR -D__GCC_DESTRUCTIVE_SIZE=64 -D__UDQ_IBIT__=0 -D__INTMAX_WIDTH__=64 -D__ORDER_BIG_ENDIAN__=4321 -D__LFRACT_MAX__=0X7FFFFFFFP-31LR -D__ARM_FEATURE_DSP=1 -D__FLT32_DIG__=6 -D__ACCUM_EPSILON__=0x1P-15K '-D__UINT32_C(c)=c ## UL' -D__QQ_IBIT__=0 -D__LLFRACT_IBIT__=0 -D__INT8_MAX__=0x7f -D__INT32_MAX__=0x7fffffffL '-D__UINT_FAST32_TYPE__=unsigned int' '-D__FLT32X_NORM_MAX__=1.7976931348623157e+308F32x' '-D__FLT32_MIN_10_EXP__=(-37)' '-D__FLT_MAX__=3.4028234663852886e+38F' -D__USACCUM_FBIT__=8 '-D__INT32_TYPE__=long int' -D__SIZEOF_DOUBLE__=8 '-D__FLT_MIN_10_EXP__=(-37)' -D__UFRACT_EPSILON__=0x1P-16UR -D__FLT64_MIN__=2.2250738585072014e-308F64 -D__FLT_DENORM_MIN__=1.4012984643248171e-45F -D__INT_LEAST32_WIDTH__=32 '-D__INTMAX_TYPE__=long long int' -D__FLT32X_HAS_QUIET_NAN__=1 -D__ATOMIC_CONSUME=1 -D__INT_FAST16_WIDTH__=32 -D__UINTMAX_MAX__=0xffffffffffffffffULL -D__FLT32X_DENORM_MIN__=4.9406564584124654e-324F32x -D__ATOMIC_ACQ_REL=4 -D__DBL_MAX_10_EXP__=308 -D__LDBL_DENORM_MIN__=4.9406564584124654e-324L '-D__INT16_C(c)=c' -D__ATOMIC_RELEASE=3 -D__PTRDIFF_TYPE__=int '-D__LLFRACT_MIN__=(-0.5LLR-0.5LLR)' -D__USACCUM_MIN__=0.0UHK -D__FLT32_MIN__=1.1754943508222875e-38F32 -D__DA_FBIT__=31 '-D__UINT32_TYPE__=long unsigned int' '-D__FLT32X_MIN_10_EXP__=(-307)' -D__ARM_ARCH_EXT_IDIV__=1 '-D__UINTPTR_TYPE__=unsigned int' -D__USA_IBIT__=16 -D__ARM_EABI__=1 '-D__LDBL_MIN_10_EXP__=(-307)' -D__SIZEOF_LONG_LONG__=8 -D__ULACCUM_EPSILON__=0x1P-32ULK -D__SACCUM_IBIT__=8 -D__GCC_ATOMIC_LLONG_LOCK_FREE=1 -D__FLT_DECIMAL_DIG__=9 -D__UINT_FAST16_MAX__=0xffffffffU '-D__LDBL_NORM_MAX__=1.7976931348623157e+308L' -D__GCC_ATOMIC_SHORT_LOCK_FREE=2 -D__ULLFRACT_MAX__=0XFFFFFFFFFFFFFFFFP-64ULLR '-D__UINT_FAST8_TYPE__=unsigned int' -D__ULACCUM_FBIT__=32 -D__USES_INITFINI__ -DUSE_STM324xG_EVAL -DSTM32F407xx -DUSE_HAL_DRIVER -I../../Inc -I../../Drivers/CMSIS/Device/ST/STM32F4xx/Include -I../../Drivers/STM32F4xx_HAL_Driver/Inc -I../../Drivers/BSP/STM324xG_EVAL -I../../Drivers/CMSIS/Include -I/Users/jie/Documents/arm-gnu-toolchain-14.3.rel1-darwin-arm64-arm-none-eabi/bin/../arm-none-eabi/include/newlib-nano -I/Users/jie/Documents/arm-gnu-toolchain-14.3.rel1-darwin-arm64-arm-none-eabi/bin/../lib/gcc/arm-none-eabi/14.3.1/include -I/Users/jie/Documents/arm-gnu-toolchain-14.3.rel1-darwin-arm64-arm-none-eabi/bin/../lib/gcc/arm-none-eabi/14.3.1/include-fixed -I/Users/jie/Documents/arm-gnu-toolchain-14.3.rel1-darwin-arm64-arm-none-eabi/bin/../lib/gcc/arm-none-eabi/14.3.1/../../../../arm-none-eabi/include -- ../Example/User/syscalls.c
[E 08:16:11 80392] CODEQL_EXTRACTOR_CPP_TRAP_CACHING is not set
[E 08:16:11 80392] CODEQL_EXTRACTOR_CPP_OPTION_TRAP_CACHE_WRITE is not set
[E 08:16:11 80392] CODEQL_EXTRACTOR_CPP_OPTION_TRAP_CACHE_DIR is not set
[E 08:16:11 80392] Initialising TRAP cache at path: 50/c586/86d9bd881f01b572ca4a3c51b1bf
[E 08:16:11 80392] Not using TRAP cache
[E 08:16:11 80392] TRAP cache miss
[E 08:16:11 80392] Starting compilation TRAP /Users/jie/Documents/workspace/lcmhalgen/LCMHalTest_DBS/DATABASE_FreeRTOSUART_Hyperterminal_IT/trap/cpp/compilations/15/5495193_0.trap.zst
[E 08:16:11 80392] Archiving /Users/jie/Documents/workspace/lcmhalgen/LCMHalTest_DBS/DATABASE_FreeRTOSUART_Hyperterminal_IT/src/Users/jie/Documents/workspace/lcmhalgen/posixGen_Demos/UART_Hyperterminal_IT/STM32CubeIDE/Example/User/syscalls.c
[E 08:16:11 80392] Archiving /Users/jie/Documents/workspace/lcmhalgen/LCMHalTest_DBS/DATABASE_FreeRTOSUART_Hyperterminal_IT/src/Users/jie/Documents/arm-gnu-toolchain-14.3.rel1-darwin-arm64-arm-none-eabi/arm-none-eabi/include/sys/stat.h
[E 08:16:11 80392] Archiving /Users/jie/Documents/workspace/lcmhalgen/LCMHalTest_DBS/DATABASE_FreeRTOSUART_Hyperterminal_IT/src/Users/jie/Documents/arm-gnu-toolchain-14.3.rel1-darwin-arm64-arm-none-eabi/arm-none-eabi/include/_ansi.h
[E 08:16:11 80392] Archiving /Users/jie/Documents/workspace/lcmhalgen/LCMHalTest_DBS/DATABASE_FreeRTOSUART_Hyperterminal_IT/src/Users/jie/Documents/arm-gnu-toolchain-14.3.rel1-darwin-arm64-arm-none-eabi/arm-none-eabi/include/newlib-nano/newlib.h
[E 08:16:11 80392] Already archived /Users/jie/Documents/workspace/lcmhalgen/LCMHalTest_DBS/DATABASE_FreeRTOSUART_Hyperterminal_IT/src/Users/jie/Documents/arm-gnu-toolchain-14.3.rel1-darwin-arm64-arm-none-eabi/arm-none-eabi/include/_newlib_version.h
[E 08:16:11 80392] Archiving /Users/jie/Documents/workspace/lcmhalgen/LCMHalTest_DBS/DATABASE_FreeRTOSUART_Hyperterminal_IT/src/Users/jie/Documents/arm-gnu-toolchain-14.3.rel1-darwin-arm64-arm-none-eabi/arm-none-eabi/include/sys/config.h
[E 08:16:11 80392] Archiving /Users/jie/Documents/workspace/lcmhalgen/LCMHalTest_DBS/DATABASE_FreeRTOSUART_Hyperterminal_IT/src/Users/jie/Documents/arm-gnu-toolchain-14.3.rel1-darwin-arm64-arm-none-eabi/arm-none-eabi/include/machine/ieeefp.h
[E 08:16:11 80392] Already archived /Users/jie/Documents/workspace/lcmhalgen/LCMHalTest_DBS/DATABASE_FreeRTOSUART_Hyperterminal_IT/src/Users/jie/Documents/arm-gnu-toolchain-14.3.rel1-darwin-arm64-arm-none-eabi/arm-none-eabi/include/sys/features.h
[E 08:16:11 80392] Archiving /Users/jie/Documents/workspace/lcmhalgen/LCMHalTest_DBS/DATABASE_FreeRTOSUART_Hyperterminal_IT/src/Users/jie/Documents/arm-gnu-toolchain-14.3.rel1-darwin-arm64-arm-none-eabi/arm-none-eabi/include/time.h
[E 08:16:11 80392] Archiving /Users/jie/Documents/workspace/lcmhalgen/LCMHalTest_DBS/DATABASE_FreeRTOSUART_Hyperterminal_IT/src/Users/jie/Documents/arm-gnu-toolchain-14.3.rel1-darwin-arm64-arm-none-eabi/arm-none-eabi/include/sys/cdefs.h
[E 08:16:11 80392] Already archived /Users/jie/Documents/workspace/lcmhalgen/LCMHalTest_DBS/DATABASE_FreeRTOSUART_Hyperterminal_IT/src/Users/jie/Documents/arm-gnu-toolchain-14.3.rel1-darwin-arm64-arm-none-eabi/arm-none-eabi/include/machine/_default_types.h
[E 08:16:11 80392] Already archived /Users/jie/Documents/workspace/lcmhalgen/LCMHalTest_DBS/DATABASE_FreeRTOSUART_Hyperterminal_IT/src/Users/jie/Documents/arm-gnu-toolchain-14.3.rel1-darwin-arm64-arm-none-eabi/lib/gcc/arm-none-eabi/14.3.1/include/stddef.h
[E 08:16:11 80392] Archiving /Users/jie/Documents/workspace/lcmhalgen/LCMHalTest_DBS/DATABASE_FreeRTOSUART_Hyperterminal_IT/src/Users/jie/Documents/arm-gnu-toolchain-14.3.rel1-darwin-arm64-arm-none-eabi/arm-none-eabi/include/sys/reent.h
[E 08:16:11 80392] Already archived /Users/jie/Documents/workspace/lcmhalgen/LCMHalTest_DBS/DATABASE_FreeRTOSUART_Hyperterminal_IT/src/Users/jie/Documents/arm-gnu-toolchain-14.3.rel1-darwin-arm64-arm-none-eabi/lib/gcc/arm-none-eabi/14.3.1/include/stddef.h
[E 08:16:11 80392] Archiving /Users/jie/Documents/workspace/lcmhalgen/LCMHalTest_DBS/DATABASE_FreeRTOSUART_Hyperterminal_IT/src/Users/jie/Documents/arm-gnu-toolchain-14.3.rel1-darwin-arm64-arm-none-eabi/arm-none-eabi/include/sys/_types.h
[E 08:16:11 80392] Already archived /Users/jie/Documents/workspace/lcmhalgen/LCMHalTest_DBS/DATABASE_FreeRTOSUART_Hyperterminal_IT/src/Users/jie/Documents/arm-gnu-toolchain-14.3.rel1-darwin-arm64-arm-none-eabi/lib/gcc/arm-none-eabi/14.3.1/include/stddef.h
[E 08:16:11 80392] Archiving /Users/jie/Documents/workspace/lcmhalgen/LCMHalTest_DBS/DATABASE_FreeRTOSUART_Hyperterminal_IT/src/Users/jie/Documents/arm-gnu-toolchain-14.3.rel1-darwin-arm64-arm-none-eabi/arm-none-eabi/include/machine/_types.h
[E 08:16:11 80392] Archiving /Users/jie/Documents/workspace/lcmhalgen/LCMHalTest_DBS/DATABASE_FreeRTOSUART_Hyperterminal_IT/src/Users/jie/Documents/arm-gnu-toolchain-14.3.rel1-darwin-arm64-arm-none-eabi/arm-none-eabi/include/sys/lock.h
[E 08:16:11 80392] Archiving /Users/jie/Documents/workspace/lcmhalgen/LCMHalTest_DBS/DATABASE_FreeRTOSUART_Hyperterminal_IT/src/Users/jie/Documents/arm-gnu-toolchain-14.3.rel1-darwin-arm64-arm-none-eabi/arm-none-eabi/include/assert.h
[E 08:16:11 80392] Already archived /Users/jie/Documents/workspace/lcmhalgen/LCMHalTest_DBS/DATABASE_FreeRTOSUART_Hyperterminal_IT/src/Users/jie/Documents/arm-gnu-toolchain-14.3.rel1-darwin-arm64-arm-none-eabi/lib/gcc/arm-none-eabi/14.3.1/include/stddef.h
[E 08:16:11 80392] Archiving /Users/jie/Documents/workspace/lcmhalgen/LCMHalTest_DBS/DATABASE_FreeRTOSUART_Hyperterminal_IT/src/Users/jie/Documents/arm-gnu-toolchain-14.3.rel1-darwin-arm64-arm-none-eabi/arm-none-eabi/include/machine/time.h
[E 08:16:11 80392] Archiving /Users/jie/Documents/workspace/lcmhalgen/LCMHalTest_DBS/DATABASE_FreeRTOSUART_Hyperterminal_IT/src/Users/jie/Documents/arm-gnu-toolchain-14.3.rel1-darwin-arm64-arm-none-eabi/arm-none-eabi/include/sys/types.h
[E 08:16:11 80392] Already archived /Users/jie/Documents/workspace/lcmhalgen/LCMHalTest_DBS/DATABASE_FreeRTOSUART_Hyperterminal_IT/src/Users/jie/Documents/arm-gnu-toolchain-14.3.rel1-darwin-arm64-arm-none-eabi/arm-none-eabi/include/sys/_stdint.h
[E 08:16:11 80392] Archiving /Users/jie/Documents/workspace/lcmhalgen/LCMHalTest_DBS/DATABASE_FreeRTOSUART_Hyperterminal_IT/src/Users/jie/Documents/arm-gnu-toolchain-14.3.rel1-darwin-arm64-arm-none-eabi/arm-none-eabi/include/machine/endian.h
[E 08:16:11 80392] Archiving /Users/jie/Documents/workspace/lcmhalgen/LCMHalTest_DBS/DATABASE_FreeRTOSUART_Hyperterminal_IT/src/Users/jie/Documents/arm-gnu-toolchain-14.3.rel1-darwin-arm64-arm-none-eabi/arm-none-eabi/include/machine/_endian.h
[E 08:16:11 80392] Archiving /Users/jie/Documents/workspace/lcmhalgen/LCMHalTest_DBS/DATABASE_FreeRTOSUART_Hyperterminal_IT/src/Users/jie/Documents/arm-gnu-toolchain-14.3.rel1-darwin-arm64-arm-none-eabi/arm-none-eabi/include/sys/select.h
[E 08:16:11 80392] Archiving /Users/jie/Documents/workspace/lcmhalgen/LCMHalTest_DBS/DATABASE_FreeRTOSUART_Hyperterminal_IT/src/Users/jie/Documents/arm-gnu-toolchain-14.3.rel1-darwin-arm64-arm-none-eabi/arm-none-eabi/include/sys/_sigset.h
[E 08:16:11 80392] Archiving /Users/jie/Documents/workspace/lcmhalgen/LCMHalTest_DBS/DATABASE_FreeRTOSUART_Hyperterminal_IT/src/Users/jie/Documents/arm-gnu-toolchain-14.3.rel1-darwin-arm64-arm-none-eabi/arm-none-eabi/include/sys/_timeval.h
[E 08:16:11 80392] Archiving /Users/jie/Documents/workspace/lcmhalgen/LCMHalTest_DBS/DATABASE_FreeRTOSUART_Hyperterminal_IT/src/Users/jie/Documents/arm-gnu-toolchain-14.3.rel1-darwin-arm64-arm-none-eabi/arm-none-eabi/include/sys/timespec.h
[E 08:16:11 80392] Archiving /Users/jie/Documents/workspace/lcmhalgen/LCMHalTest_DBS/DATABASE_FreeRTOSUART_Hyperterminal_IT/src/Users/jie/Documents/arm-gnu-toolchain-14.3.rel1-darwin-arm64-arm-none-eabi/arm-none-eabi/include/sys/_timespec.h
[E 08:16:11 80392] Archiving /Users/jie/Documents/workspace/lcmhalgen/LCMHalTest_DBS/DATABASE_FreeRTOSUART_Hyperterminal_IT/src/Users/jie/Documents/arm-gnu-toolchain-14.3.rel1-darwin-arm64-arm-none-eabi/arm-none-eabi/include/sys/_pthreadtypes.h
[E 08:16:11 80392] Archiving /Users/jie/Documents/workspace/lcmhalgen/LCMHalTest_DBS/DATABASE_FreeRTOSUART_Hyperterminal_IT/src/Users/jie/Documents/arm-gnu-toolchain-14.3.rel1-darwin-arm64-arm-none-eabi/arm-none-eabi/include/sys/sched.h
[E 08:16:11 80392] Archiving /Users/jie/Documents/workspace/lcmhalgen/LCMHalTest_DBS/DATABASE_FreeRTOSUART_Hyperterminal_IT/src/Users/jie/Documents/arm-gnu-toolchain-14.3.rel1-darwin-arm64-arm-none-eabi/arm-none-eabi/include/machine/types.h
[E 08:16:11 80392] Archiving /Users/jie/Documents/workspace/lcmhalgen/LCMHalTest_DBS/DATABASE_FreeRTOSUART_Hyperterminal_IT/src/Users/jie/Documents/arm-gnu-toolchain-14.3.rel1-darwin-arm64-arm-none-eabi/arm-none-eabi/include/sys/_locale.h
[E 08:16:11 80392] Archiving /Users/jie/Documents/workspace/lcmhalgen/LCMHalTest_DBS/DATABASE_FreeRTOSUART_Hyperterminal_IT/src/Users/jie/Documents/arm-gnu-toolchain-14.3.rel1-darwin-arm64-arm-none-eabi/arm-none-eabi/include/stdlib.h
[E 08:16:11 80392] Already archived /Users/jie/Documents/workspace/lcmhalgen/LCMHalTest_DBS/DATABASE_FreeRTOSUART_Hyperterminal_IT/src/Users/jie/Documents/arm-gnu-toolchain-14.3.rel1-darwin-arm64-arm-none-eabi/arm-none-eabi/include/machine/ieeefp.h
[E 08:16:11 80392] Already archived /Users/jie/Documents/workspace/lcmhalgen/LCMHalTest_DBS/DATABASE_FreeRTOSUART_Hyperterminal_IT/src/Users/jie/Documents/arm-gnu-toolchain-14.3.rel1-darwin-arm64-arm-none-eabi/lib/gcc/arm-none-eabi/14.3.1/include/stddef.h
[E 08:16:11 80392] Archiving /Users/jie/Documents/workspace/lcmhalgen/LCMHalTest_DBS/DATABASE_FreeRTOSUART_Hyperterminal_IT/src/Users/jie/Documents/arm-gnu-toolchain-14.3.rel1-darwin-arm64-arm-none-eabi/arm-none-eabi/include/machine/stdlib.h
[E 08:16:11 80392] Archiving /Users/jie/Documents/workspace/lcmhalgen/LCMHalTest_DBS/DATABASE_FreeRTOSUART_Hyperterminal_IT/src/Users/jie/Documents/arm-gnu-toolchain-14.3.rel1-darwin-arm64-arm-none-eabi/arm-none-eabi/include/alloca.h
[E 08:16:11 80392] Archiving /Users/jie/Documents/workspace/lcmhalgen/LCMHalTest_DBS/DATABASE_FreeRTOSUART_Hyperterminal_IT/src/Users/jie/Documents/arm-gnu-toolchain-14.3.rel1-darwin-arm64-arm-none-eabi/arm-none-eabi/include/errno.h
[E 08:16:11 80392] Archiving /Users/jie/Documents/workspace/lcmhalgen/LCMHalTest_DBS/DATABASE_FreeRTOSUART_Hyperterminal_IT/src/Users/jie/Documents/arm-gnu-toolchain-14.3.rel1-darwin-arm64-arm-none-eabi/arm-none-eabi/include/sys/errno.h
[E 08:16:11 80392] Archiving /Users/jie/Documents/workspace/lcmhalgen/LCMHalTest_DBS/DATABASE_FreeRTOSUART_Hyperterminal_IT/src/Users/jie/Documents/arm-gnu-toolchain-14.3.rel1-darwin-arm64-arm-none-eabi/arm-none-eabi/include/stdio.h
[E 08:16:11 80392] Already archived /Users/jie/Documents/workspace/lcmhalgen/LCMHalTest_DBS/DATABASE_FreeRTOSUART_Hyperterminal_IT/src/Users/jie/Documents/arm-gnu-toolchain-14.3.rel1-darwin-arm64-arm-none-eabi/lib/gcc/arm-none-eabi/14.3.1/include/stddef.h
[E 08:16:11 80392] Archiving /Users/jie/Documents/workspace/lcmhalgen/LCMHalTest_DBS/DATABASE_FreeRTOSUART_Hyperterminal_IT/src/Users/jie/Documents/arm-gnu-toolchain-14.3.rel1-darwin-arm64-arm-none-eabi/lib/gcc/arm-none-eabi/14.3.1/include/stdarg.h
[E 08:16:11 80392] Archiving /Users/jie/Documents/workspace/lcmhalgen/LCMHalTest_DBS/DATABASE_FreeRTOSUART_Hyperterminal_IT/src/Users/jie/Documents/arm-gnu-toolchain-14.3.rel1-darwin-arm64-arm-none-eabi/arm-none-eabi/include/sys/stdio.h
[E 08:16:11 80392] Archiving /Users/jie/Documents/workspace/lcmhalgen/LCMHalTest_DBS/DATABASE_FreeRTOSUART_Hyperterminal_IT/src/Users/jie/Documents/arm-gnu-toolchain-14.3.rel1-darwin-arm64-arm-none-eabi/arm-none-eabi/include/signal.h
[E 08:16:11 80392] Archiving /Users/jie/Documents/workspace/lcmhalgen/LCMHalTest_DBS/DATABASE_FreeRTOSUART_Hyperterminal_IT/src/Users/jie/Documents/arm-gnu-toolchain-14.3.rel1-darwin-arm64-arm-none-eabi/arm-none-eabi/include/sys/signal.h
[E 08:16:11 80392] Already archived /Users/jie/Documents/workspace/lcmhalgen/LCMHalTest_DBS/DATABASE_FreeRTOSUART_Hyperterminal_IT/src/Users/jie/Documents/arm-gnu-toolchain-14.3.rel1-darwin-arm64-arm-none-eabi/lib/gcc/arm-none-eabi/14.3.1/include/stdint.h
[E 08:16:11 80392] Already archived /Users/jie/Documents/workspace/lcmhalgen/LCMHalTest_DBS/DATABASE_FreeRTOSUART_Hyperterminal_IT/src/Users/jie/Documents/arm-gnu-toolchain-14.3.rel1-darwin-arm64-arm-none-eabi/arm-none-eabi/include/stdint.h
[E 08:16:11 80392] Already archived /Users/jie/Documents/workspace/lcmhalgen/LCMHalTest_DBS/DATABASE_FreeRTOSUART_Hyperterminal_IT/src/Users/jie/Documents/arm-gnu-toolchain-14.3.rel1-darwin-arm64-arm-none-eabi/arm-none-eabi/include/sys/_intsup.h
[E 08:16:11 80392] Archiving /Users/jie/Documents/workspace/lcmhalgen/LCMHalTest_DBS/DATABASE_FreeRTOSUART_Hyperterminal_IT/src/Users/jie/Documents/arm-gnu-toolchain-14.3.rel1-darwin-arm64-arm-none-eabi/arm-none-eabi/include/sys/time.h
[E 08:16:11 80392] Archiving /Users/jie/Documents/workspace/lcmhalgen/LCMHalTest_DBS/DATABASE_FreeRTOSUART_Hyperterminal_IT/src/Users/jie/Documents/arm-gnu-toolchain-14.3.rel1-darwin-arm64-arm-none-eabi/arm-none-eabi/include/machine/_time.h
[E 08:16:11 80392] Archiving /Users/jie/Documents/workspace/lcmhalgen/LCMHalTest_DBS/DATABASE_FreeRTOSUART_Hyperterminal_IT/src/Users/jie/Documents/arm-gnu-toolchain-14.3.rel1-darwin-arm64-arm-none-eabi/arm-none-eabi/include/sys/times.h
[E 08:16:11 80392] Creating trap tarball /Users/jie/Documents/workspace/lcmhalgen/LCMHalTest_DBS/DATABASE_FreeRTOSUART_Hyperterminal_IT/trap/cpp/tarballs/Users/jie/Documents/workspace/lcmhalgen/posixGen_Demos/UART_Hyperterminal_IT/STM32CubeIDE/Example/User/syscalls.c.1ee7e084_0.trap.tar.zst
[E 08:16:11 80392] Emitting trap files for ../Example/User/syscalls.c
[E 08:16:11 80392] Opening existencedb in /Users/jie/Documents/workspace/lcmhalgen/LCMHalTest_DBS/DATABASE_FreeRTOSUART_Hyperterminal_IT/working/existencedb/db
[E 08:16:11 80392] Wrote 45 files to /Users/jie/Documents/workspace/lcmhalgen/LCMHalTest_DBS/DATABASE_FreeRTOSUART_Hyperterminal_IT/trap/cpp/tarballs/Users/jie/Documents/workspace/lcmhalgen/posixGen_Demos/UART_Hyperterminal_IT/STM32CubeIDE/Example/User/syscalls.c.1ee7e084_0.trap.tar.zst
[E 08:16:11 80392] Finished compilation TRAP /Users/jie/Documents/workspace/lcmhalgen/LCMHalTest_DBS/DATABASE_FreeRTOSUART_Hyperterminal_IT/trap/cpp/compilations/15/5495193_0.trap.zst
[E 08:16:11 80392] Marking C compilation as happened.
[E 08:16:11 80392] Setting tag c-compilation-happened
[E 08:16:11 80392] Starting from CODEQL_TRACER_DB_ID 0000000000013A00_0000000000000001
[E 08:16:11 80392] Locking DB /Users/jie/Documents/workspace/lcmhalgen/LCMHalTest_DBS/DATABASE_FreeRTOSUART_Hyperterminal_IT/working/tags.db
[E 08:16:11 80392] Locked DB /Users/jie/Documents/workspace/lcmhalgen/LCMHalTest_DBS/DATABASE_FreeRTOSUART_Hyperterminal_IT/working/tags.db
[E 08:16:11 80392] Set tag for 0000000000013A00_0000000000000001
[E 08:16:11 80392] Set tag for 00000000000139E8_0000000000000003
[E 08:16:11 80392] Set tag for 00000000000139E8_0000000000000002
[E 08:16:11 80392] Set tag for 00000000000139E8_0000000000000001
[E 08:16:11 80392] Set tag for 0000000000013827_0000000000000002
[E 08:16:11 80392] Set tag for 0000000000013827_0000000000000001
[E 08:16:11 80392] Set tag for 00000000000137DE_0000000000000003
[E 08:16:11 80392] Set tag for 00000000000137DE_0000000000000002
[E 08:16:11 80392] Set tag for root
[E 08:16:11 80392] Unlocking DB
[E 08:16:11 80392] Unlocked DB
[E 08:16:11 80392] Extractor exited successfully
[T 08:16:11 80384] Extractor /opt/homebrew/Caskroom/codeql/2.23.0/codeql/cpp/tools/osx64/extractor terminated with exit code 0.
[T 08:16:11 80431] Initializing tracer.
[T 08:16:11 80431] Initializing tags.
[T 08:16:11 80431] ID set to 0000000000013A2F_0000000000000001 (parent 00000000000139E8_0000000000000003)
[T 08:16:11 80431] ==== Candidate to intercept: /Users/jie/Documents/arm-gnu-toolchain-14.3.rel1-darwin-arm64-arm-none-eabi/bin/../lib/gcc/arm-none-eabi/14.3.1/../../../../arm-none-eabi/bin/as (canonical: /Users/jie/Documents/arm-gnu-toolchain-14.3.rel1-darwin-arm64-arm-none-eabi/arm-none-eabi/bin/as) ====
[T 08:16:11 80431] Lua: === Intercepted call to /users/jie/documents/arm-gnu-toolchain-14.3.rel1-darwin-arm64-arm-none-eabi/arm-none-eabi/bin/as ===
[T 08:16:11 80431] Executing the following tracer actions:
[T 08:16:11 80431] Tracer actions:
[T 08:16:11 80431] pre_invocations(0)
[T 08:16:11 80431] post_invocations(1)
[T 08:16:11 80431] invocation: /opt/homebrew/Caskroom/codeql/2.23.0/codeql/cpp/tools/osx64/extractor, args: [--assembler, --codeql-assembler-executable, /users/jie/documents/arm-gnu-toolchain-14.3.rel1-darwin-arm64-arm-none-eabi/arm-none-eabi/bin/as, -I, ../../Inc, -I, ../../Drivers/CMSIS/Device/ST/STM32F4xx/Include, -I, ../../Drivers/STM32F4xx_HAL_Driver/Inc, -I, ../../Drivers/BSP/STM324xG_EVAL, -I, ../../Drivers/CMSIS/Include, -march=armv7e-m+fp, -mfloat-abi=hard, -mfpu=fpv4-sp-d16, -meabi=5, -o, Example/User/syscalls.o, /var/folders/b3/0hb7dhg16rd56bpwtd8bcnyc0000gn/T//cca7rbCh.s]
[T 08:16:11 80431] trace_languages(1): [cpp]
[T 08:16:11 80433] Attempting to switch stdout/stderr to 4...
[T 08:16:11 80433] Initializing tracer.
[T 08:16:11 80433] Initializing tags.
[T 08:16:11 80433] ID set to 0000000000013A31_0000000000000001 (parent 0000000000013A2F_0000000000000001)
[E 08:16:11 80433] CodeQL C/C++ Extractor 2.23.0
[E 08:16:11 80433] Current directory: /Users/jie/Documents/workspace/lcmhalgen/posixGen_Demos/UART_Hyperterminal_IT/STM32CubeIDE/Release
[E 08:16:11 80433] Command: /opt/homebrew/Caskroom/codeql/2.23.0/codeql/cpp/tools/osx64/extractor --assembler --codeql-assembler-executable /users/jie/documents/arm-gnu-toolchain-14.3.rel1-darwin-arm64-arm-none-eabi/arm-none-eabi/bin/as -I ../../Inc -I ../../Drivers/CMSIS/Device/ST/STM32F4xx/Include -I ../../Drivers/STM32F4xx_HAL_Driver/Inc -I ../../Drivers/BSP/STM324xG_EVAL -I ../../Drivers/CMSIS/Include '-march=armv7e-m+fp' -mfloat-abi=hard -mfpu=fpv4-sp-d16 -meabi=5 -o Example/User/syscalls.o /var/folders/b3/0hb7dhg16rd56bpwtd8bcnyc0000gn/T//cca7rbCh.s
[E 08:16:11 80433] Extractor exited after mimicking assembler
[T 08:16:11 80431] Extractor /opt/homebrew/Caskroom/codeql/2.23.0/codeql/cpp/tools/osx64/extractor terminated with exit code 0.
[T 08:16:11 80434] Attempting to switch stdout/stderr to 4...
[T 08:16:11 80434] Initializing tracer.
[T 08:16:11 80434] Initializing tags.
[T 08:16:11 80434] ID set to 0000000000013A32_0000000000000001 (parent 00000000000139E8_0000000000000003)
[E 08:16:11 80434] CodeQL C/C++ Extractor 2.23.0
[E 08:16:11 80434] Current directory: /Users/jie/Documents/workspace/lcmhalgen/posixGen_Demos/UART_Hyperterminal_IT/STM32CubeIDE/Release
[E 08:16:11 80434] Command: /opt/homebrew/Caskroom/codeql/2.23.0/codeql/cpp/tools/osx64/extractor --mimic /users/jie/documents/arm-gnu-toolchain-14.3.rel1-darwin-arm64-arm-none-eabi/bin/arm-none-eabi-gcc ../Example/User/syscalls.c -mcpu=cortex-m4 -std=gnu11 -DUSE_STM324xG_EVAL -DSTM32F407xx -DUSE_HAL_DRIVER -c -I../../Inc -I../../Drivers/CMSIS/Device/ST/STM32F4xx/Include -I../../Drivers/STM32F4xx_HAL_Driver/Inc -I../../Drivers/BSP/STM324xG_EVAL -I../../Drivers/CMSIS/Include -Os -ffunction-sections -fdata-sections -Wall -fstack-usage -MMD -MP -MFExample/User/syscalls.d -MTExample/User/syscalls.o --specs=nano.specs -mfpu=fpv4-sp-d16 -mfloat-abi=hard -mthumb -o Example/User/syscalls.o
[E 08:16:11 80434] Warning: Unrecognized command line argument --specs=nano.specs
[E 08:16:11 80434] Checking whether C compilation already happened.
[E 08:16:11 80434] Checking for tag c-compilation-happened
[E 08:16:11 80434] Checking CODEQL_TRACER_DB_ID 00000000000139E8_0000000000000003
[E 08:16:11 80434] Locking DB /Users/jie/Documents/workspace/lcmhalgen/LCMHalTest_DBS/DATABASE_FreeRTOSUART_Hyperterminal_IT/working/tags.db
[E 08:16:11 80434] Locked DB /Users/jie/Documents/workspace/lcmhalgen/LCMHalTest_DBS/DATABASE_FreeRTOSUART_Hyperterminal_IT/working/tags.db
[E 08:16:11 80434] Unlocking DB
[E 08:16:11 80434] Unlocked DB
[E 08:16:11 80434] Exiting as C compilation already happened.
[T 08:16:11 80360] Extractor /opt/homebrew/Caskroom/codeql/2.23.0/codeql/cpp/tools/osx64/extractor terminated with exit code 0.
[T 08:16:11 80437] Initializing tracer.
[T 08:16:11 80437] Initializing tags.
[T 08:16:11 80437] ID set to 0000000000013A35_0000000000000001 (parent 0000000000013827_0000000000000002)
[T 08:16:11 80437] ==== Candidate to intercept: /bin/sh (canonical: /bin/sh) ====
[T 08:16:11 80437] Executing the following tracer actions:
[T 08:16:11 80437] Tracer actions:
[T 08:16:11 80437] pre_invocations(0)
[T 08:16:11 80437] post_invocations(0)
[T 08:16:11 80437] trace_languages(1): [cpp]
[T 08:16:11 80437] Initializing tracer.
[T 08:16:11 80437] Initializing tags.
[T 08:16:11 80437] ID set to 0000000000013A35_0000000000000002 (parent 0000000000013A35_0000000000000001)
[T 08:16:11 80437] ==== Candidate to intercept: /bin/bash (canonical: /bin/bash) ====
[T 08:16:11 80437] Executing the following tracer actions:
[T 08:16:11 80437] Tracer actions:
[T 08:16:11 80437] pre_invocations(0)
[T 08:16:11 80437] post_invocations(0)
[T 08:16:11 80437] trace_languages(1): [cpp]
[T 08:16:11 80437] Initializing tracer.
[T 08:16:11 80437] Initializing tags.
[T 08:16:11 80437] ID set to 0000000000013A35_0000000000000003 (parent 0000000000013A35_0000000000000002)
[T 08:16:11 80437] ==== Candidate to intercept: /Users/jie/Documents/arm-gnu-toolchain-14.3.rel1-darwin-arm64-arm-none-eabi/bin/arm-none-eabi-gcc (canonical: /Users/jie/Documents/arm-gnu-toolchain-14.3.rel1-darwin-arm64-arm-none-eabi/bin/arm-none-eabi-gcc) ====
[T 08:16:11 80437] Lua: === Intercepted call to /users/jie/documents/arm-gnu-toolchain-14.3.rel1-darwin-arm64-arm-none-eabi/bin/arm-none-eabi-gcc ===
[T 08:16:11 80437] Executing the following tracer actions:
[T 08:16:11 80437] Tracer actions:
[T 08:16:11 80437] pre_invocations(0)
[T 08:16:11 80437] post_invocations(1)
[T 08:16:11 80437] invocation: /opt/homebrew/Caskroom/codeql/2.23.0/codeql/cpp/tools/osx64/extractor, args: [--mimic, /users/jie/documents/arm-gnu-toolchain-14.3.rel1-darwin-arm64-arm-none-eabi/bin/arm-none-eabi-gcc, ../Example/User/sysmem.c, -mcpu=cortex-m4, -std=gnu11, -DUSE_STM324xG_EVAL, -DSTM32F407xx, -DUSE_HAL_DRIVER, -c, -I../../Inc, -I../../Drivers/CMSIS/Device/ST/STM32F4xx/Include, -I../../Drivers/STM32F4xx_HAL_Driver/Inc, -I../../Drivers/BSP/STM324xG_EVAL, -I../../Drivers/CMSIS/Include, -Os, -ffunction-sections, -fdata-sections, -Wall, -fstack-usage, -MMD, -MP, -MFExample/User/sysmem.d, -MTExample/User/sysmem.o, --specs=nano.specs, -mfpu=fpv4-sp-d16, -mfloat-abi=hard, -mthumb, -o, Example/User/sysmem.o]
[T 08:16:11 80437] trace_languages(1): [cpp]
[T 08:16:11 80451] Initializing tracer.
[T 08:16:11 80451] Initializing tags.
[T 08:16:11 80451] ID set to 0000000000013A43_0000000000000001 (parent 0000000000013A35_0000000000000003)
[T 08:16:11 80451] ==== Candidate to intercept: /Users/jie/Documents/arm-gnu-toolchain-14.3.rel1-darwin-arm64-arm-none-eabi/bin/../libexec/gcc/arm-none-eabi/14.3.1/cc1 (canonical: /Users/jie/Documents/arm-gnu-toolchain-14.3.rel1-darwin-arm64-arm-none-eabi/libexec/gcc/arm-none-eabi/14.3.1/cc1) ====
[T 08:16:11 80451] Lua: === Intercepted call to /users/jie/documents/arm-gnu-toolchain-14.3.rel1-darwin-arm64-arm-none-eabi/libexec/gcc/arm-none-eabi/14.3.1/cc1 ===
[T 08:16:11 80451] Executing the following tracer actions:
[T 08:16:11 80451] Tracer actions:
[T 08:16:11 80451] pre_invocations(0)
[T 08:16:11 80451] post_invocations(1)
[T 08:16:11 80451] invocation: /opt/homebrew/Caskroom/codeql/2.23.0/codeql/cpp/tools/osx64/extractor, args: [--mimic, /users/jie/documents/arm-gnu-toolchain-14.3.rel1-darwin-arm64-arm-none-eabi/libexec/gcc/arm-none-eabi/14.3.1/cc1, -isystem, =/include/newlib-nano, -quiet, -I, ../../Inc, -I, ../../Drivers/CMSIS/Device/ST/STM32F4xx/Include, -I, ../../Drivers/STM32F4xx_HAL_Driver/Inc, -I, ../../Drivers/BSP/STM324xG_EVAL, -I, ../../Drivers/CMSIS/Include, -imultilib, thumb/v7e-m+fp/hard, -iprefix, /Users/jie/Documents/arm-gnu-toolchain-14.3.rel1-darwin-arm64-arm-none-eabi/bin/../lib/gcc/arm-none-eabi/14.3.1/, -isysroot, /Users/jie/Documents/arm-gnu-toolchain-14.3.rel1-darwin-arm64-arm-none-eabi/bin/../arm-none-eabi, -MMD, Example/User/sysmem.d, -MF, Example/User/sysmem.d, -MP, -MT, Example/User/sysmem.o, -D__USES_INITFINI__, -D, USE_STM324xG_EVAL, -D, STM32F407xx, -D, USE_HAL_DRIVER, ../Example/User/sysmem.c, -quiet, -dumpdir, Example/User/, -dumpbase, sysmem.c, -dumpbase-ext, .c, -mcpu=cortex-m4, -mfpu=fpv4-sp-d16, -mfloat-abi=hard, -mthumb, -mlibarch=armv7e-m+fp, -march=armv7e-m+fp, -Os, -Wall, -std=gnu11, -ffunction-sections, -fdata-sections, -fstack-usage, -o, /var/folders/b3/0hb7dhg16rd56bpwtd8bcnyc0000gn/T//ccrKyhmc.s]
[T 08:16:11 80451] trace_languages(1): [cpp]
[T 08:16:11 80454] Attempting to switch stdout/stderr to 4...
[T 08:16:11 80454] Initializing tracer.
[T 08:16:11 80454] Initializing tags.
[T 08:16:12 80454] ID set to 0000000000013A46_0000000000000001 (parent 0000000000013A43_0000000000000001)
[E 08:16:12 80454] CodeQL C/C++ Extractor 2.23.0
[E 08:16:12 80454] Current directory: /Users/jie/Documents/workspace/lcmhalgen/posixGen_Demos/UART_Hyperterminal_IT/STM32CubeIDE/Release
[E 08:16:12 80454] Command: /opt/homebrew/Caskroom/codeql/2.23.0/codeql/cpp/tools/osx64/extractor --mimic /users/jie/documents/arm-gnu-toolchain-14.3.rel1-darwin-arm64-arm-none-eabi/libexec/gcc/arm-none-eabi/14.3.1/cc1 -isystem '=/include/newlib-nano' -quiet -I ../../Inc -I ../../Drivers/CMSIS/Device/ST/STM32F4xx/Include -I ../../Drivers/STM32F4xx_HAL_Driver/Inc -I ../../Drivers/BSP/STM324xG_EVAL -I ../../Drivers/CMSIS/Include -imultilib 'thumb/v7e-m+fp/hard' -iprefix /Users/jie/Documents/arm-gnu-toolchain-14.3.rel1-darwin-arm64-arm-none-eabi/bin/../lib/gcc/arm-none-eabi/14.3.1/ -isysroot /Users/jie/Documents/arm-gnu-toolchain-14.3.rel1-darwin-arm64-arm-none-eabi/bin/../arm-none-eabi -MMD Example/User/sysmem.d -MF Example/User/sysmem.d -MP -MT Example/User/sysmem.o -D__USES_INITFINI__ -D USE_STM324xG_EVAL -D STM32F407xx -D USE_HAL_DRIVER ../Example/User/sysmem.c -quiet -dumpdir Example/User/ -dumpbase sysmem.c -dumpbase-ext .c -mcpu=cortex-m4 -mfpu=fpv4-sp-d16 -mfloat-abi=hard -mthumb '-mlibarch=armv7e-m+fp' '-march=armv7e-m+fp' -Os -Wall -std=gnu11 -ffunction-sections -fdata-sections -fstack-usage -o /var/folders/b3/0hb7dhg16rd56bpwtd8bcnyc0000gn/T//ccrKyhmc.s
[E 08:16:12 80454] Checking whether C compilation already happened.
[E 08:16:12 80454] Checking for tag c-compilation-happened
[E 08:16:12 80454] Checking CODEQL_TRACER_DB_ID 0000000000013A43_0000000000000001
[E 08:16:12 80454] Locking DB /Users/jie/Documents/workspace/lcmhalgen/LCMHalTest_DBS/DATABASE_FreeRTOSUART_Hyperterminal_IT/working/tags.db
[E 08:16:12 80454] Locked DB /Users/jie/Documents/workspace/lcmhalgen/LCMHalTest_DBS/DATABASE_FreeRTOSUART_Hyperterminal_IT/working/tags.db
[E 08:16:12 80454] Unlocking DB
[E 08:16:12 80454] Unlocked DB
[E 08:16:12 80454] Looks like C compilation didn't already happen.
[E 08:16:12 80454] Checking whether C compilation has been attempted.
[E 08:16:12 80454] Checking for tag c-compilation-attempted
[E 08:16:12 80454] Checking CODEQL_TRACER_DB_ID 0000000000013A43_0000000000000001
[E 08:16:12 80454] Locking DB /Users/jie/Documents/workspace/lcmhalgen/LCMHalTest_DBS/DATABASE_FreeRTOSUART_Hyperterminal_IT/working/tags.db
[E 08:16:12 80454] Locked DB /Users/jie/Documents/workspace/lcmhalgen/LCMHalTest_DBS/DATABASE_FreeRTOSUART_Hyperterminal_IT/working/tags.db
[E 08:16:12 80454] Unlocking DB
[E 08:16:12 80454] Unlocked DB
[E 08:16:12 80454] Marking C compilation as attempted.
[E 08:16:12 80454] Setting tag c-compilation-attempted
[E 08:16:12 80454] Starting from CODEQL_TRACER_DB_ID 0000000000013A43_0000000000000001
[E 08:16:12 80454] Locking DB /Users/jie/Documents/workspace/lcmhalgen/LCMHalTest_DBS/DATABASE_FreeRTOSUART_Hyperterminal_IT/working/tags.db
[E 08:16:12 80454] Locked DB /Users/jie/Documents/workspace/lcmhalgen/LCMHalTest_DBS/DATABASE_FreeRTOSUART_Hyperterminal_IT/working/tags.db
[E 08:16:12 80454] Set tag for 0000000000013A43_0000000000000001
[E 08:16:12 80454] Set tag for 0000000000013A35_0000000000000003
[E 08:16:12 80454] Set tag for 0000000000013A35_0000000000000002
[E 08:16:12 80454] Set tag for 0000000000013A35_0000000000000001
[E 08:16:12 80454] Set tag for 0000000000013827_0000000000000002
[E 08:16:12 80454] Set tag for 0000000000013827_0000000000000001
[E 08:16:12 80454] Set tag for 00000000000137DE_0000000000000003
[E 08:16:12 80454] Set tag for 00000000000137DE_0000000000000002
[E 08:16:12 80454] Set tag for root
[E 08:16:12 80454] Unlocking DB
[E 08:16:12 80454] Unlocked DB
[E 08:16:12 80454] Processed command line: /opt/homebrew/Caskroom/codeql/2.23.0/codeql/cpp/tools/osx64/extractor --trapfolder /Users/jie/Documents/workspace/lcmhalgen/LCMHalTest_DBS/DATABASE_FreeRTOSUART_Hyperterminal_IT/trap/cpp --src_archive /Users/jie/Documents/workspace/lcmhalgen/LCMHalTest_DBS/DATABASE_FreeRTOSUART_Hyperterminal_IT/src --object_filename /var/folders/b3/0hb7dhg16rd56bpwtd8bcnyc0000gn/T//ccrKyhmc.s --no_warnings_and_discretionary_errors --error_limit 1000 --disable_system_macros --variadic_macros --incognito --c11 --gcc --gnu_version 140301 --target linux_i686 '-D__DBL_MIN_EXP__=(-1021)' -D__HQ_FBIT__=15 -D__UINT_LEAST16_MAX__=0xffff -D__ARM_SIZEOF_WCHAR_T=4 -D__WCHAR_MAX__=0xffffffffU -D__SFRACT_IBIT__=0 -D__ULFRACT_MIN__=0.0ULR -D__FLT_MIN__=1.1754943508222875e-38F -D__GCC_IEC_559_COMPLEX=0 -D__SIZEOF_LONG__=4 -D__UFRACT_MAX__=0XFFFFP-16UR '-D__UINT_LEAST8_TYPE__=unsigned char' -D__FLT_MAX_EXP__=128 -D__DQ_FBIT__=63 '-D__INTMAX_C(c)=c ## LL' -D__ARM_FEATURE_SAT=1 -D__ULFRACT_FBIT__=32 -D__CHAR_BIT__=8 -D__USQ_IBIT__=0 -D__UINT8_MAX__=0xff -D__ACCUM_FBIT__=15 -D__WINT_MAX__=0xffffffffU '-D__FLT32_MIN_EXP__=(-125)' -D__LONG_WIDTH__=32 -D__USFRACT_FBIT__=8 -D__ORDER_LITTLE_ENDIAN__=1234 -D__SIZE_MAX__=0xffffffffU -D__LACCUM_IBIT__=32 -D__GCC_HAVE_SYNC_COMPARE_AND_SWAP_1=1 -D__GCC_HAVE_SYNC_COMPARE_AND_SWAP_2=1 -D__GCC_HAVE_SYNC_COMPARE_AND_SWAP_4=1 '-D__DBL_DENORM_MIN__=((double)4.9406564584124654e-324L)' -D__GCC_ATOMIC_CHAR_LOCK_FREE=2 -D__GCC_IEC_559=0 -D__FLT32X_DECIMAL_DIG__=17 -D__FLT_EVAL_METHOD__=0 -D__TQ_IBIT__=0 -D__LLACCUM_MAX__=0X7FFFFFFFFFFFFFFFP-31LLK -D__FLT32_HAS_INFINITY__=1 -D__FLT64_DECIMAL_DIG__=17 -D__GCC_ATOMIC_CHAR32_T_LOCK_FREE=2 -D__INTPTR_WIDTH__=32 -D__SIG_ATOMIC_TYPE__=int '-D__DBL_MIN_10_EXP__=(-307)' -D__LFRACT_IBIT__=0 -D__FLT32_HAS_DENORM__=1 -D__USA_FBIT__=16 -D__UINT_FAST8_MAX__=0xffffffffU -D__FLT_HAS_QUIET_NAN__=1 '-D__INT8_C(c)=c' -D__INT_LEAST8_WIDTH__=8 -D__UINT_LEAST64_MAX__=0xffffffffffffffffULL -D__SA_FBIT__=15 -D__APCS_32__=1 -D__SHRT_MAX__=0x7fff '-D__LDBL_MAX__=1.7976931348623157e+308L' -D__FRACT_MAX__=0X7FFFP-15R -D__thumb2__=1 -D__LDBL_IS_IEC_60559__=1 -D__UFRACT_FBIT__=16 -D__ARM_FP=4 -D__UFRACT_MIN__=0.0UR -D__UINT_LEAST8_MAX__=0xff -D__GCC_ATOMIC_BOOL_LOCK_FREE=2 '-D__UINTMAX_TYPE__=long long unsigned int' -D__LLFRACT_EPSILON__=0x1P-63LLR -D__FLT_EVAL_METHOD_TS_18661_3__=0 -D__UINT32_MAX__=0xffffffffUL -D__ULFRACT_MAX__=0XFFFFFFFFP-32ULR -D__TA_IBIT__=64 -D__LDBL_MAX_EXP__=1024 -D__WINT_MIN__=0U -D__ARM_ASM_SYNTAX_UNIFIED__=1 -D__FLT32X_IS_IEC_60559__=1 -D__INT_LEAST16_WIDTH__=16 -D__ULLFRACT_MIN__=0.0ULLR -D__SCHAR_MAX__=0x7f -D__WCHAR_MIN__=0U '-D__INT64_C(c)=c ## LL' '-D__UINT16_C(c)=c' -D__GCC_ATOMIC_POINTER_LOCK_FREE=2 -D__ATOMIC_SEQ_CST=5 -D__FLT32X_MAX_EXP__=1024 -D__SIZEOF_INT__=4 -D__FLT32X_MANT_DIG__=53 -D__USACCUM_IBIT__=8 '-D__INT16_TYPE__=short int' -D__FLT_DIG__=6 '-D__LFRACT_MIN__=(-0.5LR-0.5LR)' -D__HA_IBIT__=8 -D__FLT_EPSILON__=1.1920928955078125e-7F -D__SHRT_WIDTH__=16 -D__FLT32_IS_IEC_60559__=1 -D__USFRACT_IBIT__=0 -D__LDBL_MIN__=2.2250738585072014e-308L -D__STDC_UTF_16__=1 '-D__FRACT_MIN__=(-0.5R-0.5R)' -D__DA_IBIT__=32 -D__ARM_SIZEOF_MINIMAL_ENUM=1 -D__FLT32X_HAS_INFINITY__=1 -D__UQQ_FBIT__=8 -D__UACCUM_MAX__=0XFFFFFFFFP-16UK -D__DECIMAL_DIG__=17 -D__LFRACT_EPSILON__=0x1P-31LR -D__FLT64_EPSILON__=2.2204460492503131e-16F64 -D__INT16_MAX__=0x7fff -D__ARM_PCS_VFP=1 -D__LDBL_HAS_QUIET_NAN__=1 -D__ULACCUM_IBIT__=32 -D__ARM_FEATURE_FMA=1 -D__FLT64_MANT_DIG__=53 -D__INT_LEAST16_MAX__=0x7fff -D__UACCUM_EPSILON__=0x1P-16UK -D__ULLACCUM_MAX__=0XFFFFFFFFFFFFFFFFP-32ULLK -D__HQ_IBIT__=0 -D__FLT_HAS_DENORM__=1 -D__SIZEOF_LONG_DOUBLE__=8 -D__SA_IBIT__=16 -D__BIGGEST_ALIGNMENT__=8 -D__ARM_FEATURE_IDIV=1 -D__INTPTR_TYPE__=int '-D__SIZE_TYPE__=unsigned int' -D__FLT64_MAX_10_EXP__=308 -D__DBL_DIG__=15 -D__ULLACCUM_FBIT__=32 -D__DBL_IS_IEC_60559__=1 -D__DQ_IBIT__=0 '-D__DBL_MAX__=((double)1.7976931348623157e+308L)' -D__ULFRACT_IBIT__=0 -D__INT_FAST32_MAX__=0x7fffffff -D__DBL_HAS_INFINITY__=1 -D__HAVE_SPECULATION_SAFE_VALUE=1 -D__ACCUM_IBIT__=16 -D__THUMB_INTERWORK__=1 -D__UINT_LEAST32_MAX__=0xffffffffUL -D__LACCUM_MAX__=0X7FFFFFFFFFFFFFFFP-31LK -D__FLT32X_HAS_DENORM__=1 -D__INT_FAST16_TYPE__=int -D__LDBL_HAS_DENORM__=1 -D__ARM_FEATURE_LDREX=7 -D__FLT32_DECIMAL_DIG__=9 -D__INT_LEAST32_MAX__=0x7fffffffL -D__ACCUM_MAX__=0X7FFFFFFFP-15K -D__DBL_MAX_EXP__=1024 -D__USACCUM_EPSILON__=0x1P-8UHK -D__WCHAR_WIDTH__=32 '-D__FLT32_MAX__=3.4028234663852886e+38F32' -D__SFRACT_MAX__=0X7FP-7HR -D__FRACT_IBIT__=0 -D__PTRDIFF_MAX__=0x7fffffff -D__UACCUM_MIN__=0.0UK -D__UACCUM_IBIT__=16 '-D__LLACCUM_MIN__=(-0X1P31LLK-0X1P31LLK)' -D__FLT32_HAS_QUIET_NAN__=1 -D__LONG_LONG_MAX__=0x7fffffffffffffffLL -D__ULACCUM_MAX__=0XFFFFFFFFFFFFFFFFP-32ULK -D__SIZEOF_WINT_T__=4 -D__ARM_FEATURE_UNALIGNED=1 -D__LONG_LONG_WIDTH__=64 -D__FLT32_MAX_EXP__=128 -D__ULLACCUM_MIN__=0.0ULLK -D__GXX_ABI_VERSION=1019 -D__UTA_FBIT__=64 -D__UFRACT_IBIT__=0 -D__FLT64_IS_IEC_60559__=1 -D__USQ_FBIT__=32 -D__ARM_FEATURE_QBIT=1 '-D__INT_FAST64_TYPE__=long long int' -D__FP_FAST_FMAF=1 -D__FLT64_DENORM_MIN__=4.9406564584124654e-324F64 '-D__DBL_MIN__=((double)2.2250738585072014e-308L)' -D__SIZEOF_POINTER__=4 -D__DBL_HAS_QUIET_NAN__=1 -D__FLT32X_EPSILON__=2.2204460492503131e-16F32x '-D__FLT64_MIN_EXP__=(-1021)' '-D__LACCUM_MIN__=(-0X1P31LK-0X1P31LK)' -D__FRACT_FBIT__=15 '-D__FLT64_MIN_10_EXP__=(-307)' -D__ULLFRACT_EPSILON__=0x1P-64ULLR -D__REGISTER_PREFIX__= -D__UINT16_MAX__=0xffff -D__DBL_HAS_DENORM__=1 '-D__ACCUM_MIN__=(-0X1P15K-0X1P15K)' -D__SQ_IBIT__=0 '-D__UINT8_TYPE__=unsigned char' -D__UHA_FBIT__=8 '-D__SFRACT_MIN__=(-0.5HR-0.5HR)' -D__UTQ_FBIT__=128 -D__DEC_EVAL_METHOD__=2 -D__FLT_MANT_DIG__=24 -D__LDBL_DECIMAL_DIG__=17 '-D__UINT64_C(c)=c ## ULL' -D__FRACT_EPSILON__=0x1P-15R -D__ULACCUM_MIN__=0.0ULK -D__UDA_FBIT__=32 -D__GCC_ATOMIC_INT_LOCK_FREE=2 '-D__FLT_MIN_EXP__=(-125)' -D__FLOAT_WORD_ORDER__=__ORDER_LITTLE_ENDIAN__ -D__USFRACT_MIN__=0.0UHR -D__FLT32_MANT_DIG__=24 -D__ULLFRACT_FBIT__=64 -D__UQQ_IBIT__=0 -D__SCHAR_WIDTH__=8 '-D__INT32_C(c)=c ## L' -D__ORDER_PDP_ENDIAN__=3412 -D__UHQ_FBIT__=16 -D__LLACCUM_FBIT__=31 -D__INT_FAST32_TYPE__=int '-D__UINT_LEAST16_TYPE__=short unsigned int' -D__UINT64_MAX__=0xffffffffffffffffULL -D__FLT_IS_IEC_60559__=1 -D__UDQ_FBIT__=64 -D__UINT_FAST64_MAX__=0xffffffffffffffffULL '-D__GNUC_WIDE_EXECUTION_CHARSET_NAME="UTF-32LE"' '-D__INT8_TYPE__=signed char' -D__thumb__=1 -D__ELF__=1 -D__SACCUM_EPSILON__=0x1P-7HK -D__ULFRACT_EPSILON__=0x1P-32ULR -D__LLFRACT_FBIT__=63 -D__FLT_RADIX__=2 '-D__INT_LEAST16_TYPE__=short int' -D__ARM_ARCH_PROFILE=77 -D__LDBL_EPSILON__=2.2204460492503131e-16L '-D__UINTMAX_C(c)=c ## ULL' -D__SACCUM_MAX__=0X7FFFP-7HK -D__FLT32X_MIN__=2.2250738585072014e-308F32x -D__SIG_ATOMIC_MAX__=0x7fffffff -D__UACCUM_FBIT__=16 -D__GCC_ATOMIC_WCHAR_T_LOCK_FREE=2 -D__USER_LABEL_PREFIX__= -D__VFP_FP__=1 -D__SIZEOF_PTRDIFF_T__=4 -D__ATOMIC_ACQUIRE=2 -D__INT_WIDTH__=32 -D__OPTIMIZE__=1 -D__LACCUM_EPSILON__=0x1P-31LK -D__LDBL_DIG__=15 '-D__FLT32X_MIN_EXP__=(-1021)' -D__INT_FAST16_MAX__=0x7fffffff -D__GCC_CONSTRUCTIVE_SIZE=64 -D__FLT64_DIG__=15 -D__UINT_FAST32_MAX__=0xffffffffU '-D__UINT_LEAST64_TYPE__=long long unsigned int' -D__SFRACT_EPSILON__=0x1P-7HR -D__GCC_ASM_FLAG_OUTPUTS__=1 -D__FLT_MAX_10_EXP__=38 -D__LONG_MAX__=0x7fffffffL -D__FINITE_MATH_ONLY__=0 -D__SIZEOF_SIZE_T__=4 -D__FLT_HAS_INFINITY__=1 '-D__GNUC_EXECUTION_CHARSET_NAME="UTF-8"' -D__CHAR_UNSIGNED__=1 '-D__UINT_FAST16_TYPE__=unsigned int' -D__ARM_32BIT_STATE=1 -D__INT_FAST32_WIDTH__=32 -D__PRAGMA_REDEFINE_EXTNAME=1 -D__ARMEL__=1 -D__SIZE_WIDTH__=32 -D__INT64_MAX__=0x7fffffffffffffffLL -D__SACCUM_FBIT__=7 -D__FLT32_DENORM_MIN__=1.4012984643248171e-45F32 -D__SIG_ATOMIC_WIDTH__=32 '-D__INT_LEAST64_TYPE__=long long int' -D__ARM_FEATURE_CLZ=1 '-D__INT_LEAST8_TYPE__=signed char' -D__SQ_FBIT__=31 -D__USFRACT_MAX__=0XFFP-8UHR -D__ARM_ARCH_ISA_THUMB=2 -D__INT_FAST8_MAX__=0x7fffffff -D__ARM_ARCH=7 -D__INTPTR_MAX__=0x7fffffff -D__QQ_FBIT__=7 -D__UTA_IBIT__=64 -D__FLT64_HAS_QUIET_NAN__=1 -D__FLT32X_DIG__=15 -D__PTRDIFF_WIDTH__=32 -D__LDBL_MANT_DIG__=53 -D__SFRACT_FBIT__=7 '-D__SACCUM_MIN__=(-0X1P7HK-0X1P7HK)' -D__FLT64_HAS_INFINITY__=1 '-D__SIG_ATOMIC_MIN__=(-__SIG_ATOMIC_MAX__ - 1)' -D__GCC_ATOMIC_LONG_LOCK_FREE=2 '-D__UINT16_TYPE__=short unsigned int' '-D__WCHAR_TYPE__=unsigned int' -D__SIZEOF_FLOAT__=4 -D__THUMBEL__=1 -D__TQ_FBIT__=127 -D__UINTPTR_MAX__=0xffffffffU -D__INT_FAST64_WIDTH__=64 -D__LDBL_HAS_INFINITY__=1 -D__ULLACCUM_IBIT__=32 -D__FLT32_MAX_10_EXP__=38 -D__INT_FAST64_MAX__=0x7fffffffffffffffLL -D__GCC_ATOMIC_TEST_AND_SET_TRUEVAL=1 '-D__FLT_NORM_MAX__=3.4028234663852886e+38F' '-D__UINT_FAST64_TYPE__=long long unsigned int' -D__LACCUM_FBIT__=31 -D__HA_FBIT__=7 -D__UHA_IBIT__=8 '-D__INT64_TYPE__=long long int' -D__UTQ_IBIT__=0 -D__DBL_MANT_DIG__=53 -D__INT_LEAST64_MAX__=0x7fffffffffffffffLL -D__GCC_ATOMIC_CHAR16_T_LOCK_FREE=2 -D__FP_FAST_FMAF32=1 '-D__WINT_TYPE__=unsigned int' '-D__UINT_LEAST32_TYPE__=long unsigned int' -D__SIZEOF_SHORT__=2 -D__ULLFRACT_IBIT__=0 '-D__FLT32_NORM_MAX__=3.4028234663852886e+38F32' '-D__LDBL_MIN_EXP__=(-1021)' -D__GXX_TYPEINFO_EQUALITY_INLINE=0 -D__INTMAX_MAX__=0x7fffffffffffffffLL -D__arm__=1 '-D__FLT64_MAX__=1.7976931348623157e+308F64' -D__UDA_IBIT__=32 -D__INT_MAX__=0x7fffffff -D__WINT_WIDTH__=32 -D__INT_LEAST8_MAX__=0x7f -D__INT_LEAST64_WIDTH__=64 -D__FLT32X_MAX_10_EXP__=308 -D__LLACCUM_EPSILON__=0x1P-31LLK -D__LFRACT_FBIT__=31 -D__LDBL_MAX_10_EXP__=308 -D__ATOMIC_RELAXED=0 '-D__DBL_EPSILON__=((double)2.2204460492503131e-16L)' '-D__INT_LEAST32_TYPE__=long int' -D__ARM_ARCH_7EM__=1 -D__ARM_FEATURE_SIMD32=1 '-D__UINT8_C(c)=c' -D__FLT64_MAX_EXP__=1024 -D__SIZEOF_WCHAR_T__=4 '-D__UINT64_TYPE__=long long unsigned int' -D__OPTIMIZE_SIZE__=1 -D__LLFRACT_MAX__=0X7FFFFFFFFFFFFFFFP-63LLR '-D__FLT64_NORM_MAX__=1.7976931348623157e+308F64' -D__INT_FAST8_TYPE__=int -D__ULLACCUM_EPSILON__=0x1P-32ULLK -D__USACCUM_MAX__=0XFFFFP-8UHK -D__UHQ_IBIT__=0 -D__ARM_FEATURE_COPROC=15 -D__LLACCUM_IBIT__=32 -D__FLT64_HAS_DENORM__=1 -D__FLT32_EPSILON__=1.1920928955078125e-7F32 -D__DBL_DECIMAL_DIG__=17 -D__STDC_UTF_32__=1 -D__INT_FAST8_WIDTH__=32 -D__BYTE_ORDER__=__ORDER_LITTLE_ENDIAN__ '-D__FLT32X_MAX__=1.7976931348623157e+308F32x' -D__TA_FBIT__=63 '-D__DBL_NORM_MAX__=((double)1.7976931348623157e+308L)' -D__USFRACT_EPSILON__=0x1P-8UHR -D__GCC_DESTRUCTIVE_SIZE=64 -D__UDQ_IBIT__=0 -D__INTMAX_WIDTH__=64 -D__ORDER_BIG_ENDIAN__=4321 -D__LFRACT_MAX__=0X7FFFFFFFP-31LR -D__ARM_FEATURE_DSP=1 -D__FLT32_DIG__=6 -D__ACCUM_EPSILON__=0x1P-15K '-D__UINT32_C(c)=c ## UL' -D__QQ_IBIT__=0 -D__LLFRACT_IBIT__=0 -D__INT8_MAX__=0x7f -D__INT32_MAX__=0x7fffffffL '-D__UINT_FAST32_TYPE__=unsigned int' '-D__FLT32X_NORM_MAX__=1.7976931348623157e+308F32x' '-D__FLT32_MIN_10_EXP__=(-37)' '-D__FLT_MAX__=3.4028234663852886e+38F' -D__USACCUM_FBIT__=8 '-D__INT32_TYPE__=long int' -D__SIZEOF_DOUBLE__=8 '-D__FLT_MIN_10_EXP__=(-37)' -D__UFRACT_EPSILON__=0x1P-16UR -D__FLT64_MIN__=2.2250738585072014e-308F64 -D__FLT_DENORM_MIN__=1.4012984643248171e-45F -D__INT_LEAST32_WIDTH__=32 '-D__INTMAX_TYPE__=long long int' -D__FLT32X_HAS_QUIET_NAN__=1 -D__ATOMIC_CONSUME=1 -D__INT_FAST16_WIDTH__=32 -D__UINTMAX_MAX__=0xffffffffffffffffULL -D__FLT32X_DENORM_MIN__=4.9406564584124654e-324F32x -D__ATOMIC_ACQ_REL=4 -D__DBL_MAX_10_EXP__=308 -D__LDBL_DENORM_MIN__=4.9406564584124654e-324L '-D__INT16_C(c)=c' -D__ATOMIC_RELEASE=3 -D__PTRDIFF_TYPE__=int '-D__LLFRACT_MIN__=(-0.5LLR-0.5LLR)' -D__USACCUM_MIN__=0.0UHK -D__FLT32_MIN__=1.1754943508222875e-38F32 -D__DA_FBIT__=31 '-D__UINT32_TYPE__=long unsigned int' '-D__FLT32X_MIN_10_EXP__=(-307)' -D__ARM_ARCH_EXT_IDIV__=1 '-D__UINTPTR_TYPE__=unsigned int' -D__USA_IBIT__=16 -D__ARM_EABI__=1 '-D__LDBL_MIN_10_EXP__=(-307)' -D__SIZEOF_LONG_LONG__=8 -D__ULACCUM_EPSILON__=0x1P-32ULK -D__SACCUM_IBIT__=8 -D__GCC_ATOMIC_LLONG_LOCK_FREE=1 -D__FLT_DECIMAL_DIG__=9 -D__UINT_FAST16_MAX__=0xffffffffU '-D__LDBL_NORM_MAX__=1.7976931348623157e+308L' -D__GCC_ATOMIC_SHORT_LOCK_FREE=2 -D__ULLFRACT_MAX__=0XFFFFFFFFFFFFFFFFP-64ULLR '-D__UINT_FAST8_TYPE__=unsigned int' -D__ULACCUM_FBIT__=32 -D__USES_INITFINI__ -DUSE_STM324xG_EVAL -DSTM32F407xx -DUSE_HAL_DRIVER -I../../Inc -I../../Drivers/CMSIS/Device/ST/STM32F4xx/Include -I../../Drivers/STM32F4xx_HAL_Driver/Inc -I../../Drivers/BSP/STM324xG_EVAL -I../../Drivers/CMSIS/Include -I/Users/jie/Documents/arm-gnu-toolchain-14.3.rel1-darwin-arm64-arm-none-eabi/bin/../arm-none-eabi/include/newlib-nano -I/Users/jie/Documents/arm-gnu-toolchain-14.3.rel1-darwin-arm64-arm-none-eabi/bin/../lib/gcc/arm-none-eabi/14.3.1/include -I/Users/jie/Documents/arm-gnu-toolchain-14.3.rel1-darwin-arm64-arm-none-eabi/bin/../lib/gcc/arm-none-eabi/14.3.1/include-fixed -I/Users/jie/Documents/arm-gnu-toolchain-14.3.rel1-darwin-arm64-arm-none-eabi/bin/../lib/gcc/arm-none-eabi/14.3.1/../../../../arm-none-eabi/include -- ../Example/User/sysmem.c
[E 08:16:12 80454] CODEQL_EXTRACTOR_CPP_TRAP_CACHING is not set
[E 08:16:12 80454] CODEQL_EXTRACTOR_CPP_OPTION_TRAP_CACHE_WRITE is not set
[E 08:16:12 80454] CODEQL_EXTRACTOR_CPP_OPTION_TRAP_CACHE_DIR is not set
[E 08:16:12 80454] Initialising TRAP cache at path: 7a/4d1f/1f82b7f434bac15a1c2015215532
[E 08:16:12 80454] Not using TRAP cache
[E 08:16:12 80454] TRAP cache miss
[E 08:16:12 80454] Starting compilation TRAP /Users/jie/Documents/workspace/lcmhalgen/LCMHalTest_DBS/DATABASE_FreeRTOSUART_Hyperterminal_IT/trap/cpp/compilations/31/24241532_0.trap.zst
[E 08:16:12 80454] Archiving /Users/jie/Documents/workspace/lcmhalgen/LCMHalTest_DBS/DATABASE_FreeRTOSUART_Hyperterminal_IT/src/Users/jie/Documents/workspace/lcmhalgen/posixGen_Demos/UART_Hyperterminal_IT/STM32CubeIDE/Example/User/sysmem.c
[E 08:16:12 80454] Already archived /Users/jie/Documents/workspace/lcmhalgen/LCMHalTest_DBS/DATABASE_FreeRTOSUART_Hyperterminal_IT/src/Users/jie/Documents/arm-gnu-toolchain-14.3.rel1-darwin-arm64-arm-none-eabi/arm-none-eabi/include/errno.h
[E 08:16:12 80454] Already archived /Users/jie/Documents/workspace/lcmhalgen/LCMHalTest_DBS/DATABASE_FreeRTOSUART_Hyperterminal_IT/src/Users/jie/Documents/arm-gnu-toolchain-14.3.rel1-darwin-arm64-arm-none-eabi/arm-none-eabi/include/sys/errno.h
[E 08:16:12 80454] Already archived /Users/jie/Documents/workspace/lcmhalgen/LCMHalTest_DBS/DATABASE_FreeRTOSUART_Hyperterminal_IT/src/Users/jie/Documents/arm-gnu-toolchain-14.3.rel1-darwin-arm64-arm-none-eabi/arm-none-eabi/include/sys/reent.h
[E 08:16:12 80454] Already archived /Users/jie/Documents/workspace/lcmhalgen/LCMHalTest_DBS/DATABASE_FreeRTOSUART_Hyperterminal_IT/src/Users/jie/Documents/arm-gnu-toolchain-14.3.rel1-darwin-arm64-arm-none-eabi/arm-none-eabi/include/_ansi.h
[E 08:16:12 80454] Already archived /Users/jie/Documents/workspace/lcmhalgen/LCMHalTest_DBS/DATABASE_FreeRTOSUART_Hyperterminal_IT/src/Users/jie/Documents/arm-gnu-toolchain-14.3.rel1-darwin-arm64-arm-none-eabi/arm-none-eabi/include/newlib-nano/newlib.h
[E 08:16:12 80454] Already archived /Users/jie/Documents/workspace/lcmhalgen/LCMHalTest_DBS/DATABASE_FreeRTOSUART_Hyperterminal_IT/src/Users/jie/Documents/arm-gnu-toolchain-14.3.rel1-darwin-arm64-arm-none-eabi/arm-none-eabi/include/_newlib_version.h
[E 08:16:12 80454] Already archived /Users/jie/Documents/workspace/lcmhalgen/LCMHalTest_DBS/DATABASE_FreeRTOSUART_Hyperterminal_IT/src/Users/jie/Documents/arm-gnu-toolchain-14.3.rel1-darwin-arm64-arm-none-eabi/arm-none-eabi/include/sys/config.h
[E 08:16:12 80454] Already archived /Users/jie/Documents/workspace/lcmhalgen/LCMHalTest_DBS/DATABASE_FreeRTOSUART_Hyperterminal_IT/src/Users/jie/Documents/arm-gnu-toolchain-14.3.rel1-darwin-arm64-arm-none-eabi/arm-none-eabi/include/machine/ieeefp.h
[E 08:16:12 80454] Already archived /Users/jie/Documents/workspace/lcmhalgen/LCMHalTest_DBS/DATABASE_FreeRTOSUART_Hyperterminal_IT/src/Users/jie/Documents/arm-gnu-toolchain-14.3.rel1-darwin-arm64-arm-none-eabi/arm-none-eabi/include/sys/features.h
[E 08:16:12 80454] Already archived /Users/jie/Documents/workspace/lcmhalgen/LCMHalTest_DBS/DATABASE_FreeRTOSUART_Hyperterminal_IT/src/Users/jie/Documents/arm-gnu-toolchain-14.3.rel1-darwin-arm64-arm-none-eabi/lib/gcc/arm-none-eabi/14.3.1/include/stddef.h
[E 08:16:12 80454] Already archived /Users/jie/Documents/workspace/lcmhalgen/LCMHalTest_DBS/DATABASE_FreeRTOSUART_Hyperterminal_IT/src/Users/jie/Documents/arm-gnu-toolchain-14.3.rel1-darwin-arm64-arm-none-eabi/arm-none-eabi/include/sys/cdefs.h
[E 08:16:12 80454] Already archived /Users/jie/Documents/workspace/lcmhalgen/LCMHalTest_DBS/DATABASE_FreeRTOSUART_Hyperterminal_IT/src/Users/jie/Documents/arm-gnu-toolchain-14.3.rel1-darwin-arm64-arm-none-eabi/arm-none-eabi/include/machine/_default_types.h
[E 08:16:12 80454] Already archived /Users/jie/Documents/workspace/lcmhalgen/LCMHalTest_DBS/DATABASE_FreeRTOSUART_Hyperterminal_IT/src/Users/jie/Documents/arm-gnu-toolchain-14.3.rel1-darwin-arm64-arm-none-eabi/lib/gcc/arm-none-eabi/14.3.1/include/stddef.h
[E 08:16:12 80454] Already archived /Users/jie/Documents/workspace/lcmhalgen/LCMHalTest_DBS/DATABASE_FreeRTOSUART_Hyperterminal_IT/src/Users/jie/Documents/arm-gnu-toolchain-14.3.rel1-darwin-arm64-arm-none-eabi/arm-none-eabi/include/sys/_types.h
[E 08:16:12 80454] Already archived /Users/jie/Documents/workspace/lcmhalgen/LCMHalTest_DBS/DATABASE_FreeRTOSUART_Hyperterminal_IT/src/Users/jie/Documents/arm-gnu-toolchain-14.3.rel1-darwin-arm64-arm-none-eabi/lib/gcc/arm-none-eabi/14.3.1/include/stddef.h
[E 08:16:12 80454] Already archived /Users/jie/Documents/workspace/lcmhalgen/LCMHalTest_DBS/DATABASE_FreeRTOSUART_Hyperterminal_IT/src/Users/jie/Documents/arm-gnu-toolchain-14.3.rel1-darwin-arm64-arm-none-eabi/arm-none-eabi/include/machine/_types.h
[E 08:16:12 80454] Already archived /Users/jie/Documents/workspace/lcmhalgen/LCMHalTest_DBS/DATABASE_FreeRTOSUART_Hyperterminal_IT/src/Users/jie/Documents/arm-gnu-toolchain-14.3.rel1-darwin-arm64-arm-none-eabi/arm-none-eabi/include/sys/lock.h
[E 08:16:12 80454] Already archived /Users/jie/Documents/workspace/lcmhalgen/LCMHalTest_DBS/DATABASE_FreeRTOSUART_Hyperterminal_IT/src/Users/jie/Documents/arm-gnu-toolchain-14.3.rel1-darwin-arm64-arm-none-eabi/arm-none-eabi/include/assert.h
[E 08:16:12 80454] Already archived /Users/jie/Documents/workspace/lcmhalgen/LCMHalTest_DBS/DATABASE_FreeRTOSUART_Hyperterminal_IT/src/Users/jie/Documents/arm-gnu-toolchain-14.3.rel1-darwin-arm64-arm-none-eabi/lib/gcc/arm-none-eabi/14.3.1/include/stdint.h
[E 08:16:12 80454] Already archived /Users/jie/Documents/workspace/lcmhalgen/LCMHalTest_DBS/DATABASE_FreeRTOSUART_Hyperterminal_IT/src/Users/jie/Documents/arm-gnu-toolchain-14.3.rel1-darwin-arm64-arm-none-eabi/arm-none-eabi/include/stdint.h
[E 08:16:12 80454] Already archived /Users/jie/Documents/workspace/lcmhalgen/LCMHalTest_DBS/DATABASE_FreeRTOSUART_Hyperterminal_IT/src/Users/jie/Documents/arm-gnu-toolchain-14.3.rel1-darwin-arm64-arm-none-eabi/arm-none-eabi/include/sys/_intsup.h
[E 08:16:12 80454] Already archived /Users/jie/Documents/workspace/lcmhalgen/LCMHalTest_DBS/DATABASE_FreeRTOSUART_Hyperterminal_IT/src/Users/jie/Documents/arm-gnu-toolchain-14.3.rel1-darwin-arm64-arm-none-eabi/arm-none-eabi/include/sys/_stdint.h
[E 08:16:12 80454] Creating trap tarball /Users/jie/Documents/workspace/lcmhalgen/LCMHalTest_DBS/DATABASE_FreeRTOSUART_Hyperterminal_IT/trap/cpp/tarballs/Users/jie/Documents/workspace/lcmhalgen/posixGen_Demos/UART_Hyperterminal_IT/STM32CubeIDE/Example/User/sysmem.c.77151408_0.trap.tar.zst
[E 08:16:12 80454] Emitting trap files for ../Example/User/sysmem.c
[E 08:16:12 80454] Opening existencedb in /Users/jie/Documents/workspace/lcmhalgen/LCMHalTest_DBS/DATABASE_FreeRTOSUART_Hyperterminal_IT/working/existencedb/db
[E 08:16:12 80454] Wrote 2 files to /Users/jie/Documents/workspace/lcmhalgen/LCMHalTest_DBS/DATABASE_FreeRTOSUART_Hyperterminal_IT/trap/cpp/tarballs/Users/jie/Documents/workspace/lcmhalgen/posixGen_Demos/UART_Hyperterminal_IT/STM32CubeIDE/Example/User/sysmem.c.77151408_0.trap.tar.zst
[E 08:16:12 80454] Finished compilation TRAP /Users/jie/Documents/workspace/lcmhalgen/LCMHalTest_DBS/DATABASE_FreeRTOSUART_Hyperterminal_IT/trap/cpp/compilations/31/24241532_0.trap.zst
[E 08:16:12 80454] Marking C compilation as happened.
[E 08:16:12 80454] Setting tag c-compilation-happened
[E 08:16:12 80454] Starting from CODEQL_TRACER_DB_ID 0000000000013A43_0000000000000001
[E 08:16:12 80454] Locking DB /Users/jie/Documents/workspace/lcmhalgen/LCMHalTest_DBS/DATABASE_FreeRTOSUART_Hyperterminal_IT/working/tags.db
[E 08:16:12 80454] Locked DB /Users/jie/Documents/workspace/lcmhalgen/LCMHalTest_DBS/DATABASE_FreeRTOSUART_Hyperterminal_IT/working/tags.db
[E 08:16:12 80454] Set tag for 0000000000013A43_0000000000000001
[E 08:16:12 80454] Set tag for 0000000000013A35_0000000000000003
[E 08:16:12 80454] Set tag for 0000000000013A35_0000000000000002
[E 08:16:12 80454] Set tag for 0000000000013A35_0000000000000001
[E 08:16:12 80454] Set tag for 0000000000013827_0000000000000002
[E 08:16:12 80454] Set tag for 0000000000013827_0000000000000001
[E 08:16:12 80454] Set tag for 00000000000137DE_0000000000000003
[E 08:16:12 80454] Set tag for 00000000000137DE_0000000000000002
[E 08:16:12 80454] Set tag for root
[E 08:16:12 80454] Unlocking DB
[E 08:16:12 80454] Unlocked DB
[E 08:16:12 80454] Extractor exited successfully
[T 08:16:12 80451] Extractor /opt/homebrew/Caskroom/codeql/2.23.0/codeql/cpp/tools/osx64/extractor terminated with exit code 0.
[T 08:16:12 80464] Initializing tracer.
[T 08:16:12 80464] Initializing tags.
[T 08:16:12 80464] ID set to 0000000000013A50_0000000000000001 (parent 0000000000013A35_0000000000000003)
[T 08:16:12 80464] ==== Candidate to intercept: /Users/jie/Documents/arm-gnu-toolchain-14.3.rel1-darwin-arm64-arm-none-eabi/bin/../lib/gcc/arm-none-eabi/14.3.1/../../../../arm-none-eabi/bin/as (canonical: /Users/jie/Documents/arm-gnu-toolchain-14.3.rel1-darwin-arm64-arm-none-eabi/arm-none-eabi/bin/as) ====
[T 08:16:12 80464] Lua: === Intercepted call to /users/jie/documents/arm-gnu-toolchain-14.3.rel1-darwin-arm64-arm-none-eabi/arm-none-eabi/bin/as ===
[T 08:16:12 80464] Executing the following tracer actions:
[T 08:16:12 80464] Tracer actions:
[T 08:16:12 80464] pre_invocations(0)
[T 08:16:12 80464] post_invocations(1)
[T 08:16:12 80464] invocation: /opt/homebrew/Caskroom/codeql/2.23.0/codeql/cpp/tools/osx64/extractor, args: [--assembler, --codeql-assembler-executable, /users/jie/documents/arm-gnu-toolchain-14.3.rel1-darwin-arm64-arm-none-eabi/arm-none-eabi/bin/as, -I, ../../Inc, -I, ../../Drivers/CMSIS/Device/ST/STM32F4xx/Include, -I, ../../Drivers/STM32F4xx_HAL_Driver/Inc, -I, ../../Drivers/BSP/STM324xG_EVAL, -I, ../../Drivers/CMSIS/Include, -march=armv7e-m+fp, -mfloat-abi=hard, -mfpu=fpv4-sp-d16, -meabi=5, -o, Example/User/sysmem.o, /var/folders/b3/0hb7dhg16rd56bpwtd8bcnyc0000gn/T//ccrKyhmc.s]
[T 08:16:12 80464] trace_languages(1): [cpp]
[T 08:16:12 80466] Attempting to switch stdout/stderr to 4...
[T 08:16:12 80466] Initializing tracer.
[T 08:16:12 80466] Initializing tags.
[T 08:16:12 80466] ID set to 0000000000013A52_0000000000000001 (parent 0000000000013A50_0000000000000001)
[E 08:16:12 80466] CodeQL C/C++ Extractor 2.23.0
[E 08:16:12 80466] Current directory: /Users/jie/Documents/workspace/lcmhalgen/posixGen_Demos/UART_Hyperterminal_IT/STM32CubeIDE/Release
[E 08:16:12 80466] Command: /opt/homebrew/Caskroom/codeql/2.23.0/codeql/cpp/tools/osx64/extractor --assembler --codeql-assembler-executable /users/jie/documents/arm-gnu-toolchain-14.3.rel1-darwin-arm64-arm-none-eabi/arm-none-eabi/bin/as -I ../../Inc -I ../../Drivers/CMSIS/Device/ST/STM32F4xx/Include -I ../../Drivers/STM32F4xx_HAL_Driver/Inc -I ../../Drivers/BSP/STM324xG_EVAL -I ../../Drivers/CMSIS/Include '-march=armv7e-m+fp' -mfloat-abi=hard -mfpu=fpv4-sp-d16 -meabi=5 -o Example/User/sysmem.o /var/folders/b3/0hb7dhg16rd56bpwtd8bcnyc0000gn/T//ccrKyhmc.s
[E 08:16:12 80466] Extractor exited after mimicking assembler
[T 08:16:12 80464] Extractor /opt/homebrew/Caskroom/codeql/2.23.0/codeql/cpp/tools/osx64/extractor terminated with exit code 0.
[T 08:16:12 80477] Attempting to switch stdout/stderr to 4...
[T 08:16:12 80477] Initializing tracer.
[T 08:16:12 80477] Initializing tags.
[T 08:16:12 80477] ID set to 0000000000013A5D_0000000000000001 (parent 0000000000013A35_0000000000000003)
[E 08:16:12 80477] CodeQL C/C++ Extractor 2.23.0
[E 08:16:12 80477] Current directory: /Users/jie/Documents/workspace/lcmhalgen/posixGen_Demos/UART_Hyperterminal_IT/STM32CubeIDE/Release
[E 08:16:12 80477] Command: /opt/homebrew/Caskroom/codeql/2.23.0/codeql/cpp/tools/osx64/extractor --mimic /users/jie/documents/arm-gnu-toolchain-14.3.rel1-darwin-arm64-arm-none-eabi/bin/arm-none-eabi-gcc ../Example/User/sysmem.c -mcpu=cortex-m4 -std=gnu11 -DUSE_STM324xG_EVAL -DSTM32F407xx -DUSE_HAL_DRIVER -c -I../../Inc -I../../Drivers/CMSIS/Device/ST/STM32F4xx/Include -I../../Drivers/STM32F4xx_HAL_Driver/Inc -I../../Drivers/BSP/STM324xG_EVAL -I../../Drivers/CMSIS/Include -Os -ffunction-sections -fdata-sections -Wall -fstack-usage -MMD -MP -MFExample/User/sysmem.d -MTExample/User/sysmem.o --specs=nano.specs -mfpu=fpv4-sp-d16 -mfloat-abi=hard -mthumb -o Example/User/sysmem.o
[E 08:16:12 80477] Warning: Unrecognized command line argument --specs=nano.specs
[E 08:16:12 80477] Checking whether C compilation already happened.
[E 08:16:12 80477] Checking for tag c-compilation-happened
[E 08:16:12 80477] Checking CODEQL_TRACER_DB_ID 0000000000013A35_0000000000000003
[E 08:16:12 80477] Locking DB /Users/jie/Documents/workspace/lcmhalgen/LCMHalTest_DBS/DATABASE_FreeRTOSUART_Hyperterminal_IT/working/tags.db
[E 08:16:12 80477] Locked DB /Users/jie/Documents/workspace/lcmhalgen/LCMHalTest_DBS/DATABASE_FreeRTOSUART_Hyperterminal_IT/working/tags.db
[E 08:16:12 80477] Unlocking DB
[E 08:16:12 80477] Unlocked DB
[E 08:16:12 80477] Exiting as C compilation already happened.
[T 08:16:12 80437] Extractor /opt/homebrew/Caskroom/codeql/2.23.0/codeql/cpp/tools/osx64/extractor terminated with exit code 0.
[T 08:16:12 80490] Initializing tracer.
[T 08:16:12 80490] Initializing tags.
[T 08:16:12 80490] ID set to 0000000000013A6A_0000000000000001 (parent 0000000000013827_0000000000000002)
[T 08:16:12 80490] ==== Candidate to intercept: /bin/sh (canonical: /bin/sh) ====
[T 08:16:12 80490] Executing the following tracer actions:
[T 08:16:12 80490] Tracer actions:
[T 08:16:12 80490] pre_invocations(0)
[T 08:16:12 80490] post_invocations(0)
[T 08:16:12 80490] trace_languages(1): [cpp]
[T 08:16:12 80490] Initializing tracer.
[T 08:16:12 80490] Initializing tags.
[T 08:16:12 80490] ID set to 0000000000013A6A_0000000000000002 (parent 0000000000013A6A_0000000000000001)
[T 08:16:12 80490] ==== Candidate to intercept: /bin/bash (canonical: /bin/bash) ====
[T 08:16:12 80490] Executing the following tracer actions:
[T 08:16:12 80490] Tracer actions:
[T 08:16:12 80490] pre_invocations(0)
[T 08:16:12 80490] post_invocations(0)
[T 08:16:12 80490] trace_languages(1): [cpp]
[T 08:16:12 80490] Initializing tracer.
[T 08:16:12 80490] Initializing tags.
[T 08:16:12 80490] ID set to 0000000000013A6A_0000000000000003 (parent 0000000000013A6A_0000000000000002)
[T 08:16:12 80490] ==== Candidate to intercept: /Users/jie/Documents/arm-gnu-toolchain-14.3.rel1-darwin-arm64-arm-none-eabi/bin/arm-none-eabi-gcc (canonical: /Users/jie/Documents/arm-gnu-toolchain-14.3.rel1-darwin-arm64-arm-none-eabi/bin/arm-none-eabi-gcc) ====
[T 08:16:12 80490] Lua: === Intercepted call to /users/jie/documents/arm-gnu-toolchain-14.3.rel1-darwin-arm64-arm-none-eabi/bin/arm-none-eabi-gcc ===
[T 08:16:12 80490] Executing the following tracer actions:
[T 08:16:12 80490] Tracer actions:
[T 08:16:12 80490] pre_invocations(0)
[T 08:16:12 80490] post_invocations(1)
[T 08:16:12 80490] invocation: /opt/homebrew/Caskroom/codeql/2.23.0/codeql/cpp/tools/osx64/extractor, args: [--mimic, /users/jie/documents/arm-gnu-toolchain-14.3.rel1-darwin-arm64-arm-none-eabi/bin/arm-none-eabi-gcc, -mcpu=cortex-m4, -c, -x, assembler-with-cpp, -MMD, -MP, -MFExample/Startup/startup_stm32f407ighx.d, -MTExample/Startup/startup_stm32f407ighx.o, --specs=nano.specs, -mfpu=fpv4-sp-d16, -mfloat-abi=hard, -mthumb, -o, Example/Startup/startup_stm32f407ighx.o, ../Example/Startup/startup_stm32f407ighx.s]
[T 08:16:12 80490] trace_languages(1): [cpp]
[T 08:16:12 80514] Initializing tracer.
[T 08:16:12 80514] Initializing tags.
[T 08:16:12 80514] ID set to 0000000000013A82_0000000000000001 (parent 0000000000013A6A_0000000000000003)
[T 08:16:12 80514] ==== Candidate to intercept: /Users/jie/Documents/arm-gnu-toolchain-14.3.rel1-darwin-arm64-arm-none-eabi/bin/../libexec/gcc/arm-none-eabi/14.3.1/cc1 (canonical: /Users/jie/Documents/arm-gnu-toolchain-14.3.rel1-darwin-arm64-arm-none-eabi/libexec/gcc/arm-none-eabi/14.3.1/cc1) ====
[T 08:16:12 80514] Lua: === Intercepted call to /users/jie/documents/arm-gnu-toolchain-14.3.rel1-darwin-arm64-arm-none-eabi/libexec/gcc/arm-none-eabi/14.3.1/cc1 ===
[T 08:16:12 80514] Executing the following tracer actions:
[T 08:16:12 80514] Tracer actions:
[T 08:16:12 80514] pre_invocations(0)
[T 08:16:12 80514] post_invocations(1)
[T 08:16:12 80514] invocation: /opt/homebrew/Caskroom/codeql/2.23.0/codeql/cpp/tools/osx64/extractor, args: [--mimic, /users/jie/documents/arm-gnu-toolchain-14.3.rel1-darwin-arm64-arm-none-eabi/libexec/gcc/arm-none-eabi/14.3.1/cc1, -E, -lang-asm, -isystem, =/include/newlib-nano, -quiet, -imultilib, thumb/v7e-m+fp/hard, -iprefix, /Users/jie/Documents/arm-gnu-toolchain-14.3.rel1-darwin-arm64-arm-none-eabi/bin/../lib/gcc/arm-none-eabi/14.3.1/, -isysroot, /Users/jie/Documents/arm-gnu-toolchain-14.3.rel1-darwin-arm64-arm-none-eabi/bin/../arm-none-eabi, -MMD, Example/Startup/startup_stm32f407ighx.d, -MF, Example/Startup/startup_stm32f407ighx.d, -MP, -MT, Example/Startup/startup_stm32f407ighx.o, -D__USES_INITFINI__, ../Example/Startup/startup_stm32f407ighx.s, -mcpu=cortex-m4, -mfpu=fpv4-sp-d16, -mfloat-abi=hard, -mthumb, -mlibarch=armv7e-m+fp, -march=armv7e-m+fp, -fno-directives-only, -o, /var/folders/b3/0hb7dhg16rd56bpwtd8bcnyc0000gn/T//ccfNy4WZ.s]
[T 08:16:12 80514] trace_languages(1): [cpp]
[T 08:16:12 80520] Attempting to switch stdout/stderr to 4...
[T 08:16:12 80520] Initializing tracer.
[T 08:16:12 80520] Initializing tags.
[T 08:16:12 80520] ID set to 0000000000013A88_0000000000000001 (parent 0000000000013A82_0000000000000001)
[E 08:16:12 80520] CodeQL C/C++ Extractor 2.23.0
[E 08:16:12 80520] Current directory: /Users/jie/Documents/workspace/lcmhalgen/posixGen_Demos/UART_Hyperterminal_IT/STM32CubeIDE/Release
[E 08:16:12 80520] Command: /opt/homebrew/Caskroom/codeql/2.23.0/codeql/cpp/tools/osx64/extractor --mimic /users/jie/documents/arm-gnu-toolchain-14.3.rel1-darwin-arm64-arm-none-eabi/libexec/gcc/arm-none-eabi/14.3.1/cc1 -E -lang-asm -isystem '=/include/newlib-nano' -quiet -imultilib 'thumb/v7e-m+fp/hard' -iprefix /Users/jie/Documents/arm-gnu-toolchain-14.3.rel1-darwin-arm64-arm-none-eabi/bin/../lib/gcc/arm-none-eabi/14.3.1/ -isysroot /Users/jie/Documents/arm-gnu-toolchain-14.3.rel1-darwin-arm64-arm-none-eabi/bin/../arm-none-eabi -MMD Example/Startup/startup_stm32f407ighx.d -MF Example/Startup/startup_stm32f407ighx.d -MP -MT Example/Startup/startup_stm32f407ighx.o -D__USES_INITFINI__ ../Example/Startup/startup_stm32f407ighx.s -mcpu=cortex-m4 -mfpu=fpv4-sp-d16 -mfloat-abi=hard -mthumb '-mlibarch=armv7e-m+fp' '-march=armv7e-m+fp' -fno-directives-only -o /var/folders/b3/0hb7dhg16rd56bpwtd8bcnyc0000gn/T//ccfNy4WZ.s
[E 08:16:12 80520] Preprocess only; exiting.
[T 08:16:12 80514] Extractor /opt/homebrew/Caskroom/codeql/2.23.0/codeql/cpp/tools/osx64/extractor terminated with exit code 0.
[T 08:16:12 80532] Initializing tracer.
[T 08:16:12 80532] Initializing tags.
[T 08:16:12 80532] ID set to 0000000000013A94_0000000000000001 (parent 0000000000013A6A_0000000000000003)
[T 08:16:12 80532] ==== Candidate to intercept: /Users/jie/Documents/arm-gnu-toolchain-14.3.rel1-darwin-arm64-arm-none-eabi/bin/../lib/gcc/arm-none-eabi/14.3.1/../../../../arm-none-eabi/bin/as (canonical: /Users/jie/Documents/arm-gnu-toolchain-14.3.rel1-darwin-arm64-arm-none-eabi/arm-none-eabi/bin/as) ====
[T 08:16:12 80532] Lua: === Intercepted call to /users/jie/documents/arm-gnu-toolchain-14.3.rel1-darwin-arm64-arm-none-eabi/arm-none-eabi/bin/as ===
[T 08:16:12 80532] Executing the following tracer actions:
[T 08:16:12 80532] Tracer actions:
[T 08:16:12 80532] pre_invocations(0)
[T 08:16:12 80532] post_invocations(1)
[T 08:16:12 80532] invocation: /opt/homebrew/Caskroom/codeql/2.23.0/codeql/cpp/tools/osx64/extractor, args: [--assembler, --codeql-assembler-executable, /users/jie/documents/arm-gnu-toolchain-14.3.rel1-darwin-arm64-arm-none-eabi/arm-none-eabi/bin/as, -march=armv7e-m+fp, -mfloat-abi=hard, -mfpu=fpv4-sp-d16, -meabi=5, -o, Example/Startup/startup_stm32f407ighx.o, /var/folders/b3/0hb7dhg16rd56bpwtd8bcnyc0000gn/T//ccfNy4WZ.s]
[T 08:16:12 80532] trace_languages(1): [cpp]
[T 08:16:12 80534] Attempting to switch stdout/stderr to 4...
[T 08:16:12 80534] Initializing tracer.
[T 08:16:12 80534] Initializing tags.
[T 08:16:12 80534] ID set to 0000000000013A96_0000000000000001 (parent 0000000000013A94_0000000000000001)
[E 08:16:12 80534] CodeQL C/C++ Extractor 2.23.0
[E 08:16:12 80534] Current directory: /Users/jie/Documents/workspace/lcmhalgen/posixGen_Demos/UART_Hyperterminal_IT/STM32CubeIDE/Release
[E 08:16:12 80534] Command: /opt/homebrew/Caskroom/codeql/2.23.0/codeql/cpp/tools/osx64/extractor --assembler --codeql-assembler-executable /users/jie/documents/arm-gnu-toolchain-14.3.rel1-darwin-arm64-arm-none-eabi/arm-none-eabi/bin/as '-march=armv7e-m+fp' -mfloat-abi=hard -mfpu=fpv4-sp-d16 -meabi=5 -o Example/Startup/startup_stm32f407ighx.o /var/folders/b3/0hb7dhg16rd56bpwtd8bcnyc0000gn/T//ccfNy4WZ.s
[E 08:16:12 80534] Extractor exited after mimicking assembler
[T 08:16:12 80532] Extractor /opt/homebrew/Caskroom/codeql/2.23.0/codeql/cpp/tools/osx64/extractor terminated with exit code 0.
[T 08:16:12 80548] Attempting to switch stdout/stderr to 4...
[T 08:16:12 80548] Initializing tracer.
[T 08:16:12 80548] Initializing tags.
[T 08:16:12 80548] ID set to 0000000000013AA4_0000000000000001 (parent 0000000000013A6A_0000000000000003)
[E 08:16:12 80548] CodeQL C/C++ Extractor 2.23.0
[E 08:16:12 80548] Current directory: /Users/jie/Documents/workspace/lcmhalgen/posixGen_Demos/UART_Hyperterminal_IT/STM32CubeIDE/Release
[E 08:16:12 80548] Command: /opt/homebrew/Caskroom/codeql/2.23.0/codeql/cpp/tools/osx64/extractor --mimic /users/jie/documents/arm-gnu-toolchain-14.3.rel1-darwin-arm64-arm-none-eabi/bin/arm-none-eabi-gcc -mcpu=cortex-m4 -c -x assembler-with-cpp -MMD -MP -MFExample/Startup/startup_stm32f407ighx.d -MTExample/Startup/startup_stm32f407ighx.o --specs=nano.specs -mfpu=fpv4-sp-d16 -mfloat-abi=hard -mthumb -o Example/Startup/startup_stm32f407ighx.o ../Example/Startup/startup_stm32f407ighx.s
[E 08:16:12 80548] Warning: Unrecognized command line argument --specs=nano.specs
[E 08:16:12 80548] Checking whether C compilation already happened.
[E 08:16:12 80548] Checking for tag c-compilation-happened
[E 08:16:12 80548] Checking CODEQL_TRACER_DB_ID 0000000000013A6A_0000000000000003
[E 08:16:12 80548] Locking DB /Users/jie/Documents/workspace/lcmhalgen/LCMHalTest_DBS/DATABASE_FreeRTOSUART_Hyperterminal_IT/working/tags.db
[E 08:16:12 80548] Locked DB /Users/jie/Documents/workspace/lcmhalgen/LCMHalTest_DBS/DATABASE_FreeRTOSUART_Hyperterminal_IT/working/tags.db
[E 08:16:12 80548] Unlocking DB
[E 08:16:12 80548] Unlocked DB
[E 08:16:12 80548] Looks like C compilation didn't already happen.
[E 08:16:12 80548] Checking whether C compilation has been attempted.
[E 08:16:12 80548] Checking for tag c-compilation-attempted
[E 08:16:12 80548] Checking CODEQL_TRACER_DB_ID 0000000000013A6A_0000000000000003
[E 08:16:12 80548] Locking DB /Users/jie/Documents/workspace/lcmhalgen/LCMHalTest_DBS/DATABASE_FreeRTOSUART_Hyperterminal_IT/working/tags.db
[E 08:16:12 80548] Locked DB /Users/jie/Documents/workspace/lcmhalgen/LCMHalTest_DBS/DATABASE_FreeRTOSUART_Hyperterminal_IT/working/tags.db
[E 08:16:12 80548] Unlocking DB
[E 08:16:12 80548] Unlocked DB
[E 08:16:12 80548] Marking C compilation as attempted.
[E 08:16:12 80548] Setting tag c-compilation-attempted
[E 08:16:12 80548] Starting from CODEQL_TRACER_DB_ID 0000000000013A6A_0000000000000003
[E 08:16:12 80548] Locking DB /Users/jie/Documents/workspace/lcmhalgen/LCMHalTest_DBS/DATABASE_FreeRTOSUART_Hyperterminal_IT/working/tags.db
[E 08:16:12 80548] Locked DB /Users/jie/Documents/workspace/lcmhalgen/LCMHalTest_DBS/DATABASE_FreeRTOSUART_Hyperterminal_IT/working/tags.db
[E 08:16:12 80548] Set tag for 0000000000013A6A_0000000000000003
[E 08:16:12 80548] Set tag for 0000000000013A6A_0000000000000002
[E 08:16:12 80548] Set tag for 0000000000013A6A_0000000000000001
[E 08:16:12 80548] Set tag for 0000000000013827_0000000000000002
[E 08:16:12 80548] Set tag for 0000000000013827_0000000000000001
[E 08:16:12 80548] Set tag for 00000000000137DE_0000000000000003
[E 08:16:12 80548] Set tag for 00000000000137DE_0000000000000002
[E 08:16:12 80548] Set tag for root
[E 08:16:12 80548] Unlocking DB
[E 08:16:12 80548] Unlocked DB
Excluded ../Example/Startup/startup_stm32f407ighx.s because of bad mode
[E 08:16:12 80548] 0 file groups; exiting.
[T 08:16:12 80490] Extractor /opt/homebrew/Caskroom/codeql/2.23.0/codeql/cpp/tools/osx64/extractor terminated with exit code 0.
[T 08:16:12 80559] Initializing tracer.
[T 08:16:12 80559] Initializing tags.
[T 08:16:12 80559] ID set to 0000000000013AAF_0000000000000001 (parent 0000000000013827_0000000000000002)
[T 08:16:12 80559] ==== Candidate to intercept: /bin/sh (canonical: /bin/sh) ====
[T 08:16:12 80559] Executing the following tracer actions:
[T 08:16:12 80559] Tracer actions:
[T 08:16:12 80559] pre_invocations(0)
[T 08:16:12 80559] post_invocations(0)
[T 08:16:12 80559] trace_languages(1): [cpp]
[T 08:16:12 80559] Initializing tracer.
[T 08:16:12 80559] Initializing tags.
[T 08:16:12 80559] ID set to 0000000000013AAF_0000000000000002 (parent 0000000000013AAF_0000000000000001)
[T 08:16:12 80559] ==== Candidate to intercept: /bin/bash (canonical: /bin/bash) ====
[T 08:16:12 80559] Executing the following tracer actions:
[T 08:16:12 80559] Tracer actions:
[T 08:16:12 80559] pre_invocations(0)
[T 08:16:12 80559] post_invocations(0)
[T 08:16:12 80559] trace_languages(1): [cpp]
[T 08:16:12 80559] Initializing tracer.
[T 08:16:12 80559] Initializing tags.
[T 08:16:12 80559] ID set to 0000000000013AAF_0000000000000003 (parent 0000000000013AAF_0000000000000002)
[T 08:16:12 80559] ==== Candidate to intercept: /Users/jie/Documents/arm-gnu-toolchain-14.3.rel1-darwin-arm64-arm-none-eabi/bin/arm-none-eabi-gcc (canonical: /Users/jie/Documents/arm-gnu-toolchain-14.3.rel1-darwin-arm64-arm-none-eabi/bin/arm-none-eabi-gcc) ====
[T 08:16:12 80559] Lua: === Intercepted call to /users/jie/documents/arm-gnu-toolchain-14.3.rel1-darwin-arm64-arm-none-eabi/bin/arm-none-eabi-gcc ===
[T 08:16:12 80559] Executing the following tracer actions:
[T 08:16:12 80559] Tracer actions:
[T 08:16:12 80559] pre_invocations(0)
[T 08:16:12 80559] post_invocations(1)
[T 08:16:12 80559] invocation: /opt/homebrew/Caskroom/codeql/2.23.0/codeql/cpp/tools/osx64/extractor, args: [--mimic, /users/jie/documents/arm-gnu-toolchain-14.3.rel1-darwin-arm64-arm-none-eabi/bin/arm-none-eabi-gcc, ../../Drivers/STM32F4xx_HAL_Driver/Src/stm32f4xx_hal.c, -mcpu=cortex-m4, -std=gnu11, -DUSE_STM324xG_EVAL, -DSTM32F407xx, -DUSE_HAL_DRIVER, -c, -I../../Inc, -I../../Drivers/CMSIS/Device/ST/STM32F4xx/Include, -I../../Drivers/STM32F4xx_HAL_Driver/Inc, -I../../Drivers/BSP/STM324xG_EVAL, -I../../Drivers/CMSIS/Include, -Os, -ffunction-sections, -fdata-sections, -Wall, -fstack-usage, -MMD, -MP, -MFDrivers/STM32F4xx_HAL_Driver/stm32f4xx_hal.d, -MTDrivers/STM32F4xx_HAL_Driver/stm32f4xx_hal.o, --specs=nano.specs, -mfpu=fpv4-sp-d16, -mfloat-abi=hard, -mthumb, -o, Drivers/STM32F4xx_HAL_Driver/stm32f4xx_hal.o]
[T 08:16:12 80559] trace_languages(1): [cpp]
[T 08:16:12 80570] Initializing tracer.
[T 08:16:12 80570] Initializing tags.
[T 08:16:12 80570] ID set to 0000000000013ABA_0000000000000001 (parent 0000000000013AAF_0000000000000003)
[T 08:16:12 80570] ==== Candidate to intercept: /Users/jie/Documents/arm-gnu-toolchain-14.3.rel1-darwin-arm64-arm-none-eabi/bin/../libexec/gcc/arm-none-eabi/14.3.1/cc1 (canonical: /Users/jie/Documents/arm-gnu-toolchain-14.3.rel1-darwin-arm64-arm-none-eabi/libexec/gcc/arm-none-eabi/14.3.1/cc1) ====
[T 08:16:12 80570] Lua: === Intercepted call to /users/jie/documents/arm-gnu-toolchain-14.3.rel1-darwin-arm64-arm-none-eabi/libexec/gcc/arm-none-eabi/14.3.1/cc1 ===
[T 08:16:12 80570] Executing the following tracer actions:
[T 08:16:12 80570] Tracer actions:
[T 08:16:12 80570] pre_invocations(0)
[T 08:16:12 80570] post_invocations(1)
[T 08:16:12 80570] invocation: /opt/homebrew/Caskroom/codeql/2.23.0/codeql/cpp/tools/osx64/extractor, args: [--mimic, /users/jie/documents/arm-gnu-toolchain-14.3.rel1-darwin-arm64-arm-none-eabi/libexec/gcc/arm-none-eabi/14.3.1/cc1, -isystem, =/include/newlib-nano, -quiet, -I, ../../Inc, -I, ../../Drivers/CMSIS/Device/ST/STM32F4xx/Include, -I, ../../Drivers/STM32F4xx_HAL_Driver/Inc, -I, ../../Drivers/BSP/STM324xG_EVAL, -I, ../../Drivers/CMSIS/Include, -imultilib, thumb/v7e-m+fp/hard, -iprefix, /Users/jie/Documents/arm-gnu-toolchain-14.3.rel1-darwin-arm64-arm-none-eabi/bin/../lib/gcc/arm-none-eabi/14.3.1/, -isysroot, /Users/jie/Documents/arm-gnu-toolchain-14.3.rel1-darwin-arm64-arm-none-eabi/bin/../arm-none-eabi, -MMD, Drivers/STM32F4xx_HAL_Driver/stm32f4xx_hal.d, -MF, Drivers/STM32F4xx_HAL_Driver/stm32f4xx_hal.d, -MP, -MT, Drivers/STM32F4xx_HAL_Driver/stm32f4xx_hal.o, -D__USES_INITFINI__, -D, USE_STM324xG_EVAL, -D, STM32F407xx, -D, USE_HAL_DRIVER, ../../Drivers/STM32F4xx_HAL_Driver/Src/stm32f4xx_hal.c, -quiet, -dumpdir, Drivers/STM32F4xx_HAL_Driver/, -dumpbase, stm32f4xx_hal.c, -dumpbase-ext, .c, -mcpu=cortex-m4, -mfpu=fpv4-sp-d16, -mfloat-abi=hard, -mthumb, -mlibarch=armv7e-m+fp, -march=armv7e-m+fp, -Os, -Wall, -std=gnu11, -ffunction-sections, -fdata-sections, -fstack-usage, -o, /var/folders/b3/0hb7dhg16rd56bpwtd8bcnyc0000gn/T//ccEusdfB.s]
[T 08:16:12 80570] trace_languages(1): [cpp]
[T 08:16:12 80572] Attempting to switch stdout/stderr to 4...
[T 08:16:12 80572] Initializing tracer.
[T 08:16:12 80572] Initializing tags.
[T 08:16:12 80572] ID set to 0000000000013ABC_0000000000000001 (parent 0000000000013ABA_0000000000000001)
[E 08:16:12 80572] CodeQL C/C++ Extractor 2.23.0
[E 08:16:12 80572] Current directory: /Users/jie/Documents/workspace/lcmhalgen/posixGen_Demos/UART_Hyperterminal_IT/STM32CubeIDE/Release
[E 08:16:12 80572] Command: /opt/homebrew/Caskroom/codeql/2.23.0/codeql/cpp/tools/osx64/extractor --mimic /users/jie/documents/arm-gnu-toolchain-14.3.rel1-darwin-arm64-arm-none-eabi/libexec/gcc/arm-none-eabi/14.3.1/cc1 -isystem '=/include/newlib-nano' -quiet -I ../../Inc -I ../../Drivers/CMSIS/Device/ST/STM32F4xx/Include -I ../../Drivers/STM32F4xx_HAL_Driver/Inc -I ../../Drivers/BSP/STM324xG_EVAL -I ../../Drivers/CMSIS/Include -imultilib 'thumb/v7e-m+fp/hard' -iprefix /Users/jie/Documents/arm-gnu-toolchain-14.3.rel1-darwin-arm64-arm-none-eabi/bin/../lib/gcc/arm-none-eabi/14.3.1/ -isysroot /Users/jie/Documents/arm-gnu-toolchain-14.3.rel1-darwin-arm64-arm-none-eabi/bin/../arm-none-eabi -MMD Drivers/STM32F4xx_HAL_Driver/stm32f4xx_hal.d -MF Drivers/STM32F4xx_HAL_Driver/stm32f4xx_hal.d -MP -MT Drivers/STM32F4xx_HAL_Driver/stm32f4xx_hal.o -D__USES_INITFINI__ -D USE_STM324xG_EVAL -D STM32F407xx -D USE_HAL_DRIVER ../../Drivers/STM32F4xx_HAL_Driver/Src/stm32f4xx_hal.c -quiet -dumpdir Drivers/STM32F4xx_HAL_Driver/ -dumpbase stm32f4xx_hal.c -dumpbase-ext .c -mcpu=cortex-m4 -mfpu=fpv4-sp-d16 -mfloat-abi=hard -mthumb '-mlibarch=armv7e-m+fp' '-march=armv7e-m+fp' -Os -Wall -std=gnu11 -ffunction-sections -fdata-sections -fstack-usage -o /var/folders/b3/0hb7dhg16rd56bpwtd8bcnyc0000gn/T//ccEusdfB.s
[E 08:16:12 80572] Checking whether C compilation already happened.
[E 08:16:12 80572] Checking for tag c-compilation-happened
[E 08:16:12 80572] Checking CODEQL_TRACER_DB_ID 0000000000013ABA_0000000000000001
[E 08:16:12 80572] Locking DB /Users/jie/Documents/workspace/lcmhalgen/LCMHalTest_DBS/DATABASE_FreeRTOSUART_Hyperterminal_IT/working/tags.db
[E 08:16:12 80572] Locked DB /Users/jie/Documents/workspace/lcmhalgen/LCMHalTest_DBS/DATABASE_FreeRTOSUART_Hyperterminal_IT/working/tags.db
[E 08:16:12 80572] Unlocking DB
[E 08:16:12 80572] Unlocked DB
[E 08:16:12 80572] Looks like C compilation didn't already happen.
[E 08:16:12 80572] Checking whether C compilation has been attempted.
[E 08:16:12 80572] Checking for tag c-compilation-attempted
[E 08:16:12 80572] Checking CODEQL_TRACER_DB_ID 0000000000013ABA_0000000000000001
[E 08:16:12 80572] Locking DB /Users/jie/Documents/workspace/lcmhalgen/LCMHalTest_DBS/DATABASE_FreeRTOSUART_Hyperterminal_IT/working/tags.db
[E 08:16:12 80572] Locked DB /Users/jie/Documents/workspace/lcmhalgen/LCMHalTest_DBS/DATABASE_FreeRTOSUART_Hyperterminal_IT/working/tags.db
[E 08:16:12 80572] Unlocking DB
[E 08:16:12 80572] Unlocked DB
[E 08:16:12 80572] Marking C compilation as attempted.
[E 08:16:12 80572] Setting tag c-compilation-attempted
[E 08:16:12 80572] Starting from CODEQL_TRACER_DB_ID 0000000000013ABA_0000000000000001
[E 08:16:12 80572] Locking DB /Users/jie/Documents/workspace/lcmhalgen/LCMHalTest_DBS/DATABASE_FreeRTOSUART_Hyperterminal_IT/working/tags.db
[E 08:16:12 80572] Locked DB /Users/jie/Documents/workspace/lcmhalgen/LCMHalTest_DBS/DATABASE_FreeRTOSUART_Hyperterminal_IT/working/tags.db
[E 08:16:12 80572] Set tag for 0000000000013ABA_0000000000000001
[E 08:16:12 80572] Set tag for 0000000000013AAF_0000000000000003
[E 08:16:12 80572] Set tag for 0000000000013AAF_0000000000000002
[E 08:16:12 80572] Set tag for 0000000000013AAF_0000000000000001
[E 08:16:12 80572] Set tag for 0000000000013827_0000000000000002
[E 08:16:12 80572] Set tag for 0000000000013827_0000000000000001
[E 08:16:12 80572] Set tag for 00000000000137DE_0000000000000003
[E 08:16:12 80572] Set tag for 00000000000137DE_0000000000000002
[E 08:16:12 80572] Set tag for root
[E 08:16:12 80572] Unlocking DB
[E 08:16:12 80572] Unlocked DB
[E 08:16:12 80572] Processed command line: /opt/homebrew/Caskroom/codeql/2.23.0/codeql/cpp/tools/osx64/extractor --trapfolder /Users/jie/Documents/workspace/lcmhalgen/LCMHalTest_DBS/DATABASE_FreeRTOSUART_Hyperterminal_IT/trap/cpp --src_archive /Users/jie/Documents/workspace/lcmhalgen/LCMHalTest_DBS/DATABASE_FreeRTOSUART_Hyperterminal_IT/src --object_filename /var/folders/b3/0hb7dhg16rd56bpwtd8bcnyc0000gn/T//ccEusdfB.s --no_warnings_and_discretionary_errors --error_limit 1000 --disable_system_macros --variadic_macros --incognito --c11 --gcc --gnu_version 140301 --target linux_i686 '-D__DBL_MIN_EXP__=(-1021)' -D__HQ_FBIT__=15 -D__UINT_LEAST16_MAX__=0xffff -D__ARM_SIZEOF_WCHAR_T=4 -D__WCHAR_MAX__=0xffffffffU -D__SFRACT_IBIT__=0 -D__ULFRACT_MIN__=0.0ULR -D__FLT_MIN__=1.1754943508222875e-38F -D__GCC_IEC_559_COMPLEX=0 -D__SIZEOF_LONG__=4 -D__UFRACT_MAX__=0XFFFFP-16UR '-D__UINT_LEAST8_TYPE__=unsigned char' -D__FLT_MAX_EXP__=128 -D__DQ_FBIT__=63 '-D__INTMAX_C(c)=c ## LL' -D__ARM_FEATURE_SAT=1 -D__ULFRACT_FBIT__=32 -D__CHAR_BIT__=8 -D__USQ_IBIT__=0 -D__UINT8_MAX__=0xff -D__ACCUM_FBIT__=15 -D__WINT_MAX__=0xffffffffU '-D__FLT32_MIN_EXP__=(-125)' -D__LONG_WIDTH__=32 -D__USFRACT_FBIT__=8 -D__ORDER_LITTLE_ENDIAN__=1234 -D__SIZE_MAX__=0xffffffffU -D__LACCUM_IBIT__=32 -D__GCC_HAVE_SYNC_COMPARE_AND_SWAP_1=1 -D__GCC_HAVE_SYNC_COMPARE_AND_SWAP_2=1 -D__GCC_HAVE_SYNC_COMPARE_AND_SWAP_4=1 '-D__DBL_DENORM_MIN__=((double)4.9406564584124654e-324L)' -D__GCC_ATOMIC_CHAR_LOCK_FREE=2 -D__GCC_IEC_559=0 -D__FLT32X_DECIMAL_DIG__=17 -D__FLT_EVAL_METHOD__=0 -D__TQ_IBIT__=0 -D__LLACCUM_MAX__=0X7FFFFFFFFFFFFFFFP-31LLK -D__FLT32_HAS_INFINITY__=1 -D__FLT64_DECIMAL_DIG__=17 -D__GCC_ATOMIC_CHAR32_T_LOCK_FREE=2 -D__INTPTR_WIDTH__=32 -D__SIG_ATOMIC_TYPE__=int '-D__DBL_MIN_10_EXP__=(-307)' -D__LFRACT_IBIT__=0 -D__FLT32_HAS_DENORM__=1 -D__USA_FBIT__=16 -D__UINT_FAST8_MAX__=0xffffffffU -D__FLT_HAS_QUIET_NAN__=1 '-D__INT8_C(c)=c' -D__INT_LEAST8_WIDTH__=8 -D__UINT_LEAST64_MAX__=0xffffffffffffffffULL -D__SA_FBIT__=15 -D__APCS_32__=1 -D__SHRT_MAX__=0x7fff '-D__LDBL_MAX__=1.7976931348623157e+308L' -D__FRACT_MAX__=0X7FFFP-15R -D__thumb2__=1 -D__LDBL_IS_IEC_60559__=1 -D__UFRACT_FBIT__=16 -D__ARM_FP=4 -D__UFRACT_MIN__=0.0UR -D__UINT_LEAST8_MAX__=0xff -D__GCC_ATOMIC_BOOL_LOCK_FREE=2 '-D__UINTMAX_TYPE__=long long unsigned int' -D__LLFRACT_EPSILON__=0x1P-63LLR -D__FLT_EVAL_METHOD_TS_18661_3__=0 -D__UINT32_MAX__=0xffffffffUL -D__ULFRACT_MAX__=0XFFFFFFFFP-32ULR -D__TA_IBIT__=64 -D__LDBL_MAX_EXP__=1024 -D__WINT_MIN__=0U -D__ARM_ASM_SYNTAX_UNIFIED__=1 -D__FLT32X_IS_IEC_60559__=1 -D__INT_LEAST16_WIDTH__=16 -D__ULLFRACT_MIN__=0.0ULLR -D__SCHAR_MAX__=0x7f -D__WCHAR_MIN__=0U '-D__INT64_C(c)=c ## LL' '-D__UINT16_C(c)=c' -D__GCC_ATOMIC_POINTER_LOCK_FREE=2 -D__ATOMIC_SEQ_CST=5 -D__FLT32X_MAX_EXP__=1024 -D__SIZEOF_INT__=4 -D__FLT32X_MANT_DIG__=53 -D__USACCUM_IBIT__=8 '-D__INT16_TYPE__=short int' -D__FLT_DIG__=6 '-D__LFRACT_MIN__=(-0.5LR-0.5LR)' -D__HA_IBIT__=8 -D__FLT_EPSILON__=1.1920928955078125e-7F -D__SHRT_WIDTH__=16 -D__FLT32_IS_IEC_60559__=1 -D__USFRACT_IBIT__=0 -D__LDBL_MIN__=2.2250738585072014e-308L -D__STDC_UTF_16__=1 '-D__FRACT_MIN__=(-0.5R-0.5R)' -D__DA_IBIT__=32 -D__ARM_SIZEOF_MINIMAL_ENUM=1 -D__FLT32X_HAS_INFINITY__=1 -D__UQQ_FBIT__=8 -D__UACCUM_MAX__=0XFFFFFFFFP-16UK -D__DECIMAL_DIG__=17 -D__LFRACT_EPSILON__=0x1P-31LR -D__FLT64_EPSILON__=2.2204460492503131e-16F64 -D__INT16_MAX__=0x7fff -D__ARM_PCS_VFP=1 -D__LDBL_HAS_QUIET_NAN__=1 -D__ULACCUM_IBIT__=32 -D__ARM_FEATURE_FMA=1 -D__FLT64_MANT_DIG__=53 -D__INT_LEAST16_MAX__=0x7fff -D__UACCUM_EPSILON__=0x1P-16UK -D__ULLACCUM_MAX__=0XFFFFFFFFFFFFFFFFP-32ULLK -D__HQ_IBIT__=0 -D__FLT_HAS_DENORM__=1 -D__SIZEOF_LONG_DOUBLE__=8 -D__SA_IBIT__=16 -D__BIGGEST_ALIGNMENT__=8 -D__ARM_FEATURE_IDIV=1 -D__INTPTR_TYPE__=int '-D__SIZE_TYPE__=unsigned int' -D__FLT64_MAX_10_EXP__=308 -D__DBL_DIG__=15 -D__ULLACCUM_FBIT__=32 -D__DBL_IS_IEC_60559__=1 -D__DQ_IBIT__=0 '-D__DBL_MAX__=((double)1.7976931348623157e+308L)' -D__ULFRACT_IBIT__=0 -D__INT_FAST32_MAX__=0x7fffffff -D__DBL_HAS_INFINITY__=1 -D__HAVE_SPECULATION_SAFE_VALUE=1 -D__ACCUM_IBIT__=16 -D__THUMB_INTERWORK__=1 -D__UINT_LEAST32_MAX__=0xffffffffUL -D__LACCUM_MAX__=0X7FFFFFFFFFFFFFFFP-31LK -D__FLT32X_HAS_DENORM__=1 -D__INT_FAST16_TYPE__=int -D__LDBL_HAS_DENORM__=1 -D__ARM_FEATURE_LDREX=7 -D__FLT32_DECIMAL_DIG__=9 -D__INT_LEAST32_MAX__=0x7fffffffL -D__ACCUM_MAX__=0X7FFFFFFFP-15K -D__DBL_MAX_EXP__=1024 -D__USACCUM_EPSILON__=0x1P-8UHK -D__WCHAR_WIDTH__=32 '-D__FLT32_MAX__=3.4028234663852886e+38F32' -D__SFRACT_MAX__=0X7FP-7HR -D__FRACT_IBIT__=0 -D__PTRDIFF_MAX__=0x7fffffff -D__UACCUM_MIN__=0.0UK -D__UACCUM_IBIT__=16 '-D__LLACCUM_MIN__=(-0X1P31LLK-0X1P31LLK)' -D__FLT32_HAS_QUIET_NAN__=1 -D__LONG_LONG_MAX__=0x7fffffffffffffffLL -D__ULACCUM_MAX__=0XFFFFFFFFFFFFFFFFP-32ULK -D__SIZEOF_WINT_T__=4 -D__ARM_FEATURE_UNALIGNED=1 -D__LONG_LONG_WIDTH__=64 -D__FLT32_MAX_EXP__=128 -D__ULLACCUM_MIN__=0.0ULLK -D__GXX_ABI_VERSION=1019 -D__UTA_FBIT__=64 -D__UFRACT_IBIT__=0 -D__FLT64_IS_IEC_60559__=1 -D__USQ_FBIT__=32 -D__ARM_FEATURE_QBIT=1 '-D__INT_FAST64_TYPE__=long long int' -D__FP_FAST_FMAF=1 -D__FLT64_DENORM_MIN__=4.9406564584124654e-324F64 '-D__DBL_MIN__=((double)2.2250738585072014e-308L)' -D__SIZEOF_POINTER__=4 -D__DBL_HAS_QUIET_NAN__=1 -D__FLT32X_EPSILON__=2.2204460492503131e-16F32x '-D__FLT64_MIN_EXP__=(-1021)' '-D__LACCUM_MIN__=(-0X1P31LK-0X1P31LK)' -D__FRACT_FBIT__=15 '-D__FLT64_MIN_10_EXP__=(-307)' -D__ULLFRACT_EPSILON__=0x1P-64ULLR -D__REGISTER_PREFIX__= -D__UINT16_MAX__=0xffff -D__DBL_HAS_DENORM__=1 '-D__ACCUM_MIN__=(-0X1P15K-0X1P15K)' -D__SQ_IBIT__=0 '-D__UINT8_TYPE__=unsigned char' -D__UHA_FBIT__=8 '-D__SFRACT_MIN__=(-0.5HR-0.5HR)' -D__UTQ_FBIT__=128 -D__DEC_EVAL_METHOD__=2 -D__FLT_MANT_DIG__=24 -D__LDBL_DECIMAL_DIG__=17 '-D__UINT64_C(c)=c ## ULL' -D__FRACT_EPSILON__=0x1P-15R -D__ULACCUM_MIN__=0.0ULK -D__UDA_FBIT__=32 -D__GCC_ATOMIC_INT_LOCK_FREE=2 '-D__FLT_MIN_EXP__=(-125)' -D__FLOAT_WORD_ORDER__=__ORDER_LITTLE_ENDIAN__ -D__USFRACT_MIN__=0.0UHR -D__FLT32_MANT_DIG__=24 -D__ULLFRACT_FBIT__=64 -D__UQQ_IBIT__=0 -D__SCHAR_WIDTH__=8 '-D__INT32_C(c)=c ## L' -D__ORDER_PDP_ENDIAN__=3412 -D__UHQ_FBIT__=16 -D__LLACCUM_FBIT__=31 -D__INT_FAST32_TYPE__=int '-D__UINT_LEAST16_TYPE__=short unsigned int' -D__UINT64_MAX__=0xffffffffffffffffULL -D__FLT_IS_IEC_60559__=1 -D__UDQ_FBIT__=64 -D__UINT_FAST64_MAX__=0xffffffffffffffffULL '-D__GNUC_WIDE_EXECUTION_CHARSET_NAME="UTF-32LE"' '-D__INT8_TYPE__=signed char' -D__thumb__=1 -D__ELF__=1 -D__SACCUM_EPSILON__=0x1P-7HK -D__ULFRACT_EPSILON__=0x1P-32ULR -D__LLFRACT_FBIT__=63 -D__FLT_RADIX__=2 '-D__INT_LEAST16_TYPE__=short int' -D__ARM_ARCH_PROFILE=77 -D__LDBL_EPSILON__=2.2204460492503131e-16L '-D__UINTMAX_C(c)=c ## ULL' -D__SACCUM_MAX__=0X7FFFP-7HK -D__FLT32X_MIN__=2.2250738585072014e-308F32x -D__SIG_ATOMIC_MAX__=0x7fffffff -D__UACCUM_FBIT__=16 -D__GCC_ATOMIC_WCHAR_T_LOCK_FREE=2 -D__USER_LABEL_PREFIX__= -D__VFP_FP__=1 -D__SIZEOF_PTRDIFF_T__=4 -D__ATOMIC_ACQUIRE=2 -D__INT_WIDTH__=32 -D__OPTIMIZE__=1 -D__LACCUM_EPSILON__=0x1P-31LK -D__LDBL_DIG__=15 '-D__FLT32X_MIN_EXP__=(-1021)' -D__INT_FAST16_MAX__=0x7fffffff -D__GCC_CONSTRUCTIVE_SIZE=64 -D__FLT64_DIG__=15 -D__UINT_FAST32_MAX__=0xffffffffU '-D__UINT_LEAST64_TYPE__=long long unsigned int' -D__SFRACT_EPSILON__=0x1P-7HR -D__GCC_ASM_FLAG_OUTPUTS__=1 -D__FLT_MAX_10_EXP__=38 -D__LONG_MAX__=0x7fffffffL -D__FINITE_MATH_ONLY__=0 -D__SIZEOF_SIZE_T__=4 -D__FLT_HAS_INFINITY__=1 '-D__GNUC_EXECUTION_CHARSET_NAME="UTF-8"' -D__CHAR_UNSIGNED__=1 '-D__UINT_FAST16_TYPE__=unsigned int' -D__ARM_32BIT_STATE=1 -D__INT_FAST32_WIDTH__=32 -D__PRAGMA_REDEFINE_EXTNAME=1 -D__ARMEL__=1 -D__SIZE_WIDTH__=32 -D__INT64_MAX__=0x7fffffffffffffffLL -D__SACCUM_FBIT__=7 -D__FLT32_DENORM_MIN__=1.4012984643248171e-45F32 -D__SIG_ATOMIC_WIDTH__=32 '-D__INT_LEAST64_TYPE__=long long int' -D__ARM_FEATURE_CLZ=1 '-D__INT_LEAST8_TYPE__=signed char' -D__SQ_FBIT__=31 -D__USFRACT_MAX__=0XFFP-8UHR -D__ARM_ARCH_ISA_THUMB=2 -D__INT_FAST8_MAX__=0x7fffffff -D__ARM_ARCH=7 -D__INTPTR_MAX__=0x7fffffff -D__QQ_FBIT__=7 -D__UTA_IBIT__=64 -D__FLT64_HAS_QUIET_NAN__=1 -D__FLT32X_DIG__=15 -D__PTRDIFF_WIDTH__=32 -D__LDBL_MANT_DIG__=53 -D__SFRACT_FBIT__=7 '-D__SACCUM_MIN__=(-0X1P7HK-0X1P7HK)' -D__FLT64_HAS_INFINITY__=1 '-D__SIG_ATOMIC_MIN__=(-__SIG_ATOMIC_MAX__ - 1)' -D__GCC_ATOMIC_LONG_LOCK_FREE=2 '-D__UINT16_TYPE__=short unsigned int' '-D__WCHAR_TYPE__=unsigned int' -D__SIZEOF_FLOAT__=4 -D__THUMBEL__=1 -D__TQ_FBIT__=127 -D__UINTPTR_MAX__=0xffffffffU -D__INT_FAST64_WIDTH__=64 -D__LDBL_HAS_INFINITY__=1 -D__ULLACCUM_IBIT__=32 -D__FLT32_MAX_10_EXP__=38 -D__INT_FAST64_MAX__=0x7fffffffffffffffLL -D__GCC_ATOMIC_TEST_AND_SET_TRUEVAL=1 '-D__FLT_NORM_MAX__=3.4028234663852886e+38F' '-D__UINT_FAST64_TYPE__=long long unsigned int' -D__LACCUM_FBIT__=31 -D__HA_FBIT__=7 -D__UHA_IBIT__=8 '-D__INT64_TYPE__=long long int' -D__UTQ_IBIT__=0 -D__DBL_MANT_DIG__=53 -D__INT_LEAST64_MAX__=0x7fffffffffffffffLL -D__GCC_ATOMIC_CHAR16_T_LOCK_FREE=2 -D__FP_FAST_FMAF32=1 '-D__WINT_TYPE__=unsigned int' '-D__UINT_LEAST32_TYPE__=long unsigned int' -D__SIZEOF_SHORT__=2 -D__ULLFRACT_IBIT__=0 '-D__FLT32_NORM_MAX__=3.4028234663852886e+38F32' '-D__LDBL_MIN_EXP__=(-1021)' -D__GXX_TYPEINFO_EQUALITY_INLINE=0 -D__INTMAX_MAX__=0x7fffffffffffffffLL -D__arm__=1 '-D__FLT64_MAX__=1.7976931348623157e+308F64' -D__UDA_IBIT__=32 -D__INT_MAX__=0x7fffffff -D__WINT_WIDTH__=32 -D__INT_LEAST8_MAX__=0x7f -D__INT_LEAST64_WIDTH__=64 -D__FLT32X_MAX_10_EXP__=308 -D__LLACCUM_EPSILON__=0x1P-31LLK -D__LFRACT_FBIT__=31 -D__LDBL_MAX_10_EXP__=308 -D__ATOMIC_RELAXED=0 '-D__DBL_EPSILON__=((double)2.2204460492503131e-16L)' '-D__INT_LEAST32_TYPE__=long int' -D__ARM_ARCH_7EM__=1 -D__ARM_FEATURE_SIMD32=1 '-D__UINT8_C(c)=c' -D__FLT64_MAX_EXP__=1024 -D__SIZEOF_WCHAR_T__=4 '-D__UINT64_TYPE__=long long unsigned int' -D__OPTIMIZE_SIZE__=1 -D__LLFRACT_MAX__=0X7FFFFFFFFFFFFFFFP-63LLR '-D__FLT64_NORM_MAX__=1.7976931348623157e+308F64' -D__INT_FAST8_TYPE__=int -D__ULLACCUM_EPSILON__=0x1P-32ULLK -D__USACCUM_MAX__=0XFFFFP-8UHK -D__UHQ_IBIT__=0 -D__ARM_FEATURE_COPROC=15 -D__LLACCUM_IBIT__=32 -D__FLT64_HAS_DENORM__=1 -D__FLT32_EPSILON__=1.1920928955078125e-7F32 -D__DBL_DECIMAL_DIG__=17 -D__STDC_UTF_32__=1 -D__INT_FAST8_WIDTH__=32 -D__BYTE_ORDER__=__ORDER_LITTLE_ENDIAN__ '-D__FLT32X_MAX__=1.7976931348623157e+308F32x' -D__TA_FBIT__=63 '-D__DBL_NORM_MAX__=((double)1.7976931348623157e+308L)' -D__USFRACT_EPSILON__=0x1P-8UHR -D__GCC_DESTRUCTIVE_SIZE=64 -D__UDQ_IBIT__=0 -D__INTMAX_WIDTH__=64 -D__ORDER_BIG_ENDIAN__=4321 -D__LFRACT_MAX__=0X7FFFFFFFP-31LR -D__ARM_FEATURE_DSP=1 -D__FLT32_DIG__=6 -D__ACCUM_EPSILON__=0x1P-15K '-D__UINT32_C(c)=c ## UL' -D__QQ_IBIT__=0 -D__LLFRACT_IBIT__=0 -D__INT8_MAX__=0x7f -D__INT32_MAX__=0x7fffffffL '-D__UINT_FAST32_TYPE__=unsigned int' '-D__FLT32X_NORM_MAX__=1.7976931348623157e+308F32x' '-D__FLT32_MIN_10_EXP__=(-37)' '-D__FLT_MAX__=3.4028234663852886e+38F' -D__USACCUM_FBIT__=8 '-D__INT32_TYPE__=long int' -D__SIZEOF_DOUBLE__=8 '-D__FLT_MIN_10_EXP__=(-37)' -D__UFRACT_EPSILON__=0x1P-16UR -D__FLT64_MIN__=2.2250738585072014e-308F64 -D__FLT_DENORM_MIN__=1.4012984643248171e-45F -D__INT_LEAST32_WIDTH__=32 '-D__INTMAX_TYPE__=long long int' -D__FLT32X_HAS_QUIET_NAN__=1 -D__ATOMIC_CONSUME=1 -D__INT_FAST16_WIDTH__=32 -D__UINTMAX_MAX__=0xffffffffffffffffULL -D__FLT32X_DENORM_MIN__=4.9406564584124654e-324F32x -D__ATOMIC_ACQ_REL=4 -D__DBL_MAX_10_EXP__=308 -D__LDBL_DENORM_MIN__=4.9406564584124654e-324L '-D__INT16_C(c)=c' -D__ATOMIC_RELEASE=3 -D__PTRDIFF_TYPE__=int '-D__LLFRACT_MIN__=(-0.5LLR-0.5LLR)' -D__USACCUM_MIN__=0.0UHK -D__FLT32_MIN__=1.1754943508222875e-38F32 -D__DA_FBIT__=31 '-D__UINT32_TYPE__=long unsigned int' '-D__FLT32X_MIN_10_EXP__=(-307)' -D__ARM_ARCH_EXT_IDIV__=1 '-D__UINTPTR_TYPE__=unsigned int' -D__USA_IBIT__=16 -D__ARM_EABI__=1 '-D__LDBL_MIN_10_EXP__=(-307)' -D__SIZEOF_LONG_LONG__=8 -D__ULACCUM_EPSILON__=0x1P-32ULK -D__SACCUM_IBIT__=8 -D__GCC_ATOMIC_LLONG_LOCK_FREE=1 -D__FLT_DECIMAL_DIG__=9 -D__UINT_FAST16_MAX__=0xffffffffU '-D__LDBL_NORM_MAX__=1.7976931348623157e+308L' -D__GCC_ATOMIC_SHORT_LOCK_FREE=2 -D__ULLFRACT_MAX__=0XFFFFFFFFFFFFFFFFP-64ULLR '-D__UINT_FAST8_TYPE__=unsigned int' -D__ULACCUM_FBIT__=32 -D__USES_INITFINI__ -DUSE_STM324xG_EVAL -DSTM32F407xx -DUSE_HAL_DRIVER -I../../Inc -I../../Drivers/CMSIS/Device/ST/STM32F4xx/Include -I../../Drivers/STM32F4xx_HAL_Driver/Inc -I../../Drivers/BSP/STM324xG_EVAL -I../../Drivers/CMSIS/Include -I/Users/jie/Documents/arm-gnu-toolchain-14.3.rel1-darwin-arm64-arm-none-eabi/bin/../arm-none-eabi/include/newlib-nano -I/Users/jie/Documents/arm-gnu-toolchain-14.3.rel1-darwin-arm64-arm-none-eabi/bin/../lib/gcc/arm-none-eabi/14.3.1/include -I/Users/jie/Documents/arm-gnu-toolchain-14.3.rel1-darwin-arm64-arm-none-eabi/bin/../lib/gcc/arm-none-eabi/14.3.1/include-fixed -I/Users/jie/Documents/arm-gnu-toolchain-14.3.rel1-darwin-arm64-arm-none-eabi/bin/../lib/gcc/arm-none-eabi/14.3.1/../../../../arm-none-eabi/include -- ../../Drivers/STM32F4xx_HAL_Driver/Src/stm32f4xx_hal.c
[E 08:16:12 80572] CODEQL_EXTRACTOR_CPP_TRAP_CACHING is not set
[E 08:16:12 80572] CODEQL_EXTRACTOR_CPP_OPTION_TRAP_CACHE_WRITE is not set
[E 08:16:12 80572] CODEQL_EXTRACTOR_CPP_OPTION_TRAP_CACHE_DIR is not set
[E 08:16:12 80572] Initialising TRAP cache at path: 80/6397/97c3d028b66a8a0f1db1beb9e1c3
[E 08:16:12 80572] Not using TRAP cache
[E 08:16:12 80572] TRAP cache miss
[E 08:16:12 80572] Starting compilation TRAP /Users/jie/Documents/workspace/lcmhalgen/LCMHalTest_DBS/DATABASE_FreeRTOSUART_Hyperterminal_IT/trap/cpp/compilations/29/13322590_0.trap.zst
[E 08:16:12 80572] Archiving /Users/jie/Documents/workspace/lcmhalgen/LCMHalTest_DBS/DATABASE_FreeRTOSUART_Hyperterminal_IT/src/Users/jie/Documents/workspace/lcmhalgen/posixGen_Demos/UART_Hyperterminal_IT/Drivers/STM32F4xx_HAL_Driver/Src/stm32f4xx_hal.c
[E 08:16:12 80572] Already archived /Users/jie/Documents/workspace/lcmhalgen/LCMHalTest_DBS/DATABASE_FreeRTOSUART_Hyperterminal_IT/src/Users/jie/Documents/workspace/lcmhalgen/posixGen_Demos/UART_Hyperterminal_IT/Drivers/STM32F4xx_HAL_Driver/Inc/stm32f4xx_hal.h
[E 08:16:12 80572] Already archived /Users/jie/Documents/workspace/lcmhalgen/LCMHalTest_DBS/DATABASE_FreeRTOSUART_Hyperterminal_IT/src/Users/jie/Documents/workspace/lcmhalgen/posixGen_Demos/UART_Hyperterminal_IT/Inc/stm32f4xx_hal_conf.h
[E 08:16:12 80572] Already archived /Users/jie/Documents/workspace/lcmhalgen/LCMHalTest_DBS/DATABASE_FreeRTOSUART_Hyperterminal_IT/src/Users/jie/Documents/workspace/lcmhalgen/posixGen_Demos/UART_Hyperterminal_IT/Drivers/STM32F4xx_HAL_Driver/Inc/stm32f4xx_hal_rcc.h
[E 08:16:12 80572] Already archived /Users/jie/Documents/workspace/lcmhalgen/LCMHalTest_DBS/DATABASE_FreeRTOSUART_Hyperterminal_IT/src/Users/jie/Documents/workspace/lcmhalgen/posixGen_Demos/UART_Hyperterminal_IT/Drivers/STM32F4xx_HAL_Driver/Inc/stm32f4xx_hal_def.h
[E 08:16:12 80572] Already archived /Users/jie/Documents/workspace/lcmhalgen/LCMHalTest_DBS/DATABASE_FreeRTOSUART_Hyperterminal_IT/src/Users/jie/Documents/workspace/lcmhalgen/posixGen_Demos/UART_Hyperterminal_IT/Drivers/CMSIS/Device/ST/STM32F4xx/Include/stm32f4xx.h
[E 08:16:12 80572] Already archived /Users/jie/Documents/workspace/lcmhalgen/LCMHalTest_DBS/DATABASE_FreeRTOSUART_Hyperterminal_IT/src/Users/jie/Documents/workspace/lcmhalgen/posixGen_Demos/UART_Hyperterminal_IT/Drivers/CMSIS/Device/ST/STM32F4xx/Include/stm32f407xx.h
[E 08:16:12 80572] Already archived /Users/jie/Documents/workspace/lcmhalgen/LCMHalTest_DBS/DATABASE_FreeRTOSUART_Hyperterminal_IT/src/Users/jie/Documents/workspace/lcmhalgen/posixGen_Demos/UART_Hyperterminal_IT/Drivers/CMSIS/Include/core_cm4.h
[E 08:16:12 80572] Already archived /Users/jie/Documents/workspace/lcmhalgen/LCMHalTest_DBS/DATABASE_FreeRTOSUART_Hyperterminal_IT/src/Users/jie/Documents/arm-gnu-toolchain-14.3.rel1-darwin-arm64-arm-none-eabi/lib/gcc/arm-none-eabi/14.3.1/include/stdint.h
[E 08:16:12 80572] Already archived /Users/jie/Documents/workspace/lcmhalgen/LCMHalTest_DBS/DATABASE_FreeRTOSUART_Hyperterminal_IT/src/Users/jie/Documents/arm-gnu-toolchain-14.3.rel1-darwin-arm64-arm-none-eabi/arm-none-eabi/include/stdint.h
[E 08:16:12 80572] Already archived /Users/jie/Documents/workspace/lcmhalgen/LCMHalTest_DBS/DATABASE_FreeRTOSUART_Hyperterminal_IT/src/Users/jie/Documents/arm-gnu-toolchain-14.3.rel1-darwin-arm64-arm-none-eabi/arm-none-eabi/include/machine/_default_types.h
[E 08:16:12 80572] Already archived /Users/jie/Documents/workspace/lcmhalgen/LCMHalTest_DBS/DATABASE_FreeRTOSUART_Hyperterminal_IT/src/Users/jie/Documents/arm-gnu-toolchain-14.3.rel1-darwin-arm64-arm-none-eabi/arm-none-eabi/include/sys/features.h
[E 08:16:12 80572] Already archived /Users/jie/Documents/workspace/lcmhalgen/LCMHalTest_DBS/DATABASE_FreeRTOSUART_Hyperterminal_IT/src/Users/jie/Documents/arm-gnu-toolchain-14.3.rel1-darwin-arm64-arm-none-eabi/arm-none-eabi/include/_newlib_version.h
[E 08:16:12 80572] Already archived /Users/jie/Documents/workspace/lcmhalgen/LCMHalTest_DBS/DATABASE_FreeRTOSUART_Hyperterminal_IT/src/Users/jie/Documents/arm-gnu-toolchain-14.3.rel1-darwin-arm64-arm-none-eabi/arm-none-eabi/include/sys/_intsup.h
[E 08:16:12 80572] Already archived /Users/jie/Documents/workspace/lcmhalgen/LCMHalTest_DBS/DATABASE_FreeRTOSUART_Hyperterminal_IT/src/Users/jie/Documents/arm-gnu-toolchain-14.3.rel1-darwin-arm64-arm-none-eabi/arm-none-eabi/include/sys/_stdint.h
[E 08:16:12 80572] Already archived /Users/jie/Documents/workspace/lcmhalgen/LCMHalTest_DBS/DATABASE_FreeRTOSUART_Hyperterminal_IT/src/Users/jie/Documents/workspace/lcmhalgen/posixGen_Demos/UART_Hyperterminal_IT/Drivers/CMSIS/Include/cmsis_version.h
[E 08:16:12 80572] Already archived /Users/jie/Documents/workspace/lcmhalgen/LCMHalTest_DBS/DATABASE_FreeRTOSUART_Hyperterminal_IT/src/Users/jie/Documents/workspace/lcmhalgen/posixGen_Demos/UART_Hyperterminal_IT/Drivers/CMSIS/Include/cmsis_compiler.h
[E 08:16:12 80572] Already archived /Users/jie/Documents/workspace/lcmhalgen/LCMHalTest_DBS/DATABASE_FreeRTOSUART_Hyperterminal_IT/src/Users/jie/Documents/workspace/lcmhalgen/posixGen_Demos/UART_Hyperterminal_IT/Drivers/CMSIS/Include/cmsis_gcc.h
[E 08:16:12 80572] Already archived /Users/jie/Documents/workspace/lcmhalgen/LCMHalTest_DBS/DATABASE_FreeRTOSUART_Hyperterminal_IT/src/Users/jie/Documents/workspace/lcmhalgen/posixGen_Demos/UART_Hyperterminal_IT/Drivers/CMSIS/Include/mpu_armv7.h
[E 08:16:12 80572] Already archived /Users/jie/Documents/workspace/lcmhalgen/LCMHalTest_DBS/DATABASE_FreeRTOSUART_Hyperterminal_IT/src/Users/jie/Documents/workspace/lcmhalgen/posixGen_Demos/UART_Hyperterminal_IT/Drivers/CMSIS/Device/ST/STM32F4xx/Include/system_stm32f4xx.h
[E 08:16:12 80572] Already archived /Users/jie/Documents/workspace/lcmhalgen/LCMHalTest_DBS/DATABASE_FreeRTOSUART_Hyperterminal_IT/src/Users/jie/Documents/workspace/lcmhalgen/posixGen_Demos/UART_Hyperterminal_IT/Drivers/STM32F4xx_HAL_Driver/Inc/stm32f4xx_hal.h
[E 08:16:12 80572] Already archived /Users/jie/Documents/workspace/lcmhalgen/LCMHalTest_DBS/DATABASE_FreeRTOSUART_Hyperterminal_IT/src/Users/jie/Documents/workspace/lcmhalgen/posixGen_Demos/UART_Hyperterminal_IT/Drivers/STM32F4xx_HAL_Driver/Inc/Legacy/stm32_hal_legacy.h
[E 08:16:12 80572] Already archived /Users/jie/Documents/workspace/lcmhalgen/LCMHalTest_DBS/DATABASE_FreeRTOSUART_Hyperterminal_IT/src/Users/jie/Documents/arm-gnu-toolchain-14.3.rel1-darwin-arm64-arm-none-eabi/lib/gcc/arm-none-eabi/14.3.1/include/stddef.h
[E 08:16:12 80572] Already archived /Users/jie/Documents/workspace/lcmhalgen/LCMHalTest_DBS/DATABASE_FreeRTOSUART_Hyperterminal_IT/src/Users/jie/Documents/workspace/lcmhalgen/posixGen_Demos/UART_Hyperterminal_IT/Drivers/STM32F4xx_HAL_Driver/Inc/stm32f4xx_hal_rcc_ex.h
[E 08:16:12 80572] Already archived /Users/jie/Documents/workspace/lcmhalgen/LCMHalTest_DBS/DATABASE_FreeRTOSUART_Hyperterminal_IT/src/Users/jie/Documents/workspace/lcmhalgen/posixGen_Demos/UART_Hyperterminal_IT/Drivers/STM32F4xx_HAL_Driver/Inc/stm32f4xx_hal_gpio.h
[E 08:16:12 80572] Already archived /Users/jie/Documents/workspace/lcmhalgen/LCMHalTest_DBS/DATABASE_FreeRTOSUART_Hyperterminal_IT/src/Users/jie/Documents/workspace/lcmhalgen/posixGen_Demos/UART_Hyperterminal_IT/Drivers/STM32F4xx_HAL_Driver/Inc/stm32f4xx_hal_gpio_ex.h
[E 08:16:12 80572] Already archived /Users/jie/Documents/workspace/lcmhalgen/LCMHalTest_DBS/DATABASE_FreeRTOSUART_Hyperterminal_IT/src/Users/jie/Documents/workspace/lcmhalgen/posixGen_Demos/UART_Hyperterminal_IT/Drivers/STM32F4xx_HAL_Driver/Inc/stm32f4xx_hal_dma.h
[E 08:16:12 80572] Already archived /Users/jie/Documents/workspace/lcmhalgen/LCMHalTest_DBS/DATABASE_FreeRTOSUART_Hyperterminal_IT/src/Users/jie/Documents/workspace/lcmhalgen/posixGen_Demos/UART_Hyperterminal_IT/Drivers/STM32F4xx_HAL_Driver/Inc/stm32f4xx_hal_dma_ex.h
[E 08:16:12 80572] Already archived /Users/jie/Documents/workspace/lcmhalgen/LCMHalTest_DBS/DATABASE_FreeRTOSUART_Hyperterminal_IT/src/Users/jie/Documents/workspace/lcmhalgen/posixGen_Demos/UART_Hyperterminal_IT/Drivers/STM32F4xx_HAL_Driver/Inc/stm32f4xx_hal_cortex.h
[E 08:16:12 80572] Already archived /Users/jie/Documents/workspace/lcmhalgen/LCMHalTest_DBS/DATABASE_FreeRTOSUART_Hyperterminal_IT/src/Users/jie/Documents/workspace/lcmhalgen/posixGen_Demos/UART_Hyperterminal_IT/Drivers/STM32F4xx_HAL_Driver/Inc/stm32f4xx_hal_flash.h
[E 08:16:12 80572] Already archived /Users/jie/Documents/workspace/lcmhalgen/LCMHalTest_DBS/DATABASE_FreeRTOSUART_Hyperterminal_IT/src/Users/jie/Documents/workspace/lcmhalgen/posixGen_Demos/UART_Hyperterminal_IT/Drivers/STM32F4xx_HAL_Driver/Inc/stm32f4xx_hal_flash_ex.h
[E 08:16:12 80572] Already archived /Users/jie/Documents/workspace/lcmhalgen/LCMHalTest_DBS/DATABASE_FreeRTOSUART_Hyperterminal_IT/src/Users/jie/Documents/workspace/lcmhalgen/posixGen_Demos/UART_Hyperterminal_IT/Drivers/STM32F4xx_HAL_Driver/Inc/stm32f4xx_hal_flash_ramfunc.h
[E 08:16:12 80572] Already archived /Users/jie/Documents/workspace/lcmhalgen/LCMHalTest_DBS/DATABASE_FreeRTOSUART_Hyperterminal_IT/src/Users/jie/Documents/workspace/lcmhalgen/posixGen_Demos/UART_Hyperterminal_IT/Drivers/STM32F4xx_HAL_Driver/Inc/stm32f4xx_hal_sram.h
[E 08:16:12 80572] Already archived /Users/jie/Documents/workspace/lcmhalgen/LCMHalTest_DBS/DATABASE_FreeRTOSUART_Hyperterminal_IT/src/Users/jie/Documents/workspace/lcmhalgen/posixGen_Demos/UART_Hyperterminal_IT/Drivers/STM32F4xx_HAL_Driver/Inc/stm32f4xx_ll_fsmc.h
[E 08:16:12 80572] Already archived /Users/jie/Documents/workspace/lcmhalgen/LCMHalTest_DBS/DATABASE_FreeRTOSUART_Hyperterminal_IT/src/Users/jie/Documents/workspace/lcmhalgen/posixGen_Demos/UART_Hyperterminal_IT/Drivers/STM32F4xx_HAL_Driver/Inc/stm32f4xx_hal_i2c.h
[E 08:16:12 80572] Already archived /Users/jie/Documents/workspace/lcmhalgen/LCMHalTest_DBS/DATABASE_FreeRTOSUART_Hyperterminal_IT/src/Users/jie/Documents/workspace/lcmhalgen/posixGen_Demos/UART_Hyperterminal_IT/Drivers/STM32F4xx_HAL_Driver/Inc/stm32f4xx_hal_i2c_ex.h
[E 08:16:12 80572] Already archived /Users/jie/Documents/workspace/lcmhalgen/LCMHalTest_DBS/DATABASE_FreeRTOSUART_Hyperterminal_IT/src/Users/jie/Documents/workspace/lcmhalgen/posixGen_Demos/UART_Hyperterminal_IT/Drivers/STM32F4xx_HAL_Driver/Inc/stm32f4xx_hal_pwr.h
[E 08:16:12 80572] Already archived /Users/jie/Documents/workspace/lcmhalgen/LCMHalTest_DBS/DATABASE_FreeRTOSUART_Hyperterminal_IT/src/Users/jie/Documents/workspace/lcmhalgen/posixGen_Demos/UART_Hyperterminal_IT/Drivers/STM32F4xx_HAL_Driver/Inc/stm32f4xx_hal_pwr_ex.h
[E 08:16:12 80572] Already archived /Users/jie/Documents/workspace/lcmhalgen/LCMHalTest_DBS/DATABASE_FreeRTOSUART_Hyperterminal_IT/src/Users/jie/Documents/workspace/lcmhalgen/posixGen_Demos/UART_Hyperterminal_IT/Drivers/STM32F4xx_HAL_Driver/Inc/stm32f4xx_hal_uart.h
[E 08:16:12 80572] Creating trap tarball /Users/jie/Documents/workspace/lcmhalgen/LCMHalTest_DBS/DATABASE_FreeRTOSUART_Hyperterminal_IT/trap/cpp/tarballs/Users/jie/Documents/workspace/lcmhalgen/posixGen_Demos/UART_Hyperterminal_IT/Drivers/STM32F4xx_HAL_Driver/Src/stm32f4xx_hal.c.30146f43_0.trap.tar.zst
[E 08:16:12 80572] Emitting trap files for ../../Drivers/STM32F4xx_HAL_Driver/Src/stm32f4xx_hal.c
[E 08:16:12 80572] Opening existencedb in /Users/jie/Documents/workspace/lcmhalgen/LCMHalTest_DBS/DATABASE_FreeRTOSUART_Hyperterminal_IT/working/existencedb/db
[E 08:16:12 80572] Wrote 1 files to /Users/jie/Documents/workspace/lcmhalgen/LCMHalTest_DBS/DATABASE_FreeRTOSUART_Hyperterminal_IT/trap/cpp/tarballs/Users/jie/Documents/workspace/lcmhalgen/posixGen_Demos/UART_Hyperterminal_IT/Drivers/STM32F4xx_HAL_Driver/Src/stm32f4xx_hal.c.30146f43_0.trap.tar.zst
[E 08:16:12 80572] Finished compilation TRAP /Users/jie/Documents/workspace/lcmhalgen/LCMHalTest_DBS/DATABASE_FreeRTOSUART_Hyperterminal_IT/trap/cpp/compilations/29/13322590_0.trap.zst
[E 08:16:12 80572] Marking C compilation as happened.
[E 08:16:12 80572] Setting tag c-compilation-happened
[E 08:16:12 80572] Starting from CODEQL_TRACER_DB_ID 0000000000013ABA_0000000000000001
[E 08:16:12 80572] Locking DB /Users/jie/Documents/workspace/lcmhalgen/LCMHalTest_DBS/DATABASE_FreeRTOSUART_Hyperterminal_IT/working/tags.db
[E 08:16:12 80572] Locked DB /Users/jie/Documents/workspace/lcmhalgen/LCMHalTest_DBS/DATABASE_FreeRTOSUART_Hyperterminal_IT/working/tags.db
[E 08:16:12 80572] Set tag for 0000000000013ABA_0000000000000001
[E 08:16:12 80572] Set tag for 0000000000013AAF_0000000000000003
[E 08:16:12 80572] Set tag for 0000000000013AAF_0000000000000002
[E 08:16:12 80572] Set tag for 0000000000013AAF_0000000000000001
[E 08:16:12 80572] Set tag for 0000000000013827_0000000000000002
[E 08:16:12 80572] Set tag for 0000000000013827_0000000000000001
[E 08:16:12 80572] Set tag for 00000000000137DE_0000000000000003
[E 08:16:12 80572] Set tag for 00000000000137DE_0000000000000002
[E 08:16:12 80572] Set tag for root
[E 08:16:12 80572] Unlocking DB
[E 08:16:12 80572] Unlocked DB
[E 08:16:12 80572] Extractor exited successfully
[T 08:16:12 80570] Extractor /opt/homebrew/Caskroom/codeql/2.23.0/codeql/cpp/tools/osx64/extractor terminated with exit code 0.
[T 08:16:12 80584] Initializing tracer.
[T 08:16:12 80584] Initializing tags.
[T 08:16:12 80584] ID set to 0000000000013AC8_0000000000000001 (parent 0000000000013AAF_0000000000000003)
[T 08:16:12 80584] ==== Candidate to intercept: /Users/jie/Documents/arm-gnu-toolchain-14.3.rel1-darwin-arm64-arm-none-eabi/bin/../lib/gcc/arm-none-eabi/14.3.1/../../../../arm-none-eabi/bin/as (canonical: /Users/jie/Documents/arm-gnu-toolchain-14.3.rel1-darwin-arm64-arm-none-eabi/arm-none-eabi/bin/as) ====
[T 08:16:12 80584] Lua: === Intercepted call to /users/jie/documents/arm-gnu-toolchain-14.3.rel1-darwin-arm64-arm-none-eabi/arm-none-eabi/bin/as ===
[T 08:16:12 80584] Executing the following tracer actions:
[T 08:16:12 80584] Tracer actions:
[T 08:16:12 80584] pre_invocations(0)
[T 08:16:12 80584] post_invocations(1)
[T 08:16:12 80584] invocation: /opt/homebrew/Caskroom/codeql/2.23.0/codeql/cpp/tools/osx64/extractor, args: [--assembler, --codeql-assembler-executable, /users/jie/documents/arm-gnu-toolchain-14.3.rel1-darwin-arm64-arm-none-eabi/arm-none-eabi/bin/as, -I, ../../Inc, -I, ../../Drivers/CMSIS/Device/ST/STM32F4xx/Include, -I, ../../Drivers/STM32F4xx_HAL_Driver/Inc, -I, ../../Drivers/BSP/STM324xG_EVAL, -I, ../../Drivers/CMSIS/Include, -march=armv7e-m+fp, -mfloat-abi=hard, -mfpu=fpv4-sp-d16, -meabi=5, -o, Drivers/STM32F4xx_HAL_Driver/stm32f4xx_hal.o, /var/folders/b3/0hb7dhg16rd56bpwtd8bcnyc0000gn/T//ccEusdfB.s]
[T 08:16:12 80584] trace_languages(1): [cpp]
[T 08:16:12 80586] Attempting to switch stdout/stderr to 4...
[T 08:16:12 80586] Initializing tracer.
[T 08:16:12 80586] Initializing tags.
[T 08:16:12 80586] ID set to 0000000000013ACA_0000000000000001 (parent 0000000000013AC8_0000000000000001)
[E 08:16:13 80586] CodeQL C/C++ Extractor 2.23.0
[E 08:16:13 80586] Current directory: /Users/jie/Documents/workspace/lcmhalgen/posixGen_Demos/UART_Hyperterminal_IT/STM32CubeIDE/Release
[E 08:16:13 80586] Command: /opt/homebrew/Caskroom/codeql/2.23.0/codeql/cpp/tools/osx64/extractor --assembler --codeql-assembler-executable /users/jie/documents/arm-gnu-toolchain-14.3.rel1-darwin-arm64-arm-none-eabi/arm-none-eabi/bin/as -I ../../Inc -I ../../Drivers/CMSIS/Device/ST/STM32F4xx/Include -I ../../Drivers/STM32F4xx_HAL_Driver/Inc -I ../../Drivers/BSP/STM324xG_EVAL -I ../../Drivers/CMSIS/Include '-march=armv7e-m+fp' -mfloat-abi=hard -mfpu=fpv4-sp-d16 -meabi=5 -o Drivers/STM32F4xx_HAL_Driver/stm32f4xx_hal.o /var/folders/b3/0hb7dhg16rd56bpwtd8bcnyc0000gn/T//ccEusdfB.s
[E 08:16:13 80586] Extractor exited after mimicking assembler
[T 08:16:13 80584] Extractor /opt/homebrew/Caskroom/codeql/2.23.0/codeql/cpp/tools/osx64/extractor terminated with exit code 0.
[T 08:16:13 80591] Attempting to switch stdout/stderr to 4...
[T 08:16:13 80591] Initializing tracer.
[T 08:16:13 80591] Initializing tags.
[T 08:16:13 80591] ID set to 0000000000013ACF_0000000000000001 (parent 0000000000013AAF_0000000000000003)
[E 08:16:13 80591] CodeQL C/C++ Extractor 2.23.0
[E 08:16:13 80591] Current directory: /Users/jie/Documents/workspace/lcmhalgen/posixGen_Demos/UART_Hyperterminal_IT/STM32CubeIDE/Release
[E 08:16:13 80591] Command: /opt/homebrew/Caskroom/codeql/2.23.0/codeql/cpp/tools/osx64/extractor --mimic /users/jie/documents/arm-gnu-toolchain-14.3.rel1-darwin-arm64-arm-none-eabi/bin/arm-none-eabi-gcc ../../Drivers/STM32F4xx_HAL_Driver/Src/stm32f4xx_hal.c -mcpu=cortex-m4 -std=gnu11 -DUSE_STM324xG_EVAL -DSTM32F407xx -DUSE_HAL_DRIVER -c -I../../Inc -I../../Drivers/CMSIS/Device/ST/STM32F4xx/Include -I../../Drivers/STM32F4xx_HAL_Driver/Inc -I../../Drivers/BSP/STM324xG_EVAL -I../../Drivers/CMSIS/Include -Os -ffunction-sections -fdata-sections -Wall -fstack-usage -MMD -MP -MFDrivers/STM32F4xx_HAL_Driver/stm32f4xx_hal.d -MTDrivers/STM32F4xx_HAL_Driver/stm32f4xx_hal.o --specs=nano.specs -mfpu=fpv4-sp-d16 -mfloat-abi=hard -mthumb -o Drivers/STM32F4xx_HAL_Driver/stm32f4xx_hal.o
[E 08:16:13 80591] Warning: Unrecognized command line argument --specs=nano.specs
[E 08:16:13 80591] Checking whether C compilation already happened.
[E 08:16:13 80591] Checking for tag c-compilation-happened
[E 08:16:13 80591] Checking CODEQL_TRACER_DB_ID 0000000000013AAF_0000000000000003
[E 08:16:13 80591] Locking DB /Users/jie/Documents/workspace/lcmhalgen/LCMHalTest_DBS/DATABASE_FreeRTOSUART_Hyperterminal_IT/working/tags.db
[E 08:16:13 80591] Locked DB /Users/jie/Documents/workspace/lcmhalgen/LCMHalTest_DBS/DATABASE_FreeRTOSUART_Hyperterminal_IT/working/tags.db
[E 08:16:13 80591] Unlocking DB
[E 08:16:13 80591] Unlocked DB
[E 08:16:13 80591] Exiting as C compilation already happened.
[T 08:16:13 80559] Extractor /opt/homebrew/Caskroom/codeql/2.23.0/codeql/cpp/tools/osx64/extractor terminated with exit code 0.
[T 08:16:13 80612] Initializing tracer.
[T 08:16:13 80612] Initializing tags.
[T 08:16:13 80612] ID set to 0000000000013AE4_0000000000000001 (parent 0000000000013827_0000000000000002)
[T 08:16:13 80612] ==== Candidate to intercept: /bin/sh (canonical: /bin/sh) ====
[T 08:16:13 80612] Executing the following tracer actions:
[T 08:16:13 80612] Tracer actions:
[T 08:16:13 80612] pre_invocations(0)
[T 08:16:13 80612] post_invocations(0)
[T 08:16:13 80612] trace_languages(1): [cpp]
[T 08:16:13 80612] Initializing tracer.
[T 08:16:13 80612] Initializing tags.
[T 08:16:13 80612] ID set to 0000000000013AE4_0000000000000002 (parent 0000000000013AE4_0000000000000001)
[T 08:16:13 80612] ==== Candidate to intercept: /bin/bash (canonical: /bin/bash) ====
[T 08:16:13 80612] Executing the following tracer actions:
[T 08:16:13 80612] Tracer actions:
[T 08:16:13 80612] pre_invocations(0)
[T 08:16:13 80612] post_invocations(0)
[T 08:16:13 80612] trace_languages(1): [cpp]
[T 08:16:13 80612] Initializing tracer.
[T 08:16:13 80612] Initializing tags.
[T 08:16:13 80612] ID set to 0000000000013AE4_0000000000000003 (parent 0000000000013AE4_0000000000000002)
[T 08:16:13 80612] ==== Candidate to intercept: /Users/jie/Documents/arm-gnu-toolchain-14.3.rel1-darwin-arm64-arm-none-eabi/bin/arm-none-eabi-gcc (canonical: /Users/jie/Documents/arm-gnu-toolchain-14.3.rel1-darwin-arm64-arm-none-eabi/bin/arm-none-eabi-gcc) ====
[T 08:16:13 80612] Lua: === Intercepted call to /users/jie/documents/arm-gnu-toolchain-14.3.rel1-darwin-arm64-arm-none-eabi/bin/arm-none-eabi-gcc ===
[T 08:16:13 80612] Executing the following tracer actions:
[T 08:16:13 80612] Tracer actions:
[T 08:16:13 80612] pre_invocations(0)
[T 08:16:13 80612] post_invocations(1)
[T 08:16:13 80612] invocation: /opt/homebrew/Caskroom/codeql/2.23.0/codeql/cpp/tools/osx64/extractor, args: [--mimic, /users/jie/documents/arm-gnu-toolchain-14.3.rel1-darwin-arm64-arm-none-eabi/bin/arm-none-eabi-gcc, ../../Drivers/STM32F4xx_HAL_Driver/Src/stm32f4xx_hal_cortex.c, -mcpu=cortex-m4, -std=gnu11, -DUSE_STM324xG_EVAL, -DSTM32F407xx, -DUSE_HAL_DRIVER, -c, -I../../Inc, -I../../Drivers/CMSIS/Device/ST/STM32F4xx/Include, -I../../Drivers/STM32F4xx_HAL_Driver/Inc, -I../../Drivers/BSP/STM324xG_EVAL, -I../../Drivers/CMSIS/Include, -Os, -ffunction-sections, -fdata-sections, -Wall, -fstack-usage, -MMD, -MP, -MFDrivers/STM32F4xx_HAL_Driver/stm32f4xx_hal_cortex.d, -MTDrivers/STM32F4xx_HAL_Driver/stm32f4xx_hal_cortex.o, --specs=nano.specs, -mfpu=fpv4-sp-d16, -mfloat-abi=hard, -mthumb, -o, Drivers/STM32F4xx_HAL_Driver/stm32f4xx_hal_cortex.o]
[T 08:16:13 80612] trace_languages(1): [cpp]
[T 08:16:13 80614] Initializing tracer.
[T 08:16:13 80614] Initializing tags.
[T 08:16:13 80614] ID set to 0000000000013AE6_0000000000000001 (parent 0000000000013AE4_0000000000000003)
[T 08:16:13 80614] ==== Candidate to intercept: /Users/jie/Documents/arm-gnu-toolchain-14.3.rel1-darwin-arm64-arm-none-eabi/bin/../libexec/gcc/arm-none-eabi/14.3.1/cc1 (canonical: /Users/jie/Documents/arm-gnu-toolchain-14.3.rel1-darwin-arm64-arm-none-eabi/libexec/gcc/arm-none-eabi/14.3.1/cc1) ====
[T 08:16:13 80614] Lua: === Intercepted call to /users/jie/documents/arm-gnu-toolchain-14.3.rel1-darwin-arm64-arm-none-eabi/libexec/gcc/arm-none-eabi/14.3.1/cc1 ===
[T 08:16:13 80614] Executing the following tracer actions:
[T 08:16:13 80614] Tracer actions:
[T 08:16:13 80614] pre_invocations(0)
[T 08:16:13 80614] post_invocations(1)
[T 08:16:13 80614] invocation: /opt/homebrew/Caskroom/codeql/2.23.0/codeql/cpp/tools/osx64/extractor, args: [--mimic, /users/jie/documents/arm-gnu-toolchain-14.3.rel1-darwin-arm64-arm-none-eabi/libexec/gcc/arm-none-eabi/14.3.1/cc1, -isystem, =/include/newlib-nano, -quiet, -I, ../../Inc, -I, ../../Drivers/CMSIS/Device/ST/STM32F4xx/Include, -I, ../../Drivers/STM32F4xx_HAL_Driver/Inc, -I, ../../Drivers/BSP/STM324xG_EVAL, -I, ../../Drivers/CMSIS/Include, -imultilib, thumb/v7e-m+fp/hard, -iprefix, /Users/jie/Documents/arm-gnu-toolchain-14.3.rel1-darwin-arm64-arm-none-eabi/bin/../lib/gcc/arm-none-eabi/14.3.1/, -isysroot, /Users/jie/Documents/arm-gnu-toolchain-14.3.rel1-darwin-arm64-arm-none-eabi/bin/../arm-none-eabi, -MMD, Drivers/STM32F4xx_HAL_Driver/stm32f4xx_hal_cortex.d, -MF, Drivers/STM32F4xx_HAL_Driver/stm32f4xx_hal_cortex.d, -MP, -MT, Drivers/STM32F4xx_HAL_Driver/stm32f4xx_hal_cortex.o, -D__USES_INITFINI__, -D, USE_STM324xG_EVAL, -D, STM32F407xx, -D, USE_HAL_DRIVER, ../../Drivers/STM32F4xx_HAL_Driver/Src/stm32f4xx_hal_cortex.c, -quiet, -dumpdir, Drivers/STM32F4xx_HAL_Driver/, -dumpbase, stm32f4xx_hal_cortex.c, -dumpbase-ext, .c, -mcpu=cortex-m4, -mfpu=fpv4-sp-d16, -mfloat-abi=hard, -mthumb, -mlibarch=armv7e-m+fp, -march=armv7e-m+fp, -Os, -Wall, -std=gnu11, -ffunction-sections, -fdata-sections, -fstack-usage, -o, /var/folders/b3/0hb7dhg16rd56bpwtd8bcnyc0000gn/T//ccC0YV0G.s]
[T 08:16:13 80614] trace_languages(1): [cpp]
[T 08:16:13 80616] Attempting to switch stdout/stderr to 4...
[T 08:16:13 80616] Initializing tracer.
[T 08:16:13 80616] Initializing tags.
[T 08:16:13 80616] ID set to 0000000000013AE8_0000000000000001 (parent 0000000000013AE6_0000000000000001)
[E 08:16:13 80616] CodeQL C/C++ Extractor 2.23.0
[E 08:16:13 80616] Current directory: /Users/jie/Documents/workspace/lcmhalgen/posixGen_Demos/UART_Hyperterminal_IT/STM32CubeIDE/Release
[E 08:16:13 80616] Command: /opt/homebrew/Caskroom/codeql/2.23.0/codeql/cpp/tools/osx64/extractor --mimic /users/jie/documents/arm-gnu-toolchain-14.3.rel1-darwin-arm64-arm-none-eabi/libexec/gcc/arm-none-eabi/14.3.1/cc1 -isystem '=/include/newlib-nano' -quiet -I ../../Inc -I ../../Drivers/CMSIS/Device/ST/STM32F4xx/Include -I ../../Drivers/STM32F4xx_HAL_Driver/Inc -I ../../Drivers/BSP/STM324xG_EVAL -I ../../Drivers/CMSIS/Include -imultilib 'thumb/v7e-m+fp/hard' -iprefix /Users/jie/Documents/arm-gnu-toolchain-14.3.rel1-darwin-arm64-arm-none-eabi/bin/../lib/gcc/arm-none-eabi/14.3.1/ -isysroot /Users/jie/Documents/arm-gnu-toolchain-14.3.rel1-darwin-arm64-arm-none-eabi/bin/../arm-none-eabi -MMD Drivers/STM32F4xx_HAL_Driver/stm32f4xx_hal_cortex.d -MF Drivers/STM32F4xx_HAL_Driver/stm32f4xx_hal_cortex.d -MP -MT Drivers/STM32F4xx_HAL_Driver/stm32f4xx_hal_cortex.o -D__USES_INITFINI__ -D USE_STM324xG_EVAL -D STM32F407xx -D USE_HAL_DRIVER ../../Drivers/STM32F4xx_HAL_Driver/Src/stm32f4xx_hal_cortex.c -quiet -dumpdir Drivers/STM32F4xx_HAL_Driver/ -dumpbase stm32f4xx_hal_cortex.c -dumpbase-ext .c -mcpu=cortex-m4 -mfpu=fpv4-sp-d16 -mfloat-abi=hard -mthumb '-mlibarch=armv7e-m+fp' '-march=armv7e-m+fp' -Os -Wall -std=gnu11 -ffunction-sections -fdata-sections -fstack-usage -o /var/folders/b3/0hb7dhg16rd56bpwtd8bcnyc0000gn/T//ccC0YV0G.s
[E 08:16:13 80616] Checking whether C compilation already happened.
[E 08:16:13 80616] Checking for tag c-compilation-happened
[E 08:16:13 80616] Checking CODEQL_TRACER_DB_ID 0000000000013AE6_0000000000000001
[E 08:16:13 80616] Locking DB /Users/jie/Documents/workspace/lcmhalgen/LCMHalTest_DBS/DATABASE_FreeRTOSUART_Hyperterminal_IT/working/tags.db
[E 08:16:13 80616] Locked DB /Users/jie/Documents/workspace/lcmhalgen/LCMHalTest_DBS/DATABASE_FreeRTOSUART_Hyperterminal_IT/working/tags.db
[E 08:16:13 80616] Unlocking DB
[E 08:16:13 80616] Unlocked DB
[E 08:16:13 80616] Looks like C compilation didn't already happen.
[E 08:16:13 80616] Checking whether C compilation has been attempted.
[E 08:16:13 80616] Checking for tag c-compilation-attempted
[E 08:16:13 80616] Checking CODEQL_TRACER_DB_ID 0000000000013AE6_0000000000000001
[E 08:16:13 80616] Locking DB /Users/jie/Documents/workspace/lcmhalgen/LCMHalTest_DBS/DATABASE_FreeRTOSUART_Hyperterminal_IT/working/tags.db
[E 08:16:13 80616] Locked DB /Users/jie/Documents/workspace/lcmhalgen/LCMHalTest_DBS/DATABASE_FreeRTOSUART_Hyperterminal_IT/working/tags.db
[E 08:16:13 80616] Unlocking DB
[E 08:16:13 80616] Unlocked DB
[E 08:16:13 80616] Marking C compilation as attempted.
[E 08:16:13 80616] Setting tag c-compilation-attempted
[E 08:16:13 80616] Starting from CODEQL_TRACER_DB_ID 0000000000013AE6_0000000000000001
[E 08:16:13 80616] Locking DB /Users/jie/Documents/workspace/lcmhalgen/LCMHalTest_DBS/DATABASE_FreeRTOSUART_Hyperterminal_IT/working/tags.db
[E 08:16:13 80616] Locked DB /Users/jie/Documents/workspace/lcmhalgen/LCMHalTest_DBS/DATABASE_FreeRTOSUART_Hyperterminal_IT/working/tags.db
[E 08:16:13 80616] Set tag for 0000000000013AE6_0000000000000001
[E 08:16:13 80616] Set tag for 0000000000013AE4_0000000000000003
[E 08:16:13 80616] Set tag for 0000000000013AE4_0000000000000002
[E 08:16:13 80616] Set tag for 0000000000013AE4_0000000000000001
[E 08:16:13 80616] Set tag for 0000000000013827_0000000000000002
[E 08:16:13 80616] Set tag for 0000000000013827_0000000000000001
[E 08:16:13 80616] Set tag for 00000000000137DE_0000000000000003
[E 08:16:13 80616] Set tag for 00000000000137DE_0000000000000002
[E 08:16:13 80616] Set tag for root
[E 08:16:13 80616] Unlocking DB
[E 08:16:13 80616] Unlocked DB
[E 08:16:13 80616] Processed command line: /opt/homebrew/Caskroom/codeql/2.23.0/codeql/cpp/tools/osx64/extractor --trapfolder /Users/jie/Documents/workspace/lcmhalgen/LCMHalTest_DBS/DATABASE_FreeRTOSUART_Hyperterminal_IT/trap/cpp --src_archive /Users/jie/Documents/workspace/lcmhalgen/LCMHalTest_DBS/DATABASE_FreeRTOSUART_Hyperterminal_IT/src --object_filename /var/folders/b3/0hb7dhg16rd56bpwtd8bcnyc0000gn/T//ccC0YV0G.s --no_warnings_and_discretionary_errors --error_limit 1000 --disable_system_macros --variadic_macros --incognito --c11 --gcc --gnu_version 140301 --target linux_i686 '-D__DBL_MIN_EXP__=(-1021)' -D__HQ_FBIT__=15 -D__UINT_LEAST16_MAX__=0xffff -D__ARM_SIZEOF_WCHAR_T=4 -D__WCHAR_MAX__=0xffffffffU -D__SFRACT_IBIT__=0 -D__ULFRACT_MIN__=0.0ULR -D__FLT_MIN__=1.1754943508222875e-38F -D__GCC_IEC_559_COMPLEX=0 -D__SIZEOF_LONG__=4 -D__UFRACT_MAX__=0XFFFFP-16UR '-D__UINT_LEAST8_TYPE__=unsigned char' -D__FLT_MAX_EXP__=128 -D__DQ_FBIT__=63 '-D__INTMAX_C(c)=c ## LL' -D__ARM_FEATURE_SAT=1 -D__ULFRACT_FBIT__=32 -D__CHAR_BIT__=8 -D__USQ_IBIT__=0 -D__UINT8_MAX__=0xff -D__ACCUM_FBIT__=15 -D__WINT_MAX__=0xffffffffU '-D__FLT32_MIN_EXP__=(-125)' -D__LONG_WIDTH__=32 -D__USFRACT_FBIT__=8 -D__ORDER_LITTLE_ENDIAN__=1234 -D__SIZE_MAX__=0xffffffffU -D__LACCUM_IBIT__=32 -D__GCC_HAVE_SYNC_COMPARE_AND_SWAP_1=1 -D__GCC_HAVE_SYNC_COMPARE_AND_SWAP_2=1 -D__GCC_HAVE_SYNC_COMPARE_AND_SWAP_4=1 '-D__DBL_DENORM_MIN__=((double)4.9406564584124654e-324L)' -D__GCC_ATOMIC_CHAR_LOCK_FREE=2 -D__GCC_IEC_559=0 -D__FLT32X_DECIMAL_DIG__=17 -D__FLT_EVAL_METHOD__=0 -D__TQ_IBIT__=0 -D__LLACCUM_MAX__=0X7FFFFFFFFFFFFFFFP-31LLK -D__FLT32_HAS_INFINITY__=1 -D__FLT64_DECIMAL_DIG__=17 -D__GCC_ATOMIC_CHAR32_T_LOCK_FREE=2 -D__INTPTR_WIDTH__=32 -D__SIG_ATOMIC_TYPE__=int '-D__DBL_MIN_10_EXP__=(-307)' -D__LFRACT_IBIT__=0 -D__FLT32_HAS_DENORM__=1 -D__USA_FBIT__=16 -D__UINT_FAST8_MAX__=0xffffffffU -D__FLT_HAS_QUIET_NAN__=1 '-D__INT8_C(c)=c' -D__INT_LEAST8_WIDTH__=8 -D__UINT_LEAST64_MAX__=0xffffffffffffffffULL -D__SA_FBIT__=15 -D__APCS_32__=1 -D__SHRT_MAX__=0x7fff '-D__LDBL_MAX__=1.7976931348623157e+308L' -D__FRACT_MAX__=0X7FFFP-15R -D__thumb2__=1 -D__LDBL_IS_IEC_60559__=1 -D__UFRACT_FBIT__=16 -D__ARM_FP=4 -D__UFRACT_MIN__=0.0UR -D__UINT_LEAST8_MAX__=0xff -D__GCC_ATOMIC_BOOL_LOCK_FREE=2 '-D__UINTMAX_TYPE__=long long unsigned int' -D__LLFRACT_EPSILON__=0x1P-63LLR -D__FLT_EVAL_METHOD_TS_18661_3__=0 -D__UINT32_MAX__=0xffffffffUL -D__ULFRACT_MAX__=0XFFFFFFFFP-32ULR -D__TA_IBIT__=64 -D__LDBL_MAX_EXP__=1024 -D__WINT_MIN__=0U -D__ARM_ASM_SYNTAX_UNIFIED__=1 -D__FLT32X_IS_IEC_60559__=1 -D__INT_LEAST16_WIDTH__=16 -D__ULLFRACT_MIN__=0.0ULLR -D__SCHAR_MAX__=0x7f -D__WCHAR_MIN__=0U '-D__INT64_C(c)=c ## LL' '-D__UINT16_C(c)=c' -D__GCC_ATOMIC_POINTER_LOCK_FREE=2 -D__ATOMIC_SEQ_CST=5 -D__FLT32X_MAX_EXP__=1024 -D__SIZEOF_INT__=4 -D__FLT32X_MANT_DIG__=53 -D__USACCUM_IBIT__=8 '-D__INT16_TYPE__=short int' -D__FLT_DIG__=6 '-D__LFRACT_MIN__=(-0.5LR-0.5LR)' -D__HA_IBIT__=8 -D__FLT_EPSILON__=1.1920928955078125e-7F -D__SHRT_WIDTH__=16 -D__FLT32_IS_IEC_60559__=1 -D__USFRACT_IBIT__=0 -D__LDBL_MIN__=2.2250738585072014e-308L -D__STDC_UTF_16__=1 '-D__FRACT_MIN__=(-0.5R-0.5R)' -D__DA_IBIT__=32 -D__ARM_SIZEOF_MINIMAL_ENUM=1 -D__FLT32X_HAS_INFINITY__=1 -D__UQQ_FBIT__=8 -D__UACCUM_MAX__=0XFFFFFFFFP-16UK -D__DECIMAL_DIG__=17 -D__LFRACT_EPSILON__=0x1P-31LR -D__FLT64_EPSILON__=2.2204460492503131e-16F64 -D__INT16_MAX__=0x7fff -D__ARM_PCS_VFP=1 -D__LDBL_HAS_QUIET_NAN__=1 -D__ULACCUM_IBIT__=32 -D__ARM_FEATURE_FMA=1 -D__FLT64_MANT_DIG__=53 -D__INT_LEAST16_MAX__=0x7fff -D__UACCUM_EPSILON__=0x1P-16UK -D__ULLACCUM_MAX__=0XFFFFFFFFFFFFFFFFP-32ULLK -D__HQ_IBIT__=0 -D__FLT_HAS_DENORM__=1 -D__SIZEOF_LONG_DOUBLE__=8 -D__SA_IBIT__=16 -D__BIGGEST_ALIGNMENT__=8 -D__ARM_FEATURE_IDIV=1 -D__INTPTR_TYPE__=int '-D__SIZE_TYPE__=unsigned int' -D__FLT64_MAX_10_EXP__=308 -D__DBL_DIG__=15 -D__ULLACCUM_FBIT__=32 -D__DBL_IS_IEC_60559__=1 -D__DQ_IBIT__=0 '-D__DBL_MAX__=((double)1.7976931348623157e+308L)' -D__ULFRACT_IBIT__=0 -D__INT_FAST32_MAX__=0x7fffffff -D__DBL_HAS_INFINITY__=1 -D__HAVE_SPECULATION_SAFE_VALUE=1 -D__ACCUM_IBIT__=16 -D__THUMB_INTERWORK__=1 -D__UINT_LEAST32_MAX__=0xffffffffUL -D__LACCUM_MAX__=0X7FFFFFFFFFFFFFFFP-31LK -D__FLT32X_HAS_DENORM__=1 -D__INT_FAST16_TYPE__=int -D__LDBL_HAS_DENORM__=1 -D__ARM_FEATURE_LDREX=7 -D__FLT32_DECIMAL_DIG__=9 -D__INT_LEAST32_MAX__=0x7fffffffL -D__ACCUM_MAX__=0X7FFFFFFFP-15K -D__DBL_MAX_EXP__=1024 -D__USACCUM_EPSILON__=0x1P-8UHK -D__WCHAR_WIDTH__=32 '-D__FLT32_MAX__=3.4028234663852886e+38F32' -D__SFRACT_MAX__=0X7FP-7HR -D__FRACT_IBIT__=0 -D__PTRDIFF_MAX__=0x7fffffff -D__UACCUM_MIN__=0.0UK -D__UACCUM_IBIT__=16 '-D__LLACCUM_MIN__=(-0X1P31LLK-0X1P31LLK)' -D__FLT32_HAS_QUIET_NAN__=1 -D__LONG_LONG_MAX__=0x7fffffffffffffffLL -D__ULACCUM_MAX__=0XFFFFFFFFFFFFFFFFP-32ULK -D__SIZEOF_WINT_T__=4 -D__ARM_FEATURE_UNALIGNED=1 -D__LONG_LONG_WIDTH__=64 -D__FLT32_MAX_EXP__=128 -D__ULLACCUM_MIN__=0.0ULLK -D__GXX_ABI_VERSION=1019 -D__UTA_FBIT__=64 -D__UFRACT_IBIT__=0 -D__FLT64_IS_IEC_60559__=1 -D__USQ_FBIT__=32 -D__ARM_FEATURE_QBIT=1 '-D__INT_FAST64_TYPE__=long long int' -D__FP_FAST_FMAF=1 -D__FLT64_DENORM_MIN__=4.9406564584124654e-324F64 '-D__DBL_MIN__=((double)2.2250738585072014e-308L)' -D__SIZEOF_POINTER__=4 -D__DBL_HAS_QUIET_NAN__=1 -D__FLT32X_EPSILON__=2.2204460492503131e-16F32x '-D__FLT64_MIN_EXP__=(-1021)' '-D__LACCUM_MIN__=(-0X1P31LK-0X1P31LK)' -D__FRACT_FBIT__=15 '-D__FLT64_MIN_10_EXP__=(-307)' -D__ULLFRACT_EPSILON__=0x1P-64ULLR -D__REGISTER_PREFIX__= -D__UINT16_MAX__=0xffff -D__DBL_HAS_DENORM__=1 '-D__ACCUM_MIN__=(-0X1P15K-0X1P15K)' -D__SQ_IBIT__=0 '-D__UINT8_TYPE__=unsigned char' -D__UHA_FBIT__=8 '-D__SFRACT_MIN__=(-0.5HR-0.5HR)' -D__UTQ_FBIT__=128 -D__DEC_EVAL_METHOD__=2 -D__FLT_MANT_DIG__=24 -D__LDBL_DECIMAL_DIG__=17 '-D__UINT64_C(c)=c ## ULL' -D__FRACT_EPSILON__=0x1P-15R -D__ULACCUM_MIN__=0.0ULK -D__UDA_FBIT__=32 -D__GCC_ATOMIC_INT_LOCK_FREE=2 '-D__FLT_MIN_EXP__=(-125)' -D__FLOAT_WORD_ORDER__=__ORDER_LITTLE_ENDIAN__ -D__USFRACT_MIN__=0.0UHR -D__FLT32_MANT_DIG__=24 -D__ULLFRACT_FBIT__=64 -D__UQQ_IBIT__=0 -D__SCHAR_WIDTH__=8 '-D__INT32_C(c)=c ## L' -D__ORDER_PDP_ENDIAN__=3412 -D__UHQ_FBIT__=16 -D__LLACCUM_FBIT__=31 -D__INT_FAST32_TYPE__=int '-D__UINT_LEAST16_TYPE__=short unsigned int' -D__UINT64_MAX__=0xffffffffffffffffULL -D__FLT_IS_IEC_60559__=1 -D__UDQ_FBIT__=64 -D__UINT_FAST64_MAX__=0xffffffffffffffffULL '-D__GNUC_WIDE_EXECUTION_CHARSET_NAME="UTF-32LE"' '-D__INT8_TYPE__=signed char' -D__thumb__=1 -D__ELF__=1 -D__SACCUM_EPSILON__=0x1P-7HK -D__ULFRACT_EPSILON__=0x1P-32ULR -D__LLFRACT_FBIT__=63 -D__FLT_RADIX__=2 '-D__INT_LEAST16_TYPE__=short int' -D__ARM_ARCH_PROFILE=77 -D__LDBL_EPSILON__=2.2204460492503131e-16L '-D__UINTMAX_C(c)=c ## ULL' -D__SACCUM_MAX__=0X7FFFP-7HK -D__FLT32X_MIN__=2.2250738585072014e-308F32x -D__SIG_ATOMIC_MAX__=0x7fffffff -D__UACCUM_FBIT__=16 -D__GCC_ATOMIC_WCHAR_T_LOCK_FREE=2 -D__USER_LABEL_PREFIX__= -D__VFP_FP__=1 -D__SIZEOF_PTRDIFF_T__=4 -D__ATOMIC_ACQUIRE=2 -D__INT_WIDTH__=32 -D__OPTIMIZE__=1 -D__LACCUM_EPSILON__=0x1P-31LK -D__LDBL_DIG__=15 '-D__FLT32X_MIN_EXP__=(-1021)' -D__INT_FAST16_MAX__=0x7fffffff -D__GCC_CONSTRUCTIVE_SIZE=64 -D__FLT64_DIG__=15 -D__UINT_FAST32_MAX__=0xffffffffU '-D__UINT_LEAST64_TYPE__=long long unsigned int' -D__SFRACT_EPSILON__=0x1P-7HR -D__GCC_ASM_FLAG_OUTPUTS__=1 -D__FLT_MAX_10_EXP__=38 -D__LONG_MAX__=0x7fffffffL -D__FINITE_MATH_ONLY__=0 -D__SIZEOF_SIZE_T__=4 -D__FLT_HAS_INFINITY__=1 '-D__GNUC_EXECUTION_CHARSET_NAME="UTF-8"' -D__CHAR_UNSIGNED__=1 '-D__UINT_FAST16_TYPE__=unsigned int' -D__ARM_32BIT_STATE=1 -D__INT_FAST32_WIDTH__=32 -D__PRAGMA_REDEFINE_EXTNAME=1 -D__ARMEL__=1 -D__SIZE_WIDTH__=32 -D__INT64_MAX__=0x7fffffffffffffffLL -D__SACCUM_FBIT__=7 -D__FLT32_DENORM_MIN__=1.4012984643248171e-45F32 -D__SIG_ATOMIC_WIDTH__=32 '-D__INT_LEAST64_TYPE__=long long int' -D__ARM_FEATURE_CLZ=1 '-D__INT_LEAST8_TYPE__=signed char' -D__SQ_FBIT__=31 -D__USFRACT_MAX__=0XFFP-8UHR -D__ARM_ARCH_ISA_THUMB=2 -D__INT_FAST8_MAX__=0x7fffffff -D__ARM_ARCH=7 -D__INTPTR_MAX__=0x7fffffff -D__QQ_FBIT__=7 -D__UTA_IBIT__=64 -D__FLT64_HAS_QUIET_NAN__=1 -D__FLT32X_DIG__=15 -D__PTRDIFF_WIDTH__=32 -D__LDBL_MANT_DIG__=53 -D__SFRACT_FBIT__=7 '-D__SACCUM_MIN__=(-0X1P7HK-0X1P7HK)' -D__FLT64_HAS_INFINITY__=1 '-D__SIG_ATOMIC_MIN__=(-__SIG_ATOMIC_MAX__ - 1)' -D__GCC_ATOMIC_LONG_LOCK_FREE=2 '-D__UINT16_TYPE__=short unsigned int' '-D__WCHAR_TYPE__=unsigned int' -D__SIZEOF_FLOAT__=4 -D__THUMBEL__=1 -D__TQ_FBIT__=127 -D__UINTPTR_MAX__=0xffffffffU -D__INT_FAST64_WIDTH__=64 -D__LDBL_HAS_INFINITY__=1 -D__ULLACCUM_IBIT__=32 -D__FLT32_MAX_10_EXP__=38 -D__INT_FAST64_MAX__=0x7fffffffffffffffLL -D__GCC_ATOMIC_TEST_AND_SET_TRUEVAL=1 '-D__FLT_NORM_MAX__=3.4028234663852886e+38F' '-D__UINT_FAST64_TYPE__=long long unsigned int' -D__LACCUM_FBIT__=31 -D__HA_FBIT__=7 -D__UHA_IBIT__=8 '-D__INT64_TYPE__=long long int' -D__UTQ_IBIT__=0 -D__DBL_MANT_DIG__=53 -D__INT_LEAST64_MAX__=0x7fffffffffffffffLL -D__GCC_ATOMIC_CHAR16_T_LOCK_FREE=2 -D__FP_FAST_FMAF32=1 '-D__WINT_TYPE__=unsigned int' '-D__UINT_LEAST32_TYPE__=long unsigned int' -D__SIZEOF_SHORT__=2 -D__ULLFRACT_IBIT__=0 '-D__FLT32_NORM_MAX__=3.4028234663852886e+38F32' '-D__LDBL_MIN_EXP__=(-1021)' -D__GXX_TYPEINFO_EQUALITY_INLINE=0 -D__INTMAX_MAX__=0x7fffffffffffffffLL -D__arm__=1 '-D__FLT64_MAX__=1.7976931348623157e+308F64' -D__UDA_IBIT__=32 -D__INT_MAX__=0x7fffffff -D__WINT_WIDTH__=32 -D__INT_LEAST8_MAX__=0x7f -D__INT_LEAST64_WIDTH__=64 -D__FLT32X_MAX_10_EXP__=308 -D__LLACCUM_EPSILON__=0x1P-31LLK -D__LFRACT_FBIT__=31 -D__LDBL_MAX_10_EXP__=308 -D__ATOMIC_RELAXED=0 '-D__DBL_EPSILON__=((double)2.2204460492503131e-16L)' '-D__INT_LEAST32_TYPE__=long int' -D__ARM_ARCH_7EM__=1 -D__ARM_FEATURE_SIMD32=1 '-D__UINT8_C(c)=c' -D__FLT64_MAX_EXP__=1024 -D__SIZEOF_WCHAR_T__=4 '-D__UINT64_TYPE__=long long unsigned int' -D__OPTIMIZE_SIZE__=1 -D__LLFRACT_MAX__=0X7FFFFFFFFFFFFFFFP-63LLR '-D__FLT64_NORM_MAX__=1.7976931348623157e+308F64' -D__INT_FAST8_TYPE__=int -D__ULLACCUM_EPSILON__=0x1P-32ULLK -D__USACCUM_MAX__=0XFFFFP-8UHK -D__UHQ_IBIT__=0 -D__ARM_FEATURE_COPROC=15 -D__LLACCUM_IBIT__=32 -D__FLT64_HAS_DENORM__=1 -D__FLT32_EPSILON__=1.1920928955078125e-7F32 -D__DBL_DECIMAL_DIG__=17 -D__STDC_UTF_32__=1 -D__INT_FAST8_WIDTH__=32 -D__BYTE_ORDER__=__ORDER_LITTLE_ENDIAN__ '-D__FLT32X_MAX__=1.7976931348623157e+308F32x' -D__TA_FBIT__=63 '-D__DBL_NORM_MAX__=((double)1.7976931348623157e+308L)' -D__USFRACT_EPSILON__=0x1P-8UHR -D__GCC_DESTRUCTIVE_SIZE=64 -D__UDQ_IBIT__=0 -D__INTMAX_WIDTH__=64 -D__ORDER_BIG_ENDIAN__=4321 -D__LFRACT_MAX__=0X7FFFFFFFP-31LR -D__ARM_FEATURE_DSP=1 -D__FLT32_DIG__=6 -D__ACCUM_EPSILON__=0x1P-15K '-D__UINT32_C(c)=c ## UL' -D__QQ_IBIT__=0 -D__LLFRACT_IBIT__=0 -D__INT8_MAX__=0x7f -D__INT32_MAX__=0x7fffffffL '-D__UINT_FAST32_TYPE__=unsigned int' '-D__FLT32X_NORM_MAX__=1.7976931348623157e+308F32x' '-D__FLT32_MIN_10_EXP__=(-37)' '-D__FLT_MAX__=3.4028234663852886e+38F' -D__USACCUM_FBIT__=8 '-D__INT32_TYPE__=long int' -D__SIZEOF_DOUBLE__=8 '-D__FLT_MIN_10_EXP__=(-37)' -D__UFRACT_EPSILON__=0x1P-16UR -D__FLT64_MIN__=2.2250738585072014e-308F64 -D__FLT_DENORM_MIN__=1.4012984643248171e-45F -D__INT_LEAST32_WIDTH__=32 '-D__INTMAX_TYPE__=long long int' -D__FLT32X_HAS_QUIET_NAN__=1 -D__ATOMIC_CONSUME=1 -D__INT_FAST16_WIDTH__=32 -D__UINTMAX_MAX__=0xffffffffffffffffULL -D__FLT32X_DENORM_MIN__=4.9406564584124654e-324F32x -D__ATOMIC_ACQ_REL=4 -D__DBL_MAX_10_EXP__=308 -D__LDBL_DENORM_MIN__=4.9406564584124654e-324L '-D__INT16_C(c)=c' -D__ATOMIC_RELEASE=3 -D__PTRDIFF_TYPE__=int '-D__LLFRACT_MIN__=(-0.5LLR-0.5LLR)' -D__USACCUM_MIN__=0.0UHK -D__FLT32_MIN__=1.1754943508222875e-38F32 -D__DA_FBIT__=31 '-D__UINT32_TYPE__=long unsigned int' '-D__FLT32X_MIN_10_EXP__=(-307)' -D__ARM_ARCH_EXT_IDIV__=1 '-D__UINTPTR_TYPE__=unsigned int' -D__USA_IBIT__=16 -D__ARM_EABI__=1 '-D__LDBL_MIN_10_EXP__=(-307)' -D__SIZEOF_LONG_LONG__=8 -D__ULACCUM_EPSILON__=0x1P-32ULK -D__SACCUM_IBIT__=8 -D__GCC_ATOMIC_LLONG_LOCK_FREE=1 -D__FLT_DECIMAL_DIG__=9 -D__UINT_FAST16_MAX__=0xffffffffU '-D__LDBL_NORM_MAX__=1.7976931348623157e+308L' -D__GCC_ATOMIC_SHORT_LOCK_FREE=2 -D__ULLFRACT_MAX__=0XFFFFFFFFFFFFFFFFP-64ULLR '-D__UINT_FAST8_TYPE__=unsigned int' -D__ULACCUM_FBIT__=32 -D__USES_INITFINI__ -DUSE_STM324xG_EVAL -DSTM32F407xx -DUSE_HAL_DRIVER -I../../Inc -I../../Drivers/CMSIS/Device/ST/STM32F4xx/Include -I../../Drivers/STM32F4xx_HAL_Driver/Inc -I../../Drivers/BSP/STM324xG_EVAL -I../../Drivers/CMSIS/Include -I/Users/jie/Documents/arm-gnu-toolchain-14.3.rel1-darwin-arm64-arm-none-eabi/bin/../arm-none-eabi/include/newlib-nano -I/Users/jie/Documents/arm-gnu-toolchain-14.3.rel1-darwin-arm64-arm-none-eabi/bin/../lib/gcc/arm-none-eabi/14.3.1/include -I/Users/jie/Documents/arm-gnu-toolchain-14.3.rel1-darwin-arm64-arm-none-eabi/bin/../lib/gcc/arm-none-eabi/14.3.1/include-fixed -I/Users/jie/Documents/arm-gnu-toolchain-14.3.rel1-darwin-arm64-arm-none-eabi/bin/../lib/gcc/arm-none-eabi/14.3.1/../../../../arm-none-eabi/include -- ../../Drivers/STM32F4xx_HAL_Driver/Src/stm32f4xx_hal_cortex.c
[E 08:16:13 80616] CODEQL_EXTRACTOR_CPP_TRAP_CACHING is not set
[E 08:16:13 80616] CODEQL_EXTRACTOR_CPP_OPTION_TRAP_CACHE_WRITE is not set
[E 08:16:13 80616] CODEQL_EXTRACTOR_CPP_OPTION_TRAP_CACHE_DIR is not set
[E 08:16:13 80616] Initialising TRAP cache at path: f9/f009/0994954ea0ec4a779ab935750fd4
[E 08:16:13 80616] Not using TRAP cache
[E 08:16:13 80616] TRAP cache miss
[E 08:16:13 80616] Starting compilation TRAP /Users/jie/Documents/workspace/lcmhalgen/LCMHalTest_DBS/DATABASE_FreeRTOSUART_Hyperterminal_IT/trap/cpp/compilations/14/31485851_0.trap.zst
[E 08:16:13 80616] Archiving /Users/jie/Documents/workspace/lcmhalgen/LCMHalTest_DBS/DATABASE_FreeRTOSUART_Hyperterminal_IT/src/Users/jie/Documents/workspace/lcmhalgen/posixGen_Demos/UART_Hyperterminal_IT/Drivers/STM32F4xx_HAL_Driver/Src/stm32f4xx_hal_cortex.c
[E 08:16:13 80616] Already archived /Users/jie/Documents/workspace/lcmhalgen/LCMHalTest_DBS/DATABASE_FreeRTOSUART_Hyperterminal_IT/src/Users/jie/Documents/workspace/lcmhalgen/posixGen_Demos/UART_Hyperterminal_IT/Drivers/STM32F4xx_HAL_Driver/Inc/stm32f4xx_hal.h
[E 08:16:13 80616] Already archived /Users/jie/Documents/workspace/lcmhalgen/LCMHalTest_DBS/DATABASE_FreeRTOSUART_Hyperterminal_IT/src/Users/jie/Documents/workspace/lcmhalgen/posixGen_Demos/UART_Hyperterminal_IT/Inc/stm32f4xx_hal_conf.h
[E 08:16:13 80616] Already archived /Users/jie/Documents/workspace/lcmhalgen/LCMHalTest_DBS/DATABASE_FreeRTOSUART_Hyperterminal_IT/src/Users/jie/Documents/workspace/lcmhalgen/posixGen_Demos/UART_Hyperterminal_IT/Drivers/STM32F4xx_HAL_Driver/Inc/stm32f4xx_hal_rcc.h
[E 08:16:13 80616] Already archived /Users/jie/Documents/workspace/lcmhalgen/LCMHalTest_DBS/DATABASE_FreeRTOSUART_Hyperterminal_IT/src/Users/jie/Documents/workspace/lcmhalgen/posixGen_Demos/UART_Hyperterminal_IT/Drivers/STM32F4xx_HAL_Driver/Inc/stm32f4xx_hal_def.h
[E 08:16:13 80616] Already archived /Users/jie/Documents/workspace/lcmhalgen/LCMHalTest_DBS/DATABASE_FreeRTOSUART_Hyperterminal_IT/src/Users/jie/Documents/workspace/lcmhalgen/posixGen_Demos/UART_Hyperterminal_IT/Drivers/CMSIS/Device/ST/STM32F4xx/Include/stm32f4xx.h
[E 08:16:13 80616] Already archived /Users/jie/Documents/workspace/lcmhalgen/LCMHalTest_DBS/DATABASE_FreeRTOSUART_Hyperterminal_IT/src/Users/jie/Documents/workspace/lcmhalgen/posixGen_Demos/UART_Hyperterminal_IT/Drivers/CMSIS/Device/ST/STM32F4xx/Include/stm32f407xx.h
[E 08:16:13 80616] Already archived /Users/jie/Documents/workspace/lcmhalgen/LCMHalTest_DBS/DATABASE_FreeRTOSUART_Hyperterminal_IT/src/Users/jie/Documents/workspace/lcmhalgen/posixGen_Demos/UART_Hyperterminal_IT/Drivers/CMSIS/Include/core_cm4.h
[E 08:16:13 80616] Already archived /Users/jie/Documents/workspace/lcmhalgen/LCMHalTest_DBS/DATABASE_FreeRTOSUART_Hyperterminal_IT/src/Users/jie/Documents/arm-gnu-toolchain-14.3.rel1-darwin-arm64-arm-none-eabi/lib/gcc/arm-none-eabi/14.3.1/include/stdint.h
[E 08:16:13 80616] Already archived /Users/jie/Documents/workspace/lcmhalgen/LCMHalTest_DBS/DATABASE_FreeRTOSUART_Hyperterminal_IT/src/Users/jie/Documents/arm-gnu-toolchain-14.3.rel1-darwin-arm64-arm-none-eabi/arm-none-eabi/include/stdint.h
[E 08:16:13 80616] Already archived /Users/jie/Documents/workspace/lcmhalgen/LCMHalTest_DBS/DATABASE_FreeRTOSUART_Hyperterminal_IT/src/Users/jie/Documents/arm-gnu-toolchain-14.3.rel1-darwin-arm64-arm-none-eabi/arm-none-eabi/include/machine/_default_types.h
[E 08:16:13 80616] Already archived /Users/jie/Documents/workspace/lcmhalgen/LCMHalTest_DBS/DATABASE_FreeRTOSUART_Hyperterminal_IT/src/Users/jie/Documents/arm-gnu-toolchain-14.3.rel1-darwin-arm64-arm-none-eabi/arm-none-eabi/include/sys/features.h
[E 08:16:13 80616] Already archived /Users/jie/Documents/workspace/lcmhalgen/LCMHalTest_DBS/DATABASE_FreeRTOSUART_Hyperterminal_IT/src/Users/jie/Documents/arm-gnu-toolchain-14.3.rel1-darwin-arm64-arm-none-eabi/arm-none-eabi/include/_newlib_version.h
[E 08:16:13 80616] Already archived /Users/jie/Documents/workspace/lcmhalgen/LCMHalTest_DBS/DATABASE_FreeRTOSUART_Hyperterminal_IT/src/Users/jie/Documents/arm-gnu-toolchain-14.3.rel1-darwin-arm64-arm-none-eabi/arm-none-eabi/include/sys/_intsup.h
[E 08:16:13 80616] Already archived /Users/jie/Documents/workspace/lcmhalgen/LCMHalTest_DBS/DATABASE_FreeRTOSUART_Hyperterminal_IT/src/Users/jie/Documents/arm-gnu-toolchain-14.3.rel1-darwin-arm64-arm-none-eabi/arm-none-eabi/include/sys/_stdint.h
[E 08:16:13 80616] Already archived /Users/jie/Documents/workspace/lcmhalgen/LCMHalTest_DBS/DATABASE_FreeRTOSUART_Hyperterminal_IT/src/Users/jie/Documents/workspace/lcmhalgen/posixGen_Demos/UART_Hyperterminal_IT/Drivers/CMSIS/Include/cmsis_version.h
[E 08:16:13 80616] Already archived /Users/jie/Documents/workspace/lcmhalgen/LCMHalTest_DBS/DATABASE_FreeRTOSUART_Hyperterminal_IT/src/Users/jie/Documents/workspace/lcmhalgen/posixGen_Demos/UART_Hyperterminal_IT/Drivers/CMSIS/Include/cmsis_compiler.h
[E 08:16:13 80616] Already archived /Users/jie/Documents/workspace/lcmhalgen/LCMHalTest_DBS/DATABASE_FreeRTOSUART_Hyperterminal_IT/src/Users/jie/Documents/workspace/lcmhalgen/posixGen_Demos/UART_Hyperterminal_IT/Drivers/CMSIS/Include/cmsis_gcc.h
[E 08:16:13 80616] Already archived /Users/jie/Documents/workspace/lcmhalgen/LCMHalTest_DBS/DATABASE_FreeRTOSUART_Hyperterminal_IT/src/Users/jie/Documents/workspace/lcmhalgen/posixGen_Demos/UART_Hyperterminal_IT/Drivers/CMSIS/Include/mpu_armv7.h
[E 08:16:13 80616] Already archived /Users/jie/Documents/workspace/lcmhalgen/LCMHalTest_DBS/DATABASE_FreeRTOSUART_Hyperterminal_IT/src/Users/jie/Documents/workspace/lcmhalgen/posixGen_Demos/UART_Hyperterminal_IT/Drivers/CMSIS/Device/ST/STM32F4xx/Include/system_stm32f4xx.h
[E 08:16:13 80616] Already archived /Users/jie/Documents/workspace/lcmhalgen/LCMHalTest_DBS/DATABASE_FreeRTOSUART_Hyperterminal_IT/src/Users/jie/Documents/workspace/lcmhalgen/posixGen_Demos/UART_Hyperterminal_IT/Drivers/STM32F4xx_HAL_Driver/Inc/stm32f4xx_hal.h
[E 08:16:13 80616] Already archived /Users/jie/Documents/workspace/lcmhalgen/LCMHalTest_DBS/DATABASE_FreeRTOSUART_Hyperterminal_IT/src/Users/jie/Documents/workspace/lcmhalgen/posixGen_Demos/UART_Hyperterminal_IT/Drivers/STM32F4xx_HAL_Driver/Inc/Legacy/stm32_hal_legacy.h
[E 08:16:13 80616] Already archived /Users/jie/Documents/workspace/lcmhalgen/LCMHalTest_DBS/DATABASE_FreeRTOSUART_Hyperterminal_IT/src/Users/jie/Documents/arm-gnu-toolchain-14.3.rel1-darwin-arm64-arm-none-eabi/lib/gcc/arm-none-eabi/14.3.1/include/stddef.h
[E 08:16:13 80616] Already archived /Users/jie/Documents/workspace/lcmhalgen/LCMHalTest_DBS/DATABASE_FreeRTOSUART_Hyperterminal_IT/src/Users/jie/Documents/workspace/lcmhalgen/posixGen_Demos/UART_Hyperterminal_IT/Drivers/STM32F4xx_HAL_Driver/Inc/stm32f4xx_hal_rcc_ex.h
[E 08:16:13 80616] Already archived /Users/jie/Documents/workspace/lcmhalgen/LCMHalTest_DBS/DATABASE_FreeRTOSUART_Hyperterminal_IT/src/Users/jie/Documents/workspace/lcmhalgen/posixGen_Demos/UART_Hyperterminal_IT/Drivers/STM32F4xx_HAL_Driver/Inc/stm32f4xx_hal_gpio.h
[E 08:16:13 80616] Already archived /Users/jie/Documents/workspace/lcmhalgen/LCMHalTest_DBS/DATABASE_FreeRTOSUART_Hyperterminal_IT/src/Users/jie/Documents/workspace/lcmhalgen/posixGen_Demos/UART_Hyperterminal_IT/Drivers/STM32F4xx_HAL_Driver/Inc/stm32f4xx_hal_gpio_ex.h
[E 08:16:13 80616] Already archived /Users/jie/Documents/workspace/lcmhalgen/LCMHalTest_DBS/DATABASE_FreeRTOSUART_Hyperterminal_IT/src/Users/jie/Documents/workspace/lcmhalgen/posixGen_Demos/UART_Hyperterminal_IT/Drivers/STM32F4xx_HAL_Driver/Inc/stm32f4xx_hal_dma.h
[E 08:16:13 80616] Already archived /Users/jie/Documents/workspace/lcmhalgen/LCMHalTest_DBS/DATABASE_FreeRTOSUART_Hyperterminal_IT/src/Users/jie/Documents/workspace/lcmhalgen/posixGen_Demos/UART_Hyperterminal_IT/Drivers/STM32F4xx_HAL_Driver/Inc/stm32f4xx_hal_dma_ex.h
[E 08:16:13 80616] Already archived /Users/jie/Documents/workspace/lcmhalgen/LCMHalTest_DBS/DATABASE_FreeRTOSUART_Hyperterminal_IT/src/Users/jie/Documents/workspace/lcmhalgen/posixGen_Demos/UART_Hyperterminal_IT/Drivers/STM32F4xx_HAL_Driver/Inc/stm32f4xx_hal_cortex.h
[E 08:16:13 80616] Already archived /Users/jie/Documents/workspace/lcmhalgen/LCMHalTest_DBS/DATABASE_FreeRTOSUART_Hyperterminal_IT/src/Users/jie/Documents/workspace/lcmhalgen/posixGen_Demos/UART_Hyperterminal_IT/Drivers/STM32F4xx_HAL_Driver/Inc/stm32f4xx_hal_flash.h
[E 08:16:13 80616] Already archived /Users/jie/Documents/workspace/lcmhalgen/LCMHalTest_DBS/DATABASE_FreeRTOSUART_Hyperterminal_IT/src/Users/jie/Documents/workspace/lcmhalgen/posixGen_Demos/UART_Hyperterminal_IT/Drivers/STM32F4xx_HAL_Driver/Inc/stm32f4xx_hal_flash_ex.h
[E 08:16:13 80616] Already archived /Users/jie/Documents/workspace/lcmhalgen/LCMHalTest_DBS/DATABASE_FreeRTOSUART_Hyperterminal_IT/src/Users/jie/Documents/workspace/lcmhalgen/posixGen_Demos/UART_Hyperterminal_IT/Drivers/STM32F4xx_HAL_Driver/Inc/stm32f4xx_hal_flash_ramfunc.h
[E 08:16:13 80616] Already archived /Users/jie/Documents/workspace/lcmhalgen/LCMHalTest_DBS/DATABASE_FreeRTOSUART_Hyperterminal_IT/src/Users/jie/Documents/workspace/lcmhalgen/posixGen_Demos/UART_Hyperterminal_IT/Drivers/STM32F4xx_HAL_Driver/Inc/stm32f4xx_hal_sram.h
[E 08:16:13 80616] Already archived /Users/jie/Documents/workspace/lcmhalgen/LCMHalTest_DBS/DATABASE_FreeRTOSUART_Hyperterminal_IT/src/Users/jie/Documents/workspace/lcmhalgen/posixGen_Demos/UART_Hyperterminal_IT/Drivers/STM32F4xx_HAL_Driver/Inc/stm32f4xx_ll_fsmc.h
[E 08:16:13 80616] Already archived /Users/jie/Documents/workspace/lcmhalgen/LCMHalTest_DBS/DATABASE_FreeRTOSUART_Hyperterminal_IT/src/Users/jie/Documents/workspace/lcmhalgen/posixGen_Demos/UART_Hyperterminal_IT/Drivers/STM32F4xx_HAL_Driver/Inc/stm32f4xx_hal_i2c.h
[E 08:16:13 80616] Already archived /Users/jie/Documents/workspace/lcmhalgen/LCMHalTest_DBS/DATABASE_FreeRTOSUART_Hyperterminal_IT/src/Users/jie/Documents/workspace/lcmhalgen/posixGen_Demos/UART_Hyperterminal_IT/Drivers/STM32F4xx_HAL_Driver/Inc/stm32f4xx_hal_i2c_ex.h
[E 08:16:13 80616] Already archived /Users/jie/Documents/workspace/lcmhalgen/LCMHalTest_DBS/DATABASE_FreeRTOSUART_Hyperterminal_IT/src/Users/jie/Documents/workspace/lcmhalgen/posixGen_Demos/UART_Hyperterminal_IT/Drivers/STM32F4xx_HAL_Driver/Inc/stm32f4xx_hal_pwr.h
[E 08:16:13 80616] Already archived /Users/jie/Documents/workspace/lcmhalgen/LCMHalTest_DBS/DATABASE_FreeRTOSUART_Hyperterminal_IT/src/Users/jie/Documents/workspace/lcmhalgen/posixGen_Demos/UART_Hyperterminal_IT/Drivers/STM32F4xx_HAL_Driver/Inc/stm32f4xx_hal_pwr_ex.h
[E 08:16:13 80616] Already archived /Users/jie/Documents/workspace/lcmhalgen/LCMHalTest_DBS/DATABASE_FreeRTOSUART_Hyperterminal_IT/src/Users/jie/Documents/workspace/lcmhalgen/posixGen_Demos/UART_Hyperterminal_IT/Drivers/STM32F4xx_HAL_Driver/Inc/stm32f4xx_hal_uart.h
[E 08:16:13 80616] Creating trap tarball /Users/jie/Documents/workspace/lcmhalgen/LCMHalTest_DBS/DATABASE_FreeRTOSUART_Hyperterminal_IT/trap/cpp/tarballs/Users/jie/Documents/workspace/lcmhalgen/posixGen_Demos/UART_Hyperterminal_IT/Drivers/STM32F4xx_HAL_Driver/Src/stm32f4xx_hal_cortex.c.9c260ada_0.trap.tar.zst
[E 08:16:13 80616] Emitting trap files for ../../Drivers/STM32F4xx_HAL_Driver/Src/stm32f4xx_hal_cortex.c
[E 08:16:13 80616] Opening existencedb in /Users/jie/Documents/workspace/lcmhalgen/LCMHalTest_DBS/DATABASE_FreeRTOSUART_Hyperterminal_IT/working/existencedb/db
[E 08:16:13 80616] Wrote 1 files to /Users/jie/Documents/workspace/lcmhalgen/LCMHalTest_DBS/DATABASE_FreeRTOSUART_Hyperterminal_IT/trap/cpp/tarballs/Users/jie/Documents/workspace/lcmhalgen/posixGen_Demos/UART_Hyperterminal_IT/Drivers/STM32F4xx_HAL_Driver/Src/stm32f4xx_hal_cortex.c.9c260ada_0.trap.tar.zst
[E 08:16:13 80616] Finished compilation TRAP /Users/jie/Documents/workspace/lcmhalgen/LCMHalTest_DBS/DATABASE_FreeRTOSUART_Hyperterminal_IT/trap/cpp/compilations/14/31485851_0.trap.zst
[E 08:16:13 80616] Marking C compilation as happened.
[E 08:16:13 80616] Setting tag c-compilation-happened
[E 08:16:13 80616] Starting from CODEQL_TRACER_DB_ID 0000000000013AE6_0000000000000001
[E 08:16:13 80616] Locking DB /Users/jie/Documents/workspace/lcmhalgen/LCMHalTest_DBS/DATABASE_FreeRTOSUART_Hyperterminal_IT/working/tags.db
[E 08:16:13 80616] Locked DB /Users/jie/Documents/workspace/lcmhalgen/LCMHalTest_DBS/DATABASE_FreeRTOSUART_Hyperterminal_IT/working/tags.db
[E 08:16:13 80616] Set tag for 0000000000013AE6_0000000000000001
[E 08:16:13 80616] Set tag for 0000000000013AE4_0000000000000003
[E 08:16:13 80616] Set tag for 0000000000013AE4_0000000000000002
[E 08:16:13 80616] Set tag for 0000000000013AE4_0000000000000001
[E 08:16:13 80616] Set tag for 0000000000013827_0000000000000002
[E 08:16:13 80616] Set tag for 0000000000013827_0000000000000001
[E 08:16:13 80616] Set tag for 00000000000137DE_0000000000000003
[E 08:16:13 80616] Set tag for 00000000000137DE_0000000000000002
[E 08:16:13 80616] Set tag for root
[E 08:16:13 80616] Unlocking DB
[E 08:16:13 80616] Unlocked DB
[E 08:16:13 80616] Extractor exited successfully
[T 08:16:13 80614] Extractor /opt/homebrew/Caskroom/codeql/2.23.0/codeql/cpp/tools/osx64/extractor terminated with exit code 0.
[T 08:16:13 80653] Initializing tracer.
[T 08:16:13 80653] Initializing tags.
[T 08:16:13 80653] ID set to 0000000000013B0D_0000000000000001 (parent 0000000000013AE4_0000000000000003)
[T 08:16:13 80653] ==== Candidate to intercept: /Users/jie/Documents/arm-gnu-toolchain-14.3.rel1-darwin-arm64-arm-none-eabi/bin/../lib/gcc/arm-none-eabi/14.3.1/../../../../arm-none-eabi/bin/as (canonical: /Users/jie/Documents/arm-gnu-toolchain-14.3.rel1-darwin-arm64-arm-none-eabi/arm-none-eabi/bin/as) ====
[T 08:16:13 80653] Lua: === Intercepted call to /users/jie/documents/arm-gnu-toolchain-14.3.rel1-darwin-arm64-arm-none-eabi/arm-none-eabi/bin/as ===
[T 08:16:13 80653] Executing the following tracer actions:
[T 08:16:13 80653] Tracer actions:
[T 08:16:13 80653] pre_invocations(0)
[T 08:16:13 80653] post_invocations(1)
[T 08:16:13 80653] invocation: /opt/homebrew/Caskroom/codeql/2.23.0/codeql/cpp/tools/osx64/extractor, args: [--assembler, --codeql-assembler-executable, /users/jie/documents/arm-gnu-toolchain-14.3.rel1-darwin-arm64-arm-none-eabi/arm-none-eabi/bin/as, -I, ../../Inc, -I, ../../Drivers/CMSIS/Device/ST/STM32F4xx/Include, -I, ../../Drivers/STM32F4xx_HAL_Driver/Inc, -I, ../../Drivers/BSP/STM324xG_EVAL, -I, ../../Drivers/CMSIS/Include, -march=armv7e-m+fp, -mfloat-abi=hard, -mfpu=fpv4-sp-d16, -meabi=5, -o, Drivers/STM32F4xx_HAL_Driver/stm32f4xx_hal_cortex.o, /var/folders/b3/0hb7dhg16rd56bpwtd8bcnyc0000gn/T//ccC0YV0G.s]
[T 08:16:13 80653] trace_languages(1): [cpp]
[T 08:16:13 80655] Attempting to switch stdout/stderr to 4...
[T 08:16:13 80655] Initializing tracer.
[T 08:16:13 80655] Initializing tags.
[T 08:16:13 80655] ID set to 0000000000013B0F_0000000000000001 (parent 0000000000013B0D_0000000000000001)
[E 08:16:13 80655] CodeQL C/C++ Extractor 2.23.0
[E 08:16:13 80655] Current directory: /Users/jie/Documents/workspace/lcmhalgen/posixGen_Demos/UART_Hyperterminal_IT/STM32CubeIDE/Release
[E 08:16:13 80655] Command: /opt/homebrew/Caskroom/codeql/2.23.0/codeql/cpp/tools/osx64/extractor --assembler --codeql-assembler-executable /users/jie/documents/arm-gnu-toolchain-14.3.rel1-darwin-arm64-arm-none-eabi/arm-none-eabi/bin/as -I ../../Inc -I ../../Drivers/CMSIS/Device/ST/STM32F4xx/Include -I ../../Drivers/STM32F4xx_HAL_Driver/Inc -I ../../Drivers/BSP/STM324xG_EVAL -I ../../Drivers/CMSIS/Include '-march=armv7e-m+fp' -mfloat-abi=hard -mfpu=fpv4-sp-d16 -meabi=5 -o Drivers/STM32F4xx_HAL_Driver/stm32f4xx_hal_cortex.o /var/folders/b3/0hb7dhg16rd56bpwtd8bcnyc0000gn/T//ccC0YV0G.s
[E 08:16:13 80655] Extractor exited after mimicking assembler
[T 08:16:13 80653] Extractor /opt/homebrew/Caskroom/codeql/2.23.0/codeql/cpp/tools/osx64/extractor terminated with exit code 0.
[T 08:16:13 80657] Attempting to switch stdout/stderr to 4...
[T 08:16:13 80657] Initializing tracer.
[T 08:16:13 80657] Initializing tags.
[T 08:16:13 80657] ID set to 0000000000013B11_0000000000000001 (parent 0000000000013AE4_0000000000000003)
[E 08:16:13 80657] CodeQL C/C++ Extractor 2.23.0
[E 08:16:13 80657] Current directory: /Users/jie/Documents/workspace/lcmhalgen/posixGen_Demos/UART_Hyperterminal_IT/STM32CubeIDE/Release
[E 08:16:13 80657] Command: /opt/homebrew/Caskroom/codeql/2.23.0/codeql/cpp/tools/osx64/extractor --mimic /users/jie/documents/arm-gnu-toolchain-14.3.rel1-darwin-arm64-arm-none-eabi/bin/arm-none-eabi-gcc ../../Drivers/STM32F4xx_HAL_Driver/Src/stm32f4xx_hal_cortex.c -mcpu=cortex-m4 -std=gnu11 -DUSE_STM324xG_EVAL -DSTM32F407xx -DUSE_HAL_DRIVER -c -I../../Inc -I../../Drivers/CMSIS/Device/ST/STM32F4xx/Include -I../../Drivers/STM32F4xx_HAL_Driver/Inc -I../../Drivers/BSP/STM324xG_EVAL -I../../Drivers/CMSIS/Include -Os -ffunction-sections -fdata-sections -Wall -fstack-usage -MMD -MP -MFDrivers/STM32F4xx_HAL_Driver/stm32f4xx_hal_cortex.d -MTDrivers/STM32F4xx_HAL_Driver/stm32f4xx_hal_cortex.o --specs=nano.specs -mfpu=fpv4-sp-d16 -mfloat-abi=hard -mthumb -o Drivers/STM32F4xx_HAL_Driver/stm32f4xx_hal_cortex.o
[E 08:16:13 80657] Warning: Unrecognized command line argument --specs=nano.specs
[E 08:16:13 80657] Checking whether C compilation already happened.
[E 08:16:13 80657] Checking for tag c-compilation-happened
[E 08:16:13 80657] Checking CODEQL_TRACER_DB_ID 0000000000013AE4_0000000000000003
[E 08:16:13 80657] Locking DB /Users/jie/Documents/workspace/lcmhalgen/LCMHalTest_DBS/DATABASE_FreeRTOSUART_Hyperterminal_IT/working/tags.db
[E 08:16:13 80657] Locked DB /Users/jie/Documents/workspace/lcmhalgen/LCMHalTest_DBS/DATABASE_FreeRTOSUART_Hyperterminal_IT/working/tags.db
[E 08:16:13 80657] Unlocking DB
[E 08:16:13 80657] Unlocked DB
[E 08:16:13 80657] Exiting as C compilation already happened.
[T 08:16:13 80612] Extractor /opt/homebrew/Caskroom/codeql/2.23.0/codeql/cpp/tools/osx64/extractor terminated with exit code 0.
[T 08:16:13 80658] Initializing tracer.
[T 08:16:13 80658] Initializing tags.
[T 08:16:13 80658] ID set to 0000000000013B12_0000000000000001 (parent 0000000000013827_0000000000000002)
[T 08:16:13 80658] ==== Candidate to intercept: /bin/sh (canonical: /bin/sh) ====
[T 08:16:13 80658] Executing the following tracer actions:
[T 08:16:13 80658] Tracer actions:
[T 08:16:13 80658] pre_invocations(0)
[T 08:16:13 80658] post_invocations(0)
[T 08:16:13 80658] trace_languages(1): [cpp]
[T 08:16:13 80658] Initializing tracer.
[T 08:16:13 80658] Initializing tags.
[T 08:16:13 80658] ID set to 0000000000013B12_0000000000000002 (parent 0000000000013B12_0000000000000001)
[T 08:16:13 80658] ==== Candidate to intercept: /bin/bash (canonical: /bin/bash) ====
[T 08:16:13 80658] Executing the following tracer actions:
[T 08:16:13 80658] Tracer actions:
[T 08:16:13 80658] pre_invocations(0)
[T 08:16:13 80658] post_invocations(0)
[T 08:16:13 80658] trace_languages(1): [cpp]
[T 08:16:13 80658] Initializing tracer.
[T 08:16:13 80658] Initializing tags.
[T 08:16:13 80658] ID set to 0000000000013B12_0000000000000003 (parent 0000000000013B12_0000000000000002)
[T 08:16:13 80658] ==== Candidate to intercept: /Users/jie/Documents/arm-gnu-toolchain-14.3.rel1-darwin-arm64-arm-none-eabi/bin/arm-none-eabi-gcc (canonical: /Users/jie/Documents/arm-gnu-toolchain-14.3.rel1-darwin-arm64-arm-none-eabi/bin/arm-none-eabi-gcc) ====
[T 08:16:13 80658] Lua: === Intercepted call to /users/jie/documents/arm-gnu-toolchain-14.3.rel1-darwin-arm64-arm-none-eabi/bin/arm-none-eabi-gcc ===
[T 08:16:13 80658] Executing the following tracer actions:
[T 08:16:13 80658] Tracer actions:
[T 08:16:13 80658] pre_invocations(0)
[T 08:16:13 80658] post_invocations(1)
[T 08:16:13 80658] invocation: /opt/homebrew/Caskroom/codeql/2.23.0/codeql/cpp/tools/osx64/extractor, args: [--mimic, /users/jie/documents/arm-gnu-toolchain-14.3.rel1-darwin-arm64-arm-none-eabi/bin/arm-none-eabi-gcc, ../../Drivers/STM32F4xx_HAL_Driver/Src/stm32f4xx_hal_dma.c, -mcpu=cortex-m4, -std=gnu11, -DUSE_STM324xG_EVAL, -DSTM32F407xx, -DUSE_HAL_DRIVER, -c, -I../../Inc, -I../../Drivers/CMSIS/Device/ST/STM32F4xx/Include, -I../../Drivers/STM32F4xx_HAL_Driver/Inc, -I../../Drivers/BSP/STM324xG_EVAL, -I../../Drivers/CMSIS/Include, -Os, -ffunction-sections, -fdata-sections, -Wall, -fstack-usage, -MMD, -MP, -MFDrivers/STM32F4xx_HAL_Driver/stm32f4xx_hal_dma.d, -MTDrivers/STM32F4xx_HAL_Driver/stm32f4xx_hal_dma.o, --specs=nano.specs, -mfpu=fpv4-sp-d16, -mfloat-abi=hard, -mthumb, -o, Drivers/STM32F4xx_HAL_Driver/stm32f4xx_hal_dma.o]
[T 08:16:13 80658] trace_languages(1): [cpp]
[T 08:16:13 80660] Initializing tracer.
[T 08:16:13 80660] Initializing tags.
[T 08:16:13 80660] ID set to 0000000000013B14_0000000000000001 (parent 0000000000013B12_0000000000000003)
[T 08:16:13 80660] ==== Candidate to intercept: /Users/jie/Documents/arm-gnu-toolchain-14.3.rel1-darwin-arm64-arm-none-eabi/bin/../libexec/gcc/arm-none-eabi/14.3.1/cc1 (canonical: /Users/jie/Documents/arm-gnu-toolchain-14.3.rel1-darwin-arm64-arm-none-eabi/libexec/gcc/arm-none-eabi/14.3.1/cc1) ====
[T 08:16:13 80660] Lua: === Intercepted call to /users/jie/documents/arm-gnu-toolchain-14.3.rel1-darwin-arm64-arm-none-eabi/libexec/gcc/arm-none-eabi/14.3.1/cc1 ===
[T 08:16:13 80660] Executing the following tracer actions:
[T 08:16:13 80660] Tracer actions:
[T 08:16:13 80660] pre_invocations(0)
[T 08:16:13 80660] post_invocations(1)
[T 08:16:13 80660] invocation: /opt/homebrew/Caskroom/codeql/2.23.0/codeql/cpp/tools/osx64/extractor, args: [--mimic, /users/jie/documents/arm-gnu-toolchain-14.3.rel1-darwin-arm64-arm-none-eabi/libexec/gcc/arm-none-eabi/14.3.1/cc1, -isystem, =/include/newlib-nano, -quiet, -I, ../../Inc, -I, ../../Drivers/CMSIS/Device/ST/STM32F4xx/Include, -I, ../../Drivers/STM32F4xx_HAL_Driver/Inc, -I, ../../Drivers/BSP/STM324xG_EVAL, -I, ../../Drivers/CMSIS/Include, -imultilib, thumb/v7e-m+fp/hard, -iprefix, /Users/jie/Documents/arm-gnu-toolchain-14.3.rel1-darwin-arm64-arm-none-eabi/bin/../lib/gcc/arm-none-eabi/14.3.1/, -isysroot, /Users/jie/Documents/arm-gnu-toolchain-14.3.rel1-darwin-arm64-arm-none-eabi/bin/../arm-none-eabi, -MMD, Drivers/STM32F4xx_HAL_Driver/stm32f4xx_hal_dma.d, -MF, Drivers/STM32F4xx_HAL_Driver/stm32f4xx_hal_dma.d, -MP, -MT, Drivers/STM32F4xx_HAL_Driver/stm32f4xx_hal_dma.o, -D__USES_INITFINI__, -D, USE_STM324xG_EVAL, -D, STM32F407xx, -D, USE_HAL_DRIVER, ../../Drivers/STM32F4xx_HAL_Driver/Src/stm32f4xx_hal_dma.c, -quiet, -dumpdir, Drivers/STM32F4xx_HAL_Driver/, -dumpbase, stm32f4xx_hal_dma.c, -dumpbase-ext, .c, -mcpu=cortex-m4, -mfpu=fpv4-sp-d16, -mfloat-abi=hard, -mthumb, -mlibarch=armv7e-m+fp, -march=armv7e-m+fp, -Os, -Wall, -std=gnu11, -ffunction-sections, -fdata-sections, -fstack-usage, -o, /var/folders/b3/0hb7dhg16rd56bpwtd8bcnyc0000gn/T//ccf7bbQV.s]
[T 08:16:13 80660] trace_languages(1): [cpp]
[T 08:16:13 80663] Attempting to switch stdout/stderr to 4...
[T 08:16:13 80663] Initializing tracer.
[T 08:16:13 80663] Initializing tags.
[T 08:16:13 80663] ID set to 0000000000013B17_0000000000000001 (parent 0000000000013B14_0000000000000001)
[E 08:16:13 80663] CodeQL C/C++ Extractor 2.23.0
[E 08:16:13 80663] Current directory: /Users/jie/Documents/workspace/lcmhalgen/posixGen_Demos/UART_Hyperterminal_IT/STM32CubeIDE/Release
[E 08:16:13 80663] Command: /opt/homebrew/Caskroom/codeql/2.23.0/codeql/cpp/tools/osx64/extractor --mimic /users/jie/documents/arm-gnu-toolchain-14.3.rel1-darwin-arm64-arm-none-eabi/libexec/gcc/arm-none-eabi/14.3.1/cc1 -isystem '=/include/newlib-nano' -quiet -I ../../Inc -I ../../Drivers/CMSIS/Device/ST/STM32F4xx/Include -I ../../Drivers/STM32F4xx_HAL_Driver/Inc -I ../../Drivers/BSP/STM324xG_EVAL -I ../../Drivers/CMSIS/Include -imultilib 'thumb/v7e-m+fp/hard' -iprefix /Users/jie/Documents/arm-gnu-toolchain-14.3.rel1-darwin-arm64-arm-none-eabi/bin/../lib/gcc/arm-none-eabi/14.3.1/ -isysroot /Users/jie/Documents/arm-gnu-toolchain-14.3.rel1-darwin-arm64-arm-none-eabi/bin/../arm-none-eabi -MMD Drivers/STM32F4xx_HAL_Driver/stm32f4xx_hal_dma.d -MF Drivers/STM32F4xx_HAL_Driver/stm32f4xx_hal_dma.d -MP -MT Drivers/STM32F4xx_HAL_Driver/stm32f4xx_hal_dma.o -D__USES_INITFINI__ -D USE_STM324xG_EVAL -D STM32F407xx -D USE_HAL_DRIVER ../../Drivers/STM32F4xx_HAL_Driver/Src/stm32f4xx_hal_dma.c -quiet -dumpdir Drivers/STM32F4xx_HAL_Driver/ -dumpbase stm32f4xx_hal_dma.c -dumpbase-ext .c -mcpu=cortex-m4 -mfpu=fpv4-sp-d16 -mfloat-abi=hard -mthumb '-mlibarch=armv7e-m+fp' '-march=armv7e-m+fp' -Os -Wall -std=gnu11 -ffunction-sections -fdata-sections -fstack-usage -o /var/folders/b3/0hb7dhg16rd56bpwtd8bcnyc0000gn/T//ccf7bbQV.s
[E 08:16:13 80663] Checking whether C compilation already happened.
[E 08:16:13 80663] Checking for tag c-compilation-happened
[E 08:16:13 80663] Checking CODEQL_TRACER_DB_ID 0000000000013B14_0000000000000001
[E 08:16:13 80663] Locking DB /Users/jie/Documents/workspace/lcmhalgen/LCMHalTest_DBS/DATABASE_FreeRTOSUART_Hyperterminal_IT/working/tags.db
[E 08:16:13 80663] Locked DB /Users/jie/Documents/workspace/lcmhalgen/LCMHalTest_DBS/DATABASE_FreeRTOSUART_Hyperterminal_IT/working/tags.db
[E 08:16:13 80663] Unlocking DB
[E 08:16:13 80663] Unlocked DB
[E 08:16:13 80663] Looks like C compilation didn't already happen.
[E 08:16:13 80663] Checking whether C compilation has been attempted.
[E 08:16:13 80663] Checking for tag c-compilation-attempted
[E 08:16:13 80663] Checking CODEQL_TRACER_DB_ID 0000000000013B14_0000000000000001
[E 08:16:13 80663] Locking DB /Users/jie/Documents/workspace/lcmhalgen/LCMHalTest_DBS/DATABASE_FreeRTOSUART_Hyperterminal_IT/working/tags.db
[E 08:16:13 80663] Locked DB /Users/jie/Documents/workspace/lcmhalgen/LCMHalTest_DBS/DATABASE_FreeRTOSUART_Hyperterminal_IT/working/tags.db
[E 08:16:13 80663] Unlocking DB
[E 08:16:13 80663] Unlocked DB
[E 08:16:13 80663] Marking C compilation as attempted.
[E 08:16:13 80663] Setting tag c-compilation-attempted
[E 08:16:13 80663] Starting from CODEQL_TRACER_DB_ID 0000000000013B14_0000000000000001
[E 08:16:13 80663] Locking DB /Users/jie/Documents/workspace/lcmhalgen/LCMHalTest_DBS/DATABASE_FreeRTOSUART_Hyperterminal_IT/working/tags.db
[E 08:16:13 80663] Locked DB /Users/jie/Documents/workspace/lcmhalgen/LCMHalTest_DBS/DATABASE_FreeRTOSUART_Hyperterminal_IT/working/tags.db
[E 08:16:13 80663] Set tag for 0000000000013B14_0000000000000001
[E 08:16:13 80663] Set tag for 0000000000013B12_0000000000000003
[E 08:16:13 80663] Set tag for 0000000000013B12_0000000000000002
[E 08:16:13 80663] Set tag for 0000000000013B12_0000000000000001
[E 08:16:13 80663] Set tag for 0000000000013827_0000000000000002
[E 08:16:13 80663] Set tag for 0000000000013827_0000000000000001
[E 08:16:13 80663] Set tag for 00000000000137DE_0000000000000003
[E 08:16:13 80663] Set tag for 00000000000137DE_0000000000000002
[E 08:16:13 80663] Set tag for root
[E 08:16:13 80663] Unlocking DB
[E 08:16:13 80663] Unlocked DB
[E 08:16:13 80663] Processed command line: /opt/homebrew/Caskroom/codeql/2.23.0/codeql/cpp/tools/osx64/extractor --trapfolder /Users/jie/Documents/workspace/lcmhalgen/LCMHalTest_DBS/DATABASE_FreeRTOSUART_Hyperterminal_IT/trap/cpp --src_archive /Users/jie/Documents/workspace/lcmhalgen/LCMHalTest_DBS/DATABASE_FreeRTOSUART_Hyperterminal_IT/src --object_filename /var/folders/b3/0hb7dhg16rd56bpwtd8bcnyc0000gn/T//ccf7bbQV.s --no_warnings_and_discretionary_errors --error_limit 1000 --disable_system_macros --variadic_macros --incognito --c11 --gcc --gnu_version 140301 --target linux_i686 '-D__DBL_MIN_EXP__=(-1021)' -D__HQ_FBIT__=15 -D__UINT_LEAST16_MAX__=0xffff -D__ARM_SIZEOF_WCHAR_T=4 -D__WCHAR_MAX__=0xffffffffU -D__SFRACT_IBIT__=0 -D__ULFRACT_MIN__=0.0ULR -D__FLT_MIN__=1.1754943508222875e-38F -D__GCC_IEC_559_COMPLEX=0 -D__SIZEOF_LONG__=4 -D__UFRACT_MAX__=0XFFFFP-16UR '-D__UINT_LEAST8_TYPE__=unsigned char' -D__FLT_MAX_EXP__=128 -D__DQ_FBIT__=63 '-D__INTMAX_C(c)=c ## LL' -D__ARM_FEATURE_SAT=1 -D__ULFRACT_FBIT__=32 -D__CHAR_BIT__=8 -D__USQ_IBIT__=0 -D__UINT8_MAX__=0xff -D__ACCUM_FBIT__=15 -D__WINT_MAX__=0xffffffffU '-D__FLT32_MIN_EXP__=(-125)' -D__LONG_WIDTH__=32 -D__USFRACT_FBIT__=8 -D__ORDER_LITTLE_ENDIAN__=1234 -D__SIZE_MAX__=0xffffffffU -D__LACCUM_IBIT__=32 -D__GCC_HAVE_SYNC_COMPARE_AND_SWAP_1=1 -D__GCC_HAVE_SYNC_COMPARE_AND_SWAP_2=1 -D__GCC_HAVE_SYNC_COMPARE_AND_SWAP_4=1 '-D__DBL_DENORM_MIN__=((double)4.9406564584124654e-324L)' -D__GCC_ATOMIC_CHAR_LOCK_FREE=2 -D__GCC_IEC_559=0 -D__FLT32X_DECIMAL_DIG__=17 -D__FLT_EVAL_METHOD__=0 -D__TQ_IBIT__=0 -D__LLACCUM_MAX__=0X7FFFFFFFFFFFFFFFP-31LLK -D__FLT32_HAS_INFINITY__=1 -D__FLT64_DECIMAL_DIG__=17 -D__GCC_ATOMIC_CHAR32_T_LOCK_FREE=2 -D__INTPTR_WIDTH__=32 -D__SIG_ATOMIC_TYPE__=int '-D__DBL_MIN_10_EXP__=(-307)' -D__LFRACT_IBIT__=0 -D__FLT32_HAS_DENORM__=1 -D__USA_FBIT__=16 -D__UINT_FAST8_MAX__=0xffffffffU -D__FLT_HAS_QUIET_NAN__=1 '-D__INT8_C(c)=c' -D__INT_LEAST8_WIDTH__=8 -D__UINT_LEAST64_MAX__=0xffffffffffffffffULL -D__SA_FBIT__=15 -D__APCS_32__=1 -D__SHRT_MAX__=0x7fff '-D__LDBL_MAX__=1.7976931348623157e+308L' -D__FRACT_MAX__=0X7FFFP-15R -D__thumb2__=1 -D__LDBL_IS_IEC_60559__=1 -D__UFRACT_FBIT__=16 -D__ARM_FP=4 -D__UFRACT_MIN__=0.0UR -D__UINT_LEAST8_MAX__=0xff -D__GCC_ATOMIC_BOOL_LOCK_FREE=2 '-D__UINTMAX_TYPE__=long long unsigned int' -D__LLFRACT_EPSILON__=0x1P-63LLR -D__FLT_EVAL_METHOD_TS_18661_3__=0 -D__UINT32_MAX__=0xffffffffUL -D__ULFRACT_MAX__=0XFFFFFFFFP-32ULR -D__TA_IBIT__=64 -D__LDBL_MAX_EXP__=1024 -D__WINT_MIN__=0U -D__ARM_ASM_SYNTAX_UNIFIED__=1 -D__FLT32X_IS_IEC_60559__=1 -D__INT_LEAST16_WIDTH__=16 -D__ULLFRACT_MIN__=0.0ULLR -D__SCHAR_MAX__=0x7f -D__WCHAR_MIN__=0U '-D__INT64_C(c)=c ## LL' '-D__UINT16_C(c)=c' -D__GCC_ATOMIC_POINTER_LOCK_FREE=2 -D__ATOMIC_SEQ_CST=5 -D__FLT32X_MAX_EXP__=1024 -D__SIZEOF_INT__=4 -D__FLT32X_MANT_DIG__=53 -D__USACCUM_IBIT__=8 '-D__INT16_TYPE__=short int' -D__FLT_DIG__=6 '-D__LFRACT_MIN__=(-0.5LR-0.5LR)' -D__HA_IBIT__=8 -D__FLT_EPSILON__=1.1920928955078125e-7F -D__SHRT_WIDTH__=16 -D__FLT32_IS_IEC_60559__=1 -D__USFRACT_IBIT__=0 -D__LDBL_MIN__=2.2250738585072014e-308L -D__STDC_UTF_16__=1 '-D__FRACT_MIN__=(-0.5R-0.5R)' -D__DA_IBIT__=32 -D__ARM_SIZEOF_MINIMAL_ENUM=1 -D__FLT32X_HAS_INFINITY__=1 -D__UQQ_FBIT__=8 -D__UACCUM_MAX__=0XFFFFFFFFP-16UK -D__DECIMAL_DIG__=17 -D__LFRACT_EPSILON__=0x1P-31LR -D__FLT64_EPSILON__=2.2204460492503131e-16F64 -D__INT16_MAX__=0x7fff -D__ARM_PCS_VFP=1 -D__LDBL_HAS_QUIET_NAN__=1 -D__ULACCUM_IBIT__=32 -D__ARM_FEATURE_FMA=1 -D__FLT64_MANT_DIG__=53 -D__INT_LEAST16_MAX__=0x7fff -D__UACCUM_EPSILON__=0x1P-16UK -D__ULLACCUM_MAX__=0XFFFFFFFFFFFFFFFFP-32ULLK -D__HQ_IBIT__=0 -D__FLT_HAS_DENORM__=1 -D__SIZEOF_LONG_DOUBLE__=8 -D__SA_IBIT__=16 -D__BIGGEST_ALIGNMENT__=8 -D__ARM_FEATURE_IDIV=1 -D__INTPTR_TYPE__=int '-D__SIZE_TYPE__=unsigned int' -D__FLT64_MAX_10_EXP__=308 -D__DBL_DIG__=15 -D__ULLACCUM_FBIT__=32 -D__DBL_IS_IEC_60559__=1 -D__DQ_IBIT__=0 '-D__DBL_MAX__=((double)1.7976931348623157e+308L)' -D__ULFRACT_IBIT__=0 -D__INT_FAST32_MAX__=0x7fffffff -D__DBL_HAS_INFINITY__=1 -D__HAVE_SPECULATION_SAFE_VALUE=1 -D__ACCUM_IBIT__=16 -D__THUMB_INTERWORK__=1 -D__UINT_LEAST32_MAX__=0xffffffffUL -D__LACCUM_MAX__=0X7FFFFFFFFFFFFFFFP-31LK -D__FLT32X_HAS_DENORM__=1 -D__INT_FAST16_TYPE__=int -D__LDBL_HAS_DENORM__=1 -D__ARM_FEATURE_LDREX=7 -D__FLT32_DECIMAL_DIG__=9 -D__INT_LEAST32_MAX__=0x7fffffffL -D__ACCUM_MAX__=0X7FFFFFFFP-15K -D__DBL_MAX_EXP__=1024 -D__USACCUM_EPSILON__=0x1P-8UHK -D__WCHAR_WIDTH__=32 '-D__FLT32_MAX__=3.4028234663852886e+38F32' -D__SFRACT_MAX__=0X7FP-7HR -D__FRACT_IBIT__=0 -D__PTRDIFF_MAX__=0x7fffffff -D__UACCUM_MIN__=0.0UK -D__UACCUM_IBIT__=16 '-D__LLACCUM_MIN__=(-0X1P31LLK-0X1P31LLK)' -D__FLT32_HAS_QUIET_NAN__=1 -D__LONG_LONG_MAX__=0x7fffffffffffffffLL -D__ULACCUM_MAX__=0XFFFFFFFFFFFFFFFFP-32ULK -D__SIZEOF_WINT_T__=4 -D__ARM_FEATURE_UNALIGNED=1 -D__LONG_LONG_WIDTH__=64 -D__FLT32_MAX_EXP__=128 -D__ULLACCUM_MIN__=0.0ULLK -D__GXX_ABI_VERSION=1019 -D__UTA_FBIT__=64 -D__UFRACT_IBIT__=0 -D__FLT64_IS_IEC_60559__=1 -D__USQ_FBIT__=32 -D__ARM_FEATURE_QBIT=1 '-D__INT_FAST64_TYPE__=long long int' -D__FP_FAST_FMAF=1 -D__FLT64_DENORM_MIN__=4.9406564584124654e-324F64 '-D__DBL_MIN__=((double)2.2250738585072014e-308L)' -D__SIZEOF_POINTER__=4 -D__DBL_HAS_QUIET_NAN__=1 -D__FLT32X_EPSILON__=2.2204460492503131e-16F32x '-D__FLT64_MIN_EXP__=(-1021)' '-D__LACCUM_MIN__=(-0X1P31LK-0X1P31LK)' -D__FRACT_FBIT__=15 '-D__FLT64_MIN_10_EXP__=(-307)' -D__ULLFRACT_EPSILON__=0x1P-64ULLR -D__REGISTER_PREFIX__= -D__UINT16_MAX__=0xffff -D__DBL_HAS_DENORM__=1 '-D__ACCUM_MIN__=(-0X1P15K-0X1P15K)' -D__SQ_IBIT__=0 '-D__UINT8_TYPE__=unsigned char' -D__UHA_FBIT__=8 '-D__SFRACT_MIN__=(-0.5HR-0.5HR)' -D__UTQ_FBIT__=128 -D__DEC_EVAL_METHOD__=2 -D__FLT_MANT_DIG__=24 -D__LDBL_DECIMAL_DIG__=17 '-D__UINT64_C(c)=c ## ULL' -D__FRACT_EPSILON__=0x1P-15R -D__ULACCUM_MIN__=0.0ULK -D__UDA_FBIT__=32 -D__GCC_ATOMIC_INT_LOCK_FREE=2 '-D__FLT_MIN_EXP__=(-125)' -D__FLOAT_WORD_ORDER__=__ORDER_LITTLE_ENDIAN__ -D__USFRACT_MIN__=0.0UHR -D__FLT32_MANT_DIG__=24 -D__ULLFRACT_FBIT__=64 -D__UQQ_IBIT__=0 -D__SCHAR_WIDTH__=8 '-D__INT32_C(c)=c ## L' -D__ORDER_PDP_ENDIAN__=3412 -D__UHQ_FBIT__=16 -D__LLACCUM_FBIT__=31 -D__INT_FAST32_TYPE__=int '-D__UINT_LEAST16_TYPE__=short unsigned int' -D__UINT64_MAX__=0xffffffffffffffffULL -D__FLT_IS_IEC_60559__=1 -D__UDQ_FBIT__=64 -D__UINT_FAST64_MAX__=0xffffffffffffffffULL '-D__GNUC_WIDE_EXECUTION_CHARSET_NAME="UTF-32LE"' '-D__INT8_TYPE__=signed char' -D__thumb__=1 -D__ELF__=1 -D__SACCUM_EPSILON__=0x1P-7HK -D__ULFRACT_EPSILON__=0x1P-32ULR -D__LLFRACT_FBIT__=63 -D__FLT_RADIX__=2 '-D__INT_LEAST16_TYPE__=short int' -D__ARM_ARCH_PROFILE=77 -D__LDBL_EPSILON__=2.2204460492503131e-16L '-D__UINTMAX_C(c)=c ## ULL' -D__SACCUM_MAX__=0X7FFFP-7HK -D__FLT32X_MIN__=2.2250738585072014e-308F32x -D__SIG_ATOMIC_MAX__=0x7fffffff -D__UACCUM_FBIT__=16 -D__GCC_ATOMIC_WCHAR_T_LOCK_FREE=2 -D__USER_LABEL_PREFIX__= -D__VFP_FP__=1 -D__SIZEOF_PTRDIFF_T__=4 -D__ATOMIC_ACQUIRE=2 -D__INT_WIDTH__=32 -D__OPTIMIZE__=1 -D__LACCUM_EPSILON__=0x1P-31LK -D__LDBL_DIG__=15 '-D__FLT32X_MIN_EXP__=(-1021)' -D__INT_FAST16_MAX__=0x7fffffff -D__GCC_CONSTRUCTIVE_SIZE=64 -D__FLT64_DIG__=15 -D__UINT_FAST32_MAX__=0xffffffffU '-D__UINT_LEAST64_TYPE__=long long unsigned int' -D__SFRACT_EPSILON__=0x1P-7HR -D__GCC_ASM_FLAG_OUTPUTS__=1 -D__FLT_MAX_10_EXP__=38 -D__LONG_MAX__=0x7fffffffL -D__FINITE_MATH_ONLY__=0 -D__SIZEOF_SIZE_T__=4 -D__FLT_HAS_INFINITY__=1 '-D__GNUC_EXECUTION_CHARSET_NAME="UTF-8"' -D__CHAR_UNSIGNED__=1 '-D__UINT_FAST16_TYPE__=unsigned int' -D__ARM_32BIT_STATE=1 -D__INT_FAST32_WIDTH__=32 -D__PRAGMA_REDEFINE_EXTNAME=1 -D__ARMEL__=1 -D__SIZE_WIDTH__=32 -D__INT64_MAX__=0x7fffffffffffffffLL -D__SACCUM_FBIT__=7 -D__FLT32_DENORM_MIN__=1.4012984643248171e-45F32 -D__SIG_ATOMIC_WIDTH__=32 '-D__INT_LEAST64_TYPE__=long long int' -D__ARM_FEATURE_CLZ=1 '-D__INT_LEAST8_TYPE__=signed char' -D__SQ_FBIT__=31 -D__USFRACT_MAX__=0XFFP-8UHR -D__ARM_ARCH_ISA_THUMB=2 -D__INT_FAST8_MAX__=0x7fffffff -D__ARM_ARCH=7 -D__INTPTR_MAX__=0x7fffffff -D__QQ_FBIT__=7 -D__UTA_IBIT__=64 -D__FLT64_HAS_QUIET_NAN__=1 -D__FLT32X_DIG__=15 -D__PTRDIFF_WIDTH__=32 -D__LDBL_MANT_DIG__=53 -D__SFRACT_FBIT__=7 '-D__SACCUM_MIN__=(-0X1P7HK-0X1P7HK)' -D__FLT64_HAS_INFINITY__=1 '-D__SIG_ATOMIC_MIN__=(-__SIG_ATOMIC_MAX__ - 1)' -D__GCC_ATOMIC_LONG_LOCK_FREE=2 '-D__UINT16_TYPE__=short unsigned int' '-D__WCHAR_TYPE__=unsigned int' -D__SIZEOF_FLOAT__=4 -D__THUMBEL__=1 -D__TQ_FBIT__=127 -D__UINTPTR_MAX__=0xffffffffU -D__INT_FAST64_WIDTH__=64 -D__LDBL_HAS_INFINITY__=1 -D__ULLACCUM_IBIT__=32 -D__FLT32_MAX_10_EXP__=38 -D__INT_FAST64_MAX__=0x7fffffffffffffffLL -D__GCC_ATOMIC_TEST_AND_SET_TRUEVAL=1 '-D__FLT_NORM_MAX__=3.4028234663852886e+38F' '-D__UINT_FAST64_TYPE__=long long unsigned int' -D__LACCUM_FBIT__=31 -D__HA_FBIT__=7 -D__UHA_IBIT__=8 '-D__INT64_TYPE__=long long int' -D__UTQ_IBIT__=0 -D__DBL_MANT_DIG__=53 -D__INT_LEAST64_MAX__=0x7fffffffffffffffLL -D__GCC_ATOMIC_CHAR16_T_LOCK_FREE=2 -D__FP_FAST_FMAF32=1 '-D__WINT_TYPE__=unsigned int' '-D__UINT_LEAST32_TYPE__=long unsigned int' -D__SIZEOF_SHORT__=2 -D__ULLFRACT_IBIT__=0 '-D__FLT32_NORM_MAX__=3.4028234663852886e+38F32' '-D__LDBL_MIN_EXP__=(-1021)' -D__GXX_TYPEINFO_EQUALITY_INLINE=0 -D__INTMAX_MAX__=0x7fffffffffffffffLL -D__arm__=1 '-D__FLT64_MAX__=1.7976931348623157e+308F64' -D__UDA_IBIT__=32 -D__INT_MAX__=0x7fffffff -D__WINT_WIDTH__=32 -D__INT_LEAST8_MAX__=0x7f -D__INT_LEAST64_WIDTH__=64 -D__FLT32X_MAX_10_EXP__=308 -D__LLACCUM_EPSILON__=0x1P-31LLK -D__LFRACT_FBIT__=31 -D__LDBL_MAX_10_EXP__=308 -D__ATOMIC_RELAXED=0 '-D__DBL_EPSILON__=((double)2.2204460492503131e-16L)' '-D__INT_LEAST32_TYPE__=long int' -D__ARM_ARCH_7EM__=1 -D__ARM_FEATURE_SIMD32=1 '-D__UINT8_C(c)=c' -D__FLT64_MAX_EXP__=1024 -D__SIZEOF_WCHAR_T__=4 '-D__UINT64_TYPE__=long long unsigned int' -D__OPTIMIZE_SIZE__=1 -D__LLFRACT_MAX__=0X7FFFFFFFFFFFFFFFP-63LLR '-D__FLT64_NORM_MAX__=1.7976931348623157e+308F64' -D__INT_FAST8_TYPE__=int -D__ULLACCUM_EPSILON__=0x1P-32ULLK -D__USACCUM_MAX__=0XFFFFP-8UHK -D__UHQ_IBIT__=0 -D__ARM_FEATURE_COPROC=15 -D__LLACCUM_IBIT__=32 -D__FLT64_HAS_DENORM__=1 -D__FLT32_EPSILON__=1.1920928955078125e-7F32 -D__DBL_DECIMAL_DIG__=17 -D__STDC_UTF_32__=1 -D__INT_FAST8_WIDTH__=32 -D__BYTE_ORDER__=__ORDER_LITTLE_ENDIAN__ '-D__FLT32X_MAX__=1.7976931348623157e+308F32x' -D__TA_FBIT__=63 '-D__DBL_NORM_MAX__=((double)1.7976931348623157e+308L)' -D__USFRACT_EPSILON__=0x1P-8UHR -D__GCC_DESTRUCTIVE_SIZE=64 -D__UDQ_IBIT__=0 -D__INTMAX_WIDTH__=64 -D__ORDER_BIG_ENDIAN__=4321 -D__LFRACT_MAX__=0X7FFFFFFFP-31LR -D__ARM_FEATURE_DSP=1 -D__FLT32_DIG__=6 -D__ACCUM_EPSILON__=0x1P-15K '-D__UINT32_C(c)=c ## UL' -D__QQ_IBIT__=0 -D__LLFRACT_IBIT__=0 -D__INT8_MAX__=0x7f -D__INT32_MAX__=0x7fffffffL '-D__UINT_FAST32_TYPE__=unsigned int' '-D__FLT32X_NORM_MAX__=1.7976931348623157e+308F32x' '-D__FLT32_MIN_10_EXP__=(-37)' '-D__FLT_MAX__=3.4028234663852886e+38F' -D__USACCUM_FBIT__=8 '-D__INT32_TYPE__=long int' -D__SIZEOF_DOUBLE__=8 '-D__FLT_MIN_10_EXP__=(-37)' -D__UFRACT_EPSILON__=0x1P-16UR -D__FLT64_MIN__=2.2250738585072014e-308F64 -D__FLT_DENORM_MIN__=1.4012984643248171e-45F -D__INT_LEAST32_WIDTH__=32 '-D__INTMAX_TYPE__=long long int' -D__FLT32X_HAS_QUIET_NAN__=1 -D__ATOMIC_CONSUME=1 -D__INT_FAST16_WIDTH__=32 -D__UINTMAX_MAX__=0xffffffffffffffffULL -D__FLT32X_DENORM_MIN__=4.9406564584124654e-324F32x -D__ATOMIC_ACQ_REL=4 -D__DBL_MAX_10_EXP__=308 -D__LDBL_DENORM_MIN__=4.9406564584124654e-324L '-D__INT16_C(c)=c' -D__ATOMIC_RELEASE=3 -D__PTRDIFF_TYPE__=int '-D__LLFRACT_MIN__=(-0.5LLR-0.5LLR)' -D__USACCUM_MIN__=0.0UHK -D__FLT32_MIN__=1.1754943508222875e-38F32 -D__DA_FBIT__=31 '-D__UINT32_TYPE__=long unsigned int' '-D__FLT32X_MIN_10_EXP__=(-307)' -D__ARM_ARCH_EXT_IDIV__=1 '-D__UINTPTR_TYPE__=unsigned int' -D__USA_IBIT__=16 -D__ARM_EABI__=1 '-D__LDBL_MIN_10_EXP__=(-307)' -D__SIZEOF_LONG_LONG__=8 -D__ULACCUM_EPSILON__=0x1P-32ULK -D__SACCUM_IBIT__=8 -D__GCC_ATOMIC_LLONG_LOCK_FREE=1 -D__FLT_DECIMAL_DIG__=9 -D__UINT_FAST16_MAX__=0xffffffffU '-D__LDBL_NORM_MAX__=1.7976931348623157e+308L' -D__GCC_ATOMIC_SHORT_LOCK_FREE=2 -D__ULLFRACT_MAX__=0XFFFFFFFFFFFFFFFFP-64ULLR '-D__UINT_FAST8_TYPE__=unsigned int' -D__ULACCUM_FBIT__=32 -D__USES_INITFINI__ -DUSE_STM324xG_EVAL -DSTM32F407xx -DUSE_HAL_DRIVER -I../../Inc -I../../Drivers/CMSIS/Device/ST/STM32F4xx/Include -I../../Drivers/STM32F4xx_HAL_Driver/Inc -I../../Drivers/BSP/STM324xG_EVAL -I../../Drivers/CMSIS/Include -I/Users/jie/Documents/arm-gnu-toolchain-14.3.rel1-darwin-arm64-arm-none-eabi/bin/../arm-none-eabi/include/newlib-nano -I/Users/jie/Documents/arm-gnu-toolchain-14.3.rel1-darwin-arm64-arm-none-eabi/bin/../lib/gcc/arm-none-eabi/14.3.1/include -I/Users/jie/Documents/arm-gnu-toolchain-14.3.rel1-darwin-arm64-arm-none-eabi/bin/../lib/gcc/arm-none-eabi/14.3.1/include-fixed -I/Users/jie/Documents/arm-gnu-toolchain-14.3.rel1-darwin-arm64-arm-none-eabi/bin/../lib/gcc/arm-none-eabi/14.3.1/../../../../arm-none-eabi/include -- ../../Drivers/STM32F4xx_HAL_Driver/Src/stm32f4xx_hal_dma.c
[E 08:16:13 80663] CODEQL_EXTRACTOR_CPP_TRAP_CACHING is not set
[E 08:16:13 80663] CODEQL_EXTRACTOR_CPP_OPTION_TRAP_CACHE_WRITE is not set
[E 08:16:13 80663] CODEQL_EXTRACTOR_CPP_OPTION_TRAP_CACHE_DIR is not set
[E 08:16:13 80663] Initialising TRAP cache at path: 6b/1fac/ac0cb9b8cc0830ac3bd1e3087129
[E 08:16:13 80663] Not using TRAP cache
[E 08:16:13 80663] TRAP cache miss
[E 08:16:13 80663] Starting compilation TRAP /Users/jie/Documents/workspace/lcmhalgen/LCMHalTest_DBS/DATABASE_FreeRTOSUART_Hyperterminal_IT/trap/cpp/compilations/28/65052590_0.trap.zst
[E 08:16:13 80663] Archiving /Users/jie/Documents/workspace/lcmhalgen/LCMHalTest_DBS/DATABASE_FreeRTOSUART_Hyperterminal_IT/src/Users/jie/Documents/workspace/lcmhalgen/posixGen_Demos/UART_Hyperterminal_IT/Drivers/STM32F4xx_HAL_Driver/Src/stm32f4xx_hal_dma.c
[E 08:16:13 80663] Already archived /Users/jie/Documents/workspace/lcmhalgen/LCMHalTest_DBS/DATABASE_FreeRTOSUART_Hyperterminal_IT/src/Users/jie/Documents/workspace/lcmhalgen/posixGen_Demos/UART_Hyperterminal_IT/Drivers/STM32F4xx_HAL_Driver/Inc/stm32f4xx_hal.h
[E 08:16:13 80663] Already archived /Users/jie/Documents/workspace/lcmhalgen/LCMHalTest_DBS/DATABASE_FreeRTOSUART_Hyperterminal_IT/src/Users/jie/Documents/workspace/lcmhalgen/posixGen_Demos/UART_Hyperterminal_IT/Inc/stm32f4xx_hal_conf.h
[E 08:16:13 80663] Already archived /Users/jie/Documents/workspace/lcmhalgen/LCMHalTest_DBS/DATABASE_FreeRTOSUART_Hyperterminal_IT/src/Users/jie/Documents/workspace/lcmhalgen/posixGen_Demos/UART_Hyperterminal_IT/Drivers/STM32F4xx_HAL_Driver/Inc/stm32f4xx_hal_rcc.h
[E 08:16:13 80663] Already archived /Users/jie/Documents/workspace/lcmhalgen/LCMHalTest_DBS/DATABASE_FreeRTOSUART_Hyperterminal_IT/src/Users/jie/Documents/workspace/lcmhalgen/posixGen_Demos/UART_Hyperterminal_IT/Drivers/STM32F4xx_HAL_Driver/Inc/stm32f4xx_hal_def.h
[E 08:16:13 80663] Already archived /Users/jie/Documents/workspace/lcmhalgen/LCMHalTest_DBS/DATABASE_FreeRTOSUART_Hyperterminal_IT/src/Users/jie/Documents/workspace/lcmhalgen/posixGen_Demos/UART_Hyperterminal_IT/Drivers/CMSIS/Device/ST/STM32F4xx/Include/stm32f4xx.h
[E 08:16:13 80663] Already archived /Users/jie/Documents/workspace/lcmhalgen/LCMHalTest_DBS/DATABASE_FreeRTOSUART_Hyperterminal_IT/src/Users/jie/Documents/workspace/lcmhalgen/posixGen_Demos/UART_Hyperterminal_IT/Drivers/CMSIS/Device/ST/STM32F4xx/Include/stm32f407xx.h
[E 08:16:13 80663] Already archived /Users/jie/Documents/workspace/lcmhalgen/LCMHalTest_DBS/DATABASE_FreeRTOSUART_Hyperterminal_IT/src/Users/jie/Documents/workspace/lcmhalgen/posixGen_Demos/UART_Hyperterminal_IT/Drivers/CMSIS/Include/core_cm4.h
[E 08:16:13 80663] Already archived /Users/jie/Documents/workspace/lcmhalgen/LCMHalTest_DBS/DATABASE_FreeRTOSUART_Hyperterminal_IT/src/Users/jie/Documents/arm-gnu-toolchain-14.3.rel1-darwin-arm64-arm-none-eabi/lib/gcc/arm-none-eabi/14.3.1/include/stdint.h
[E 08:16:13 80663] Already archived /Users/jie/Documents/workspace/lcmhalgen/LCMHalTest_DBS/DATABASE_FreeRTOSUART_Hyperterminal_IT/src/Users/jie/Documents/arm-gnu-toolchain-14.3.rel1-darwin-arm64-arm-none-eabi/arm-none-eabi/include/stdint.h
[E 08:16:13 80663] Already archived /Users/jie/Documents/workspace/lcmhalgen/LCMHalTest_DBS/DATABASE_FreeRTOSUART_Hyperterminal_IT/src/Users/jie/Documents/arm-gnu-toolchain-14.3.rel1-darwin-arm64-arm-none-eabi/arm-none-eabi/include/machine/_default_types.h
[E 08:16:13 80663] Already archived /Users/jie/Documents/workspace/lcmhalgen/LCMHalTest_DBS/DATABASE_FreeRTOSUART_Hyperterminal_IT/src/Users/jie/Documents/arm-gnu-toolchain-14.3.rel1-darwin-arm64-arm-none-eabi/arm-none-eabi/include/sys/features.h
[E 08:16:13 80663] Already archived /Users/jie/Documents/workspace/lcmhalgen/LCMHalTest_DBS/DATABASE_FreeRTOSUART_Hyperterminal_IT/src/Users/jie/Documents/arm-gnu-toolchain-14.3.rel1-darwin-arm64-arm-none-eabi/arm-none-eabi/include/_newlib_version.h
[E 08:16:13 80663] Already archived /Users/jie/Documents/workspace/lcmhalgen/LCMHalTest_DBS/DATABASE_FreeRTOSUART_Hyperterminal_IT/src/Users/jie/Documents/arm-gnu-toolchain-14.3.rel1-darwin-arm64-arm-none-eabi/arm-none-eabi/include/sys/_intsup.h
[E 08:16:13 80663] Already archived /Users/jie/Documents/workspace/lcmhalgen/LCMHalTest_DBS/DATABASE_FreeRTOSUART_Hyperterminal_IT/src/Users/jie/Documents/arm-gnu-toolchain-14.3.rel1-darwin-arm64-arm-none-eabi/arm-none-eabi/include/sys/_stdint.h
[E 08:16:13 80663] Already archived /Users/jie/Documents/workspace/lcmhalgen/LCMHalTest_DBS/DATABASE_FreeRTOSUART_Hyperterminal_IT/src/Users/jie/Documents/workspace/lcmhalgen/posixGen_Demos/UART_Hyperterminal_IT/Drivers/CMSIS/Include/cmsis_version.h
[E 08:16:13 80663] Already archived /Users/jie/Documents/workspace/lcmhalgen/LCMHalTest_DBS/DATABASE_FreeRTOSUART_Hyperterminal_IT/src/Users/jie/Documents/workspace/lcmhalgen/posixGen_Demos/UART_Hyperterminal_IT/Drivers/CMSIS/Include/cmsis_compiler.h
[E 08:16:13 80663] Already archived /Users/jie/Documents/workspace/lcmhalgen/LCMHalTest_DBS/DATABASE_FreeRTOSUART_Hyperterminal_IT/src/Users/jie/Documents/workspace/lcmhalgen/posixGen_Demos/UART_Hyperterminal_IT/Drivers/CMSIS/Include/cmsis_gcc.h
[E 08:16:13 80663] Already archived /Users/jie/Documents/workspace/lcmhalgen/LCMHalTest_DBS/DATABASE_FreeRTOSUART_Hyperterminal_IT/src/Users/jie/Documents/workspace/lcmhalgen/posixGen_Demos/UART_Hyperterminal_IT/Drivers/CMSIS/Include/mpu_armv7.h
[E 08:16:13 80663] Already archived /Users/jie/Documents/workspace/lcmhalgen/LCMHalTest_DBS/DATABASE_FreeRTOSUART_Hyperterminal_IT/src/Users/jie/Documents/workspace/lcmhalgen/posixGen_Demos/UART_Hyperterminal_IT/Drivers/CMSIS/Device/ST/STM32F4xx/Include/system_stm32f4xx.h
[E 08:16:13 80663] Already archived /Users/jie/Documents/workspace/lcmhalgen/LCMHalTest_DBS/DATABASE_FreeRTOSUART_Hyperterminal_IT/src/Users/jie/Documents/workspace/lcmhalgen/posixGen_Demos/UART_Hyperterminal_IT/Drivers/STM32F4xx_HAL_Driver/Inc/stm32f4xx_hal.h
[E 08:16:13 80663] Already archived /Users/jie/Documents/workspace/lcmhalgen/LCMHalTest_DBS/DATABASE_FreeRTOSUART_Hyperterminal_IT/src/Users/jie/Documents/workspace/lcmhalgen/posixGen_Demos/UART_Hyperterminal_IT/Drivers/STM32F4xx_HAL_Driver/Inc/Legacy/stm32_hal_legacy.h
[E 08:16:13 80663] Already archived /Users/jie/Documents/workspace/lcmhalgen/LCMHalTest_DBS/DATABASE_FreeRTOSUART_Hyperterminal_IT/src/Users/jie/Documents/arm-gnu-toolchain-14.3.rel1-darwin-arm64-arm-none-eabi/lib/gcc/arm-none-eabi/14.3.1/include/stddef.h
[E 08:16:13 80663] Already archived /Users/jie/Documents/workspace/lcmhalgen/LCMHalTest_DBS/DATABASE_FreeRTOSUART_Hyperterminal_IT/src/Users/jie/Documents/workspace/lcmhalgen/posixGen_Demos/UART_Hyperterminal_IT/Drivers/STM32F4xx_HAL_Driver/Inc/stm32f4xx_hal_rcc_ex.h
[E 08:16:13 80663] Already archived /Users/jie/Documents/workspace/lcmhalgen/LCMHalTest_DBS/DATABASE_FreeRTOSUART_Hyperterminal_IT/src/Users/jie/Documents/workspace/lcmhalgen/posixGen_Demos/UART_Hyperterminal_IT/Drivers/STM32F4xx_HAL_Driver/Inc/stm32f4xx_hal_gpio.h
[E 08:16:13 80663] Already archived /Users/jie/Documents/workspace/lcmhalgen/LCMHalTest_DBS/DATABASE_FreeRTOSUART_Hyperterminal_IT/src/Users/jie/Documents/workspace/lcmhalgen/posixGen_Demos/UART_Hyperterminal_IT/Drivers/STM32F4xx_HAL_Driver/Inc/stm32f4xx_hal_gpio_ex.h
[E 08:16:13 80663] Already archived /Users/jie/Documents/workspace/lcmhalgen/LCMHalTest_DBS/DATABASE_FreeRTOSUART_Hyperterminal_IT/src/Users/jie/Documents/workspace/lcmhalgen/posixGen_Demos/UART_Hyperterminal_IT/Drivers/STM32F4xx_HAL_Driver/Inc/stm32f4xx_hal_dma.h
[E 08:16:13 80663] Already archived /Users/jie/Documents/workspace/lcmhalgen/LCMHalTest_DBS/DATABASE_FreeRTOSUART_Hyperterminal_IT/src/Users/jie/Documents/workspace/lcmhalgen/posixGen_Demos/UART_Hyperterminal_IT/Drivers/STM32F4xx_HAL_Driver/Inc/stm32f4xx_hal_dma_ex.h
[E 08:16:13 80663] Already archived /Users/jie/Documents/workspace/lcmhalgen/LCMHalTest_DBS/DATABASE_FreeRTOSUART_Hyperterminal_IT/src/Users/jie/Documents/workspace/lcmhalgen/posixGen_Demos/UART_Hyperterminal_IT/Drivers/STM32F4xx_HAL_Driver/Inc/stm32f4xx_hal_cortex.h
[E 08:16:13 80663] Already archived /Users/jie/Documents/workspace/lcmhalgen/LCMHalTest_DBS/DATABASE_FreeRTOSUART_Hyperterminal_IT/src/Users/jie/Documents/workspace/lcmhalgen/posixGen_Demos/UART_Hyperterminal_IT/Drivers/STM32F4xx_HAL_Driver/Inc/stm32f4xx_hal_flash.h
[E 08:16:13 80663] Already archived /Users/jie/Documents/workspace/lcmhalgen/LCMHalTest_DBS/DATABASE_FreeRTOSUART_Hyperterminal_IT/src/Users/jie/Documents/workspace/lcmhalgen/posixGen_Demos/UART_Hyperterminal_IT/Drivers/STM32F4xx_HAL_Driver/Inc/stm32f4xx_hal_flash_ex.h
[E 08:16:14 80663] Already archived /Users/jie/Documents/workspace/lcmhalgen/LCMHalTest_DBS/DATABASE_FreeRTOSUART_Hyperterminal_IT/src/Users/jie/Documents/workspace/lcmhalgen/posixGen_Demos/UART_Hyperterminal_IT/Drivers/STM32F4xx_HAL_Driver/Inc/stm32f4xx_hal_flash_ramfunc.h
[E 08:16:14 80663] Already archived /Users/jie/Documents/workspace/lcmhalgen/LCMHalTest_DBS/DATABASE_FreeRTOSUART_Hyperterminal_IT/src/Users/jie/Documents/workspace/lcmhalgen/posixGen_Demos/UART_Hyperterminal_IT/Drivers/STM32F4xx_HAL_Driver/Inc/stm32f4xx_hal_sram.h
[E 08:16:14 80663] Already archived /Users/jie/Documents/workspace/lcmhalgen/LCMHalTest_DBS/DATABASE_FreeRTOSUART_Hyperterminal_IT/src/Users/jie/Documents/workspace/lcmhalgen/posixGen_Demos/UART_Hyperterminal_IT/Drivers/STM32F4xx_HAL_Driver/Inc/stm32f4xx_ll_fsmc.h
[E 08:16:14 80663] Already archived /Users/jie/Documents/workspace/lcmhalgen/LCMHalTest_DBS/DATABASE_FreeRTOSUART_Hyperterminal_IT/src/Users/jie/Documents/workspace/lcmhalgen/posixGen_Demos/UART_Hyperterminal_IT/Drivers/STM32F4xx_HAL_Driver/Inc/stm32f4xx_hal_i2c.h
[E 08:16:14 80663] Already archived /Users/jie/Documents/workspace/lcmhalgen/LCMHalTest_DBS/DATABASE_FreeRTOSUART_Hyperterminal_IT/src/Users/jie/Documents/workspace/lcmhalgen/posixGen_Demos/UART_Hyperterminal_IT/Drivers/STM32F4xx_HAL_Driver/Inc/stm32f4xx_hal_i2c_ex.h
[E 08:16:14 80663] Already archived /Users/jie/Documents/workspace/lcmhalgen/LCMHalTest_DBS/DATABASE_FreeRTOSUART_Hyperterminal_IT/src/Users/jie/Documents/workspace/lcmhalgen/posixGen_Demos/UART_Hyperterminal_IT/Drivers/STM32F4xx_HAL_Driver/Inc/stm32f4xx_hal_pwr.h
[E 08:16:14 80663] Already archived /Users/jie/Documents/workspace/lcmhalgen/LCMHalTest_DBS/DATABASE_FreeRTOSUART_Hyperterminal_IT/src/Users/jie/Documents/workspace/lcmhalgen/posixGen_Demos/UART_Hyperterminal_IT/Drivers/STM32F4xx_HAL_Driver/Inc/stm32f4xx_hal_pwr_ex.h
[E 08:16:14 80663] Already archived /Users/jie/Documents/workspace/lcmhalgen/LCMHalTest_DBS/DATABASE_FreeRTOSUART_Hyperterminal_IT/src/Users/jie/Documents/workspace/lcmhalgen/posixGen_Demos/UART_Hyperterminal_IT/Drivers/STM32F4xx_HAL_Driver/Inc/stm32f4xx_hal_uart.h
[E 08:16:14 80663] Creating trap tarball /Users/jie/Documents/workspace/lcmhalgen/LCMHalTest_DBS/DATABASE_FreeRTOSUART_Hyperterminal_IT/trap/cpp/tarballs/Users/jie/Documents/workspace/lcmhalgen/posixGen_Demos/UART_Hyperterminal_IT/Drivers/STM32F4xx_HAL_Driver/Src/stm32f4xx_hal_dma.c.d95921b9_0.trap.tar.zst
[E 08:16:14 80663] Emitting trap files for ../../Drivers/STM32F4xx_HAL_Driver/Src/stm32f4xx_hal_dma.c
[E 08:16:14 80663] Opening existencedb in /Users/jie/Documents/workspace/lcmhalgen/LCMHalTest_DBS/DATABASE_FreeRTOSUART_Hyperterminal_IT/working/existencedb/db
[E 08:16:14 80663] Wrote 1 files to /Users/jie/Documents/workspace/lcmhalgen/LCMHalTest_DBS/DATABASE_FreeRTOSUART_Hyperterminal_IT/trap/cpp/tarballs/Users/jie/Documents/workspace/lcmhalgen/posixGen_Demos/UART_Hyperterminal_IT/Drivers/STM32F4xx_HAL_Driver/Src/stm32f4xx_hal_dma.c.d95921b9_0.trap.tar.zst
[E 08:16:14 80663] Finished compilation TRAP /Users/jie/Documents/workspace/lcmhalgen/LCMHalTest_DBS/DATABASE_FreeRTOSUART_Hyperterminal_IT/trap/cpp/compilations/28/65052590_0.trap.zst
[E 08:16:14 80663] Marking C compilation as happened.
[E 08:16:14 80663] Setting tag c-compilation-happened
[E 08:16:14 80663] Starting from CODEQL_TRACER_DB_ID 0000000000013B14_0000000000000001
[E 08:16:14 80663] Locking DB /Users/jie/Documents/workspace/lcmhalgen/LCMHalTest_DBS/DATABASE_FreeRTOSUART_Hyperterminal_IT/working/tags.db
[E 08:16:14 80663] Locked DB /Users/jie/Documents/workspace/lcmhalgen/LCMHalTest_DBS/DATABASE_FreeRTOSUART_Hyperterminal_IT/working/tags.db
[E 08:16:14 80663] Set tag for 0000000000013B14_0000000000000001
[E 08:16:14 80663] Set tag for 0000000000013B12_0000000000000003
[E 08:16:14 80663] Set tag for 0000000000013B12_0000000000000002
[E 08:16:14 80663] Set tag for 0000000000013B12_0000000000000001
[E 08:16:14 80663] Set tag for 0000000000013827_0000000000000002
[E 08:16:14 80663] Set tag for 0000000000013827_0000000000000001
[E 08:16:14 80663] Set tag for 00000000000137DE_0000000000000003
[E 08:16:14 80663] Set tag for 00000000000137DE_0000000000000002
[E 08:16:14 80663] Set tag for root
[E 08:16:14 80663] Unlocking DB
[E 08:16:14 80663] Unlocked DB
[E 08:16:14 80663] Extractor exited successfully
[T 08:16:14 80660] Extractor /opt/homebrew/Caskroom/codeql/2.23.0/codeql/cpp/tools/osx64/extractor terminated with exit code 0.
[T 08:16:14 80673] Initializing tracer.
[T 08:16:14 80673] Initializing tags.
[T 08:16:14 80673] ID set to 0000000000013B21_0000000000000001 (parent 0000000000013B12_0000000000000003)
[T 08:16:14 80673] ==== Candidate to intercept: /Users/jie/Documents/arm-gnu-toolchain-14.3.rel1-darwin-arm64-arm-none-eabi/bin/../lib/gcc/arm-none-eabi/14.3.1/../../../../arm-none-eabi/bin/as (canonical: /Users/jie/Documents/arm-gnu-toolchain-14.3.rel1-darwin-arm64-arm-none-eabi/arm-none-eabi/bin/as) ====
[T 08:16:14 80673] Lua: === Intercepted call to /users/jie/documents/arm-gnu-toolchain-14.3.rel1-darwin-arm64-arm-none-eabi/arm-none-eabi/bin/as ===
[T 08:16:14 80673] Executing the following tracer actions:
[T 08:16:14 80673] Tracer actions:
[T 08:16:14 80673] pre_invocations(0)
[T 08:16:14 80673] post_invocations(1)
[T 08:16:14 80673] invocation: /opt/homebrew/Caskroom/codeql/2.23.0/codeql/cpp/tools/osx64/extractor, args: [--assembler, --codeql-assembler-executable, /users/jie/documents/arm-gnu-toolchain-14.3.rel1-darwin-arm64-arm-none-eabi/arm-none-eabi/bin/as, -I, ../../Inc, -I, ../../Drivers/CMSIS/Device/ST/STM32F4xx/Include, -I, ../../Drivers/STM32F4xx_HAL_Driver/Inc, -I, ../../Drivers/BSP/STM324xG_EVAL, -I, ../../Drivers/CMSIS/Include, -march=armv7e-m+fp, -mfloat-abi=hard, -mfpu=fpv4-sp-d16, -meabi=5, -o, Drivers/STM32F4xx_HAL_Driver/stm32f4xx_hal_dma.o, /var/folders/b3/0hb7dhg16rd56bpwtd8bcnyc0000gn/T//ccf7bbQV.s]
[T 08:16:14 80673] trace_languages(1): [cpp]
[T 08:16:14 80675] Attempting to switch stdout/stderr to 4...
[T 08:16:14 80675] Initializing tracer.
[T 08:16:14 80675] Initializing tags.
[T 08:16:14 80675] ID set to 0000000000013B23_0000000000000001 (parent 0000000000013B21_0000000000000001)
[E 08:16:14 80675] CodeQL C/C++ Extractor 2.23.0
[E 08:16:14 80675] Current directory: /Users/jie/Documents/workspace/lcmhalgen/posixGen_Demos/UART_Hyperterminal_IT/STM32CubeIDE/Release
[E 08:16:14 80675] Command: /opt/homebrew/Caskroom/codeql/2.23.0/codeql/cpp/tools/osx64/extractor --assembler --codeql-assembler-executable /users/jie/documents/arm-gnu-toolchain-14.3.rel1-darwin-arm64-arm-none-eabi/arm-none-eabi/bin/as -I ../../Inc -I ../../Drivers/CMSIS/Device/ST/STM32F4xx/Include -I ../../Drivers/STM32F4xx_HAL_Driver/Inc -I ../../Drivers/BSP/STM324xG_EVAL -I ../../Drivers/CMSIS/Include '-march=armv7e-m+fp' -mfloat-abi=hard -mfpu=fpv4-sp-d16 -meabi=5 -o Drivers/STM32F4xx_HAL_Driver/stm32f4xx_hal_dma.o /var/folders/b3/0hb7dhg16rd56bpwtd8bcnyc0000gn/T//ccf7bbQV.s
[E 08:16:14 80675] Extractor exited after mimicking assembler
[T 08:16:14 80673] Extractor /opt/homebrew/Caskroom/codeql/2.23.0/codeql/cpp/tools/osx64/extractor terminated with exit code 0.
[T 08:16:14 80678] Attempting to switch stdout/stderr to 4...
[T 08:16:14 80678] Initializing tracer.
[T 08:16:14 80678] Initializing tags.
[T 08:16:14 80678] ID set to 0000000000013B26_0000000000000001 (parent 0000000000013B12_0000000000000003)
[E 08:16:14 80678] CodeQL C/C++ Extractor 2.23.0
[E 08:16:14 80678] Current directory: /Users/jie/Documents/workspace/lcmhalgen/posixGen_Demos/UART_Hyperterminal_IT/STM32CubeIDE/Release
[E 08:16:14 80678] Command: /opt/homebrew/Caskroom/codeql/2.23.0/codeql/cpp/tools/osx64/extractor --mimic /users/jie/documents/arm-gnu-toolchain-14.3.rel1-darwin-arm64-arm-none-eabi/bin/arm-none-eabi-gcc ../../Drivers/STM32F4xx_HAL_Driver/Src/stm32f4xx_hal_dma.c -mcpu=cortex-m4 -std=gnu11 -DUSE_STM324xG_EVAL -DSTM32F407xx -DUSE_HAL_DRIVER -c -I../../Inc -I../../Drivers/CMSIS/Device/ST/STM32F4xx/Include -I../../Drivers/STM32F4xx_HAL_Driver/Inc -I../../Drivers/BSP/STM324xG_EVAL -I../../Drivers/CMSIS/Include -Os -ffunction-sections -fdata-sections -Wall -fstack-usage -MMD -MP -MFDrivers/STM32F4xx_HAL_Driver/stm32f4xx_hal_dma.d -MTDrivers/STM32F4xx_HAL_Driver/stm32f4xx_hal_dma.o --specs=nano.specs -mfpu=fpv4-sp-d16 -mfloat-abi=hard -mthumb -o Drivers/STM32F4xx_HAL_Driver/stm32f4xx_hal_dma.o
[E 08:16:14 80678] Warning: Unrecognized command line argument --specs=nano.specs
[E 08:16:14 80678] Checking whether C compilation already happened.
[E 08:16:14 80678] Checking for tag c-compilation-happened
[E 08:16:14 80678] Checking CODEQL_TRACER_DB_ID 0000000000013B12_0000000000000003
[E 08:16:14 80678] Locking DB /Users/jie/Documents/workspace/lcmhalgen/LCMHalTest_DBS/DATABASE_FreeRTOSUART_Hyperterminal_IT/working/tags.db
[E 08:16:14 80678] Locked DB /Users/jie/Documents/workspace/lcmhalgen/LCMHalTest_DBS/DATABASE_FreeRTOSUART_Hyperterminal_IT/working/tags.db
[E 08:16:14 80678] Unlocking DB
[E 08:16:14 80678] Unlocked DB
[E 08:16:14 80678] Exiting as C compilation already happened.
[T 08:16:14 80658] Extractor /opt/homebrew/Caskroom/codeql/2.23.0/codeql/cpp/tools/osx64/extractor terminated with exit code 0.
[T 08:16:14 80691] Initializing tracer.
[T 08:16:14 80691] Initializing tags.
[T 08:16:14 80691] ID set to 0000000000013B33_0000000000000001 (parent 0000000000013827_0000000000000002)
[T 08:16:14 80691] ==== Candidate to intercept: /bin/sh (canonical: /bin/sh) ====
[T 08:16:14 80691] Executing the following tracer actions:
[T 08:16:14 80691] Tracer actions:
[T 08:16:14 80691] pre_invocations(0)
[T 08:16:14 80691] post_invocations(0)
[T 08:16:14 80691] trace_languages(1): [cpp]
[T 08:16:14 80691] Initializing tracer.
[T 08:16:14 80691] Initializing tags.
[T 08:16:14 80691] ID set to 0000000000013B33_0000000000000002 (parent 0000000000013B33_0000000000000001)
[T 08:16:14 80691] ==== Candidate to intercept: /bin/bash (canonical: /bin/bash) ====
[T 08:16:14 80691] Executing the following tracer actions:
[T 08:16:14 80691] Tracer actions:
[T 08:16:14 80691] pre_invocations(0)
[T 08:16:14 80691] post_invocations(0)
[T 08:16:14 80691] trace_languages(1): [cpp]
[T 08:16:14 80691] Initializing tracer.
[T 08:16:14 80691] Initializing tags.
[T 08:16:14 80691] ID set to 0000000000013B33_0000000000000003 (parent 0000000000013B33_0000000000000002)
[T 08:16:14 80691] ==== Candidate to intercept: /Users/jie/Documents/arm-gnu-toolchain-14.3.rel1-darwin-arm64-arm-none-eabi/bin/arm-none-eabi-gcc (canonical: /Users/jie/Documents/arm-gnu-toolchain-14.3.rel1-darwin-arm64-arm-none-eabi/bin/arm-none-eabi-gcc) ====
[T 08:16:14 80691] Lua: === Intercepted call to /users/jie/documents/arm-gnu-toolchain-14.3.rel1-darwin-arm64-arm-none-eabi/bin/arm-none-eabi-gcc ===
[T 08:16:14 80691] Executing the following tracer actions:
[T 08:16:14 80691] Tracer actions:
[T 08:16:14 80691] pre_invocations(0)
[T 08:16:14 80691] post_invocations(1)
[T 08:16:14 80691] invocation: /opt/homebrew/Caskroom/codeql/2.23.0/codeql/cpp/tools/osx64/extractor, args: [--mimic, /users/jie/documents/arm-gnu-toolchain-14.3.rel1-darwin-arm64-arm-none-eabi/bin/arm-none-eabi-gcc, ../../Drivers/STM32F4xx_HAL_Driver/Src/stm32f4xx_hal_flash.c, -mcpu=cortex-m4, -std=gnu11, -DUSE_STM324xG_EVAL, -DSTM32F407xx, -DUSE_HAL_DRIVER, -c, -I../../Inc, -I../../Drivers/CMSIS/Device/ST/STM32F4xx/Include, -I../../Drivers/STM32F4xx_HAL_Driver/Inc, -I../../Drivers/BSP/STM324xG_EVAL, -I../../Drivers/CMSIS/Include, -Os, -ffunction-sections, -fdata-sections, -Wall, -fstack-usage, -MMD, -MP, -MFDrivers/STM32F4xx_HAL_Driver/stm32f4xx_hal_flash.d, -MTDrivers/STM32F4xx_HAL_Driver/stm32f4xx_hal_flash.o, --specs=nano.specs, -mfpu=fpv4-sp-d16, -mfloat-abi=hard, -mthumb, -o, Drivers/STM32F4xx_HAL_Driver/stm32f4xx_hal_flash.o]
[T 08:16:14 80691] trace_languages(1): [cpp]
[T 08:16:14 80693] Initializing tracer.
[T 08:16:14 80693] Initializing tags.
[T 08:16:14 80693] ID set to 0000000000013B35_0000000000000001 (parent 0000000000013B33_0000000000000003)
[T 08:16:14 80693] ==== Candidate to intercept: /Users/jie/Documents/arm-gnu-toolchain-14.3.rel1-darwin-arm64-arm-none-eabi/bin/../libexec/gcc/arm-none-eabi/14.3.1/cc1 (canonical: /Users/jie/Documents/arm-gnu-toolchain-14.3.rel1-darwin-arm64-arm-none-eabi/libexec/gcc/arm-none-eabi/14.3.1/cc1) ====
[T 08:16:14 80693] Lua: === Intercepted call to /users/jie/documents/arm-gnu-toolchain-14.3.rel1-darwin-arm64-arm-none-eabi/libexec/gcc/arm-none-eabi/14.3.1/cc1 ===
[T 08:16:14 80693] Executing the following tracer actions:
[T 08:16:14 80693] Tracer actions:
[T 08:16:14 80693] pre_invocations(0)
[T 08:16:14 80693] post_invocations(1)
[T 08:16:14 80693] invocation: /opt/homebrew/Caskroom/codeql/2.23.0/codeql/cpp/tools/osx64/extractor, args: [--mimic, /users/jie/documents/arm-gnu-toolchain-14.3.rel1-darwin-arm64-arm-none-eabi/libexec/gcc/arm-none-eabi/14.3.1/cc1, -isystem, =/include/newlib-nano, -quiet, -I, ../../Inc, -I, ../../Drivers/CMSIS/Device/ST/STM32F4xx/Include, -I, ../../Drivers/STM32F4xx_HAL_Driver/Inc, -I, ../../Drivers/BSP/STM324xG_EVAL, -I, ../../Drivers/CMSIS/Include, -imultilib, thumb/v7e-m+fp/hard, -iprefix, /Users/jie/Documents/arm-gnu-toolchain-14.3.rel1-darwin-arm64-arm-none-eabi/bin/../lib/gcc/arm-none-eabi/14.3.1/, -isysroot, /Users/jie/Documents/arm-gnu-toolchain-14.3.rel1-darwin-arm64-arm-none-eabi/bin/../arm-none-eabi, -MMD, Drivers/STM32F4xx_HAL_Driver/stm32f4xx_hal_flash.d, -MF, Drivers/STM32F4xx_HAL_Driver/stm32f4xx_hal_flash.d, -MP, -MT, Drivers/STM32F4xx_HAL_Driver/stm32f4xx_hal_flash.o, -D__USES_INITFINI__, -D, USE_STM324xG_EVAL, -D, STM32F407xx, -D, USE_HAL_DRIVER, ../../Drivers/STM32F4xx_HAL_Driver/Src/stm32f4xx_hal_flash.c, -quiet, -dumpdir, Drivers/STM32F4xx_HAL_Driver/, -dumpbase, stm32f4xx_hal_flash.c, -dumpbase-ext, .c, -mcpu=cortex-m4, -mfpu=fpv4-sp-d16, -mfloat-abi=hard, -mthumb, -mlibarch=armv7e-m+fp, -march=armv7e-m+fp, -Os, -Wall, -std=gnu11, -ffunction-sections, -fdata-sections, -fstack-usage, -o, /var/folders/b3/0hb7dhg16rd56bpwtd8bcnyc0000gn/T//ccrnGvLc.s]
[T 08:16:14 80693] trace_languages(1): [cpp]
[T 08:16:14 80695] Attempting to switch stdout/stderr to 4...
[T 08:16:14 80695] Initializing tracer.
[T 08:16:14 80695] Initializing tags.
[T 08:16:14 80695] ID set to 0000000000013B37_0000000000000001 (parent 0000000000013B35_0000000000000001)
[E 08:16:14 80695] CodeQL C/C++ Extractor 2.23.0
[E 08:16:14 80695] Current directory: /Users/jie/Documents/workspace/lcmhalgen/posixGen_Demos/UART_Hyperterminal_IT/STM32CubeIDE/Release
[E 08:16:14 80695] Command: /opt/homebrew/Caskroom/codeql/2.23.0/codeql/cpp/tools/osx64/extractor --mimic /users/jie/documents/arm-gnu-toolchain-14.3.rel1-darwin-arm64-arm-none-eabi/libexec/gcc/arm-none-eabi/14.3.1/cc1 -isystem '=/include/newlib-nano' -quiet -I ../../Inc -I ../../Drivers/CMSIS/Device/ST/STM32F4xx/Include -I ../../Drivers/STM32F4xx_HAL_Driver/Inc -I ../../Drivers/BSP/STM324xG_EVAL -I ../../Drivers/CMSIS/Include -imultilib 'thumb/v7e-m+fp/hard' -iprefix /Users/jie/Documents/arm-gnu-toolchain-14.3.rel1-darwin-arm64-arm-none-eabi/bin/../lib/gcc/arm-none-eabi/14.3.1/ -isysroot /Users/jie/Documents/arm-gnu-toolchain-14.3.rel1-darwin-arm64-arm-none-eabi/bin/../arm-none-eabi -MMD Drivers/STM32F4xx_HAL_Driver/stm32f4xx_hal_flash.d -MF Drivers/STM32F4xx_HAL_Driver/stm32f4xx_hal_flash.d -MP -MT Drivers/STM32F4xx_HAL_Driver/stm32f4xx_hal_flash.o -D__USES_INITFINI__ -D USE_STM324xG_EVAL -D STM32F407xx -D USE_HAL_DRIVER ../../Drivers/STM32F4xx_HAL_Driver/Src/stm32f4xx_hal_flash.c -quiet -dumpdir Drivers/STM32F4xx_HAL_Driver/ -dumpbase stm32f4xx_hal_flash.c -dumpbase-ext .c -mcpu=cortex-m4 -mfpu=fpv4-sp-d16 -mfloat-abi=hard -mthumb '-mlibarch=armv7e-m+fp' '-march=armv7e-m+fp' -Os -Wall -std=gnu11 -ffunction-sections -fdata-sections -fstack-usage -o /var/folders/b3/0hb7dhg16rd56bpwtd8bcnyc0000gn/T//ccrnGvLc.s
[E 08:16:14 80695] Checking whether C compilation already happened.
[E 08:16:14 80695] Checking for tag c-compilation-happened
[E 08:16:14 80695] Checking CODEQL_TRACER_DB_ID 0000000000013B35_0000000000000001
[E 08:16:14 80695] Locking DB /Users/jie/Documents/workspace/lcmhalgen/LCMHalTest_DBS/DATABASE_FreeRTOSUART_Hyperterminal_IT/working/tags.db
[E 08:16:14 80695] Locked DB /Users/jie/Documents/workspace/lcmhalgen/LCMHalTest_DBS/DATABASE_FreeRTOSUART_Hyperterminal_IT/working/tags.db
[E 08:16:14 80695] Unlocking DB
[E 08:16:14 80695] Unlocked DB
[E 08:16:14 80695] Looks like C compilation didn't already happen.
[E 08:16:14 80695] Checking whether C compilation has been attempted.
[E 08:16:14 80695] Checking for tag c-compilation-attempted
[E 08:16:14 80695] Checking CODEQL_TRACER_DB_ID 0000000000013B35_0000000000000001
[E 08:16:14 80695] Locking DB /Users/jie/Documents/workspace/lcmhalgen/LCMHalTest_DBS/DATABASE_FreeRTOSUART_Hyperterminal_IT/working/tags.db
[E 08:16:14 80695] Locked DB /Users/jie/Documents/workspace/lcmhalgen/LCMHalTest_DBS/DATABASE_FreeRTOSUART_Hyperterminal_IT/working/tags.db
[E 08:16:14 80695] Unlocking DB
[E 08:16:14 80695] Unlocked DB
[E 08:16:14 80695] Marking C compilation as attempted.
[E 08:16:14 80695] Setting tag c-compilation-attempted
[E 08:16:14 80695] Starting from CODEQL_TRACER_DB_ID 0000000000013B35_0000000000000001
[E 08:16:14 80695] Locking DB /Users/jie/Documents/workspace/lcmhalgen/LCMHalTest_DBS/DATABASE_FreeRTOSUART_Hyperterminal_IT/working/tags.db
[E 08:16:14 80695] Locked DB /Users/jie/Documents/workspace/lcmhalgen/LCMHalTest_DBS/DATABASE_FreeRTOSUART_Hyperterminal_IT/working/tags.db
[E 08:16:14 80695] Set tag for 0000000000013B35_0000000000000001
[E 08:16:14 80695] Set tag for 0000000000013B33_0000000000000003
[E 08:16:14 80695] Set tag for 0000000000013B33_0000000000000002
[E 08:16:14 80695] Set tag for 0000000000013B33_0000000000000001
[E 08:16:14 80695] Set tag for 0000000000013827_0000000000000002
[E 08:16:14 80695] Set tag for 0000000000013827_0000000000000001
[E 08:16:14 80695] Set tag for 00000000000137DE_0000000000000003
[E 08:16:14 80695] Set tag for 00000000000137DE_0000000000000002
[E 08:16:14 80695] Set tag for root
[E 08:16:14 80695] Unlocking DB
[E 08:16:14 80695] Unlocked DB
[E 08:16:14 80695] Processed command line: /opt/homebrew/Caskroom/codeql/2.23.0/codeql/cpp/tools/osx64/extractor --trapfolder /Users/jie/Documents/workspace/lcmhalgen/LCMHalTest_DBS/DATABASE_FreeRTOSUART_Hyperterminal_IT/trap/cpp --src_archive /Users/jie/Documents/workspace/lcmhalgen/LCMHalTest_DBS/DATABASE_FreeRTOSUART_Hyperterminal_IT/src --object_filename /var/folders/b3/0hb7dhg16rd56bpwtd8bcnyc0000gn/T//ccrnGvLc.s --no_warnings_and_discretionary_errors --error_limit 1000 --disable_system_macros --variadic_macros --incognito --c11 --gcc --gnu_version 140301 --target linux_i686 '-D__DBL_MIN_EXP__=(-1021)' -D__HQ_FBIT__=15 -D__UINT_LEAST16_MAX__=0xffff -D__ARM_SIZEOF_WCHAR_T=4 -D__WCHAR_MAX__=0xffffffffU -D__SFRACT_IBIT__=0 -D__ULFRACT_MIN__=0.0ULR -D__FLT_MIN__=1.1754943508222875e-38F -D__GCC_IEC_559_COMPLEX=0 -D__SIZEOF_LONG__=4 -D__UFRACT_MAX__=0XFFFFP-16UR '-D__UINT_LEAST8_TYPE__=unsigned char' -D__FLT_MAX_EXP__=128 -D__DQ_FBIT__=63 '-D__INTMAX_C(c)=c ## LL' -D__ARM_FEATURE_SAT=1 -D__ULFRACT_FBIT__=32 -D__CHAR_BIT__=8 -D__USQ_IBIT__=0 -D__UINT8_MAX__=0xff -D__ACCUM_FBIT__=15 -D__WINT_MAX__=0xffffffffU '-D__FLT32_MIN_EXP__=(-125)' -D__LONG_WIDTH__=32 -D__USFRACT_FBIT__=8 -D__ORDER_LITTLE_ENDIAN__=1234 -D__SIZE_MAX__=0xffffffffU -D__LACCUM_IBIT__=32 -D__GCC_HAVE_SYNC_COMPARE_AND_SWAP_1=1 -D__GCC_HAVE_SYNC_COMPARE_AND_SWAP_2=1 -D__GCC_HAVE_SYNC_COMPARE_AND_SWAP_4=1 '-D__DBL_DENORM_MIN__=((double)4.9406564584124654e-324L)' -D__GCC_ATOMIC_CHAR_LOCK_FREE=2 -D__GCC_IEC_559=0 -D__FLT32X_DECIMAL_DIG__=17 -D__FLT_EVAL_METHOD__=0 -D__TQ_IBIT__=0 -D__LLACCUM_MAX__=0X7FFFFFFFFFFFFFFFP-31LLK -D__FLT32_HAS_INFINITY__=1 -D__FLT64_DECIMAL_DIG__=17 -D__GCC_ATOMIC_CHAR32_T_LOCK_FREE=2 -D__INTPTR_WIDTH__=32 -D__SIG_ATOMIC_TYPE__=int '-D__DBL_MIN_10_EXP__=(-307)' -D__LFRACT_IBIT__=0 -D__FLT32_HAS_DENORM__=1 -D__USA_FBIT__=16 -D__UINT_FAST8_MAX__=0xffffffffU -D__FLT_HAS_QUIET_NAN__=1 '-D__INT8_C(c)=c' -D__INT_LEAST8_WIDTH__=8 -D__UINT_LEAST64_MAX__=0xffffffffffffffffULL -D__SA_FBIT__=15 -D__APCS_32__=1 -D__SHRT_MAX__=0x7fff '-D__LDBL_MAX__=1.7976931348623157e+308L' -D__FRACT_MAX__=0X7FFFP-15R -D__thumb2__=1 -D__LDBL_IS_IEC_60559__=1 -D__UFRACT_FBIT__=16 -D__ARM_FP=4 -D__UFRACT_MIN__=0.0UR -D__UINT_LEAST8_MAX__=0xff -D__GCC_ATOMIC_BOOL_LOCK_FREE=2 '-D__UINTMAX_TYPE__=long long unsigned int' -D__LLFRACT_EPSILON__=0x1P-63LLR -D__FLT_EVAL_METHOD_TS_18661_3__=0 -D__UINT32_MAX__=0xffffffffUL -D__ULFRACT_MAX__=0XFFFFFFFFP-32ULR -D__TA_IBIT__=64 -D__LDBL_MAX_EXP__=1024 -D__WINT_MIN__=0U -D__ARM_ASM_SYNTAX_UNIFIED__=1 -D__FLT32X_IS_IEC_60559__=1 -D__INT_LEAST16_WIDTH__=16 -D__ULLFRACT_MIN__=0.0ULLR -D__SCHAR_MAX__=0x7f -D__WCHAR_MIN__=0U '-D__INT64_C(c)=c ## LL' '-D__UINT16_C(c)=c' -D__GCC_ATOMIC_POINTER_LOCK_FREE=2 -D__ATOMIC_SEQ_CST=5 -D__FLT32X_MAX_EXP__=1024 -D__SIZEOF_INT__=4 -D__FLT32X_MANT_DIG__=53 -D__USACCUM_IBIT__=8 '-D__INT16_TYPE__=short int' -D__FLT_DIG__=6 '-D__LFRACT_MIN__=(-0.5LR-0.5LR)' -D__HA_IBIT__=8 -D__FLT_EPSILON__=1.1920928955078125e-7F -D__SHRT_WIDTH__=16 -D__FLT32_IS_IEC_60559__=1 -D__USFRACT_IBIT__=0 -D__LDBL_MIN__=2.2250738585072014e-308L -D__STDC_UTF_16__=1 '-D__FRACT_MIN__=(-0.5R-0.5R)' -D__DA_IBIT__=32 -D__ARM_SIZEOF_MINIMAL_ENUM=1 -D__FLT32X_HAS_INFINITY__=1 -D__UQQ_FBIT__=8 -D__UACCUM_MAX__=0XFFFFFFFFP-16UK -D__DECIMAL_DIG__=17 -D__LFRACT_EPSILON__=0x1P-31LR -D__FLT64_EPSILON__=2.2204460492503131e-16F64 -D__INT16_MAX__=0x7fff -D__ARM_PCS_VFP=1 -D__LDBL_HAS_QUIET_NAN__=1 -D__ULACCUM_IBIT__=32 -D__ARM_FEATURE_FMA=1 -D__FLT64_MANT_DIG__=53 -D__INT_LEAST16_MAX__=0x7fff -D__UACCUM_EPSILON__=0x1P-16UK -D__ULLACCUM_MAX__=0XFFFFFFFFFFFFFFFFP-32ULLK -D__HQ_IBIT__=0 -D__FLT_HAS_DENORM__=1 -D__SIZEOF_LONG_DOUBLE__=8 -D__SA_IBIT__=16 -D__BIGGEST_ALIGNMENT__=8 -D__ARM_FEATURE_IDIV=1 -D__INTPTR_TYPE__=int '-D__SIZE_TYPE__=unsigned int' -D__FLT64_MAX_10_EXP__=308 -D__DBL_DIG__=15 -D__ULLACCUM_FBIT__=32 -D__DBL_IS_IEC_60559__=1 -D__DQ_IBIT__=0 '-D__DBL_MAX__=((double)1.7976931348623157e+308L)' -D__ULFRACT_IBIT__=0 -D__INT_FAST32_MAX__=0x7fffffff -D__DBL_HAS_INFINITY__=1 -D__HAVE_SPECULATION_SAFE_VALUE=1 -D__ACCUM_IBIT__=16 -D__THUMB_INTERWORK__=1 -D__UINT_LEAST32_MAX__=0xffffffffUL -D__LACCUM_MAX__=0X7FFFFFFFFFFFFFFFP-31LK -D__FLT32X_HAS_DENORM__=1 -D__INT_FAST16_TYPE__=int -D__LDBL_HAS_DENORM__=1 -D__ARM_FEATURE_LDREX=7 -D__FLT32_DECIMAL_DIG__=9 -D__INT_LEAST32_MAX__=0x7fffffffL -D__ACCUM_MAX__=0X7FFFFFFFP-15K -D__DBL_MAX_EXP__=1024 -D__USACCUM_EPSILON__=0x1P-8UHK -D__WCHAR_WIDTH__=32 '-D__FLT32_MAX__=3.4028234663852886e+38F32' -D__SFRACT_MAX__=0X7FP-7HR -D__FRACT_IBIT__=0 -D__PTRDIFF_MAX__=0x7fffffff -D__UACCUM_MIN__=0.0UK -D__UACCUM_IBIT__=16 '-D__LLACCUM_MIN__=(-0X1P31LLK-0X1P31LLK)' -D__FLT32_HAS_QUIET_NAN__=1 -D__LONG_LONG_MAX__=0x7fffffffffffffffLL -D__ULACCUM_MAX__=0XFFFFFFFFFFFFFFFFP-32ULK -D__SIZEOF_WINT_T__=4 -D__ARM_FEATURE_UNALIGNED=1 -D__LONG_LONG_WIDTH__=64 -D__FLT32_MAX_EXP__=128 -D__ULLACCUM_MIN__=0.0ULLK -D__GXX_ABI_VERSION=1019 -D__UTA_FBIT__=64 -D__UFRACT_IBIT__=0 -D__FLT64_IS_IEC_60559__=1 -D__USQ_FBIT__=32 -D__ARM_FEATURE_QBIT=1 '-D__INT_FAST64_TYPE__=long long int' -D__FP_FAST_FMAF=1 -D__FLT64_DENORM_MIN__=4.9406564584124654e-324F64 '-D__DBL_MIN__=((double)2.2250738585072014e-308L)' -D__SIZEOF_POINTER__=4 -D__DBL_HAS_QUIET_NAN__=1 -D__FLT32X_EPSILON__=2.2204460492503131e-16F32x '-D__FLT64_MIN_EXP__=(-1021)' '-D__LACCUM_MIN__=(-0X1P31LK-0X1P31LK)' -D__FRACT_FBIT__=15 '-D__FLT64_MIN_10_EXP__=(-307)' -D__ULLFRACT_EPSILON__=0x1P-64ULLR -D__REGISTER_PREFIX__= -D__UINT16_MAX__=0xffff -D__DBL_HAS_DENORM__=1 '-D__ACCUM_MIN__=(-0X1P15K-0X1P15K)' -D__SQ_IBIT__=0 '-D__UINT8_TYPE__=unsigned char' -D__UHA_FBIT__=8 '-D__SFRACT_MIN__=(-0.5HR-0.5HR)' -D__UTQ_FBIT__=128 -D__DEC_EVAL_METHOD__=2 -D__FLT_MANT_DIG__=24 -D__LDBL_DECIMAL_DIG__=17 '-D__UINT64_C(c)=c ## ULL' -D__FRACT_EPSILON__=0x1P-15R -D__ULACCUM_MIN__=0.0ULK -D__UDA_FBIT__=32 -D__GCC_ATOMIC_INT_LOCK_FREE=2 '-D__FLT_MIN_EXP__=(-125)' -D__FLOAT_WORD_ORDER__=__ORDER_LITTLE_ENDIAN__ -D__USFRACT_MIN__=0.0UHR -D__FLT32_MANT_DIG__=24 -D__ULLFRACT_FBIT__=64 -D__UQQ_IBIT__=0 -D__SCHAR_WIDTH__=8 '-D__INT32_C(c)=c ## L' -D__ORDER_PDP_ENDIAN__=3412 -D__UHQ_FBIT__=16 -D__LLACCUM_FBIT__=31 -D__INT_FAST32_TYPE__=int '-D__UINT_LEAST16_TYPE__=short unsigned int' -D__UINT64_MAX__=0xffffffffffffffffULL -D__FLT_IS_IEC_60559__=1 -D__UDQ_FBIT__=64 -D__UINT_FAST64_MAX__=0xffffffffffffffffULL '-D__GNUC_WIDE_EXECUTION_CHARSET_NAME="UTF-32LE"' '-D__INT8_TYPE__=signed char' -D__thumb__=1 -D__ELF__=1 -D__SACCUM_EPSILON__=0x1P-7HK -D__ULFRACT_EPSILON__=0x1P-32ULR -D__LLFRACT_FBIT__=63 -D__FLT_RADIX__=2 '-D__INT_LEAST16_TYPE__=short int' -D__ARM_ARCH_PROFILE=77 -D__LDBL_EPSILON__=2.2204460492503131e-16L '-D__UINTMAX_C(c)=c ## ULL' -D__SACCUM_MAX__=0X7FFFP-7HK -D__FLT32X_MIN__=2.2250738585072014e-308F32x -D__SIG_ATOMIC_MAX__=0x7fffffff -D__UACCUM_FBIT__=16 -D__GCC_ATOMIC_WCHAR_T_LOCK_FREE=2 -D__USER_LABEL_PREFIX__= -D__VFP_FP__=1 -D__SIZEOF_PTRDIFF_T__=4 -D__ATOMIC_ACQUIRE=2 -D__INT_WIDTH__=32 -D__OPTIMIZE__=1 -D__LACCUM_EPSILON__=0x1P-31LK -D__LDBL_DIG__=15 '-D__FLT32X_MIN_EXP__=(-1021)' -D__INT_FAST16_MAX__=0x7fffffff -D__GCC_CONSTRUCTIVE_SIZE=64 -D__FLT64_DIG__=15 -D__UINT_FAST32_MAX__=0xffffffffU '-D__UINT_LEAST64_TYPE__=long long unsigned int' -D__SFRACT_EPSILON__=0x1P-7HR -D__GCC_ASM_FLAG_OUTPUTS__=1 -D__FLT_MAX_10_EXP__=38 -D__LONG_MAX__=0x7fffffffL -D__FINITE_MATH_ONLY__=0 -D__SIZEOF_SIZE_T__=4 -D__FLT_HAS_INFINITY__=1 '-D__GNUC_EXECUTION_CHARSET_NAME="UTF-8"' -D__CHAR_UNSIGNED__=1 '-D__UINT_FAST16_TYPE__=unsigned int' -D__ARM_32BIT_STATE=1 -D__INT_FAST32_WIDTH__=32 -D__PRAGMA_REDEFINE_EXTNAME=1 -D__ARMEL__=1 -D__SIZE_WIDTH__=32 -D__INT64_MAX__=0x7fffffffffffffffLL -D__SACCUM_FBIT__=7 -D__FLT32_DENORM_MIN__=1.4012984643248171e-45F32 -D__SIG_ATOMIC_WIDTH__=32 '-D__INT_LEAST64_TYPE__=long long int' -D__ARM_FEATURE_CLZ=1 '-D__INT_LEAST8_TYPE__=signed char' -D__SQ_FBIT__=31 -D__USFRACT_MAX__=0XFFP-8UHR -D__ARM_ARCH_ISA_THUMB=2 -D__INT_FAST8_MAX__=0x7fffffff -D__ARM_ARCH=7 -D__INTPTR_MAX__=0x7fffffff -D__QQ_FBIT__=7 -D__UTA_IBIT__=64 -D__FLT64_HAS_QUIET_NAN__=1 -D__FLT32X_DIG__=15 -D__PTRDIFF_WIDTH__=32 -D__LDBL_MANT_DIG__=53 -D__SFRACT_FBIT__=7 '-D__SACCUM_MIN__=(-0X1P7HK-0X1P7HK)' -D__FLT64_HAS_INFINITY__=1 '-D__SIG_ATOMIC_MIN__=(-__SIG_ATOMIC_MAX__ - 1)' -D__GCC_ATOMIC_LONG_LOCK_FREE=2 '-D__UINT16_TYPE__=short unsigned int' '-D__WCHAR_TYPE__=unsigned int' -D__SIZEOF_FLOAT__=4 -D__THUMBEL__=1 -D__TQ_FBIT__=127 -D__UINTPTR_MAX__=0xffffffffU -D__INT_FAST64_WIDTH__=64 -D__LDBL_HAS_INFINITY__=1 -D__ULLACCUM_IBIT__=32 -D__FLT32_MAX_10_EXP__=38 -D__INT_FAST64_MAX__=0x7fffffffffffffffLL -D__GCC_ATOMIC_TEST_AND_SET_TRUEVAL=1 '-D__FLT_NORM_MAX__=3.4028234663852886e+38F' '-D__UINT_FAST64_TYPE__=long long unsigned int' -D__LACCUM_FBIT__=31 -D__HA_FBIT__=7 -D__UHA_IBIT__=8 '-D__INT64_TYPE__=long long int' -D__UTQ_IBIT__=0 -D__DBL_MANT_DIG__=53 -D__INT_LEAST64_MAX__=0x7fffffffffffffffLL -D__GCC_ATOMIC_CHAR16_T_LOCK_FREE=2 -D__FP_FAST_FMAF32=1 '-D__WINT_TYPE__=unsigned int' '-D__UINT_LEAST32_TYPE__=long unsigned int' -D__SIZEOF_SHORT__=2 -D__ULLFRACT_IBIT__=0 '-D__FLT32_NORM_MAX__=3.4028234663852886e+38F32' '-D__LDBL_MIN_EXP__=(-1021)' -D__GXX_TYPEINFO_EQUALITY_INLINE=0 -D__INTMAX_MAX__=0x7fffffffffffffffLL -D__arm__=1 '-D__FLT64_MAX__=1.7976931348623157e+308F64' -D__UDA_IBIT__=32 -D__INT_MAX__=0x7fffffff -D__WINT_WIDTH__=32 -D__INT_LEAST8_MAX__=0x7f -D__INT_LEAST64_WIDTH__=64 -D__FLT32X_MAX_10_EXP__=308 -D__LLACCUM_EPSILON__=0x1P-31LLK -D__LFRACT_FBIT__=31 -D__LDBL_MAX_10_EXP__=308 -D__ATOMIC_RELAXED=0 '-D__DBL_EPSILON__=((double)2.2204460492503131e-16L)' '-D__INT_LEAST32_TYPE__=long int' -D__ARM_ARCH_7EM__=1 -D__ARM_FEATURE_SIMD32=1 '-D__UINT8_C(c)=c' -D__FLT64_MAX_EXP__=1024 -D__SIZEOF_WCHAR_T__=4 '-D__UINT64_TYPE__=long long unsigned int' -D__OPTIMIZE_SIZE__=1 -D__LLFRACT_MAX__=0X7FFFFFFFFFFFFFFFP-63LLR '-D__FLT64_NORM_MAX__=1.7976931348623157e+308F64' -D__INT_FAST8_TYPE__=int -D__ULLACCUM_EPSILON__=0x1P-32ULLK -D__USACCUM_MAX__=0XFFFFP-8UHK -D__UHQ_IBIT__=0 -D__ARM_FEATURE_COPROC=15 -D__LLACCUM_IBIT__=32 -D__FLT64_HAS_DENORM__=1 -D__FLT32_EPSILON__=1.1920928955078125e-7F32 -D__DBL_DECIMAL_DIG__=17 -D__STDC_UTF_32__=1 -D__INT_FAST8_WIDTH__=32 -D__BYTE_ORDER__=__ORDER_LITTLE_ENDIAN__ '-D__FLT32X_MAX__=1.7976931348623157e+308F32x' -D__TA_FBIT__=63 '-D__DBL_NORM_MAX__=((double)1.7976931348623157e+308L)' -D__USFRACT_EPSILON__=0x1P-8UHR -D__GCC_DESTRUCTIVE_SIZE=64 -D__UDQ_IBIT__=0 -D__INTMAX_WIDTH__=64 -D__ORDER_BIG_ENDIAN__=4321 -D__LFRACT_MAX__=0X7FFFFFFFP-31LR -D__ARM_FEATURE_DSP=1 -D__FLT32_DIG__=6 -D__ACCUM_EPSILON__=0x1P-15K '-D__UINT32_C(c)=c ## UL' -D__QQ_IBIT__=0 -D__LLFRACT_IBIT__=0 -D__INT8_MAX__=0x7f -D__INT32_MAX__=0x7fffffffL '-D__UINT_FAST32_TYPE__=unsigned int' '-D__FLT32X_NORM_MAX__=1.7976931348623157e+308F32x' '-D__FLT32_MIN_10_EXP__=(-37)' '-D__FLT_MAX__=3.4028234663852886e+38F' -D__USACCUM_FBIT__=8 '-D__INT32_TYPE__=long int' -D__SIZEOF_DOUBLE__=8 '-D__FLT_MIN_10_EXP__=(-37)' -D__UFRACT_EPSILON__=0x1P-16UR -D__FLT64_MIN__=2.2250738585072014e-308F64 -D__FLT_DENORM_MIN__=1.4012984643248171e-45F -D__INT_LEAST32_WIDTH__=32 '-D__INTMAX_TYPE__=long long int' -D__FLT32X_HAS_QUIET_NAN__=1 -D__ATOMIC_CONSUME=1 -D__INT_FAST16_WIDTH__=32 -D__UINTMAX_MAX__=0xffffffffffffffffULL -D__FLT32X_DENORM_MIN__=4.9406564584124654e-324F32x -D__ATOMIC_ACQ_REL=4 -D__DBL_MAX_10_EXP__=308 -D__LDBL_DENORM_MIN__=4.9406564584124654e-324L '-D__INT16_C(c)=c' -D__ATOMIC_RELEASE=3 -D__PTRDIFF_TYPE__=int '-D__LLFRACT_MIN__=(-0.5LLR-0.5LLR)' -D__USACCUM_MIN__=0.0UHK -D__FLT32_MIN__=1.1754943508222875e-38F32 -D__DA_FBIT__=31 '-D__UINT32_TYPE__=long unsigned int' '-D__FLT32X_MIN_10_EXP__=(-307)' -D__ARM_ARCH_EXT_IDIV__=1 '-D__UINTPTR_TYPE__=unsigned int' -D__USA_IBIT__=16 -D__ARM_EABI__=1 '-D__LDBL_MIN_10_EXP__=(-307)' -D__SIZEOF_LONG_LONG__=8 -D__ULACCUM_EPSILON__=0x1P-32ULK -D__SACCUM_IBIT__=8 -D__GCC_ATOMIC_LLONG_LOCK_FREE=1 -D__FLT_DECIMAL_DIG__=9 -D__UINT_FAST16_MAX__=0xffffffffU '-D__LDBL_NORM_MAX__=1.7976931348623157e+308L' -D__GCC_ATOMIC_SHORT_LOCK_FREE=2 -D__ULLFRACT_MAX__=0XFFFFFFFFFFFFFFFFP-64ULLR '-D__UINT_FAST8_TYPE__=unsigned int' -D__ULACCUM_FBIT__=32 -D__USES_INITFINI__ -DUSE_STM324xG_EVAL -DSTM32F407xx -DUSE_HAL_DRIVER -I../../Inc -I../../Drivers/CMSIS/Device/ST/STM32F4xx/Include -I../../Drivers/STM32F4xx_HAL_Driver/Inc -I../../Drivers/BSP/STM324xG_EVAL -I../../Drivers/CMSIS/Include -I/Users/jie/Documents/arm-gnu-toolchain-14.3.rel1-darwin-arm64-arm-none-eabi/bin/../arm-none-eabi/include/newlib-nano -I/Users/jie/Documents/arm-gnu-toolchain-14.3.rel1-darwin-arm64-arm-none-eabi/bin/../lib/gcc/arm-none-eabi/14.3.1/include -I/Users/jie/Documents/arm-gnu-toolchain-14.3.rel1-darwin-arm64-arm-none-eabi/bin/../lib/gcc/arm-none-eabi/14.3.1/include-fixed -I/Users/jie/Documents/arm-gnu-toolchain-14.3.rel1-darwin-arm64-arm-none-eabi/bin/../lib/gcc/arm-none-eabi/14.3.1/../../../../arm-none-eabi/include -- ../../Drivers/STM32F4xx_HAL_Driver/Src/stm32f4xx_hal_flash.c
[E 08:16:14 80695] CODEQL_EXTRACTOR_CPP_TRAP_CACHING is not set
[E 08:16:14 80695] CODEQL_EXTRACTOR_CPP_OPTION_TRAP_CACHE_WRITE is not set
[E 08:16:14 80695] CODEQL_EXTRACTOR_CPP_OPTION_TRAP_CACHE_DIR is not set
[E 08:16:14 80695] Initialising TRAP cache at path: 51/2e1f/1f25a00b63084f51de775025cc9b
[E 08:16:14 80695] Not using TRAP cache
[E 08:16:14 80695] TRAP cache miss
[E 08:16:14 80695] Starting compilation TRAP /Users/jie/Documents/workspace/lcmhalgen/LCMHalTest_DBS/DATABASE_FreeRTOSUART_Hyperterminal_IT/trap/cpp/compilations/58/31145324_0.trap.zst
[E 08:16:14 80695] Archiving /Users/jie/Documents/workspace/lcmhalgen/LCMHalTest_DBS/DATABASE_FreeRTOSUART_Hyperterminal_IT/src/Users/jie/Documents/workspace/lcmhalgen/posixGen_Demos/UART_Hyperterminal_IT/Drivers/STM32F4xx_HAL_Driver/Src/stm32f4xx_hal_flash.c
[E 08:16:14 80695] Already archived /Users/jie/Documents/workspace/lcmhalgen/LCMHalTest_DBS/DATABASE_FreeRTOSUART_Hyperterminal_IT/src/Users/jie/Documents/workspace/lcmhalgen/posixGen_Demos/UART_Hyperterminal_IT/Drivers/STM32F4xx_HAL_Driver/Inc/stm32f4xx_hal.h
[E 08:16:14 80695] Already archived /Users/jie/Documents/workspace/lcmhalgen/LCMHalTest_DBS/DATABASE_FreeRTOSUART_Hyperterminal_IT/src/Users/jie/Documents/workspace/lcmhalgen/posixGen_Demos/UART_Hyperterminal_IT/Inc/stm32f4xx_hal_conf.h
[E 08:16:14 80695] Already archived /Users/jie/Documents/workspace/lcmhalgen/LCMHalTest_DBS/DATABASE_FreeRTOSUART_Hyperterminal_IT/src/Users/jie/Documents/workspace/lcmhalgen/posixGen_Demos/UART_Hyperterminal_IT/Drivers/STM32F4xx_HAL_Driver/Inc/stm32f4xx_hal_rcc.h
[E 08:16:14 80695] Already archived /Users/jie/Documents/workspace/lcmhalgen/LCMHalTest_DBS/DATABASE_FreeRTOSUART_Hyperterminal_IT/src/Users/jie/Documents/workspace/lcmhalgen/posixGen_Demos/UART_Hyperterminal_IT/Drivers/STM32F4xx_HAL_Driver/Inc/stm32f4xx_hal_def.h
[E 08:16:14 80695] Already archived /Users/jie/Documents/workspace/lcmhalgen/LCMHalTest_DBS/DATABASE_FreeRTOSUART_Hyperterminal_IT/src/Users/jie/Documents/workspace/lcmhalgen/posixGen_Demos/UART_Hyperterminal_IT/Drivers/CMSIS/Device/ST/STM32F4xx/Include/stm32f4xx.h
[E 08:16:14 80695] Already archived /Users/jie/Documents/workspace/lcmhalgen/LCMHalTest_DBS/DATABASE_FreeRTOSUART_Hyperterminal_IT/src/Users/jie/Documents/workspace/lcmhalgen/posixGen_Demos/UART_Hyperterminal_IT/Drivers/CMSIS/Device/ST/STM32F4xx/Include/stm32f407xx.h
[E 08:16:14 80695] Already archived /Users/jie/Documents/workspace/lcmhalgen/LCMHalTest_DBS/DATABASE_FreeRTOSUART_Hyperterminal_IT/src/Users/jie/Documents/workspace/lcmhalgen/posixGen_Demos/UART_Hyperterminal_IT/Drivers/CMSIS/Include/core_cm4.h
[E 08:16:14 80695] Already archived /Users/jie/Documents/workspace/lcmhalgen/LCMHalTest_DBS/DATABASE_FreeRTOSUART_Hyperterminal_IT/src/Users/jie/Documents/arm-gnu-toolchain-14.3.rel1-darwin-arm64-arm-none-eabi/lib/gcc/arm-none-eabi/14.3.1/include/stdint.h
[E 08:16:14 80695] Already archived /Users/jie/Documents/workspace/lcmhalgen/LCMHalTest_DBS/DATABASE_FreeRTOSUART_Hyperterminal_IT/src/Users/jie/Documents/arm-gnu-toolchain-14.3.rel1-darwin-arm64-arm-none-eabi/arm-none-eabi/include/stdint.h
[E 08:16:14 80695] Already archived /Users/jie/Documents/workspace/lcmhalgen/LCMHalTest_DBS/DATABASE_FreeRTOSUART_Hyperterminal_IT/src/Users/jie/Documents/arm-gnu-toolchain-14.3.rel1-darwin-arm64-arm-none-eabi/arm-none-eabi/include/machine/_default_types.h
[E 08:16:14 80695] Already archived /Users/jie/Documents/workspace/lcmhalgen/LCMHalTest_DBS/DATABASE_FreeRTOSUART_Hyperterminal_IT/src/Users/jie/Documents/arm-gnu-toolchain-14.3.rel1-darwin-arm64-arm-none-eabi/arm-none-eabi/include/sys/features.h
[E 08:16:14 80695] Already archived /Users/jie/Documents/workspace/lcmhalgen/LCMHalTest_DBS/DATABASE_FreeRTOSUART_Hyperterminal_IT/src/Users/jie/Documents/arm-gnu-toolchain-14.3.rel1-darwin-arm64-arm-none-eabi/arm-none-eabi/include/_newlib_version.h
[E 08:16:14 80695] Already archived /Users/jie/Documents/workspace/lcmhalgen/LCMHalTest_DBS/DATABASE_FreeRTOSUART_Hyperterminal_IT/src/Users/jie/Documents/arm-gnu-toolchain-14.3.rel1-darwin-arm64-arm-none-eabi/arm-none-eabi/include/sys/_intsup.h
[E 08:16:14 80695] Already archived /Users/jie/Documents/workspace/lcmhalgen/LCMHalTest_DBS/DATABASE_FreeRTOSUART_Hyperterminal_IT/src/Users/jie/Documents/arm-gnu-toolchain-14.3.rel1-darwin-arm64-arm-none-eabi/arm-none-eabi/include/sys/_stdint.h
[E 08:16:14 80695] Already archived /Users/jie/Documents/workspace/lcmhalgen/LCMHalTest_DBS/DATABASE_FreeRTOSUART_Hyperterminal_IT/src/Users/jie/Documents/workspace/lcmhalgen/posixGen_Demos/UART_Hyperterminal_IT/Drivers/CMSIS/Include/cmsis_version.h
[E 08:16:14 80695] Already archived /Users/jie/Documents/workspace/lcmhalgen/LCMHalTest_DBS/DATABASE_FreeRTOSUART_Hyperterminal_IT/src/Users/jie/Documents/workspace/lcmhalgen/posixGen_Demos/UART_Hyperterminal_IT/Drivers/CMSIS/Include/cmsis_compiler.h
[E 08:16:14 80695] Already archived /Users/jie/Documents/workspace/lcmhalgen/LCMHalTest_DBS/DATABASE_FreeRTOSUART_Hyperterminal_IT/src/Users/jie/Documents/workspace/lcmhalgen/posixGen_Demos/UART_Hyperterminal_IT/Drivers/CMSIS/Include/cmsis_gcc.h
[E 08:16:14 80695] Already archived /Users/jie/Documents/workspace/lcmhalgen/LCMHalTest_DBS/DATABASE_FreeRTOSUART_Hyperterminal_IT/src/Users/jie/Documents/workspace/lcmhalgen/posixGen_Demos/UART_Hyperterminal_IT/Drivers/CMSIS/Include/mpu_armv7.h
[E 08:16:14 80695] Already archived /Users/jie/Documents/workspace/lcmhalgen/LCMHalTest_DBS/DATABASE_FreeRTOSUART_Hyperterminal_IT/src/Users/jie/Documents/workspace/lcmhalgen/posixGen_Demos/UART_Hyperterminal_IT/Drivers/CMSIS/Device/ST/STM32F4xx/Include/system_stm32f4xx.h
[E 08:16:14 80695] Already archived /Users/jie/Documents/workspace/lcmhalgen/LCMHalTest_DBS/DATABASE_FreeRTOSUART_Hyperterminal_IT/src/Users/jie/Documents/workspace/lcmhalgen/posixGen_Demos/UART_Hyperterminal_IT/Drivers/STM32F4xx_HAL_Driver/Inc/stm32f4xx_hal.h
[E 08:16:14 80695] Already archived /Users/jie/Documents/workspace/lcmhalgen/LCMHalTest_DBS/DATABASE_FreeRTOSUART_Hyperterminal_IT/src/Users/jie/Documents/workspace/lcmhalgen/posixGen_Demos/UART_Hyperterminal_IT/Drivers/STM32F4xx_HAL_Driver/Inc/Legacy/stm32_hal_legacy.h
[E 08:16:14 80695] Already archived /Users/jie/Documents/workspace/lcmhalgen/LCMHalTest_DBS/DATABASE_FreeRTOSUART_Hyperterminal_IT/src/Users/jie/Documents/arm-gnu-toolchain-14.3.rel1-darwin-arm64-arm-none-eabi/lib/gcc/arm-none-eabi/14.3.1/include/stddef.h
[E 08:16:14 80695] Already archived /Users/jie/Documents/workspace/lcmhalgen/LCMHalTest_DBS/DATABASE_FreeRTOSUART_Hyperterminal_IT/src/Users/jie/Documents/workspace/lcmhalgen/posixGen_Demos/UART_Hyperterminal_IT/Drivers/STM32F4xx_HAL_Driver/Inc/stm32f4xx_hal_rcc_ex.h
[E 08:16:14 80695] Already archived /Users/jie/Documents/workspace/lcmhalgen/LCMHalTest_DBS/DATABASE_FreeRTOSUART_Hyperterminal_IT/src/Users/jie/Documents/workspace/lcmhalgen/posixGen_Demos/UART_Hyperterminal_IT/Drivers/STM32F4xx_HAL_Driver/Inc/stm32f4xx_hal_gpio.h
[E 08:16:14 80695] Already archived /Users/jie/Documents/workspace/lcmhalgen/LCMHalTest_DBS/DATABASE_FreeRTOSUART_Hyperterminal_IT/src/Users/jie/Documents/workspace/lcmhalgen/posixGen_Demos/UART_Hyperterminal_IT/Drivers/STM32F4xx_HAL_Driver/Inc/stm32f4xx_hal_gpio_ex.h
[E 08:16:14 80695] Already archived /Users/jie/Documents/workspace/lcmhalgen/LCMHalTest_DBS/DATABASE_FreeRTOSUART_Hyperterminal_IT/src/Users/jie/Documents/workspace/lcmhalgen/posixGen_Demos/UART_Hyperterminal_IT/Drivers/STM32F4xx_HAL_Driver/Inc/stm32f4xx_hal_dma.h
[E 08:16:14 80695] Already archived /Users/jie/Documents/workspace/lcmhalgen/LCMHalTest_DBS/DATABASE_FreeRTOSUART_Hyperterminal_IT/src/Users/jie/Documents/workspace/lcmhalgen/posixGen_Demos/UART_Hyperterminal_IT/Drivers/STM32F4xx_HAL_Driver/Inc/stm32f4xx_hal_dma_ex.h
[E 08:16:14 80695] Already archived /Users/jie/Documents/workspace/lcmhalgen/LCMHalTest_DBS/DATABASE_FreeRTOSUART_Hyperterminal_IT/src/Users/jie/Documents/workspace/lcmhalgen/posixGen_Demos/UART_Hyperterminal_IT/Drivers/STM32F4xx_HAL_Driver/Inc/stm32f4xx_hal_cortex.h
[E 08:16:14 80695] Already archived /Users/jie/Documents/workspace/lcmhalgen/LCMHalTest_DBS/DATABASE_FreeRTOSUART_Hyperterminal_IT/src/Users/jie/Documents/workspace/lcmhalgen/posixGen_Demos/UART_Hyperterminal_IT/Drivers/STM32F4xx_HAL_Driver/Inc/stm32f4xx_hal_flash.h
[E 08:16:14 80695] Already archived /Users/jie/Documents/workspace/lcmhalgen/LCMHalTest_DBS/DATABASE_FreeRTOSUART_Hyperterminal_IT/src/Users/jie/Documents/workspace/lcmhalgen/posixGen_Demos/UART_Hyperterminal_IT/Drivers/STM32F4xx_HAL_Driver/Inc/stm32f4xx_hal_flash_ex.h
[E 08:16:14 80695] Already archived /Users/jie/Documents/workspace/lcmhalgen/LCMHalTest_DBS/DATABASE_FreeRTOSUART_Hyperterminal_IT/src/Users/jie/Documents/workspace/lcmhalgen/posixGen_Demos/UART_Hyperterminal_IT/Drivers/STM32F4xx_HAL_Driver/Inc/stm32f4xx_hal_flash_ramfunc.h
[E 08:16:14 80695] Already archived /Users/jie/Documents/workspace/lcmhalgen/LCMHalTest_DBS/DATABASE_FreeRTOSUART_Hyperterminal_IT/src/Users/jie/Documents/workspace/lcmhalgen/posixGen_Demos/UART_Hyperterminal_IT/Drivers/STM32F4xx_HAL_Driver/Inc/stm32f4xx_hal_sram.h
[E 08:16:14 80695] Already archived /Users/jie/Documents/workspace/lcmhalgen/LCMHalTest_DBS/DATABASE_FreeRTOSUART_Hyperterminal_IT/src/Users/jie/Documents/workspace/lcmhalgen/posixGen_Demos/UART_Hyperterminal_IT/Drivers/STM32F4xx_HAL_Driver/Inc/stm32f4xx_ll_fsmc.h
[E 08:16:14 80695] Already archived /Users/jie/Documents/workspace/lcmhalgen/LCMHalTest_DBS/DATABASE_FreeRTOSUART_Hyperterminal_IT/src/Users/jie/Documents/workspace/lcmhalgen/posixGen_Demos/UART_Hyperterminal_IT/Drivers/STM32F4xx_HAL_Driver/Inc/stm32f4xx_hal_i2c.h
[E 08:16:14 80695] Already archived /Users/jie/Documents/workspace/lcmhalgen/LCMHalTest_DBS/DATABASE_FreeRTOSUART_Hyperterminal_IT/src/Users/jie/Documents/workspace/lcmhalgen/posixGen_Demos/UART_Hyperterminal_IT/Drivers/STM32F4xx_HAL_Driver/Inc/stm32f4xx_hal_i2c_ex.h
[E 08:16:14 80695] Already archived /Users/jie/Documents/workspace/lcmhalgen/LCMHalTest_DBS/DATABASE_FreeRTOSUART_Hyperterminal_IT/src/Users/jie/Documents/workspace/lcmhalgen/posixGen_Demos/UART_Hyperterminal_IT/Drivers/STM32F4xx_HAL_Driver/Inc/stm32f4xx_hal_pwr.h
[E 08:16:14 80695] Already archived /Users/jie/Documents/workspace/lcmhalgen/LCMHalTest_DBS/DATABASE_FreeRTOSUART_Hyperterminal_IT/src/Users/jie/Documents/workspace/lcmhalgen/posixGen_Demos/UART_Hyperterminal_IT/Drivers/STM32F4xx_HAL_Driver/Inc/stm32f4xx_hal_pwr_ex.h
[E 08:16:14 80695] Already archived /Users/jie/Documents/workspace/lcmhalgen/LCMHalTest_DBS/DATABASE_FreeRTOSUART_Hyperterminal_IT/src/Users/jie/Documents/workspace/lcmhalgen/posixGen_Demos/UART_Hyperterminal_IT/Drivers/STM32F4xx_HAL_Driver/Inc/stm32f4xx_hal_uart.h
[E 08:16:14 80695] Creating trap tarball /Users/jie/Documents/workspace/lcmhalgen/LCMHalTest_DBS/DATABASE_FreeRTOSUART_Hyperterminal_IT/trap/cpp/tarballs/Users/jie/Documents/workspace/lcmhalgen/posixGen_Demos/UART_Hyperterminal_IT/Drivers/STM32F4xx_HAL_Driver/Src/stm32f4xx_hal_flash.c.dd37bf91_0.trap.tar.zst
[E 08:16:14 80695] Emitting trap files for ../../Drivers/STM32F4xx_HAL_Driver/Src/stm32f4xx_hal_flash.c
[E 08:16:14 80695] Opening existencedb in /Users/jie/Documents/workspace/lcmhalgen/LCMHalTest_DBS/DATABASE_FreeRTOSUART_Hyperterminal_IT/working/existencedb/db
[E 08:16:14 80695] Wrote 1 files to /Users/jie/Documents/workspace/lcmhalgen/LCMHalTest_DBS/DATABASE_FreeRTOSUART_Hyperterminal_IT/trap/cpp/tarballs/Users/jie/Documents/workspace/lcmhalgen/posixGen_Demos/UART_Hyperterminal_IT/Drivers/STM32F4xx_HAL_Driver/Src/stm32f4xx_hal_flash.c.dd37bf91_0.trap.tar.zst
[E 08:16:14 80695] Finished compilation TRAP /Users/jie/Documents/workspace/lcmhalgen/LCMHalTest_DBS/DATABASE_FreeRTOSUART_Hyperterminal_IT/trap/cpp/compilations/58/31145324_0.trap.zst
[E 08:16:14 80695] Marking C compilation as happened.
[E 08:16:14 80695] Setting tag c-compilation-happened
[E 08:16:14 80695] Starting from CODEQL_TRACER_DB_ID 0000000000013B35_0000000000000001
[E 08:16:14 80695] Locking DB /Users/jie/Documents/workspace/lcmhalgen/LCMHalTest_DBS/DATABASE_FreeRTOSUART_Hyperterminal_IT/working/tags.db
[E 08:16:14 80695] Locked DB /Users/jie/Documents/workspace/lcmhalgen/LCMHalTest_DBS/DATABASE_FreeRTOSUART_Hyperterminal_IT/working/tags.db
[E 08:16:14 80695] Set tag for 0000000000013B35_0000000000000001
[E 08:16:14 80695] Set tag for 0000000000013B33_0000000000000003
[E 08:16:14 80695] Set tag for 0000000000013B33_0000000000000002
[E 08:16:14 80695] Set tag for 0000000000013B33_0000000000000001
[E 08:16:14 80695] Set tag for 0000000000013827_0000000000000002
[E 08:16:14 80695] Set tag for 0000000000013827_0000000000000001
[E 08:16:14 80695] Set tag for 00000000000137DE_0000000000000003
[E 08:16:14 80695] Set tag for 00000000000137DE_0000000000000002
[E 08:16:14 80695] Set tag for root
[E 08:16:14 80695] Unlocking DB
[E 08:16:14 80695] Unlocked DB
[E 08:16:14 80695] Extractor exited successfully
[T 08:16:14 80693] Extractor /opt/homebrew/Caskroom/codeql/2.23.0/codeql/cpp/tools/osx64/extractor terminated with exit code 0.
[T 08:16:14 80710] Initializing tracer.
[T 08:16:14 80710] Initializing tags.
[T 08:16:14 80710] ID set to 0000000000013B46_0000000000000001 (parent 0000000000013B33_0000000000000003)
[T 08:16:14 80710] ==== Candidate to intercept: /Users/jie/Documents/arm-gnu-toolchain-14.3.rel1-darwin-arm64-arm-none-eabi/bin/../lib/gcc/arm-none-eabi/14.3.1/../../../../arm-none-eabi/bin/as (canonical: /Users/jie/Documents/arm-gnu-toolchain-14.3.rel1-darwin-arm64-arm-none-eabi/arm-none-eabi/bin/as) ====
[T 08:16:14 80710] Lua: === Intercepted call to /users/jie/documents/arm-gnu-toolchain-14.3.rel1-darwin-arm64-arm-none-eabi/arm-none-eabi/bin/as ===
[T 08:16:14 80710] Executing the following tracer actions:
[T 08:16:14 80710] Tracer actions:
[T 08:16:14 80710] pre_invocations(0)
[T 08:16:14 80710] post_invocations(1)
[T 08:16:14 80710] invocation: /opt/homebrew/Caskroom/codeql/2.23.0/codeql/cpp/tools/osx64/extractor, args: [--assembler, --codeql-assembler-executable, /users/jie/documents/arm-gnu-toolchain-14.3.rel1-darwin-arm64-arm-none-eabi/arm-none-eabi/bin/as, -I, ../../Inc, -I, ../../Drivers/CMSIS/Device/ST/STM32F4xx/Include, -I, ../../Drivers/STM32F4xx_HAL_Driver/Inc, -I, ../../Drivers/BSP/STM324xG_EVAL, -I, ../../Drivers/CMSIS/Include, -march=armv7e-m+fp, -mfloat-abi=hard, -mfpu=fpv4-sp-d16, -meabi=5, -o, Drivers/STM32F4xx_HAL_Driver/stm32f4xx_hal_flash.o, /var/folders/b3/0hb7dhg16rd56bpwtd8bcnyc0000gn/T//ccrnGvLc.s]
[T 08:16:14 80710] trace_languages(1): [cpp]
[T 08:16:14 80712] Attempting to switch stdout/stderr to 4...
[T 08:16:14 80712] Initializing tracer.
[T 08:16:14 80712] Initializing tags.
[T 08:16:14 80712] ID set to 0000000000013B48_0000000000000001 (parent 0000000000013B46_0000000000000001)
[E 08:16:14 80712] CodeQL C/C++ Extractor 2.23.0
[E 08:16:14 80712] Current directory: /Users/jie/Documents/workspace/lcmhalgen/posixGen_Demos/UART_Hyperterminal_IT/STM32CubeIDE/Release
[E 08:16:14 80712] Command: /opt/homebrew/Caskroom/codeql/2.23.0/codeql/cpp/tools/osx64/extractor --assembler --codeql-assembler-executable /users/jie/documents/arm-gnu-toolchain-14.3.rel1-darwin-arm64-arm-none-eabi/arm-none-eabi/bin/as -I ../../Inc -I ../../Drivers/CMSIS/Device/ST/STM32F4xx/Include -I ../../Drivers/STM32F4xx_HAL_Driver/Inc -I ../../Drivers/BSP/STM324xG_EVAL -I ../../Drivers/CMSIS/Include '-march=armv7e-m+fp' -mfloat-abi=hard -mfpu=fpv4-sp-d16 -meabi=5 -o Drivers/STM32F4xx_HAL_Driver/stm32f4xx_hal_flash.o /var/folders/b3/0hb7dhg16rd56bpwtd8bcnyc0000gn/T//ccrnGvLc.s
[E 08:16:14 80712] Extractor exited after mimicking assembler
[T 08:16:14 80710] Extractor /opt/homebrew/Caskroom/codeql/2.23.0/codeql/cpp/tools/osx64/extractor terminated with exit code 0.
[T 08:16:14 80713] Attempting to switch stdout/stderr to 4...
[T 08:16:14 80713] Initializing tracer.
[T 08:16:14 80713] Initializing tags.
[T 08:16:14 80713] ID set to 0000000000013B49_0000000000000001 (parent 0000000000013B33_0000000000000003)
[E 08:16:14 80713] CodeQL C/C++ Extractor 2.23.0
[E 08:16:14 80713] Current directory: /Users/jie/Documents/workspace/lcmhalgen/posixGen_Demos/UART_Hyperterminal_IT/STM32CubeIDE/Release
[E 08:16:14 80713] Command: /opt/homebrew/Caskroom/codeql/2.23.0/codeql/cpp/tools/osx64/extractor --mimic /users/jie/documents/arm-gnu-toolchain-14.3.rel1-darwin-arm64-arm-none-eabi/bin/arm-none-eabi-gcc ../../Drivers/STM32F4xx_HAL_Driver/Src/stm32f4xx_hal_flash.c -mcpu=cortex-m4 -std=gnu11 -DUSE_STM324xG_EVAL -DSTM32F407xx -DUSE_HAL_DRIVER -c -I../../Inc -I../../Drivers/CMSIS/Device/ST/STM32F4xx/Include -I../../Drivers/STM32F4xx_HAL_Driver/Inc -I../../Drivers/BSP/STM324xG_EVAL -I../../Drivers/CMSIS/Include -Os -ffunction-sections -fdata-sections -Wall -fstack-usage -MMD -MP -MFDrivers/STM32F4xx_HAL_Driver/stm32f4xx_hal_flash.d -MTDrivers/STM32F4xx_HAL_Driver/stm32f4xx_hal_flash.o --specs=nano.specs -mfpu=fpv4-sp-d16 -mfloat-abi=hard -mthumb -o Drivers/STM32F4xx_HAL_Driver/stm32f4xx_hal_flash.o
[E 08:16:14 80713] Warning: Unrecognized command line argument --specs=nano.specs
[E 08:16:14 80713] Checking whether C compilation already happened.
[E 08:16:14 80713] Checking for tag c-compilation-happened
[E 08:16:14 80713] Checking CODEQL_TRACER_DB_ID 0000000000013B33_0000000000000003
[E 08:16:14 80713] Locking DB /Users/jie/Documents/workspace/lcmhalgen/LCMHalTest_DBS/DATABASE_FreeRTOSUART_Hyperterminal_IT/working/tags.db
[E 08:16:14 80713] Locked DB /Users/jie/Documents/workspace/lcmhalgen/LCMHalTest_DBS/DATABASE_FreeRTOSUART_Hyperterminal_IT/working/tags.db
[E 08:16:14 80713] Unlocking DB
[E 08:16:14 80713] Unlocked DB
[E 08:16:14 80713] Exiting as C compilation already happened.
[T 08:16:14 80691] Extractor /opt/homebrew/Caskroom/codeql/2.23.0/codeql/cpp/tools/osx64/extractor terminated with exit code 0.
[T 08:16:14 80714] Initializing tracer.
[T 08:16:14 80714] Initializing tags.
[T 08:16:14 80714] ID set to 0000000000013B4A_0000000000000001 (parent 0000000000013827_0000000000000002)
[T 08:16:14 80714] ==== Candidate to intercept: /bin/sh (canonical: /bin/sh) ====
[T 08:16:14 80714] Executing the following tracer actions:
[T 08:16:14 80714] Tracer actions:
[T 08:16:14 80714] pre_invocations(0)
[T 08:16:14 80714] post_invocations(0)
[T 08:16:14 80714] trace_languages(1): [cpp]
[T 08:16:14 80714] Initializing tracer.
[T 08:16:14 80714] Initializing tags.
[T 08:16:14 80714] ID set to 0000000000013B4A_0000000000000002 (parent 0000000000013B4A_0000000000000001)
[T 08:16:14 80714] ==== Candidate to intercept: /bin/bash (canonical: /bin/bash) ====
[T 08:16:14 80714] Executing the following tracer actions:
[T 08:16:14 80714] Tracer actions:
[T 08:16:14 80714] pre_invocations(0)
[T 08:16:14 80714] post_invocations(0)
[T 08:16:14 80714] trace_languages(1): [cpp]
[T 08:16:14 80714] Initializing tracer.
[T 08:16:14 80714] Initializing tags.
[T 08:16:14 80714] ID set to 0000000000013B4A_0000000000000003 (parent 0000000000013B4A_0000000000000002)
[T 08:16:14 80714] ==== Candidate to intercept: /Users/jie/Documents/arm-gnu-toolchain-14.3.rel1-darwin-arm64-arm-none-eabi/bin/arm-none-eabi-gcc (canonical: /Users/jie/Documents/arm-gnu-toolchain-14.3.rel1-darwin-arm64-arm-none-eabi/bin/arm-none-eabi-gcc) ====
[T 08:16:14 80714] Lua: === Intercepted call to /users/jie/documents/arm-gnu-toolchain-14.3.rel1-darwin-arm64-arm-none-eabi/bin/arm-none-eabi-gcc ===
[T 08:16:14 80714] Executing the following tracer actions:
[T 08:16:14 80714] Tracer actions:
[T 08:16:14 80714] pre_invocations(0)
[T 08:16:14 80714] post_invocations(1)
[T 08:16:14 80714] invocation: /opt/homebrew/Caskroom/codeql/2.23.0/codeql/cpp/tools/osx64/extractor, args: [--mimic, /users/jie/documents/arm-gnu-toolchain-14.3.rel1-darwin-arm64-arm-none-eabi/bin/arm-none-eabi-gcc, ../../Drivers/STM32F4xx_HAL_Driver/Src/stm32f4xx_hal_flash_ex.c, -mcpu=cortex-m4, -std=gnu11, -DUSE_STM324xG_EVAL, -DSTM32F407xx, -DUSE_HAL_DRIVER, -c, -I../../Inc, -I../../Drivers/CMSIS/Device/ST/STM32F4xx/Include, -I../../Drivers/STM32F4xx_HAL_Driver/Inc, -I../../Drivers/BSP/STM324xG_EVAL, -I../../Drivers/CMSIS/Include, -Os, -ffunction-sections, -fdata-sections, -Wall, -fstack-usage, -MMD, -MP, -MFDrivers/STM32F4xx_HAL_Driver/stm32f4xx_hal_flash_ex.d, -MTDrivers/STM32F4xx_HAL_Driver/stm32f4xx_hal_flash_ex.o, --specs=nano.specs, -mfpu=fpv4-sp-d16, -mfloat-abi=hard, -mthumb, -o, Drivers/STM32F4xx_HAL_Driver/stm32f4xx_hal_flash_ex.o]
[T 08:16:14 80714] trace_languages(1): [cpp]
[T 08:16:14 80717] Initializing tracer.
[T 08:16:14 80717] Initializing tags.
[T 08:16:14 80717] ID set to 0000000000013B4D_0000000000000001 (parent 0000000000013B4A_0000000000000003)
[T 08:16:14 80717] ==== Candidate to intercept: /Users/jie/Documents/arm-gnu-toolchain-14.3.rel1-darwin-arm64-arm-none-eabi/bin/../libexec/gcc/arm-none-eabi/14.3.1/cc1 (canonical: /Users/jie/Documents/arm-gnu-toolchain-14.3.rel1-darwin-arm64-arm-none-eabi/libexec/gcc/arm-none-eabi/14.3.1/cc1) ====
[T 08:16:14 80717] Lua: === Intercepted call to /users/jie/documents/arm-gnu-toolchain-14.3.rel1-darwin-arm64-arm-none-eabi/libexec/gcc/arm-none-eabi/14.3.1/cc1 ===
[T 08:16:14 80717] Executing the following tracer actions:
[T 08:16:14 80717] Tracer actions:
[T 08:16:14 80717] pre_invocations(0)
[T 08:16:14 80717] post_invocations(1)
[T 08:16:14 80717] invocation: /opt/homebrew/Caskroom/codeql/2.23.0/codeql/cpp/tools/osx64/extractor, args: [--mimic, /users/jie/documents/arm-gnu-toolchain-14.3.rel1-darwin-arm64-arm-none-eabi/libexec/gcc/arm-none-eabi/14.3.1/cc1, -isystem, =/include/newlib-nano, -quiet, -I, ../../Inc, -I, ../../Drivers/CMSIS/Device/ST/STM32F4xx/Include, -I, ../../Drivers/STM32F4xx_HAL_Driver/Inc, -I, ../../Drivers/BSP/STM324xG_EVAL, -I, ../../Drivers/CMSIS/Include, -imultilib, thumb/v7e-m+fp/hard, -iprefix, /Users/jie/Documents/arm-gnu-toolchain-14.3.rel1-darwin-arm64-arm-none-eabi/bin/../lib/gcc/arm-none-eabi/14.3.1/, -isysroot, /Users/jie/Documents/arm-gnu-toolchain-14.3.rel1-darwin-arm64-arm-none-eabi/bin/../arm-none-eabi, -MMD, Drivers/STM32F4xx_HAL_Driver/stm32f4xx_hal_flash_ex.d, -MF, Drivers/STM32F4xx_HAL_Driver/stm32f4xx_hal_flash_ex.d, -MP, -MT, Drivers/STM32F4xx_HAL_Driver/stm32f4xx_hal_flash_ex.o, -D__USES_INITFINI__, -D, USE_STM324xG_EVAL, -D, STM32F407xx, -D, USE_HAL_DRIVER, ../../Drivers/STM32F4xx_HAL_Driver/Src/stm32f4xx_hal_flash_ex.c, -quiet, -dumpdir, Drivers/STM32F4xx_HAL_Driver/, -dumpbase, stm32f4xx_hal_flash_ex.c, -dumpbase-ext, .c, -mcpu=cortex-m4, -mfpu=fpv4-sp-d16, -mfloat-abi=hard, -mthumb, -mlibarch=armv7e-m+fp, -march=armv7e-m+fp, -Os, -Wall, -std=gnu11, -ffunction-sections, -fdata-sections, -fstack-usage, -o, /var/folders/b3/0hb7dhg16rd56bpwtd8bcnyc0000gn/T//ccx5sEjH.s]
[T 08:16:14 80717] trace_languages(1): [cpp]
[T 08:16:14 80719] Attempting to switch stdout/stderr to 4...
[T 08:16:14 80719] Initializing tracer.
[T 08:16:14 80719] Initializing tags.
[T 08:16:14 80719] ID set to 0000000000013B4F_0000000000000001 (parent 0000000000013B4D_0000000000000001)
[E 08:16:15 80719] CodeQL C/C++ Extractor 2.23.0
[E 08:16:15 80719] Current directory: /Users/jie/Documents/workspace/lcmhalgen/posixGen_Demos/UART_Hyperterminal_IT/STM32CubeIDE/Release
[E 08:16:15 80719] Command: /opt/homebrew/Caskroom/codeql/2.23.0/codeql/cpp/tools/osx64/extractor --mimic /users/jie/documents/arm-gnu-toolchain-14.3.rel1-darwin-arm64-arm-none-eabi/libexec/gcc/arm-none-eabi/14.3.1/cc1 -isystem '=/include/newlib-nano' -quiet -I ../../Inc -I ../../Drivers/CMSIS/Device/ST/STM32F4xx/Include -I ../../Drivers/STM32F4xx_HAL_Driver/Inc -I ../../Drivers/BSP/STM324xG_EVAL -I ../../Drivers/CMSIS/Include -imultilib 'thumb/v7e-m+fp/hard' -iprefix /Users/jie/Documents/arm-gnu-toolchain-14.3.rel1-darwin-arm64-arm-none-eabi/bin/../lib/gcc/arm-none-eabi/14.3.1/ -isysroot /Users/jie/Documents/arm-gnu-toolchain-14.3.rel1-darwin-arm64-arm-none-eabi/bin/../arm-none-eabi -MMD Drivers/STM32F4xx_HAL_Driver/stm32f4xx_hal_flash_ex.d -MF Drivers/STM32F4xx_HAL_Driver/stm32f4xx_hal_flash_ex.d -MP -MT Drivers/STM32F4xx_HAL_Driver/stm32f4xx_hal_flash_ex.o -D__USES_INITFINI__ -D USE_STM324xG_EVAL -D STM32F407xx -D USE_HAL_DRIVER ../../Drivers/STM32F4xx_HAL_Driver/Src/stm32f4xx_hal_flash_ex.c -quiet -dumpdir Drivers/STM32F4xx_HAL_Driver/ -dumpbase stm32f4xx_hal_flash_ex.c -dumpbase-ext .c -mcpu=cortex-m4 -mfpu=fpv4-sp-d16 -mfloat-abi=hard -mthumb '-mlibarch=armv7e-m+fp' '-march=armv7e-m+fp' -Os -Wall -std=gnu11 -ffunction-sections -fdata-sections -fstack-usage -o /var/folders/b3/0hb7dhg16rd56bpwtd8bcnyc0000gn/T//ccx5sEjH.s
[E 08:16:15 80719] Checking whether C compilation already happened.
[E 08:16:15 80719] Checking for tag c-compilation-happened
[E 08:16:15 80719] Checking CODEQL_TRACER_DB_ID 0000000000013B4D_0000000000000001
[E 08:16:15 80719] Locking DB /Users/jie/Documents/workspace/lcmhalgen/LCMHalTest_DBS/DATABASE_FreeRTOSUART_Hyperterminal_IT/working/tags.db
[E 08:16:15 80719] Locked DB /Users/jie/Documents/workspace/lcmhalgen/LCMHalTest_DBS/DATABASE_FreeRTOSUART_Hyperterminal_IT/working/tags.db
[E 08:16:15 80719] Unlocking DB
[E 08:16:15 80719] Unlocked DB
[E 08:16:15 80719] Looks like C compilation didn't already happen.
[E 08:16:15 80719] Checking whether C compilation has been attempted.
[E 08:16:15 80719] Checking for tag c-compilation-attempted
[E 08:16:15 80719] Checking CODEQL_TRACER_DB_ID 0000000000013B4D_0000000000000001
[E 08:16:15 80719] Locking DB /Users/jie/Documents/workspace/lcmhalgen/LCMHalTest_DBS/DATABASE_FreeRTOSUART_Hyperterminal_IT/working/tags.db
[E 08:16:15 80719] Locked DB /Users/jie/Documents/workspace/lcmhalgen/LCMHalTest_DBS/DATABASE_FreeRTOSUART_Hyperterminal_IT/working/tags.db
[E 08:16:15 80719] Unlocking DB
[E 08:16:15 80719] Unlocked DB
[E 08:16:15 80719] Marking C compilation as attempted.
[E 08:16:15 80719] Setting tag c-compilation-attempted
[E 08:16:15 80719] Starting from CODEQL_TRACER_DB_ID 0000000000013B4D_0000000000000001
[E 08:16:15 80719] Locking DB /Users/jie/Documents/workspace/lcmhalgen/LCMHalTest_DBS/DATABASE_FreeRTOSUART_Hyperterminal_IT/working/tags.db
[E 08:16:15 80719] Locked DB /Users/jie/Documents/workspace/lcmhalgen/LCMHalTest_DBS/DATABASE_FreeRTOSUART_Hyperterminal_IT/working/tags.db
[E 08:16:15 80719] Set tag for 0000000000013B4D_0000000000000001
[E 08:16:15 80719] Set tag for 0000000000013B4A_0000000000000003
[E 08:16:15 80719] Set tag for 0000000000013B4A_0000000000000002
[E 08:16:15 80719] Set tag for 0000000000013B4A_0000000000000001
[E 08:16:15 80719] Set tag for 0000000000013827_0000000000000002
[E 08:16:15 80719] Set tag for 0000000000013827_0000000000000001
[E 08:16:15 80719] Set tag for 00000000000137DE_0000000000000003
[E 08:16:15 80719] Set tag for 00000000000137DE_0000000000000002
[E 08:16:15 80719] Set tag for root
[E 08:16:15 80719] Unlocking DB
[E 08:16:15 80719] Unlocked DB
[E 08:16:15 80719] Processed command line: /opt/homebrew/Caskroom/codeql/2.23.0/codeql/cpp/tools/osx64/extractor --trapfolder /Users/jie/Documents/workspace/lcmhalgen/LCMHalTest_DBS/DATABASE_FreeRTOSUART_Hyperterminal_IT/trap/cpp --src_archive /Users/jie/Documents/workspace/lcmhalgen/LCMHalTest_DBS/DATABASE_FreeRTOSUART_Hyperterminal_IT/src --object_filename /var/folders/b3/0hb7dhg16rd56bpwtd8bcnyc0000gn/T//ccx5sEjH.s --no_warnings_and_discretionary_errors --error_limit 1000 --disable_system_macros --variadic_macros --incognito --c11 --gcc --gnu_version 140301 --target linux_i686 '-D__DBL_MIN_EXP__=(-1021)' -D__HQ_FBIT__=15 -D__UINT_LEAST16_MAX__=0xffff -D__ARM_SIZEOF_WCHAR_T=4 -D__WCHAR_MAX__=0xffffffffU -D__SFRACT_IBIT__=0 -D__ULFRACT_MIN__=0.0ULR -D__FLT_MIN__=1.1754943508222875e-38F -D__GCC_IEC_559_COMPLEX=0 -D__SIZEOF_LONG__=4 -D__UFRACT_MAX__=0XFFFFP-16UR '-D__UINT_LEAST8_TYPE__=unsigned char' -D__FLT_MAX_EXP__=128 -D__DQ_FBIT__=63 '-D__INTMAX_C(c)=c ## LL' -D__ARM_FEATURE_SAT=1 -D__ULFRACT_FBIT__=32 -D__CHAR_BIT__=8 -D__USQ_IBIT__=0 -D__UINT8_MAX__=0xff -D__ACCUM_FBIT__=15 -D__WINT_MAX__=0xffffffffU '-D__FLT32_MIN_EXP__=(-125)' -D__LONG_WIDTH__=32 -D__USFRACT_FBIT__=8 -D__ORDER_LITTLE_ENDIAN__=1234 -D__SIZE_MAX__=0xffffffffU -D__LACCUM_IBIT__=32 -D__GCC_HAVE_SYNC_COMPARE_AND_SWAP_1=1 -D__GCC_HAVE_SYNC_COMPARE_AND_SWAP_2=1 -D__GCC_HAVE_SYNC_COMPARE_AND_SWAP_4=1 '-D__DBL_DENORM_MIN__=((double)4.9406564584124654e-324L)' -D__GCC_ATOMIC_CHAR_LOCK_FREE=2 -D__GCC_IEC_559=0 -D__FLT32X_DECIMAL_DIG__=17 -D__FLT_EVAL_METHOD__=0 -D__TQ_IBIT__=0 -D__LLACCUM_MAX__=0X7FFFFFFFFFFFFFFFP-31LLK -D__FLT32_HAS_INFINITY__=1 -D__FLT64_DECIMAL_DIG__=17 -D__GCC_ATOMIC_CHAR32_T_LOCK_FREE=2 -D__INTPTR_WIDTH__=32 -D__SIG_ATOMIC_TYPE__=int '-D__DBL_MIN_10_EXP__=(-307)' -D__LFRACT_IBIT__=0 -D__FLT32_HAS_DENORM__=1 -D__USA_FBIT__=16 -D__UINT_FAST8_MAX__=0xffffffffU -D__FLT_HAS_QUIET_NAN__=1 '-D__INT8_C(c)=c' -D__INT_LEAST8_WIDTH__=8 -D__UINT_LEAST64_MAX__=0xffffffffffffffffULL -D__SA_FBIT__=15 -D__APCS_32__=1 -D__SHRT_MAX__=0x7fff '-D__LDBL_MAX__=1.7976931348623157e+308L' -D__FRACT_MAX__=0X7FFFP-15R -D__thumb2__=1 -D__LDBL_IS_IEC_60559__=1 -D__UFRACT_FBIT__=16 -D__ARM_FP=4 -D__UFRACT_MIN__=0.0UR -D__UINT_LEAST8_MAX__=0xff -D__GCC_ATOMIC_BOOL_LOCK_FREE=2 '-D__UINTMAX_TYPE__=long long unsigned int' -D__LLFRACT_EPSILON__=0x1P-63LLR -D__FLT_EVAL_METHOD_TS_18661_3__=0 -D__UINT32_MAX__=0xffffffffUL -D__ULFRACT_MAX__=0XFFFFFFFFP-32ULR -D__TA_IBIT__=64 -D__LDBL_MAX_EXP__=1024 -D__WINT_MIN__=0U -D__ARM_ASM_SYNTAX_UNIFIED__=1 -D__FLT32X_IS_IEC_60559__=1 -D__INT_LEAST16_WIDTH__=16 -D__ULLFRACT_MIN__=0.0ULLR -D__SCHAR_MAX__=0x7f -D__WCHAR_MIN__=0U '-D__INT64_C(c)=c ## LL' '-D__UINT16_C(c)=c' -D__GCC_ATOMIC_POINTER_LOCK_FREE=2 -D__ATOMIC_SEQ_CST=5 -D__FLT32X_MAX_EXP__=1024 -D__SIZEOF_INT__=4 -D__FLT32X_MANT_DIG__=53 -D__USACCUM_IBIT__=8 '-D__INT16_TYPE__=short int' -D__FLT_DIG__=6 '-D__LFRACT_MIN__=(-0.5LR-0.5LR)' -D__HA_IBIT__=8 -D__FLT_EPSILON__=1.1920928955078125e-7F -D__SHRT_WIDTH__=16 -D__FLT32_IS_IEC_60559__=1 -D__USFRACT_IBIT__=0 -D__LDBL_MIN__=2.2250738585072014e-308L -D__STDC_UTF_16__=1 '-D__FRACT_MIN__=(-0.5R-0.5R)' -D__DA_IBIT__=32 -D__ARM_SIZEOF_MINIMAL_ENUM=1 -D__FLT32X_HAS_INFINITY__=1 -D__UQQ_FBIT__=8 -D__UACCUM_MAX__=0XFFFFFFFFP-16UK -D__DECIMAL_DIG__=17 -D__LFRACT_EPSILON__=0x1P-31LR -D__FLT64_EPSILON__=2.2204460492503131e-16F64 -D__INT16_MAX__=0x7fff -D__ARM_PCS_VFP=1 -D__LDBL_HAS_QUIET_NAN__=1 -D__ULACCUM_IBIT__=32 -D__ARM_FEATURE_FMA=1 -D__FLT64_MANT_DIG__=53 -D__INT_LEAST16_MAX__=0x7fff -D__UACCUM_EPSILON__=0x1P-16UK -D__ULLACCUM_MAX__=0XFFFFFFFFFFFFFFFFP-32ULLK -D__HQ_IBIT__=0 -D__FLT_HAS_DENORM__=1 -D__SIZEOF_LONG_DOUBLE__=8 -D__SA_IBIT__=16 -D__BIGGEST_ALIGNMENT__=8 -D__ARM_FEATURE_IDIV=1 -D__INTPTR_TYPE__=int '-D__SIZE_TYPE__=unsigned int' -D__FLT64_MAX_10_EXP__=308 -D__DBL_DIG__=15 -D__ULLACCUM_FBIT__=32 -D__DBL_IS_IEC_60559__=1 -D__DQ_IBIT__=0 '-D__DBL_MAX__=((double)1.7976931348623157e+308L)' -D__ULFRACT_IBIT__=0 -D__INT_FAST32_MAX__=0x7fffffff -D__DBL_HAS_INFINITY__=1 -D__HAVE_SPECULATION_SAFE_VALUE=1 -D__ACCUM_IBIT__=16 -D__THUMB_INTERWORK__=1 -D__UINT_LEAST32_MAX__=0xffffffffUL -D__LACCUM_MAX__=0X7FFFFFFFFFFFFFFFP-31LK -D__FLT32X_HAS_DENORM__=1 -D__INT_FAST16_TYPE__=int -D__LDBL_HAS_DENORM__=1 -D__ARM_FEATURE_LDREX=7 -D__FLT32_DECIMAL_DIG__=9 -D__INT_LEAST32_MAX__=0x7fffffffL -D__ACCUM_MAX__=0X7FFFFFFFP-15K -D__DBL_MAX_EXP__=1024 -D__USACCUM_EPSILON__=0x1P-8UHK -D__WCHAR_WIDTH__=32 '-D__FLT32_MAX__=3.4028234663852886e+38F32' -D__SFRACT_MAX__=0X7FP-7HR -D__FRACT_IBIT__=0 -D__PTRDIFF_MAX__=0x7fffffff -D__UACCUM_MIN__=0.0UK -D__UACCUM_IBIT__=16 '-D__LLACCUM_MIN__=(-0X1P31LLK-0X1P31LLK)' -D__FLT32_HAS_QUIET_NAN__=1 -D__LONG_LONG_MAX__=0x7fffffffffffffffLL -D__ULACCUM_MAX__=0XFFFFFFFFFFFFFFFFP-32ULK -D__SIZEOF_WINT_T__=4 -D__ARM_FEATURE_UNALIGNED=1 -D__LONG_LONG_WIDTH__=64 -D__FLT32_MAX_EXP__=128 -D__ULLACCUM_MIN__=0.0ULLK -D__GXX_ABI_VERSION=1019 -D__UTA_FBIT__=64 -D__UFRACT_IBIT__=0 -D__FLT64_IS_IEC_60559__=1 -D__USQ_FBIT__=32 -D__ARM_FEATURE_QBIT=1 '-D__INT_FAST64_TYPE__=long long int' -D__FP_FAST_FMAF=1 -D__FLT64_DENORM_MIN__=4.9406564584124654e-324F64 '-D__DBL_MIN__=((double)2.2250738585072014e-308L)' -D__SIZEOF_POINTER__=4 -D__DBL_HAS_QUIET_NAN__=1 -D__FLT32X_EPSILON__=2.2204460492503131e-16F32x '-D__FLT64_MIN_EXP__=(-1021)' '-D__LACCUM_MIN__=(-0X1P31LK-0X1P31LK)' -D__FRACT_FBIT__=15 '-D__FLT64_MIN_10_EXP__=(-307)' -D__ULLFRACT_EPSILON__=0x1P-64ULLR -D__REGISTER_PREFIX__= -D__UINT16_MAX__=0xffff -D__DBL_HAS_DENORM__=1 '-D__ACCUM_MIN__=(-0X1P15K-0X1P15K)' -D__SQ_IBIT__=0 '-D__UINT8_TYPE__=unsigned char' -D__UHA_FBIT__=8 '-D__SFRACT_MIN__=(-0.5HR-0.5HR)' -D__UTQ_FBIT__=128 -D__DEC_EVAL_METHOD__=2 -D__FLT_MANT_DIG__=24 -D__LDBL_DECIMAL_DIG__=17 '-D__UINT64_C(c)=c ## ULL' -D__FRACT_EPSILON__=0x1P-15R -D__ULACCUM_MIN__=0.0ULK -D__UDA_FBIT__=32 -D__GCC_ATOMIC_INT_LOCK_FREE=2 '-D__FLT_MIN_EXP__=(-125)' -D__FLOAT_WORD_ORDER__=__ORDER_LITTLE_ENDIAN__ -D__USFRACT_MIN__=0.0UHR -D__FLT32_MANT_DIG__=24 -D__ULLFRACT_FBIT__=64 -D__UQQ_IBIT__=0 -D__SCHAR_WIDTH__=8 '-D__INT32_C(c)=c ## L' -D__ORDER_PDP_ENDIAN__=3412 -D__UHQ_FBIT__=16 -D__LLACCUM_FBIT__=31 -D__INT_FAST32_TYPE__=int '-D__UINT_LEAST16_TYPE__=short unsigned int' -D__UINT64_MAX__=0xffffffffffffffffULL -D__FLT_IS_IEC_60559__=1 -D__UDQ_FBIT__=64 -D__UINT_FAST64_MAX__=0xffffffffffffffffULL '-D__GNUC_WIDE_EXECUTION_CHARSET_NAME="UTF-32LE"' '-D__INT8_TYPE__=signed char' -D__thumb__=1 -D__ELF__=1 -D__SACCUM_EPSILON__=0x1P-7HK -D__ULFRACT_EPSILON__=0x1P-32ULR -D__LLFRACT_FBIT__=63 -D__FLT_RADIX__=2 '-D__INT_LEAST16_TYPE__=short int' -D__ARM_ARCH_PROFILE=77 -D__LDBL_EPSILON__=2.2204460492503131e-16L '-D__UINTMAX_C(c)=c ## ULL' -D__SACCUM_MAX__=0X7FFFP-7HK -D__FLT32X_MIN__=2.2250738585072014e-308F32x -D__SIG_ATOMIC_MAX__=0x7fffffff -D__UACCUM_FBIT__=16 -D__GCC_ATOMIC_WCHAR_T_LOCK_FREE=2 -D__USER_LABEL_PREFIX__= -D__VFP_FP__=1 -D__SIZEOF_PTRDIFF_T__=4 -D__ATOMIC_ACQUIRE=2 -D__INT_WIDTH__=32 -D__OPTIMIZE__=1 -D__LACCUM_EPSILON__=0x1P-31LK -D__LDBL_DIG__=15 '-D__FLT32X_MIN_EXP__=(-1021)' -D__INT_FAST16_MAX__=0x7fffffff -D__GCC_CONSTRUCTIVE_SIZE=64 -D__FLT64_DIG__=15 -D__UINT_FAST32_MAX__=0xffffffffU '-D__UINT_LEAST64_TYPE__=long long unsigned int' -D__SFRACT_EPSILON__=0x1P-7HR -D__GCC_ASM_FLAG_OUTPUTS__=1 -D__FLT_MAX_10_EXP__=38 -D__LONG_MAX__=0x7fffffffL -D__FINITE_MATH_ONLY__=0 -D__SIZEOF_SIZE_T__=4 -D__FLT_HAS_INFINITY__=1 '-D__GNUC_EXECUTION_CHARSET_NAME="UTF-8"' -D__CHAR_UNSIGNED__=1 '-D__UINT_FAST16_TYPE__=unsigned int' -D__ARM_32BIT_STATE=1 -D__INT_FAST32_WIDTH__=32 -D__PRAGMA_REDEFINE_EXTNAME=1 -D__ARMEL__=1 -D__SIZE_WIDTH__=32 -D__INT64_MAX__=0x7fffffffffffffffLL -D__SACCUM_FBIT__=7 -D__FLT32_DENORM_MIN__=1.4012984643248171e-45F32 -D__SIG_ATOMIC_WIDTH__=32 '-D__INT_LEAST64_TYPE__=long long int' -D__ARM_FEATURE_CLZ=1 '-D__INT_LEAST8_TYPE__=signed char' -D__SQ_FBIT__=31 -D__USFRACT_MAX__=0XFFP-8UHR -D__ARM_ARCH_ISA_THUMB=2 -D__INT_FAST8_MAX__=0x7fffffff -D__ARM_ARCH=7 -D__INTPTR_MAX__=0x7fffffff -D__QQ_FBIT__=7 -D__UTA_IBIT__=64 -D__FLT64_HAS_QUIET_NAN__=1 -D__FLT32X_DIG__=15 -D__PTRDIFF_WIDTH__=32 -D__LDBL_MANT_DIG__=53 -D__SFRACT_FBIT__=7 '-D__SACCUM_MIN__=(-0X1P7HK-0X1P7HK)' -D__FLT64_HAS_INFINITY__=1 '-D__SIG_ATOMIC_MIN__=(-__SIG_ATOMIC_MAX__ - 1)' -D__GCC_ATOMIC_LONG_LOCK_FREE=2 '-D__UINT16_TYPE__=short unsigned int' '-D__WCHAR_TYPE__=unsigned int' -D__SIZEOF_FLOAT__=4 -D__THUMBEL__=1 -D__TQ_FBIT__=127 -D__UINTPTR_MAX__=0xffffffffU -D__INT_FAST64_WIDTH__=64 -D__LDBL_HAS_INFINITY__=1 -D__ULLACCUM_IBIT__=32 -D__FLT32_MAX_10_EXP__=38 -D__INT_FAST64_MAX__=0x7fffffffffffffffLL -D__GCC_ATOMIC_TEST_AND_SET_TRUEVAL=1 '-D__FLT_NORM_MAX__=3.4028234663852886e+38F' '-D__UINT_FAST64_TYPE__=long long unsigned int' -D__LACCUM_FBIT__=31 -D__HA_FBIT__=7 -D__UHA_IBIT__=8 '-D__INT64_TYPE__=long long int' -D__UTQ_IBIT__=0 -D__DBL_MANT_DIG__=53 -D__INT_LEAST64_MAX__=0x7fffffffffffffffLL -D__GCC_ATOMIC_CHAR16_T_LOCK_FREE=2 -D__FP_FAST_FMAF32=1 '-D__WINT_TYPE__=unsigned int' '-D__UINT_LEAST32_TYPE__=long unsigned int' -D__SIZEOF_SHORT__=2 -D__ULLFRACT_IBIT__=0 '-D__FLT32_NORM_MAX__=3.4028234663852886e+38F32' '-D__LDBL_MIN_EXP__=(-1021)' -D__GXX_TYPEINFO_EQUALITY_INLINE=0 -D__INTMAX_MAX__=0x7fffffffffffffffLL -D__arm__=1 '-D__FLT64_MAX__=1.7976931348623157e+308F64' -D__UDA_IBIT__=32 -D__INT_MAX__=0x7fffffff -D__WINT_WIDTH__=32 -D__INT_LEAST8_MAX__=0x7f -D__INT_LEAST64_WIDTH__=64 -D__FLT32X_MAX_10_EXP__=308 -D__LLACCUM_EPSILON__=0x1P-31LLK -D__LFRACT_FBIT__=31 -D__LDBL_MAX_10_EXP__=308 -D__ATOMIC_RELAXED=0 '-D__DBL_EPSILON__=((double)2.2204460492503131e-16L)' '-D__INT_LEAST32_TYPE__=long int' -D__ARM_ARCH_7EM__=1 -D__ARM_FEATURE_SIMD32=1 '-D__UINT8_C(c)=c' -D__FLT64_MAX_EXP__=1024 -D__SIZEOF_WCHAR_T__=4 '-D__UINT64_TYPE__=long long unsigned int' -D__OPTIMIZE_SIZE__=1 -D__LLFRACT_MAX__=0X7FFFFFFFFFFFFFFFP-63LLR '-D__FLT64_NORM_MAX__=1.7976931348623157e+308F64' -D__INT_FAST8_TYPE__=int -D__ULLACCUM_EPSILON__=0x1P-32ULLK -D__USACCUM_MAX__=0XFFFFP-8UHK -D__UHQ_IBIT__=0 -D__ARM_FEATURE_COPROC=15 -D__LLACCUM_IBIT__=32 -D__FLT64_HAS_DENORM__=1 -D__FLT32_EPSILON__=1.1920928955078125e-7F32 -D__DBL_DECIMAL_DIG__=17 -D__STDC_UTF_32__=1 -D__INT_FAST8_WIDTH__=32 -D__BYTE_ORDER__=__ORDER_LITTLE_ENDIAN__ '-D__FLT32X_MAX__=1.7976931348623157e+308F32x' -D__TA_FBIT__=63 '-D__DBL_NORM_MAX__=((double)1.7976931348623157e+308L)' -D__USFRACT_EPSILON__=0x1P-8UHR -D__GCC_DESTRUCTIVE_SIZE=64 -D__UDQ_IBIT__=0 -D__INTMAX_WIDTH__=64 -D__ORDER_BIG_ENDIAN__=4321 -D__LFRACT_MAX__=0X7FFFFFFFP-31LR -D__ARM_FEATURE_DSP=1 -D__FLT32_DIG__=6 -D__ACCUM_EPSILON__=0x1P-15K '-D__UINT32_C(c)=c ## UL' -D__QQ_IBIT__=0 -D__LLFRACT_IBIT__=0 -D__INT8_MAX__=0x7f -D__INT32_MAX__=0x7fffffffL '-D__UINT_FAST32_TYPE__=unsigned int' '-D__FLT32X_NORM_MAX__=1.7976931348623157e+308F32x' '-D__FLT32_MIN_10_EXP__=(-37)' '-D__FLT_MAX__=3.4028234663852886e+38F' -D__USACCUM_FBIT__=8 '-D__INT32_TYPE__=long int' -D__SIZEOF_DOUBLE__=8 '-D__FLT_MIN_10_EXP__=(-37)' -D__UFRACT_EPSILON__=0x1P-16UR -D__FLT64_MIN__=2.2250738585072014e-308F64 -D__FLT_DENORM_MIN__=1.4012984643248171e-45F -D__INT_LEAST32_WIDTH__=32 '-D__INTMAX_TYPE__=long long int' -D__FLT32X_HAS_QUIET_NAN__=1 -D__ATOMIC_CONSUME=1 -D__INT_FAST16_WIDTH__=32 -D__UINTMAX_MAX__=0xffffffffffffffffULL -D__FLT32X_DENORM_MIN__=4.9406564584124654e-324F32x -D__ATOMIC_ACQ_REL=4 -D__DBL_MAX_10_EXP__=308 -D__LDBL_DENORM_MIN__=4.9406564584124654e-324L '-D__INT16_C(c)=c' -D__ATOMIC_RELEASE=3 -D__PTRDIFF_TYPE__=int '-D__LLFRACT_MIN__=(-0.5LLR-0.5LLR)' -D__USACCUM_MIN__=0.0UHK -D__FLT32_MIN__=1.1754943508222875e-38F32 -D__DA_FBIT__=31 '-D__UINT32_TYPE__=long unsigned int' '-D__FLT32X_MIN_10_EXP__=(-307)' -D__ARM_ARCH_EXT_IDIV__=1 '-D__UINTPTR_TYPE__=unsigned int' -D__USA_IBIT__=16 -D__ARM_EABI__=1 '-D__LDBL_MIN_10_EXP__=(-307)' -D__SIZEOF_LONG_LONG__=8 -D__ULACCUM_EPSILON__=0x1P-32ULK -D__SACCUM_IBIT__=8 -D__GCC_ATOMIC_LLONG_LOCK_FREE=1 -D__FLT_DECIMAL_DIG__=9 -D__UINT_FAST16_MAX__=0xffffffffU '-D__LDBL_NORM_MAX__=1.7976931348623157e+308L' -D__GCC_ATOMIC_SHORT_LOCK_FREE=2 -D__ULLFRACT_MAX__=0XFFFFFFFFFFFFFFFFP-64ULLR '-D__UINT_FAST8_TYPE__=unsigned int' -D__ULACCUM_FBIT__=32 -D__USES_INITFINI__ -DUSE_STM324xG_EVAL -DSTM32F407xx -DUSE_HAL_DRIVER -I../../Inc -I../../Drivers/CMSIS/Device/ST/STM32F4xx/Include -I../../Drivers/STM32F4xx_HAL_Driver/Inc -I../../Drivers/BSP/STM324xG_EVAL -I../../Drivers/CMSIS/Include -I/Users/jie/Documents/arm-gnu-toolchain-14.3.rel1-darwin-arm64-arm-none-eabi/bin/../arm-none-eabi/include/newlib-nano -I/Users/jie/Documents/arm-gnu-toolchain-14.3.rel1-darwin-arm64-arm-none-eabi/bin/../lib/gcc/arm-none-eabi/14.3.1/include -I/Users/jie/Documents/arm-gnu-toolchain-14.3.rel1-darwin-arm64-arm-none-eabi/bin/../lib/gcc/arm-none-eabi/14.3.1/include-fixed -I/Users/jie/Documents/arm-gnu-toolchain-14.3.rel1-darwin-arm64-arm-none-eabi/bin/../lib/gcc/arm-none-eabi/14.3.1/../../../../arm-none-eabi/include -- ../../Drivers/STM32F4xx_HAL_Driver/Src/stm32f4xx_hal_flash_ex.c
[E 08:16:15 80719] CODEQL_EXTRACTOR_CPP_TRAP_CACHING is not set
[E 08:16:15 80719] CODEQL_EXTRACTOR_CPP_OPTION_TRAP_CACHE_WRITE is not set
[E 08:16:15 80719] CODEQL_EXTRACTOR_CPP_OPTION_TRAP_CACHE_DIR is not set
[E 08:16:15 80719] Initialising TRAP cache at path: de/3b11/113ae50e13a73d0422a22068aec7
[E 08:16:15 80719] Not using TRAP cache
[E 08:16:15 80719] TRAP cache miss
[E 08:16:15 80719] Starting compilation TRAP /Users/jie/Documents/workspace/lcmhalgen/LCMHalTest_DBS/DATABASE_FreeRTOSUART_Hyperterminal_IT/trap/cpp/compilations/48/38502005_0.trap.zst
[E 08:16:15 80719] Archiving /Users/jie/Documents/workspace/lcmhalgen/LCMHalTest_DBS/DATABASE_FreeRTOSUART_Hyperterminal_IT/src/Users/jie/Documents/workspace/lcmhalgen/posixGen_Demos/UART_Hyperterminal_IT/Drivers/STM32F4xx_HAL_Driver/Src/stm32f4xx_hal_flash_ex.c
[E 08:16:15 80719] Already archived /Users/jie/Documents/workspace/lcmhalgen/LCMHalTest_DBS/DATABASE_FreeRTOSUART_Hyperterminal_IT/src/Users/jie/Documents/workspace/lcmhalgen/posixGen_Demos/UART_Hyperterminal_IT/Drivers/STM32F4xx_HAL_Driver/Inc/stm32f4xx_hal.h
[E 08:16:15 80719] Already archived /Users/jie/Documents/workspace/lcmhalgen/LCMHalTest_DBS/DATABASE_FreeRTOSUART_Hyperterminal_IT/src/Users/jie/Documents/workspace/lcmhalgen/posixGen_Demos/UART_Hyperterminal_IT/Inc/stm32f4xx_hal_conf.h
[E 08:16:15 80719] Already archived /Users/jie/Documents/workspace/lcmhalgen/LCMHalTest_DBS/DATABASE_FreeRTOSUART_Hyperterminal_IT/src/Users/jie/Documents/workspace/lcmhalgen/posixGen_Demos/UART_Hyperterminal_IT/Drivers/STM32F4xx_HAL_Driver/Inc/stm32f4xx_hal_rcc.h
[E 08:16:15 80719] Already archived /Users/jie/Documents/workspace/lcmhalgen/LCMHalTest_DBS/DATABASE_FreeRTOSUART_Hyperterminal_IT/src/Users/jie/Documents/workspace/lcmhalgen/posixGen_Demos/UART_Hyperterminal_IT/Drivers/STM32F4xx_HAL_Driver/Inc/stm32f4xx_hal_def.h
[E 08:16:15 80719] Already archived /Users/jie/Documents/workspace/lcmhalgen/LCMHalTest_DBS/DATABASE_FreeRTOSUART_Hyperterminal_IT/src/Users/jie/Documents/workspace/lcmhalgen/posixGen_Demos/UART_Hyperterminal_IT/Drivers/CMSIS/Device/ST/STM32F4xx/Include/stm32f4xx.h
[E 08:16:15 80719] Already archived /Users/jie/Documents/workspace/lcmhalgen/LCMHalTest_DBS/DATABASE_FreeRTOSUART_Hyperterminal_IT/src/Users/jie/Documents/workspace/lcmhalgen/posixGen_Demos/UART_Hyperterminal_IT/Drivers/CMSIS/Device/ST/STM32F4xx/Include/stm32f407xx.h
[E 08:16:15 80719] Already archived /Users/jie/Documents/workspace/lcmhalgen/LCMHalTest_DBS/DATABASE_FreeRTOSUART_Hyperterminal_IT/src/Users/jie/Documents/workspace/lcmhalgen/posixGen_Demos/UART_Hyperterminal_IT/Drivers/CMSIS/Include/core_cm4.h
[E 08:16:15 80719] Already archived /Users/jie/Documents/workspace/lcmhalgen/LCMHalTest_DBS/DATABASE_FreeRTOSUART_Hyperterminal_IT/src/Users/jie/Documents/arm-gnu-toolchain-14.3.rel1-darwin-arm64-arm-none-eabi/lib/gcc/arm-none-eabi/14.3.1/include/stdint.h
[E 08:16:15 80719] Already archived /Users/jie/Documents/workspace/lcmhalgen/LCMHalTest_DBS/DATABASE_FreeRTOSUART_Hyperterminal_IT/src/Users/jie/Documents/arm-gnu-toolchain-14.3.rel1-darwin-arm64-arm-none-eabi/arm-none-eabi/include/stdint.h
[E 08:16:15 80719] Already archived /Users/jie/Documents/workspace/lcmhalgen/LCMHalTest_DBS/DATABASE_FreeRTOSUART_Hyperterminal_IT/src/Users/jie/Documents/arm-gnu-toolchain-14.3.rel1-darwin-arm64-arm-none-eabi/arm-none-eabi/include/machine/_default_types.h
[E 08:16:15 80719] Already archived /Users/jie/Documents/workspace/lcmhalgen/LCMHalTest_DBS/DATABASE_FreeRTOSUART_Hyperterminal_IT/src/Users/jie/Documents/arm-gnu-toolchain-14.3.rel1-darwin-arm64-arm-none-eabi/arm-none-eabi/include/sys/features.h
[E 08:16:15 80719] Already archived /Users/jie/Documents/workspace/lcmhalgen/LCMHalTest_DBS/DATABASE_FreeRTOSUART_Hyperterminal_IT/src/Users/jie/Documents/arm-gnu-toolchain-14.3.rel1-darwin-arm64-arm-none-eabi/arm-none-eabi/include/_newlib_version.h
[E 08:16:15 80719] Already archived /Users/jie/Documents/workspace/lcmhalgen/LCMHalTest_DBS/DATABASE_FreeRTOSUART_Hyperterminal_IT/src/Users/jie/Documents/arm-gnu-toolchain-14.3.rel1-darwin-arm64-arm-none-eabi/arm-none-eabi/include/sys/_intsup.h
[E 08:16:15 80719] Already archived /Users/jie/Documents/workspace/lcmhalgen/LCMHalTest_DBS/DATABASE_FreeRTOSUART_Hyperterminal_IT/src/Users/jie/Documents/arm-gnu-toolchain-14.3.rel1-darwin-arm64-arm-none-eabi/arm-none-eabi/include/sys/_stdint.h
[E 08:16:15 80719] Already archived /Users/jie/Documents/workspace/lcmhalgen/LCMHalTest_DBS/DATABASE_FreeRTOSUART_Hyperterminal_IT/src/Users/jie/Documents/workspace/lcmhalgen/posixGen_Demos/UART_Hyperterminal_IT/Drivers/CMSIS/Include/cmsis_version.h
[E 08:16:15 80719] Already archived /Users/jie/Documents/workspace/lcmhalgen/LCMHalTest_DBS/DATABASE_FreeRTOSUART_Hyperterminal_IT/src/Users/jie/Documents/workspace/lcmhalgen/posixGen_Demos/UART_Hyperterminal_IT/Drivers/CMSIS/Include/cmsis_compiler.h
[E 08:16:15 80719] Already archived /Users/jie/Documents/workspace/lcmhalgen/LCMHalTest_DBS/DATABASE_FreeRTOSUART_Hyperterminal_IT/src/Users/jie/Documents/workspace/lcmhalgen/posixGen_Demos/UART_Hyperterminal_IT/Drivers/CMSIS/Include/cmsis_gcc.h
[E 08:16:15 80719] Already archived /Users/jie/Documents/workspace/lcmhalgen/LCMHalTest_DBS/DATABASE_FreeRTOSUART_Hyperterminal_IT/src/Users/jie/Documents/workspace/lcmhalgen/posixGen_Demos/UART_Hyperterminal_IT/Drivers/CMSIS/Include/mpu_armv7.h
[E 08:16:15 80719] Already archived /Users/jie/Documents/workspace/lcmhalgen/LCMHalTest_DBS/DATABASE_FreeRTOSUART_Hyperterminal_IT/src/Users/jie/Documents/workspace/lcmhalgen/posixGen_Demos/UART_Hyperterminal_IT/Drivers/CMSIS/Device/ST/STM32F4xx/Include/system_stm32f4xx.h
[E 08:16:15 80719] Already archived /Users/jie/Documents/workspace/lcmhalgen/LCMHalTest_DBS/DATABASE_FreeRTOSUART_Hyperterminal_IT/src/Users/jie/Documents/workspace/lcmhalgen/posixGen_Demos/UART_Hyperterminal_IT/Drivers/STM32F4xx_HAL_Driver/Inc/stm32f4xx_hal.h
[E 08:16:15 80719] Already archived /Users/jie/Documents/workspace/lcmhalgen/LCMHalTest_DBS/DATABASE_FreeRTOSUART_Hyperterminal_IT/src/Users/jie/Documents/workspace/lcmhalgen/posixGen_Demos/UART_Hyperterminal_IT/Drivers/STM32F4xx_HAL_Driver/Inc/Legacy/stm32_hal_legacy.h
[E 08:16:15 80719] Already archived /Users/jie/Documents/workspace/lcmhalgen/LCMHalTest_DBS/DATABASE_FreeRTOSUART_Hyperterminal_IT/src/Users/jie/Documents/arm-gnu-toolchain-14.3.rel1-darwin-arm64-arm-none-eabi/lib/gcc/arm-none-eabi/14.3.1/include/stddef.h
[E 08:16:15 80719] Already archived /Users/jie/Documents/workspace/lcmhalgen/LCMHalTest_DBS/DATABASE_FreeRTOSUART_Hyperterminal_IT/src/Users/jie/Documents/workspace/lcmhalgen/posixGen_Demos/UART_Hyperterminal_IT/Drivers/STM32F4xx_HAL_Driver/Inc/stm32f4xx_hal_rcc_ex.h
[E 08:16:15 80719] Already archived /Users/jie/Documents/workspace/lcmhalgen/LCMHalTest_DBS/DATABASE_FreeRTOSUART_Hyperterminal_IT/src/Users/jie/Documents/workspace/lcmhalgen/posixGen_Demos/UART_Hyperterminal_IT/Drivers/STM32F4xx_HAL_Driver/Inc/stm32f4xx_hal_gpio.h
[E 08:16:15 80719] Already archived /Users/jie/Documents/workspace/lcmhalgen/LCMHalTest_DBS/DATABASE_FreeRTOSUART_Hyperterminal_IT/src/Users/jie/Documents/workspace/lcmhalgen/posixGen_Demos/UART_Hyperterminal_IT/Drivers/STM32F4xx_HAL_Driver/Inc/stm32f4xx_hal_gpio_ex.h
[E 08:16:15 80719] Already archived /Users/jie/Documents/workspace/lcmhalgen/LCMHalTest_DBS/DATABASE_FreeRTOSUART_Hyperterminal_IT/src/Users/jie/Documents/workspace/lcmhalgen/posixGen_Demos/UART_Hyperterminal_IT/Drivers/STM32F4xx_HAL_Driver/Inc/stm32f4xx_hal_dma.h
[E 08:16:15 80719] Already archived /Users/jie/Documents/workspace/lcmhalgen/LCMHalTest_DBS/DATABASE_FreeRTOSUART_Hyperterminal_IT/src/Users/jie/Documents/workspace/lcmhalgen/posixGen_Demos/UART_Hyperterminal_IT/Drivers/STM32F4xx_HAL_Driver/Inc/stm32f4xx_hal_dma_ex.h
[E 08:16:15 80719] Already archived /Users/jie/Documents/workspace/lcmhalgen/LCMHalTest_DBS/DATABASE_FreeRTOSUART_Hyperterminal_IT/src/Users/jie/Documents/workspace/lcmhalgen/posixGen_Demos/UART_Hyperterminal_IT/Drivers/STM32F4xx_HAL_Driver/Inc/stm32f4xx_hal_cortex.h
[E 08:16:15 80719] Already archived /Users/jie/Documents/workspace/lcmhalgen/LCMHalTest_DBS/DATABASE_FreeRTOSUART_Hyperterminal_IT/src/Users/jie/Documents/workspace/lcmhalgen/posixGen_Demos/UART_Hyperterminal_IT/Drivers/STM32F4xx_HAL_Driver/Inc/stm32f4xx_hal_flash.h
[E 08:16:15 80719] Already archived /Users/jie/Documents/workspace/lcmhalgen/LCMHalTest_DBS/DATABASE_FreeRTOSUART_Hyperterminal_IT/src/Users/jie/Documents/workspace/lcmhalgen/posixGen_Demos/UART_Hyperterminal_IT/Drivers/STM32F4xx_HAL_Driver/Inc/stm32f4xx_hal_flash_ex.h
[E 08:16:15 80719] Already archived /Users/jie/Documents/workspace/lcmhalgen/LCMHalTest_DBS/DATABASE_FreeRTOSUART_Hyperterminal_IT/src/Users/jie/Documents/workspace/lcmhalgen/posixGen_Demos/UART_Hyperterminal_IT/Drivers/STM32F4xx_HAL_Driver/Inc/stm32f4xx_hal_flash_ramfunc.h
[E 08:16:15 80719] Already archived /Users/jie/Documents/workspace/lcmhalgen/LCMHalTest_DBS/DATABASE_FreeRTOSUART_Hyperterminal_IT/src/Users/jie/Documents/workspace/lcmhalgen/posixGen_Demos/UART_Hyperterminal_IT/Drivers/STM32F4xx_HAL_Driver/Inc/stm32f4xx_hal_sram.h
[E 08:16:15 80719] Already archived /Users/jie/Documents/workspace/lcmhalgen/LCMHalTest_DBS/DATABASE_FreeRTOSUART_Hyperterminal_IT/src/Users/jie/Documents/workspace/lcmhalgen/posixGen_Demos/UART_Hyperterminal_IT/Drivers/STM32F4xx_HAL_Driver/Inc/stm32f4xx_ll_fsmc.h
[E 08:16:15 80719] Already archived /Users/jie/Documents/workspace/lcmhalgen/LCMHalTest_DBS/DATABASE_FreeRTOSUART_Hyperterminal_IT/src/Users/jie/Documents/workspace/lcmhalgen/posixGen_Demos/UART_Hyperterminal_IT/Drivers/STM32F4xx_HAL_Driver/Inc/stm32f4xx_hal_i2c.h
[E 08:16:15 80719] Already archived /Users/jie/Documents/workspace/lcmhalgen/LCMHalTest_DBS/DATABASE_FreeRTOSUART_Hyperterminal_IT/src/Users/jie/Documents/workspace/lcmhalgen/posixGen_Demos/UART_Hyperterminal_IT/Drivers/STM32F4xx_HAL_Driver/Inc/stm32f4xx_hal_i2c_ex.h
[E 08:16:15 80719] Already archived /Users/jie/Documents/workspace/lcmhalgen/LCMHalTest_DBS/DATABASE_FreeRTOSUART_Hyperterminal_IT/src/Users/jie/Documents/workspace/lcmhalgen/posixGen_Demos/UART_Hyperterminal_IT/Drivers/STM32F4xx_HAL_Driver/Inc/stm32f4xx_hal_pwr.h
[E 08:16:15 80719] Already archived /Users/jie/Documents/workspace/lcmhalgen/LCMHalTest_DBS/DATABASE_FreeRTOSUART_Hyperterminal_IT/src/Users/jie/Documents/workspace/lcmhalgen/posixGen_Demos/UART_Hyperterminal_IT/Drivers/STM32F4xx_HAL_Driver/Inc/stm32f4xx_hal_pwr_ex.h
[E 08:16:15 80719] Already archived /Users/jie/Documents/workspace/lcmhalgen/LCMHalTest_DBS/DATABASE_FreeRTOSUART_Hyperterminal_IT/src/Users/jie/Documents/workspace/lcmhalgen/posixGen_Demos/UART_Hyperterminal_IT/Drivers/STM32F4xx_HAL_Driver/Inc/stm32f4xx_hal_uart.h
[E 08:16:15 80719] Creating trap tarball /Users/jie/Documents/workspace/lcmhalgen/LCMHalTest_DBS/DATABASE_FreeRTOSUART_Hyperterminal_IT/trap/cpp/tarballs/Users/jie/Documents/workspace/lcmhalgen/posixGen_Demos/UART_Hyperterminal_IT/Drivers/STM32F4xx_HAL_Driver/Src/stm32f4xx_hal_flash_ex.c.f8d43aaa_0.trap.tar.zst
[E 08:16:15 80719] Emitting trap files for ../../Drivers/STM32F4xx_HAL_Driver/Src/stm32f4xx_hal_flash_ex.c
[E 08:16:15 80719] Opening existencedb in /Users/jie/Documents/workspace/lcmhalgen/LCMHalTest_DBS/DATABASE_FreeRTOSUART_Hyperterminal_IT/working/existencedb/db
[E 08:16:15 80719] Wrote 1 files to /Users/jie/Documents/workspace/lcmhalgen/LCMHalTest_DBS/DATABASE_FreeRTOSUART_Hyperterminal_IT/trap/cpp/tarballs/Users/jie/Documents/workspace/lcmhalgen/posixGen_Demos/UART_Hyperterminal_IT/Drivers/STM32F4xx_HAL_Driver/Src/stm32f4xx_hal_flash_ex.c.f8d43aaa_0.trap.tar.zst
[E 08:16:15 80719] Finished compilation TRAP /Users/jie/Documents/workspace/lcmhalgen/LCMHalTest_DBS/DATABASE_FreeRTOSUART_Hyperterminal_IT/trap/cpp/compilations/48/38502005_0.trap.zst
[E 08:16:15 80719] Marking C compilation as happened.
[E 08:16:15 80719] Setting tag c-compilation-happened
[E 08:16:15 80719] Starting from CODEQL_TRACER_DB_ID 0000000000013B4D_0000000000000001
[E 08:16:15 80719] Locking DB /Users/jie/Documents/workspace/lcmhalgen/LCMHalTest_DBS/DATABASE_FreeRTOSUART_Hyperterminal_IT/working/tags.db
[E 08:16:15 80719] Locked DB /Users/jie/Documents/workspace/lcmhalgen/LCMHalTest_DBS/DATABASE_FreeRTOSUART_Hyperterminal_IT/working/tags.db
[E 08:16:15 80719] Set tag for 0000000000013B4D_0000000000000001
[E 08:16:15 80719] Set tag for 0000000000013B4A_0000000000000003
[E 08:16:15 80719] Set tag for 0000000000013B4A_0000000000000002
[E 08:16:15 80719] Set tag for 0000000000013B4A_0000000000000001
[E 08:16:15 80719] Set tag for 0000000000013827_0000000000000002
[E 08:16:15 80719] Set tag for 0000000000013827_0000000000000001
[E 08:16:15 80719] Set tag for 00000000000137DE_0000000000000003
[E 08:16:15 80719] Set tag for 00000000000137DE_0000000000000002
[E 08:16:15 80719] Set tag for root
[E 08:16:15 80719] Unlocking DB
[E 08:16:15 80719] Unlocked DB
[E 08:16:15 80719] Extractor exited successfully
[T 08:16:15 80717] Extractor /opt/homebrew/Caskroom/codeql/2.23.0/codeql/cpp/tools/osx64/extractor terminated with exit code 0.
[T 08:16:15 80742] Initializing tracer.
[T 08:16:15 80742] Initializing tags.
[T 08:16:15 80742] ID set to 0000000000013B66_0000000000000001 (parent 0000000000013B4A_0000000000000003)
[T 08:16:15 80742] ==== Candidate to intercept: /Users/jie/Documents/arm-gnu-toolchain-14.3.rel1-darwin-arm64-arm-none-eabi/bin/../lib/gcc/arm-none-eabi/14.3.1/../../../../arm-none-eabi/bin/as (canonical: /Users/jie/Documents/arm-gnu-toolchain-14.3.rel1-darwin-arm64-arm-none-eabi/arm-none-eabi/bin/as) ====
[T 08:16:15 80742] Lua: === Intercepted call to /users/jie/documents/arm-gnu-toolchain-14.3.rel1-darwin-arm64-arm-none-eabi/arm-none-eabi/bin/as ===
[T 08:16:15 80742] Executing the following tracer actions:
[T 08:16:15 80742] Tracer actions:
[T 08:16:15 80742] pre_invocations(0)
[T 08:16:15 80742] post_invocations(1)
[T 08:16:15 80742] invocation: /opt/homebrew/Caskroom/codeql/2.23.0/codeql/cpp/tools/osx64/extractor, args: [--assembler, --codeql-assembler-executable, /users/jie/documents/arm-gnu-toolchain-14.3.rel1-darwin-arm64-arm-none-eabi/arm-none-eabi/bin/as, -I, ../../Inc, -I, ../../Drivers/CMSIS/Device/ST/STM32F4xx/Include, -I, ../../Drivers/STM32F4xx_HAL_Driver/Inc, -I, ../../Drivers/BSP/STM324xG_EVAL, -I, ../../Drivers/CMSIS/Include, -march=armv7e-m+fp, -mfloat-abi=hard, -mfpu=fpv4-sp-d16, -meabi=5, -o, Drivers/STM32F4xx_HAL_Driver/stm32f4xx_hal_flash_ex.o, /var/folders/b3/0hb7dhg16rd56bpwtd8bcnyc0000gn/T//ccx5sEjH.s]
[T 08:16:15 80742] trace_languages(1): [cpp]
[T 08:16:15 80744] Attempting to switch stdout/stderr to 4...
[T 08:16:15 80744] Initializing tracer.
[T 08:16:15 80744] Initializing tags.
[T 08:16:15 80744] ID set to 0000000000013B68_0000000000000001 (parent 0000000000013B66_0000000000000001)
[E 08:16:15 80744] CodeQL C/C++ Extractor 2.23.0
[E 08:16:15 80744] Current directory: /Users/jie/Documents/workspace/lcmhalgen/posixGen_Demos/UART_Hyperterminal_IT/STM32CubeIDE/Release
[E 08:16:15 80744] Command: /opt/homebrew/Caskroom/codeql/2.23.0/codeql/cpp/tools/osx64/extractor --assembler --codeql-assembler-executable /users/jie/documents/arm-gnu-toolchain-14.3.rel1-darwin-arm64-arm-none-eabi/arm-none-eabi/bin/as -I ../../Inc -I ../../Drivers/CMSIS/Device/ST/STM32F4xx/Include -I ../../Drivers/STM32F4xx_HAL_Driver/Inc -I ../../Drivers/BSP/STM324xG_EVAL -I ../../Drivers/CMSIS/Include '-march=armv7e-m+fp' -mfloat-abi=hard -mfpu=fpv4-sp-d16 -meabi=5 -o Drivers/STM32F4xx_HAL_Driver/stm32f4xx_hal_flash_ex.o /var/folders/b3/0hb7dhg16rd56bpwtd8bcnyc0000gn/T//ccx5sEjH.s
[E 08:16:15 80744] Extractor exited after mimicking assembler
[T 08:16:15 80742] Extractor /opt/homebrew/Caskroom/codeql/2.23.0/codeql/cpp/tools/osx64/extractor terminated with exit code 0.
[T 08:16:15 80746] Attempting to switch stdout/stderr to 4...
[T 08:16:15 80746] Initializing tracer.
[T 08:16:15 80746] Initializing tags.
[T 08:16:15 80746] ID set to 0000000000013B6A_0000000000000001 (parent 0000000000013B4A_0000000000000003)
[E 08:16:15 80746] CodeQL C/C++ Extractor 2.23.0
[E 08:16:15 80746] Current directory: /Users/jie/Documents/workspace/lcmhalgen/posixGen_Demos/UART_Hyperterminal_IT/STM32CubeIDE/Release
[E 08:16:15 80746] Command: /opt/homebrew/Caskroom/codeql/2.23.0/codeql/cpp/tools/osx64/extractor --mimic /users/jie/documents/arm-gnu-toolchain-14.3.rel1-darwin-arm64-arm-none-eabi/bin/arm-none-eabi-gcc ../../Drivers/STM32F4xx_HAL_Driver/Src/stm32f4xx_hal_flash_ex.c -mcpu=cortex-m4 -std=gnu11 -DUSE_STM324xG_EVAL -DSTM32F407xx -DUSE_HAL_DRIVER -c -I../../Inc -I../../Drivers/CMSIS/Device/ST/STM32F4xx/Include -I../../Drivers/STM32F4xx_HAL_Driver/Inc -I../../Drivers/BSP/STM324xG_EVAL -I../../Drivers/CMSIS/Include -Os -ffunction-sections -fdata-sections -Wall -fstack-usage -MMD -MP -MFDrivers/STM32F4xx_HAL_Driver/stm32f4xx_hal_flash_ex.d -MTDrivers/STM32F4xx_HAL_Driver/stm32f4xx_hal_flash_ex.o --specs=nano.specs -mfpu=fpv4-sp-d16 -mfloat-abi=hard -mthumb -o Drivers/STM32F4xx_HAL_Driver/stm32f4xx_hal_flash_ex.o
[E 08:16:15 80746] Warning: Unrecognized command line argument --specs=nano.specs
[E 08:16:15 80746] Checking whether C compilation already happened.
[E 08:16:15 80746] Checking for tag c-compilation-happened
[E 08:16:15 80746] Checking CODEQL_TRACER_DB_ID 0000000000013B4A_0000000000000003
[E 08:16:15 80746] Locking DB /Users/jie/Documents/workspace/lcmhalgen/LCMHalTest_DBS/DATABASE_FreeRTOSUART_Hyperterminal_IT/working/tags.db
[E 08:16:15 80746] Locked DB /Users/jie/Documents/workspace/lcmhalgen/LCMHalTest_DBS/DATABASE_FreeRTOSUART_Hyperterminal_IT/working/tags.db
[E 08:16:15 80746] Unlocking DB
[E 08:16:15 80746] Unlocked DB
[E 08:16:15 80746] Exiting as C compilation already happened.
[T 08:16:15 80714] Extractor /opt/homebrew/Caskroom/codeql/2.23.0/codeql/cpp/tools/osx64/extractor terminated with exit code 0.
[T 08:16:15 80748] Initializing tracer.
[T 08:16:15 80748] Initializing tags.
[T 08:16:15 80748] ID set to 0000000000013B6C_0000000000000001 (parent 0000000000013827_0000000000000002)
[T 08:16:15 80748] ==== Candidate to intercept: /bin/sh (canonical: /bin/sh) ====
[T 08:16:15 80748] Executing the following tracer actions:
[T 08:16:15 80748] Tracer actions:
[T 08:16:15 80748] pre_invocations(0)
[T 08:16:15 80748] post_invocations(0)
[T 08:16:15 80748] trace_languages(1): [cpp]
[T 08:16:15 80748] Initializing tracer.
[T 08:16:15 80748] Initializing tags.
[T 08:16:15 80748] ID set to 0000000000013B6C_0000000000000002 (parent 0000000000013B6C_0000000000000001)
[T 08:16:15 80748] ==== Candidate to intercept: /bin/bash (canonical: /bin/bash) ====
[T 08:16:15 80748] Executing the following tracer actions:
[T 08:16:15 80748] Tracer actions:
[T 08:16:15 80748] pre_invocations(0)
[T 08:16:15 80748] post_invocations(0)
[T 08:16:15 80748] trace_languages(1): [cpp]
[T 08:16:15 80748] Initializing tracer.
[T 08:16:15 80748] Initializing tags.
[T 08:16:15 80748] ID set to 0000000000013B6C_0000000000000003 (parent 0000000000013B6C_0000000000000002)
[T 08:16:15 80748] ==== Candidate to intercept: /Users/jie/Documents/arm-gnu-toolchain-14.3.rel1-darwin-arm64-arm-none-eabi/bin/arm-none-eabi-gcc (canonical: /Users/jie/Documents/arm-gnu-toolchain-14.3.rel1-darwin-arm64-arm-none-eabi/bin/arm-none-eabi-gcc) ====
[T 08:16:15 80748] Lua: === Intercepted call to /users/jie/documents/arm-gnu-toolchain-14.3.rel1-darwin-arm64-arm-none-eabi/bin/arm-none-eabi-gcc ===
[T 08:16:15 80748] Executing the following tracer actions:
[T 08:16:15 80748] Tracer actions:
[T 08:16:15 80748] pre_invocations(0)
[T 08:16:15 80748] post_invocations(1)
[T 08:16:15 80748] invocation: /opt/homebrew/Caskroom/codeql/2.23.0/codeql/cpp/tools/osx64/extractor, args: [--mimic, /users/jie/documents/arm-gnu-toolchain-14.3.rel1-darwin-arm64-arm-none-eabi/bin/arm-none-eabi-gcc, ../../Drivers/STM32F4xx_HAL_Driver/Src/stm32f4xx_hal_gpio.c, -mcpu=cortex-m4, -std=gnu11, -DUSE_STM324xG_EVAL, -DSTM32F407xx, -DUSE_HAL_DRIVER, -c, -I../../Inc, -I../../Drivers/CMSIS/Device/ST/STM32F4xx/Include, -I../../Drivers/STM32F4xx_HAL_Driver/Inc, -I../../Drivers/BSP/STM324xG_EVAL, -I../../Drivers/CMSIS/Include, -Os, -ffunction-sections, -fdata-sections, -Wall, -fstack-usage, -MMD, -MP, -MFDrivers/STM32F4xx_HAL_Driver/stm32f4xx_hal_gpio.d, -MTDrivers/STM32F4xx_HAL_Driver/stm32f4xx_hal_gpio.o, --specs=nano.specs, -mfpu=fpv4-sp-d16, -mfloat-abi=hard, -mthumb, -o, Drivers/STM32F4xx_HAL_Driver/stm32f4xx_hal_gpio.o]
[T 08:16:15 80748] trace_languages(1): [cpp]
[T 08:16:15 80750] Initializing tracer.
[T 08:16:15 80750] Initializing tags.
[T 08:16:15 80750] ID set to 0000000000013B6E_0000000000000001 (parent 0000000000013B6C_0000000000000003)
[T 08:16:15 80750] ==== Candidate to intercept: /Users/jie/Documents/arm-gnu-toolchain-14.3.rel1-darwin-arm64-arm-none-eabi/bin/../libexec/gcc/arm-none-eabi/14.3.1/cc1 (canonical: /Users/jie/Documents/arm-gnu-toolchain-14.3.rel1-darwin-arm64-arm-none-eabi/libexec/gcc/arm-none-eabi/14.3.1/cc1) ====
[T 08:16:15 80750] Lua: === Intercepted call to /users/jie/documents/arm-gnu-toolchain-14.3.rel1-darwin-arm64-arm-none-eabi/libexec/gcc/arm-none-eabi/14.3.1/cc1 ===
[T 08:16:15 80750] Executing the following tracer actions:
[T 08:16:15 80750] Tracer actions:
[T 08:16:15 80750] pre_invocations(0)
[T 08:16:15 80750] post_invocations(1)
[T 08:16:15 80750] invocation: /opt/homebrew/Caskroom/codeql/2.23.0/codeql/cpp/tools/osx64/extractor, args: [--mimic, /users/jie/documents/arm-gnu-toolchain-14.3.rel1-darwin-arm64-arm-none-eabi/libexec/gcc/arm-none-eabi/14.3.1/cc1, -isystem, =/include/newlib-nano, -quiet, -I, ../../Inc, -I, ../../Drivers/CMSIS/Device/ST/STM32F4xx/Include, -I, ../../Drivers/STM32F4xx_HAL_Driver/Inc, -I, ../../Drivers/BSP/STM324xG_EVAL, -I, ../../Drivers/CMSIS/Include, -imultilib, thumb/v7e-m+fp/hard, -iprefix, /Users/jie/Documents/arm-gnu-toolchain-14.3.rel1-darwin-arm64-arm-none-eabi/bin/../lib/gcc/arm-none-eabi/14.3.1/, -isysroot, /Users/jie/Documents/arm-gnu-toolchain-14.3.rel1-darwin-arm64-arm-none-eabi/bin/../arm-none-eabi, -MMD, Drivers/STM32F4xx_HAL_Driver/stm32f4xx_hal_gpio.d, -MF, Drivers/STM32F4xx_HAL_Driver/stm32f4xx_hal_gpio.d, -MP, -MT, Drivers/STM32F4xx_HAL_Driver/stm32f4xx_hal_gpio.o, -D__USES_INITFINI__, -D, USE_STM324xG_EVAL, -D, STM32F407xx, -D, USE_HAL_DRIVER, ../../Drivers/STM32F4xx_HAL_Driver/Src/stm32f4xx_hal_gpio.c, -quiet, -dumpdir, Drivers/STM32F4xx_HAL_Driver/, -dumpbase, stm32f4xx_hal_gpio.c, -dumpbase-ext, .c, -mcpu=cortex-m4, -mfpu=fpv4-sp-d16, -mfloat-abi=hard, -mthumb, -mlibarch=armv7e-m+fp, -march=armv7e-m+fp, -Os, -Wall, -std=gnu11, -ffunction-sections, -fdata-sections, -fstack-usage, -o, /var/folders/b3/0hb7dhg16rd56bpwtd8bcnyc0000gn/T//ccBrOdTe.s]
[T 08:16:15 80750] trace_languages(1): [cpp]
[T 08:16:15 80752] Attempting to switch stdout/stderr to 4...
[T 08:16:15 80752] Initializing tracer.
[T 08:16:15 80752] Initializing tags.
[T 08:16:15 80752] ID set to 0000000000013B70_0000000000000001 (parent 0000000000013B6E_0000000000000001)
[E 08:16:15 80752] CodeQL C/C++ Extractor 2.23.0
[E 08:16:15 80752] Current directory: /Users/jie/Documents/workspace/lcmhalgen/posixGen_Demos/UART_Hyperterminal_IT/STM32CubeIDE/Release
[E 08:16:15 80752] Command: /opt/homebrew/Caskroom/codeql/2.23.0/codeql/cpp/tools/osx64/extractor --mimic /users/jie/documents/arm-gnu-toolchain-14.3.rel1-darwin-arm64-arm-none-eabi/libexec/gcc/arm-none-eabi/14.3.1/cc1 -isystem '=/include/newlib-nano' -quiet -I ../../Inc -I ../../Drivers/CMSIS/Device/ST/STM32F4xx/Include -I ../../Drivers/STM32F4xx_HAL_Driver/Inc -I ../../Drivers/BSP/STM324xG_EVAL -I ../../Drivers/CMSIS/Include -imultilib 'thumb/v7e-m+fp/hard' -iprefix /Users/jie/Documents/arm-gnu-toolchain-14.3.rel1-darwin-arm64-arm-none-eabi/bin/../lib/gcc/arm-none-eabi/14.3.1/ -isysroot /Users/jie/Documents/arm-gnu-toolchain-14.3.rel1-darwin-arm64-arm-none-eabi/bin/../arm-none-eabi -MMD Drivers/STM32F4xx_HAL_Driver/stm32f4xx_hal_gpio.d -MF Drivers/STM32F4xx_HAL_Driver/stm32f4xx_hal_gpio.d -MP -MT Drivers/STM32F4xx_HAL_Driver/stm32f4xx_hal_gpio.o -D__USES_INITFINI__ -D USE_STM324xG_EVAL -D STM32F407xx -D USE_HAL_DRIVER ../../Drivers/STM32F4xx_HAL_Driver/Src/stm32f4xx_hal_gpio.c -quiet -dumpdir Drivers/STM32F4xx_HAL_Driver/ -dumpbase stm32f4xx_hal_gpio.c -dumpbase-ext .c -mcpu=cortex-m4 -mfpu=fpv4-sp-d16 -mfloat-abi=hard -mthumb '-mlibarch=armv7e-m+fp' '-march=armv7e-m+fp' -Os -Wall -std=gnu11 -ffunction-sections -fdata-sections -fstack-usage -o /var/folders/b3/0hb7dhg16rd56bpwtd8bcnyc0000gn/T//ccBrOdTe.s
[E 08:16:15 80752] Checking whether C compilation already happened.
[E 08:16:15 80752] Checking for tag c-compilation-happened
[E 08:16:15 80752] Checking CODEQL_TRACER_DB_ID 0000000000013B6E_0000000000000001
[E 08:16:15 80752] Locking DB /Users/jie/Documents/workspace/lcmhalgen/LCMHalTest_DBS/DATABASE_FreeRTOSUART_Hyperterminal_IT/working/tags.db
[E 08:16:15 80752] Locked DB /Users/jie/Documents/workspace/lcmhalgen/LCMHalTest_DBS/DATABASE_FreeRTOSUART_Hyperterminal_IT/working/tags.db
[E 08:16:15 80752] Unlocking DB
[E 08:16:15 80752] Unlocked DB
[E 08:16:15 80752] Looks like C compilation didn't already happen.
[E 08:16:15 80752] Checking whether C compilation has been attempted.
[E 08:16:15 80752] Checking for tag c-compilation-attempted
[E 08:16:15 80752] Checking CODEQL_TRACER_DB_ID 0000000000013B6E_0000000000000001
[E 08:16:15 80752] Locking DB /Users/jie/Documents/workspace/lcmhalgen/LCMHalTest_DBS/DATABASE_FreeRTOSUART_Hyperterminal_IT/working/tags.db
[E 08:16:15 80752] Locked DB /Users/jie/Documents/workspace/lcmhalgen/LCMHalTest_DBS/DATABASE_FreeRTOSUART_Hyperterminal_IT/working/tags.db
[E 08:16:15 80752] Unlocking DB
[E 08:16:15 80752] Unlocked DB
[E 08:16:15 80752] Marking C compilation as attempted.
[E 08:16:15 80752] Setting tag c-compilation-attempted
[E 08:16:15 80752] Starting from CODEQL_TRACER_DB_ID 0000000000013B6E_0000000000000001
[E 08:16:15 80752] Locking DB /Users/jie/Documents/workspace/lcmhalgen/LCMHalTest_DBS/DATABASE_FreeRTOSUART_Hyperterminal_IT/working/tags.db
[E 08:16:15 80752] Locked DB /Users/jie/Documents/workspace/lcmhalgen/LCMHalTest_DBS/DATABASE_FreeRTOSUART_Hyperterminal_IT/working/tags.db
[E 08:16:15 80752] Set tag for 0000000000013B6E_0000000000000001
[E 08:16:15 80752] Set tag for 0000000000013B6C_0000000000000003
[E 08:16:15 80752] Set tag for 0000000000013B6C_0000000000000002
[E 08:16:15 80752] Set tag for 0000000000013B6C_0000000000000001
[E 08:16:15 80752] Set tag for 0000000000013827_0000000000000002
[E 08:16:15 80752] Set tag for 0000000000013827_0000000000000001
[E 08:16:15 80752] Set tag for 00000000000137DE_0000000000000003
[E 08:16:15 80752] Set tag for 00000000000137DE_0000000000000002
[E 08:16:15 80752] Set tag for root
[E 08:16:15 80752] Unlocking DB
[E 08:16:15 80752] Unlocked DB
[E 08:16:15 80752] Processed command line: /opt/homebrew/Caskroom/codeql/2.23.0/codeql/cpp/tools/osx64/extractor --trapfolder /Users/jie/Documents/workspace/lcmhalgen/LCMHalTest_DBS/DATABASE_FreeRTOSUART_Hyperterminal_IT/trap/cpp --src_archive /Users/jie/Documents/workspace/lcmhalgen/LCMHalTest_DBS/DATABASE_FreeRTOSUART_Hyperterminal_IT/src --object_filename /var/folders/b3/0hb7dhg16rd56bpwtd8bcnyc0000gn/T//ccBrOdTe.s --no_warnings_and_discretionary_errors --error_limit 1000 --disable_system_macros --variadic_macros --incognito --c11 --gcc --gnu_version 140301 --target linux_i686 '-D__DBL_MIN_EXP__=(-1021)' -D__HQ_FBIT__=15 -D__UINT_LEAST16_MAX__=0xffff -D__ARM_SIZEOF_WCHAR_T=4 -D__WCHAR_MAX__=0xffffffffU -D__SFRACT_IBIT__=0 -D__ULFRACT_MIN__=0.0ULR -D__FLT_MIN__=1.1754943508222875e-38F -D__GCC_IEC_559_COMPLEX=0 -D__SIZEOF_LONG__=4 -D__UFRACT_MAX__=0XFFFFP-16UR '-D__UINT_LEAST8_TYPE__=unsigned char' -D__FLT_MAX_EXP__=128 -D__DQ_FBIT__=63 '-D__INTMAX_C(c)=c ## LL' -D__ARM_FEATURE_SAT=1 -D__ULFRACT_FBIT__=32 -D__CHAR_BIT__=8 -D__USQ_IBIT__=0 -D__UINT8_MAX__=0xff -D__ACCUM_FBIT__=15 -D__WINT_MAX__=0xffffffffU '-D__FLT32_MIN_EXP__=(-125)' -D__LONG_WIDTH__=32 -D__USFRACT_FBIT__=8 -D__ORDER_LITTLE_ENDIAN__=1234 -D__SIZE_MAX__=0xffffffffU -D__LACCUM_IBIT__=32 -D__GCC_HAVE_SYNC_COMPARE_AND_SWAP_1=1 -D__GCC_HAVE_SYNC_COMPARE_AND_SWAP_2=1 -D__GCC_HAVE_SYNC_COMPARE_AND_SWAP_4=1 '-D__DBL_DENORM_MIN__=((double)4.9406564584124654e-324L)' -D__GCC_ATOMIC_CHAR_LOCK_FREE=2 -D__GCC_IEC_559=0 -D__FLT32X_DECIMAL_DIG__=17 -D__FLT_EVAL_METHOD__=0 -D__TQ_IBIT__=0 -D__LLACCUM_MAX__=0X7FFFFFFFFFFFFFFFP-31LLK -D__FLT32_HAS_INFINITY__=1 -D__FLT64_DECIMAL_DIG__=17 -D__GCC_ATOMIC_CHAR32_T_LOCK_FREE=2 -D__INTPTR_WIDTH__=32 -D__SIG_ATOMIC_TYPE__=int '-D__DBL_MIN_10_EXP__=(-307)' -D__LFRACT_IBIT__=0 -D__FLT32_HAS_DENORM__=1 -D__USA_FBIT__=16 -D__UINT_FAST8_MAX__=0xffffffffU -D__FLT_HAS_QUIET_NAN__=1 '-D__INT8_C(c)=c' -D__INT_LEAST8_WIDTH__=8 -D__UINT_LEAST64_MAX__=0xffffffffffffffffULL -D__SA_FBIT__=15 -D__APCS_32__=1 -D__SHRT_MAX__=0x7fff '-D__LDBL_MAX__=1.7976931348623157e+308L' -D__FRACT_MAX__=0X7FFFP-15R -D__thumb2__=1 -D__LDBL_IS_IEC_60559__=1 -D__UFRACT_FBIT__=16 -D__ARM_FP=4 -D__UFRACT_MIN__=0.0UR -D__UINT_LEAST8_MAX__=0xff -D__GCC_ATOMIC_BOOL_LOCK_FREE=2 '-D__UINTMAX_TYPE__=long long unsigned int' -D__LLFRACT_EPSILON__=0x1P-63LLR -D__FLT_EVAL_METHOD_TS_18661_3__=0 -D__UINT32_MAX__=0xffffffffUL -D__ULFRACT_MAX__=0XFFFFFFFFP-32ULR -D__TA_IBIT__=64 -D__LDBL_MAX_EXP__=1024 -D__WINT_MIN__=0U -D__ARM_ASM_SYNTAX_UNIFIED__=1 -D__FLT32X_IS_IEC_60559__=1 -D__INT_LEAST16_WIDTH__=16 -D__ULLFRACT_MIN__=0.0ULLR -D__SCHAR_MAX__=0x7f -D__WCHAR_MIN__=0U '-D__INT64_C(c)=c ## LL' '-D__UINT16_C(c)=c' -D__GCC_ATOMIC_POINTER_LOCK_FREE=2 -D__ATOMIC_SEQ_CST=5 -D__FLT32X_MAX_EXP__=1024 -D__SIZEOF_INT__=4 -D__FLT32X_MANT_DIG__=53 -D__USACCUM_IBIT__=8 '-D__INT16_TYPE__=short int' -D__FLT_DIG__=6 '-D__LFRACT_MIN__=(-0.5LR-0.5LR)' -D__HA_IBIT__=8 -D__FLT_EPSILON__=1.1920928955078125e-7F -D__SHRT_WIDTH__=16 -D__FLT32_IS_IEC_60559__=1 -D__USFRACT_IBIT__=0 -D__LDBL_MIN__=2.2250738585072014e-308L -D__STDC_UTF_16__=1 '-D__FRACT_MIN__=(-0.5R-0.5R)' -D__DA_IBIT__=32 -D__ARM_SIZEOF_MINIMAL_ENUM=1 -D__FLT32X_HAS_INFINITY__=1 -D__UQQ_FBIT__=8 -D__UACCUM_MAX__=0XFFFFFFFFP-16UK -D__DECIMAL_DIG__=17 -D__LFRACT_EPSILON__=0x1P-31LR -D__FLT64_EPSILON__=2.2204460492503131e-16F64 -D__INT16_MAX__=0x7fff -D__ARM_PCS_VFP=1 -D__LDBL_HAS_QUIET_NAN__=1 -D__ULACCUM_IBIT__=32 -D__ARM_FEATURE_FMA=1 -D__FLT64_MANT_DIG__=53 -D__INT_LEAST16_MAX__=0x7fff -D__UACCUM_EPSILON__=0x1P-16UK -D__ULLACCUM_MAX__=0XFFFFFFFFFFFFFFFFP-32ULLK -D__HQ_IBIT__=0 -D__FLT_HAS_DENORM__=1 -D__SIZEOF_LONG_DOUBLE__=8 -D__SA_IBIT__=16 -D__BIGGEST_ALIGNMENT__=8 -D__ARM_FEATURE_IDIV=1 -D__INTPTR_TYPE__=int '-D__SIZE_TYPE__=unsigned int' -D__FLT64_MAX_10_EXP__=308 -D__DBL_DIG__=15 -D__ULLACCUM_FBIT__=32 -D__DBL_IS_IEC_60559__=1 -D__DQ_IBIT__=0 '-D__DBL_MAX__=((double)1.7976931348623157e+308L)' -D__ULFRACT_IBIT__=0 -D__INT_FAST32_MAX__=0x7fffffff -D__DBL_HAS_INFINITY__=1 -D__HAVE_SPECULATION_SAFE_VALUE=1 -D__ACCUM_IBIT__=16 -D__THUMB_INTERWORK__=1 -D__UINT_LEAST32_MAX__=0xffffffffUL -D__LACCUM_MAX__=0X7FFFFFFFFFFFFFFFP-31LK -D__FLT32X_HAS_DENORM__=1 -D__INT_FAST16_TYPE__=int -D__LDBL_HAS_DENORM__=1 -D__ARM_FEATURE_LDREX=7 -D__FLT32_DECIMAL_DIG__=9 -D__INT_LEAST32_MAX__=0x7fffffffL -D__ACCUM_MAX__=0X7FFFFFFFP-15K -D__DBL_MAX_EXP__=1024 -D__USACCUM_EPSILON__=0x1P-8UHK -D__WCHAR_WIDTH__=32 '-D__FLT32_MAX__=3.4028234663852886e+38F32' -D__SFRACT_MAX__=0X7FP-7HR -D__FRACT_IBIT__=0 -D__PTRDIFF_MAX__=0x7fffffff -D__UACCUM_MIN__=0.0UK -D__UACCUM_IBIT__=16 '-D__LLACCUM_MIN__=(-0X1P31LLK-0X1P31LLK)' -D__FLT32_HAS_QUIET_NAN__=1 -D__LONG_LONG_MAX__=0x7fffffffffffffffLL -D__ULACCUM_MAX__=0XFFFFFFFFFFFFFFFFP-32ULK -D__SIZEOF_WINT_T__=4 -D__ARM_FEATURE_UNALIGNED=1 -D__LONG_LONG_WIDTH__=64 -D__FLT32_MAX_EXP__=128 -D__ULLACCUM_MIN__=0.0ULLK -D__GXX_ABI_VERSION=1019 -D__UTA_FBIT__=64 -D__UFRACT_IBIT__=0 -D__FLT64_IS_IEC_60559__=1 -D__USQ_FBIT__=32 -D__ARM_FEATURE_QBIT=1 '-D__INT_FAST64_TYPE__=long long int' -D__FP_FAST_FMAF=1 -D__FLT64_DENORM_MIN__=4.9406564584124654e-324F64 '-D__DBL_MIN__=((double)2.2250738585072014e-308L)' -D__SIZEOF_POINTER__=4 -D__DBL_HAS_QUIET_NAN__=1 -D__FLT32X_EPSILON__=2.2204460492503131e-16F32x '-D__FLT64_MIN_EXP__=(-1021)' '-D__LACCUM_MIN__=(-0X1P31LK-0X1P31LK)' -D__FRACT_FBIT__=15 '-D__FLT64_MIN_10_EXP__=(-307)' -D__ULLFRACT_EPSILON__=0x1P-64ULLR -D__REGISTER_PREFIX__= -D__UINT16_MAX__=0xffff -D__DBL_HAS_DENORM__=1 '-D__ACCUM_MIN__=(-0X1P15K-0X1P15K)' -D__SQ_IBIT__=0 '-D__UINT8_TYPE__=unsigned char' -D__UHA_FBIT__=8 '-D__SFRACT_MIN__=(-0.5HR-0.5HR)' -D__UTQ_FBIT__=128 -D__DEC_EVAL_METHOD__=2 -D__FLT_MANT_DIG__=24 -D__LDBL_DECIMAL_DIG__=17 '-D__UINT64_C(c)=c ## ULL' -D__FRACT_EPSILON__=0x1P-15R -D__ULACCUM_MIN__=0.0ULK -D__UDA_FBIT__=32 -D__GCC_ATOMIC_INT_LOCK_FREE=2 '-D__FLT_MIN_EXP__=(-125)' -D__FLOAT_WORD_ORDER__=__ORDER_LITTLE_ENDIAN__ -D__USFRACT_MIN__=0.0UHR -D__FLT32_MANT_DIG__=24 -D__ULLFRACT_FBIT__=64 -D__UQQ_IBIT__=0 -D__SCHAR_WIDTH__=8 '-D__INT32_C(c)=c ## L' -D__ORDER_PDP_ENDIAN__=3412 -D__UHQ_FBIT__=16 -D__LLACCUM_FBIT__=31 -D__INT_FAST32_TYPE__=int '-D__UINT_LEAST16_TYPE__=short unsigned int' -D__UINT64_MAX__=0xffffffffffffffffULL -D__FLT_IS_IEC_60559__=1 -D__UDQ_FBIT__=64 -D__UINT_FAST64_MAX__=0xffffffffffffffffULL '-D__GNUC_WIDE_EXECUTION_CHARSET_NAME="UTF-32LE"' '-D__INT8_TYPE__=signed char' -D__thumb__=1 -D__ELF__=1 -D__SACCUM_EPSILON__=0x1P-7HK -D__ULFRACT_EPSILON__=0x1P-32ULR -D__LLFRACT_FBIT__=63 -D__FLT_RADIX__=2 '-D__INT_LEAST16_TYPE__=short int' -D__ARM_ARCH_PROFILE=77 -D__LDBL_EPSILON__=2.2204460492503131e-16L '-D__UINTMAX_C(c)=c ## ULL' -D__SACCUM_MAX__=0X7FFFP-7HK -D__FLT32X_MIN__=2.2250738585072014e-308F32x -D__SIG_ATOMIC_MAX__=0x7fffffff -D__UACCUM_FBIT__=16 -D__GCC_ATOMIC_WCHAR_T_LOCK_FREE=2 -D__USER_LABEL_PREFIX__= -D__VFP_FP__=1 -D__SIZEOF_PTRDIFF_T__=4 -D__ATOMIC_ACQUIRE=2 -D__INT_WIDTH__=32 -D__OPTIMIZE__=1 -D__LACCUM_EPSILON__=0x1P-31LK -D__LDBL_DIG__=15 '-D__FLT32X_MIN_EXP__=(-1021)' -D__INT_FAST16_MAX__=0x7fffffff -D__GCC_CONSTRUCTIVE_SIZE=64 -D__FLT64_DIG__=15 -D__UINT_FAST32_MAX__=0xffffffffU '-D__UINT_LEAST64_TYPE__=long long unsigned int' -D__SFRACT_EPSILON__=0x1P-7HR -D__GCC_ASM_FLAG_OUTPUTS__=1 -D__FLT_MAX_10_EXP__=38 -D__LONG_MAX__=0x7fffffffL -D__FINITE_MATH_ONLY__=0 -D__SIZEOF_SIZE_T__=4 -D__FLT_HAS_INFINITY__=1 '-D__GNUC_EXECUTION_CHARSET_NAME="UTF-8"' -D__CHAR_UNSIGNED__=1 '-D__UINT_FAST16_TYPE__=unsigned int' -D__ARM_32BIT_STATE=1 -D__INT_FAST32_WIDTH__=32 -D__PRAGMA_REDEFINE_EXTNAME=1 -D__ARMEL__=1 -D__SIZE_WIDTH__=32 -D__INT64_MAX__=0x7fffffffffffffffLL -D__SACCUM_FBIT__=7 -D__FLT32_DENORM_MIN__=1.4012984643248171e-45F32 -D__SIG_ATOMIC_WIDTH__=32 '-D__INT_LEAST64_TYPE__=long long int' -D__ARM_FEATURE_CLZ=1 '-D__INT_LEAST8_TYPE__=signed char' -D__SQ_FBIT__=31 -D__USFRACT_MAX__=0XFFP-8UHR -D__ARM_ARCH_ISA_THUMB=2 -D__INT_FAST8_MAX__=0x7fffffff -D__ARM_ARCH=7 -D__INTPTR_MAX__=0x7fffffff -D__QQ_FBIT__=7 -D__UTA_IBIT__=64 -D__FLT64_HAS_QUIET_NAN__=1 -D__FLT32X_DIG__=15 -D__PTRDIFF_WIDTH__=32 -D__LDBL_MANT_DIG__=53 -D__SFRACT_FBIT__=7 '-D__SACCUM_MIN__=(-0X1P7HK-0X1P7HK)' -D__FLT64_HAS_INFINITY__=1 '-D__SIG_ATOMIC_MIN__=(-__SIG_ATOMIC_MAX__ - 1)' -D__GCC_ATOMIC_LONG_LOCK_FREE=2 '-D__UINT16_TYPE__=short unsigned int' '-D__WCHAR_TYPE__=unsigned int' -D__SIZEOF_FLOAT__=4 -D__THUMBEL__=1 -D__TQ_FBIT__=127 -D__UINTPTR_MAX__=0xffffffffU -D__INT_FAST64_WIDTH__=64 -D__LDBL_HAS_INFINITY__=1 -D__ULLACCUM_IBIT__=32 -D__FLT32_MAX_10_EXP__=38 -D__INT_FAST64_MAX__=0x7fffffffffffffffLL -D__GCC_ATOMIC_TEST_AND_SET_TRUEVAL=1 '-D__FLT_NORM_MAX__=3.4028234663852886e+38F' '-D__UINT_FAST64_TYPE__=long long unsigned int' -D__LACCUM_FBIT__=31 -D__HA_FBIT__=7 -D__UHA_IBIT__=8 '-D__INT64_TYPE__=long long int' -D__UTQ_IBIT__=0 -D__DBL_MANT_DIG__=53 -D__INT_LEAST64_MAX__=0x7fffffffffffffffLL -D__GCC_ATOMIC_CHAR16_T_LOCK_FREE=2 -D__FP_FAST_FMAF32=1 '-D__WINT_TYPE__=unsigned int' '-D__UINT_LEAST32_TYPE__=long unsigned int' -D__SIZEOF_SHORT__=2 -D__ULLFRACT_IBIT__=0 '-D__FLT32_NORM_MAX__=3.4028234663852886e+38F32' '-D__LDBL_MIN_EXP__=(-1021)' -D__GXX_TYPEINFO_EQUALITY_INLINE=0 -D__INTMAX_MAX__=0x7fffffffffffffffLL -D__arm__=1 '-D__FLT64_MAX__=1.7976931348623157e+308F64' -D__UDA_IBIT__=32 -D__INT_MAX__=0x7fffffff -D__WINT_WIDTH__=32 -D__INT_LEAST8_MAX__=0x7f -D__INT_LEAST64_WIDTH__=64 -D__FLT32X_MAX_10_EXP__=308 -D__LLACCUM_EPSILON__=0x1P-31LLK -D__LFRACT_FBIT__=31 -D__LDBL_MAX_10_EXP__=308 -D__ATOMIC_RELAXED=0 '-D__DBL_EPSILON__=((double)2.2204460492503131e-16L)' '-D__INT_LEAST32_TYPE__=long int' -D__ARM_ARCH_7EM__=1 -D__ARM_FEATURE_SIMD32=1 '-D__UINT8_C(c)=c' -D__FLT64_MAX_EXP__=1024 -D__SIZEOF_WCHAR_T__=4 '-D__UINT64_TYPE__=long long unsigned int' -D__OPTIMIZE_SIZE__=1 -D__LLFRACT_MAX__=0X7FFFFFFFFFFFFFFFP-63LLR '-D__FLT64_NORM_MAX__=1.7976931348623157e+308F64' -D__INT_FAST8_TYPE__=int -D__ULLACCUM_EPSILON__=0x1P-32ULLK -D__USACCUM_MAX__=0XFFFFP-8UHK -D__UHQ_IBIT__=0 -D__ARM_FEATURE_COPROC=15 -D__LLACCUM_IBIT__=32 -D__FLT64_HAS_DENORM__=1 -D__FLT32_EPSILON__=1.1920928955078125e-7F32 -D__DBL_DECIMAL_DIG__=17 -D__STDC_UTF_32__=1 -D__INT_FAST8_WIDTH__=32 -D__BYTE_ORDER__=__ORDER_LITTLE_ENDIAN__ '-D__FLT32X_MAX__=1.7976931348623157e+308F32x' -D__TA_FBIT__=63 '-D__DBL_NORM_MAX__=((double)1.7976931348623157e+308L)' -D__USFRACT_EPSILON__=0x1P-8UHR -D__GCC_DESTRUCTIVE_SIZE=64 -D__UDQ_IBIT__=0 -D__INTMAX_WIDTH__=64 -D__ORDER_BIG_ENDIAN__=4321 -D__LFRACT_MAX__=0X7FFFFFFFP-31LR -D__ARM_FEATURE_DSP=1 -D__FLT32_DIG__=6 -D__ACCUM_EPSILON__=0x1P-15K '-D__UINT32_C(c)=c ## UL' -D__QQ_IBIT__=0 -D__LLFRACT_IBIT__=0 -D__INT8_MAX__=0x7f -D__INT32_MAX__=0x7fffffffL '-D__UINT_FAST32_TYPE__=unsigned int' '-D__FLT32X_NORM_MAX__=1.7976931348623157e+308F32x' '-D__FLT32_MIN_10_EXP__=(-37)' '-D__FLT_MAX__=3.4028234663852886e+38F' -D__USACCUM_FBIT__=8 '-D__INT32_TYPE__=long int' -D__SIZEOF_DOUBLE__=8 '-D__FLT_MIN_10_EXP__=(-37)' -D__UFRACT_EPSILON__=0x1P-16UR -D__FLT64_MIN__=2.2250738585072014e-308F64 -D__FLT_DENORM_MIN__=1.4012984643248171e-45F -D__INT_LEAST32_WIDTH__=32 '-D__INTMAX_TYPE__=long long int' -D__FLT32X_HAS_QUIET_NAN__=1 -D__ATOMIC_CONSUME=1 -D__INT_FAST16_WIDTH__=32 -D__UINTMAX_MAX__=0xffffffffffffffffULL -D__FLT32X_DENORM_MIN__=4.9406564584124654e-324F32x -D__ATOMIC_ACQ_REL=4 -D__DBL_MAX_10_EXP__=308 -D__LDBL_DENORM_MIN__=4.9406564584124654e-324L '-D__INT16_C(c)=c' -D__ATOMIC_RELEASE=3 -D__PTRDIFF_TYPE__=int '-D__LLFRACT_MIN__=(-0.5LLR-0.5LLR)' -D__USACCUM_MIN__=0.0UHK -D__FLT32_MIN__=1.1754943508222875e-38F32 -D__DA_FBIT__=31 '-D__UINT32_TYPE__=long unsigned int' '-D__FLT32X_MIN_10_EXP__=(-307)' -D__ARM_ARCH_EXT_IDIV__=1 '-D__UINTPTR_TYPE__=unsigned int' -D__USA_IBIT__=16 -D__ARM_EABI__=1 '-D__LDBL_MIN_10_EXP__=(-307)' -D__SIZEOF_LONG_LONG__=8 -D__ULACCUM_EPSILON__=0x1P-32ULK -D__SACCUM_IBIT__=8 -D__GCC_ATOMIC_LLONG_LOCK_FREE=1 -D__FLT_DECIMAL_DIG__=9 -D__UINT_FAST16_MAX__=0xffffffffU '-D__LDBL_NORM_MAX__=1.7976931348623157e+308L' -D__GCC_ATOMIC_SHORT_LOCK_FREE=2 -D__ULLFRACT_MAX__=0XFFFFFFFFFFFFFFFFP-64ULLR '-D__UINT_FAST8_TYPE__=unsigned int' -D__ULACCUM_FBIT__=32 -D__USES_INITFINI__ -DUSE_STM324xG_EVAL -DSTM32F407xx -DUSE_HAL_DRIVER -I../../Inc -I../../Drivers/CMSIS/Device/ST/STM32F4xx/Include -I../../Drivers/STM32F4xx_HAL_Driver/Inc -I../../Drivers/BSP/STM324xG_EVAL -I../../Drivers/CMSIS/Include -I/Users/jie/Documents/arm-gnu-toolchain-14.3.rel1-darwin-arm64-arm-none-eabi/bin/../arm-none-eabi/include/newlib-nano -I/Users/jie/Documents/arm-gnu-toolchain-14.3.rel1-darwin-arm64-arm-none-eabi/bin/../lib/gcc/arm-none-eabi/14.3.1/include -I/Users/jie/Documents/arm-gnu-toolchain-14.3.rel1-darwin-arm64-arm-none-eabi/bin/../lib/gcc/arm-none-eabi/14.3.1/include-fixed -I/Users/jie/Documents/arm-gnu-toolchain-14.3.rel1-darwin-arm64-arm-none-eabi/bin/../lib/gcc/arm-none-eabi/14.3.1/../../../../arm-none-eabi/include -- ../../Drivers/STM32F4xx_HAL_Driver/Src/stm32f4xx_hal_gpio.c
[E 08:16:15 80752] CODEQL_EXTRACTOR_CPP_TRAP_CACHING is not set
[E 08:16:15 80752] CODEQL_EXTRACTOR_CPP_OPTION_TRAP_CACHE_WRITE is not set
[E 08:16:15 80752] CODEQL_EXTRACTOR_CPP_OPTION_TRAP_CACHE_DIR is not set
[E 08:16:15 80752] Initialising TRAP cache at path: 35/6c1a/1acfed2ba8101ce134e7d200091a
[E 08:16:15 80752] Not using TRAP cache
[E 08:16:15 80752] TRAP cache miss
[E 08:16:15 80752] Starting compilation TRAP /Users/jie/Documents/workspace/lcmhalgen/LCMHalTest_DBS/DATABASE_FreeRTOSUART_Hyperterminal_IT/trap/cpp/compilations/33/54053746_0.trap.zst
[E 08:16:15 80752] Archiving /Users/jie/Documents/workspace/lcmhalgen/LCMHalTest_DBS/DATABASE_FreeRTOSUART_Hyperterminal_IT/src/Users/jie/Documents/workspace/lcmhalgen/posixGen_Demos/UART_Hyperterminal_IT/Drivers/STM32F4xx_HAL_Driver/Src/stm32f4xx_hal_gpio.c
[E 08:16:15 80752] Already archived /Users/jie/Documents/workspace/lcmhalgen/LCMHalTest_DBS/DATABASE_FreeRTOSUART_Hyperterminal_IT/src/Users/jie/Documents/workspace/lcmhalgen/posixGen_Demos/UART_Hyperterminal_IT/Drivers/STM32F4xx_HAL_Driver/Inc/stm32f4xx_hal.h
[E 08:16:15 80752] Already archived /Users/jie/Documents/workspace/lcmhalgen/LCMHalTest_DBS/DATABASE_FreeRTOSUART_Hyperterminal_IT/src/Users/jie/Documents/workspace/lcmhalgen/posixGen_Demos/UART_Hyperterminal_IT/Inc/stm32f4xx_hal_conf.h
[E 08:16:15 80752] Already archived /Users/jie/Documents/workspace/lcmhalgen/LCMHalTest_DBS/DATABASE_FreeRTOSUART_Hyperterminal_IT/src/Users/jie/Documents/workspace/lcmhalgen/posixGen_Demos/UART_Hyperterminal_IT/Drivers/STM32F4xx_HAL_Driver/Inc/stm32f4xx_hal_rcc.h
[E 08:16:15 80752] Already archived /Users/jie/Documents/workspace/lcmhalgen/LCMHalTest_DBS/DATABASE_FreeRTOSUART_Hyperterminal_IT/src/Users/jie/Documents/workspace/lcmhalgen/posixGen_Demos/UART_Hyperterminal_IT/Drivers/STM32F4xx_HAL_Driver/Inc/stm32f4xx_hal_def.h
[E 08:16:15 80752] Already archived /Users/jie/Documents/workspace/lcmhalgen/LCMHalTest_DBS/DATABASE_FreeRTOSUART_Hyperterminal_IT/src/Users/jie/Documents/workspace/lcmhalgen/posixGen_Demos/UART_Hyperterminal_IT/Drivers/CMSIS/Device/ST/STM32F4xx/Include/stm32f4xx.h
[E 08:16:15 80752] Already archived /Users/jie/Documents/workspace/lcmhalgen/LCMHalTest_DBS/DATABASE_FreeRTOSUART_Hyperterminal_IT/src/Users/jie/Documents/workspace/lcmhalgen/posixGen_Demos/UART_Hyperterminal_IT/Drivers/CMSIS/Device/ST/STM32F4xx/Include/stm32f407xx.h
[E 08:16:15 80752] Already archived /Users/jie/Documents/workspace/lcmhalgen/LCMHalTest_DBS/DATABASE_FreeRTOSUART_Hyperterminal_IT/src/Users/jie/Documents/workspace/lcmhalgen/posixGen_Demos/UART_Hyperterminal_IT/Drivers/CMSIS/Include/core_cm4.h
[E 08:16:15 80752] Already archived /Users/jie/Documents/workspace/lcmhalgen/LCMHalTest_DBS/DATABASE_FreeRTOSUART_Hyperterminal_IT/src/Users/jie/Documents/arm-gnu-toolchain-14.3.rel1-darwin-arm64-arm-none-eabi/lib/gcc/arm-none-eabi/14.3.1/include/stdint.h
[E 08:16:15 80752] Already archived /Users/jie/Documents/workspace/lcmhalgen/LCMHalTest_DBS/DATABASE_FreeRTOSUART_Hyperterminal_IT/src/Users/jie/Documents/arm-gnu-toolchain-14.3.rel1-darwin-arm64-arm-none-eabi/arm-none-eabi/include/stdint.h
[E 08:16:15 80752] Already archived /Users/jie/Documents/workspace/lcmhalgen/LCMHalTest_DBS/DATABASE_FreeRTOSUART_Hyperterminal_IT/src/Users/jie/Documents/arm-gnu-toolchain-14.3.rel1-darwin-arm64-arm-none-eabi/arm-none-eabi/include/machine/_default_types.h
[E 08:16:15 80752] Already archived /Users/jie/Documents/workspace/lcmhalgen/LCMHalTest_DBS/DATABASE_FreeRTOSUART_Hyperterminal_IT/src/Users/jie/Documents/arm-gnu-toolchain-14.3.rel1-darwin-arm64-arm-none-eabi/arm-none-eabi/include/sys/features.h
[E 08:16:15 80752] Already archived /Users/jie/Documents/workspace/lcmhalgen/LCMHalTest_DBS/DATABASE_FreeRTOSUART_Hyperterminal_IT/src/Users/jie/Documents/arm-gnu-toolchain-14.3.rel1-darwin-arm64-arm-none-eabi/arm-none-eabi/include/_newlib_version.h
[E 08:16:15 80752] Already archived /Users/jie/Documents/workspace/lcmhalgen/LCMHalTest_DBS/DATABASE_FreeRTOSUART_Hyperterminal_IT/src/Users/jie/Documents/arm-gnu-toolchain-14.3.rel1-darwin-arm64-arm-none-eabi/arm-none-eabi/include/sys/_intsup.h
[E 08:16:15 80752] Already archived /Users/jie/Documents/workspace/lcmhalgen/LCMHalTest_DBS/DATABASE_FreeRTOSUART_Hyperterminal_IT/src/Users/jie/Documents/arm-gnu-toolchain-14.3.rel1-darwin-arm64-arm-none-eabi/arm-none-eabi/include/sys/_stdint.h
[E 08:16:15 80752] Already archived /Users/jie/Documents/workspace/lcmhalgen/LCMHalTest_DBS/DATABASE_FreeRTOSUART_Hyperterminal_IT/src/Users/jie/Documents/workspace/lcmhalgen/posixGen_Demos/UART_Hyperterminal_IT/Drivers/CMSIS/Include/cmsis_version.h
[E 08:16:15 80752] Already archived /Users/jie/Documents/workspace/lcmhalgen/LCMHalTest_DBS/DATABASE_FreeRTOSUART_Hyperterminal_IT/src/Users/jie/Documents/workspace/lcmhalgen/posixGen_Demos/UART_Hyperterminal_IT/Drivers/CMSIS/Include/cmsis_compiler.h
[E 08:16:15 80752] Already archived /Users/jie/Documents/workspace/lcmhalgen/LCMHalTest_DBS/DATABASE_FreeRTOSUART_Hyperterminal_IT/src/Users/jie/Documents/workspace/lcmhalgen/posixGen_Demos/UART_Hyperterminal_IT/Drivers/CMSIS/Include/cmsis_gcc.h
[E 08:16:15 80752] Already archived /Users/jie/Documents/workspace/lcmhalgen/LCMHalTest_DBS/DATABASE_FreeRTOSUART_Hyperterminal_IT/src/Users/jie/Documents/workspace/lcmhalgen/posixGen_Demos/UART_Hyperterminal_IT/Drivers/CMSIS/Include/mpu_armv7.h
[E 08:16:15 80752] Already archived /Users/jie/Documents/workspace/lcmhalgen/LCMHalTest_DBS/DATABASE_FreeRTOSUART_Hyperterminal_IT/src/Users/jie/Documents/workspace/lcmhalgen/posixGen_Demos/UART_Hyperterminal_IT/Drivers/CMSIS/Device/ST/STM32F4xx/Include/system_stm32f4xx.h
[E 08:16:15 80752] Already archived /Users/jie/Documents/workspace/lcmhalgen/LCMHalTest_DBS/DATABASE_FreeRTOSUART_Hyperterminal_IT/src/Users/jie/Documents/workspace/lcmhalgen/posixGen_Demos/UART_Hyperterminal_IT/Drivers/STM32F4xx_HAL_Driver/Inc/stm32f4xx_hal.h
[E 08:16:15 80752] Already archived /Users/jie/Documents/workspace/lcmhalgen/LCMHalTest_DBS/DATABASE_FreeRTOSUART_Hyperterminal_IT/src/Users/jie/Documents/workspace/lcmhalgen/posixGen_Demos/UART_Hyperterminal_IT/Drivers/STM32F4xx_HAL_Driver/Inc/Legacy/stm32_hal_legacy.h
[E 08:16:15 80752] Already archived /Users/jie/Documents/workspace/lcmhalgen/LCMHalTest_DBS/DATABASE_FreeRTOSUART_Hyperterminal_IT/src/Users/jie/Documents/arm-gnu-toolchain-14.3.rel1-darwin-arm64-arm-none-eabi/lib/gcc/arm-none-eabi/14.3.1/include/stddef.h
[E 08:16:15 80752] Already archived /Users/jie/Documents/workspace/lcmhalgen/LCMHalTest_DBS/DATABASE_FreeRTOSUART_Hyperterminal_IT/src/Users/jie/Documents/workspace/lcmhalgen/posixGen_Demos/UART_Hyperterminal_IT/Drivers/STM32F4xx_HAL_Driver/Inc/stm32f4xx_hal_rcc_ex.h
[E 08:16:15 80752] Already archived /Users/jie/Documents/workspace/lcmhalgen/LCMHalTest_DBS/DATABASE_FreeRTOSUART_Hyperterminal_IT/src/Users/jie/Documents/workspace/lcmhalgen/posixGen_Demos/UART_Hyperterminal_IT/Drivers/STM32F4xx_HAL_Driver/Inc/stm32f4xx_hal_gpio.h
[E 08:16:15 80752] Already archived /Users/jie/Documents/workspace/lcmhalgen/LCMHalTest_DBS/DATABASE_FreeRTOSUART_Hyperterminal_IT/src/Users/jie/Documents/workspace/lcmhalgen/posixGen_Demos/UART_Hyperterminal_IT/Drivers/STM32F4xx_HAL_Driver/Inc/stm32f4xx_hal_gpio_ex.h
[E 08:16:15 80752] Already archived /Users/jie/Documents/workspace/lcmhalgen/LCMHalTest_DBS/DATABASE_FreeRTOSUART_Hyperterminal_IT/src/Users/jie/Documents/workspace/lcmhalgen/posixGen_Demos/UART_Hyperterminal_IT/Drivers/STM32F4xx_HAL_Driver/Inc/stm32f4xx_hal_dma.h
[E 08:16:15 80752] Already archived /Users/jie/Documents/workspace/lcmhalgen/LCMHalTest_DBS/DATABASE_FreeRTOSUART_Hyperterminal_IT/src/Users/jie/Documents/workspace/lcmhalgen/posixGen_Demos/UART_Hyperterminal_IT/Drivers/STM32F4xx_HAL_Driver/Inc/stm32f4xx_hal_dma_ex.h
[E 08:16:15 80752] Already archived /Users/jie/Documents/workspace/lcmhalgen/LCMHalTest_DBS/DATABASE_FreeRTOSUART_Hyperterminal_IT/src/Users/jie/Documents/workspace/lcmhalgen/posixGen_Demos/UART_Hyperterminal_IT/Drivers/STM32F4xx_HAL_Driver/Inc/stm32f4xx_hal_cortex.h
[E 08:16:15 80752] Already archived /Users/jie/Documents/workspace/lcmhalgen/LCMHalTest_DBS/DATABASE_FreeRTOSUART_Hyperterminal_IT/src/Users/jie/Documents/workspace/lcmhalgen/posixGen_Demos/UART_Hyperterminal_IT/Drivers/STM32F4xx_HAL_Driver/Inc/stm32f4xx_hal_flash.h
[E 08:16:15 80752] Already archived /Users/jie/Documents/workspace/lcmhalgen/LCMHalTest_DBS/DATABASE_FreeRTOSUART_Hyperterminal_IT/src/Users/jie/Documents/workspace/lcmhalgen/posixGen_Demos/UART_Hyperterminal_IT/Drivers/STM32F4xx_HAL_Driver/Inc/stm32f4xx_hal_flash_ex.h
[E 08:16:15 80752] Already archived /Users/jie/Documents/workspace/lcmhalgen/LCMHalTest_DBS/DATABASE_FreeRTOSUART_Hyperterminal_IT/src/Users/jie/Documents/workspace/lcmhalgen/posixGen_Demos/UART_Hyperterminal_IT/Drivers/STM32F4xx_HAL_Driver/Inc/stm32f4xx_hal_flash_ramfunc.h
[E 08:16:15 80752] Already archived /Users/jie/Documents/workspace/lcmhalgen/LCMHalTest_DBS/DATABASE_FreeRTOSUART_Hyperterminal_IT/src/Users/jie/Documents/workspace/lcmhalgen/posixGen_Demos/UART_Hyperterminal_IT/Drivers/STM32F4xx_HAL_Driver/Inc/stm32f4xx_hal_sram.h
[E 08:16:15 80752] Already archived /Users/jie/Documents/workspace/lcmhalgen/LCMHalTest_DBS/DATABASE_FreeRTOSUART_Hyperterminal_IT/src/Users/jie/Documents/workspace/lcmhalgen/posixGen_Demos/UART_Hyperterminal_IT/Drivers/STM32F4xx_HAL_Driver/Inc/stm32f4xx_ll_fsmc.h
[E 08:16:15 80752] Already archived /Users/jie/Documents/workspace/lcmhalgen/LCMHalTest_DBS/DATABASE_FreeRTOSUART_Hyperterminal_IT/src/Users/jie/Documents/workspace/lcmhalgen/posixGen_Demos/UART_Hyperterminal_IT/Drivers/STM32F4xx_HAL_Driver/Inc/stm32f4xx_hal_i2c.h
[E 08:16:15 80752] Already archived /Users/jie/Documents/workspace/lcmhalgen/LCMHalTest_DBS/DATABASE_FreeRTOSUART_Hyperterminal_IT/src/Users/jie/Documents/workspace/lcmhalgen/posixGen_Demos/UART_Hyperterminal_IT/Drivers/STM32F4xx_HAL_Driver/Inc/stm32f4xx_hal_i2c_ex.h
[E 08:16:15 80752] Already archived /Users/jie/Documents/workspace/lcmhalgen/LCMHalTest_DBS/DATABASE_FreeRTOSUART_Hyperterminal_IT/src/Users/jie/Documents/workspace/lcmhalgen/posixGen_Demos/UART_Hyperterminal_IT/Drivers/STM32F4xx_HAL_Driver/Inc/stm32f4xx_hal_pwr.h
[E 08:16:15 80752] Already archived /Users/jie/Documents/workspace/lcmhalgen/LCMHalTest_DBS/DATABASE_FreeRTOSUART_Hyperterminal_IT/src/Users/jie/Documents/workspace/lcmhalgen/posixGen_Demos/UART_Hyperterminal_IT/Drivers/STM32F4xx_HAL_Driver/Inc/stm32f4xx_hal_pwr_ex.h
[E 08:16:15 80752] Already archived /Users/jie/Documents/workspace/lcmhalgen/LCMHalTest_DBS/DATABASE_FreeRTOSUART_Hyperterminal_IT/src/Users/jie/Documents/workspace/lcmhalgen/posixGen_Demos/UART_Hyperterminal_IT/Drivers/STM32F4xx_HAL_Driver/Inc/stm32f4xx_hal_uart.h
[E 08:16:15 80752] Creating trap tarball /Users/jie/Documents/workspace/lcmhalgen/LCMHalTest_DBS/DATABASE_FreeRTOSUART_Hyperterminal_IT/trap/cpp/tarballs/Users/jie/Documents/workspace/lcmhalgen/posixGen_Demos/UART_Hyperterminal_IT/Drivers/STM32F4xx_HAL_Driver/Src/stm32f4xx_hal_gpio.c.1aeb0055_0.trap.tar.zst
[E 08:16:15 80752] Emitting trap files for ../../Drivers/STM32F4xx_HAL_Driver/Src/stm32f4xx_hal_gpio.c
[E 08:16:15 80752] Opening existencedb in /Users/jie/Documents/workspace/lcmhalgen/LCMHalTest_DBS/DATABASE_FreeRTOSUART_Hyperterminal_IT/working/existencedb/db
[E 08:16:15 80752] Wrote 1 files to /Users/jie/Documents/workspace/lcmhalgen/LCMHalTest_DBS/DATABASE_FreeRTOSUART_Hyperterminal_IT/trap/cpp/tarballs/Users/jie/Documents/workspace/lcmhalgen/posixGen_Demos/UART_Hyperterminal_IT/Drivers/STM32F4xx_HAL_Driver/Src/stm32f4xx_hal_gpio.c.1aeb0055_0.trap.tar.zst
[E 08:16:15 80752] Finished compilation TRAP /Users/jie/Documents/workspace/lcmhalgen/LCMHalTest_DBS/DATABASE_FreeRTOSUART_Hyperterminal_IT/trap/cpp/compilations/33/54053746_0.trap.zst
[E 08:16:15 80752] Marking C compilation as happened.
[E 08:16:15 80752] Setting tag c-compilation-happened
[E 08:16:15 80752] Starting from CODEQL_TRACER_DB_ID 0000000000013B6E_0000000000000001
[E 08:16:15 80752] Locking DB /Users/jie/Documents/workspace/lcmhalgen/LCMHalTest_DBS/DATABASE_FreeRTOSUART_Hyperterminal_IT/working/tags.db
[E 08:16:15 80752] Locked DB /Users/jie/Documents/workspace/lcmhalgen/LCMHalTest_DBS/DATABASE_FreeRTOSUART_Hyperterminal_IT/working/tags.db
[E 08:16:15 80752] Set tag for 0000000000013B6E_0000000000000001
[E 08:16:15 80752] Set tag for 0000000000013B6C_0000000000000003
[E 08:16:15 80752] Set tag for 0000000000013B6C_0000000000000002
[E 08:16:15 80752] Set tag for 0000000000013B6C_0000000000000001
[E 08:16:15 80752] Set tag for 0000000000013827_0000000000000002
[E 08:16:15 80752] Set tag for 0000000000013827_0000000000000001
[E 08:16:15 80752] Set tag for 00000000000137DE_0000000000000003
[E 08:16:15 80752] Set tag for 00000000000137DE_0000000000000002
[E 08:16:15 80752] Set tag for root
[E 08:16:15 80752] Unlocking DB
[E 08:16:15 80752] Unlocked DB
[E 08:16:15 80752] Extractor exited successfully
[T 08:16:15 80750] Extractor /opt/homebrew/Caskroom/codeql/2.23.0/codeql/cpp/tools/osx64/extractor terminated with exit code 0.
[T 08:16:15 80765] Initializing tracer.
[T 08:16:15 80765] Initializing tags.
[T 08:16:15 80765] ID set to 0000000000013B7D_0000000000000001 (parent 0000000000013B6C_0000000000000003)
[T 08:16:15 80765] ==== Candidate to intercept: /Users/jie/Documents/arm-gnu-toolchain-14.3.rel1-darwin-arm64-arm-none-eabi/bin/../lib/gcc/arm-none-eabi/14.3.1/../../../../arm-none-eabi/bin/as (canonical: /Users/jie/Documents/arm-gnu-toolchain-14.3.rel1-darwin-arm64-arm-none-eabi/arm-none-eabi/bin/as) ====
[T 08:16:15 80765] Lua: === Intercepted call to /users/jie/documents/arm-gnu-toolchain-14.3.rel1-darwin-arm64-arm-none-eabi/arm-none-eabi/bin/as ===
[T 08:16:15 80765] Executing the following tracer actions:
[T 08:16:15 80765] Tracer actions:
[T 08:16:15 80765] pre_invocations(0)
[T 08:16:15 80765] post_invocations(1)
[T 08:16:15 80765] invocation: /opt/homebrew/Caskroom/codeql/2.23.0/codeql/cpp/tools/osx64/extractor, args: [--assembler, --codeql-assembler-executable, /users/jie/documents/arm-gnu-toolchain-14.3.rel1-darwin-arm64-arm-none-eabi/arm-none-eabi/bin/as, -I, ../../Inc, -I, ../../Drivers/CMSIS/Device/ST/STM32F4xx/Include, -I, ../../Drivers/STM32F4xx_HAL_Driver/Inc, -I, ../../Drivers/BSP/STM324xG_EVAL, -I, ../../Drivers/CMSIS/Include, -march=armv7e-m+fp, -mfloat-abi=hard, -mfpu=fpv4-sp-d16, -meabi=5, -o, Drivers/STM32F4xx_HAL_Driver/stm32f4xx_hal_gpio.o, /var/folders/b3/0hb7dhg16rd56bpwtd8bcnyc0000gn/T//ccBrOdTe.s]
[T 08:16:15 80765] trace_languages(1): [cpp]
[T 08:16:15 80767] Attempting to switch stdout/stderr to 4...
[T 08:16:15 80767] Initializing tracer.
[T 08:16:15 80767] Initializing tags.
[T 08:16:15 80767] ID set to 0000000000013B7F_0000000000000001 (parent 0000000000013B7D_0000000000000001)
[E 08:16:15 80767] CodeQL C/C++ Extractor 2.23.0
[E 08:16:15 80767] Current directory: /Users/jie/Documents/workspace/lcmhalgen/posixGen_Demos/UART_Hyperterminal_IT/STM32CubeIDE/Release
[E 08:16:15 80767] Command: /opt/homebrew/Caskroom/codeql/2.23.0/codeql/cpp/tools/osx64/extractor --assembler --codeql-assembler-executable /users/jie/documents/arm-gnu-toolchain-14.3.rel1-darwin-arm64-arm-none-eabi/arm-none-eabi/bin/as -I ../../Inc -I ../../Drivers/CMSIS/Device/ST/STM32F4xx/Include -I ../../Drivers/STM32F4xx_HAL_Driver/Inc -I ../../Drivers/BSP/STM324xG_EVAL -I ../../Drivers/CMSIS/Include '-march=armv7e-m+fp' -mfloat-abi=hard -mfpu=fpv4-sp-d16 -meabi=5 -o Drivers/STM32F4xx_HAL_Driver/stm32f4xx_hal_gpio.o /var/folders/b3/0hb7dhg16rd56bpwtd8bcnyc0000gn/T//ccBrOdTe.s
[E 08:16:15 80767] Extractor exited after mimicking assembler
[T 08:16:15 80765] Extractor /opt/homebrew/Caskroom/codeql/2.23.0/codeql/cpp/tools/osx64/extractor terminated with exit code 0.
[T 08:16:15 80769] Attempting to switch stdout/stderr to 4...
[T 08:16:15 80769] Initializing tracer.
[T 08:16:15 80769] Initializing tags.
[T 08:16:15 80769] ID set to 0000000000013B81_0000000000000001 (parent 0000000000013B6C_0000000000000003)
[E 08:16:15 80769] CodeQL C/C++ Extractor 2.23.0
[E 08:16:15 80769] Current directory: /Users/jie/Documents/workspace/lcmhalgen/posixGen_Demos/UART_Hyperterminal_IT/STM32CubeIDE/Release
[E 08:16:15 80769] Command: /opt/homebrew/Caskroom/codeql/2.23.0/codeql/cpp/tools/osx64/extractor --mimic /users/jie/documents/arm-gnu-toolchain-14.3.rel1-darwin-arm64-arm-none-eabi/bin/arm-none-eabi-gcc ../../Drivers/STM32F4xx_HAL_Driver/Src/stm32f4xx_hal_gpio.c -mcpu=cortex-m4 -std=gnu11 -DUSE_STM324xG_EVAL -DSTM32F407xx -DUSE_HAL_DRIVER -c -I../../Inc -I../../Drivers/CMSIS/Device/ST/STM32F4xx/Include -I../../Drivers/STM32F4xx_HAL_Driver/Inc -I../../Drivers/BSP/STM324xG_EVAL -I../../Drivers/CMSIS/Include -Os -ffunction-sections -fdata-sections -Wall -fstack-usage -MMD -MP -MFDrivers/STM32F4xx_HAL_Driver/stm32f4xx_hal_gpio.d -MTDrivers/STM32F4xx_HAL_Driver/stm32f4xx_hal_gpio.o --specs=nano.specs -mfpu=fpv4-sp-d16 -mfloat-abi=hard -mthumb -o Drivers/STM32F4xx_HAL_Driver/stm32f4xx_hal_gpio.o
[E 08:16:15 80769] Warning: Unrecognized command line argument --specs=nano.specs
[E 08:16:15 80769] Checking whether C compilation already happened.
[E 08:16:15 80769] Checking for tag c-compilation-happened
[E 08:16:15 80769] Checking CODEQL_TRACER_DB_ID 0000000000013B6C_0000000000000003
[E 08:16:15 80769] Locking DB /Users/jie/Documents/workspace/lcmhalgen/LCMHalTest_DBS/DATABASE_FreeRTOSUART_Hyperterminal_IT/working/tags.db
[E 08:16:15 80769] Locked DB /Users/jie/Documents/workspace/lcmhalgen/LCMHalTest_DBS/DATABASE_FreeRTOSUART_Hyperterminal_IT/working/tags.db
[E 08:16:15 80769] Unlocking DB
[E 08:16:15 80769] Unlocked DB
[E 08:16:15 80769] Exiting as C compilation already happened.
[T 08:16:15 80748] Extractor /opt/homebrew/Caskroom/codeql/2.23.0/codeql/cpp/tools/osx64/extractor terminated with exit code 0.
[T 08:16:15 80770] Initializing tracer.
[T 08:16:15 80770] Initializing tags.
[T 08:16:15 80770] ID set to 0000000000013B82_0000000000000001 (parent 0000000000013827_0000000000000002)
[T 08:16:15 80770] ==== Candidate to intercept: /bin/sh (canonical: /bin/sh) ====
[T 08:16:16 80770] Executing the following tracer actions:
[T 08:16:16 80770] Tracer actions:
[T 08:16:16 80770] pre_invocations(0)
[T 08:16:16 80770] post_invocations(0)
[T 08:16:16 80770] trace_languages(1): [cpp]
[T 08:16:16 80770] Initializing tracer.
[T 08:16:16 80770] Initializing tags.
[T 08:16:16 80770] ID set to 0000000000013B82_0000000000000002 (parent 0000000000013B82_0000000000000001)
[T 08:16:16 80770] ==== Candidate to intercept: /bin/bash (canonical: /bin/bash) ====
[T 08:16:16 80770] Executing the following tracer actions:
[T 08:16:16 80770] Tracer actions:
[T 08:16:16 80770] pre_invocations(0)
[T 08:16:16 80770] post_invocations(0)
[T 08:16:16 80770] trace_languages(1): [cpp]
[T 08:16:16 80770] Initializing tracer.
[T 08:16:16 80770] Initializing tags.
[T 08:16:16 80770] ID set to 0000000000013B82_0000000000000003 (parent 0000000000013B82_0000000000000002)
[T 08:16:16 80770] ==== Candidate to intercept: /Users/jie/Documents/arm-gnu-toolchain-14.3.rel1-darwin-arm64-arm-none-eabi/bin/arm-none-eabi-gcc (canonical: /Users/jie/Documents/arm-gnu-toolchain-14.3.rel1-darwin-arm64-arm-none-eabi/bin/arm-none-eabi-gcc) ====
[T 08:16:16 80770] Lua: === Intercepted call to /users/jie/documents/arm-gnu-toolchain-14.3.rel1-darwin-arm64-arm-none-eabi/bin/arm-none-eabi-gcc ===
[T 08:16:16 80770] Executing the following tracer actions:
[T 08:16:16 80770] Tracer actions:
[T 08:16:16 80770] pre_invocations(0)
[T 08:16:16 80770] post_invocations(1)
[T 08:16:16 80770] invocation: /opt/homebrew/Caskroom/codeql/2.23.0/codeql/cpp/tools/osx64/extractor, args: [--mimic, /users/jie/documents/arm-gnu-toolchain-14.3.rel1-darwin-arm64-arm-none-eabi/bin/arm-none-eabi-gcc, ../../Drivers/STM32F4xx_HAL_Driver/Src/stm32f4xx_hal_i2c.c, -mcpu=cortex-m4, -std=gnu11, -DUSE_STM324xG_EVAL, -DSTM32F407xx, -DUSE_HAL_DRIVER, -c, -I../../Inc, -I../../Drivers/CMSIS/Device/ST/STM32F4xx/Include, -I../../Drivers/STM32F4xx_HAL_Driver/Inc, -I../../Drivers/BSP/STM324xG_EVAL, -I../../Drivers/CMSIS/Include, -Os, -ffunction-sections, -fdata-sections, -Wall, -fstack-usage, -MMD, -MP, -MFDrivers/STM32F4xx_HAL_Driver/stm32f4xx_hal_i2c.d, -MTDrivers/STM32F4xx_HAL_Driver/stm32f4xx_hal_i2c.o, --specs=nano.specs, -mfpu=fpv4-sp-d16, -mfloat-abi=hard, -mthumb, -o, Drivers/STM32F4xx_HAL_Driver/stm32f4xx_hal_i2c.o]
[T 08:16:16 80770] trace_languages(1): [cpp]
[T 08:16:16 80781] Initializing tracer.
[T 08:16:16 80781] Initializing tags.
[T 08:16:16 80781] ID set to 0000000000013B8D_0000000000000001 (parent 0000000000013B82_0000000000000003)
[T 08:16:16 80781] ==== Candidate to intercept: /Users/jie/Documents/arm-gnu-toolchain-14.3.rel1-darwin-arm64-arm-none-eabi/bin/../libexec/gcc/arm-none-eabi/14.3.1/cc1 (canonical: /Users/jie/Documents/arm-gnu-toolchain-14.3.rel1-darwin-arm64-arm-none-eabi/libexec/gcc/arm-none-eabi/14.3.1/cc1) ====
[T 08:16:16 80781] Lua: === Intercepted call to /users/jie/documents/arm-gnu-toolchain-14.3.rel1-darwin-arm64-arm-none-eabi/libexec/gcc/arm-none-eabi/14.3.1/cc1 ===
[T 08:16:16 80781] Executing the following tracer actions:
[T 08:16:16 80781] Tracer actions:
[T 08:16:16 80781] pre_invocations(0)
[T 08:16:16 80781] post_invocations(1)
[T 08:16:16 80781] invocation: /opt/homebrew/Caskroom/codeql/2.23.0/codeql/cpp/tools/osx64/extractor, args: [--mimic, /users/jie/documents/arm-gnu-toolchain-14.3.rel1-darwin-arm64-arm-none-eabi/libexec/gcc/arm-none-eabi/14.3.1/cc1, -isystem, =/include/newlib-nano, -quiet, -I, ../../Inc, -I, ../../Drivers/CMSIS/Device/ST/STM32F4xx/Include, -I, ../../Drivers/STM32F4xx_HAL_Driver/Inc, -I, ../../Drivers/BSP/STM324xG_EVAL, -I, ../../Drivers/CMSIS/Include, -imultilib, thumb/v7e-m+fp/hard, -iprefix, /Users/jie/Documents/arm-gnu-toolchain-14.3.rel1-darwin-arm64-arm-none-eabi/bin/../lib/gcc/arm-none-eabi/14.3.1/, -isysroot, /Users/jie/Documents/arm-gnu-toolchain-14.3.rel1-darwin-arm64-arm-none-eabi/bin/../arm-none-eabi, -MMD, Drivers/STM32F4xx_HAL_Driver/stm32f4xx_hal_i2c.d, -MF, Drivers/STM32F4xx_HAL_Driver/stm32f4xx_hal_i2c.d, -MP, -MT, Drivers/STM32F4xx_HAL_Driver/stm32f4xx_hal_i2c.o, -D__USES_INITFINI__, -D, USE_STM324xG_EVAL, -D, STM32F407xx, -D, USE_HAL_DRIVER, ../../Drivers/STM32F4xx_HAL_Driver/Src/stm32f4xx_hal_i2c.c, -quiet, -dumpdir, Drivers/STM32F4xx_HAL_Driver/, -dumpbase, stm32f4xx_hal_i2c.c, -dumpbase-ext, .c, -mcpu=cortex-m4, -mfpu=fpv4-sp-d16, -mfloat-abi=hard, -mthumb, -mlibarch=armv7e-m+fp, -march=armv7e-m+fp, -Os, -Wall, -std=gnu11, -ffunction-sections, -fdata-sections, -fstack-usage, -o, /var/folders/b3/0hb7dhg16rd56bpwtd8bcnyc0000gn/T//ccfbGqNB.s]
[T 08:16:16 80781] trace_languages(1): [cpp]
[T 08:16:16 80789] Attempting to switch stdout/stderr to 4...
[T 08:16:16 80789] Initializing tracer.
[T 08:16:16 80789] Initializing tags.
[T 08:16:16 80789] ID set to 0000000000013B95_0000000000000001 (parent 0000000000013B8D_0000000000000001)
[E 08:16:16 80789] CodeQL C/C++ Extractor 2.23.0
[E 08:16:16 80789] Current directory: /Users/jie/Documents/workspace/lcmhalgen/posixGen_Demos/UART_Hyperterminal_IT/STM32CubeIDE/Release
[E 08:16:16 80789] Command: /opt/homebrew/Caskroom/codeql/2.23.0/codeql/cpp/tools/osx64/extractor --mimic /users/jie/documents/arm-gnu-toolchain-14.3.rel1-darwin-arm64-arm-none-eabi/libexec/gcc/arm-none-eabi/14.3.1/cc1 -isystem '=/include/newlib-nano' -quiet -I ../../Inc -I ../../Drivers/CMSIS/Device/ST/STM32F4xx/Include -I ../../Drivers/STM32F4xx_HAL_Driver/Inc -I ../../Drivers/BSP/STM324xG_EVAL -I ../../Drivers/CMSIS/Include -imultilib 'thumb/v7e-m+fp/hard' -iprefix /Users/jie/Documents/arm-gnu-toolchain-14.3.rel1-darwin-arm64-arm-none-eabi/bin/../lib/gcc/arm-none-eabi/14.3.1/ -isysroot /Users/jie/Documents/arm-gnu-toolchain-14.3.rel1-darwin-arm64-arm-none-eabi/bin/../arm-none-eabi -MMD Drivers/STM32F4xx_HAL_Driver/stm32f4xx_hal_i2c.d -MF Drivers/STM32F4xx_HAL_Driver/stm32f4xx_hal_i2c.d -MP -MT Drivers/STM32F4xx_HAL_Driver/stm32f4xx_hal_i2c.o -D__USES_INITFINI__ -D USE_STM324xG_EVAL -D STM32F407xx -D USE_HAL_DRIVER ../../Drivers/STM32F4xx_HAL_Driver/Src/stm32f4xx_hal_i2c.c -quiet -dumpdir Drivers/STM32F4xx_HAL_Driver/ -dumpbase stm32f4xx_hal_i2c.c -dumpbase-ext .c -mcpu=cortex-m4 -mfpu=fpv4-sp-d16 -mfloat-abi=hard -mthumb '-mlibarch=armv7e-m+fp' '-march=armv7e-m+fp' -Os -Wall -std=gnu11 -ffunction-sections -fdata-sections -fstack-usage -o /var/folders/b3/0hb7dhg16rd56bpwtd8bcnyc0000gn/T//ccfbGqNB.s
[E 08:16:16 80789] Checking whether C compilation already happened.
[E 08:16:16 80789] Checking for tag c-compilation-happened
[E 08:16:16 80789] Checking CODEQL_TRACER_DB_ID 0000000000013B8D_0000000000000001
[E 08:16:16 80789] Locking DB /Users/jie/Documents/workspace/lcmhalgen/LCMHalTest_DBS/DATABASE_FreeRTOSUART_Hyperterminal_IT/working/tags.db
[E 08:16:16 80789] Locked DB /Users/jie/Documents/workspace/lcmhalgen/LCMHalTest_DBS/DATABASE_FreeRTOSUART_Hyperterminal_IT/working/tags.db
[E 08:16:16 80789] Unlocking DB
[E 08:16:16 80789] Unlocked DB
[E 08:16:16 80789] Looks like C compilation didn't already happen.
[E 08:16:16 80789] Checking whether C compilation has been attempted.
[E 08:16:16 80789] Checking for tag c-compilation-attempted
[E 08:16:16 80789] Checking CODEQL_TRACER_DB_ID 0000000000013B8D_0000000000000001
[E 08:16:16 80789] Locking DB /Users/jie/Documents/workspace/lcmhalgen/LCMHalTest_DBS/DATABASE_FreeRTOSUART_Hyperterminal_IT/working/tags.db
[E 08:16:16 80789] Locked DB /Users/jie/Documents/workspace/lcmhalgen/LCMHalTest_DBS/DATABASE_FreeRTOSUART_Hyperterminal_IT/working/tags.db
[E 08:16:16 80789] Unlocking DB
[E 08:16:16 80789] Unlocked DB
[E 08:16:16 80789] Marking C compilation as attempted.
[E 08:16:16 80789] Setting tag c-compilation-attempted
[E 08:16:16 80789] Starting from CODEQL_TRACER_DB_ID 0000000000013B8D_0000000000000001
[E 08:16:16 80789] Locking DB /Users/jie/Documents/workspace/lcmhalgen/LCMHalTest_DBS/DATABASE_FreeRTOSUART_Hyperterminal_IT/working/tags.db
[E 08:16:16 80789] Locked DB /Users/jie/Documents/workspace/lcmhalgen/LCMHalTest_DBS/DATABASE_FreeRTOSUART_Hyperterminal_IT/working/tags.db
[E 08:16:16 80789] Set tag for 0000000000013B8D_0000000000000001
[E 08:16:16 80789] Set tag for 0000000000013B82_0000000000000003
[E 08:16:16 80789] Set tag for 0000000000013B82_0000000000000002
[E 08:16:16 80789] Set tag for 0000000000013B82_0000000000000001
[E 08:16:16 80789] Set tag for 0000000000013827_0000000000000002
[E 08:16:16 80789] Set tag for 0000000000013827_0000000000000001
[E 08:16:16 80789] Set tag for 00000000000137DE_0000000000000003
[E 08:16:16 80789] Set tag for 00000000000137DE_0000000000000002
[E 08:16:16 80789] Set tag for root
[E 08:16:16 80789] Unlocking DB
[E 08:16:16 80789] Unlocked DB
[E 08:16:16 80789] Processed command line: /opt/homebrew/Caskroom/codeql/2.23.0/codeql/cpp/tools/osx64/extractor --trapfolder /Users/jie/Documents/workspace/lcmhalgen/LCMHalTest_DBS/DATABASE_FreeRTOSUART_Hyperterminal_IT/trap/cpp --src_archive /Users/jie/Documents/workspace/lcmhalgen/LCMHalTest_DBS/DATABASE_FreeRTOSUART_Hyperterminal_IT/src --object_filename /var/folders/b3/0hb7dhg16rd56bpwtd8bcnyc0000gn/T//ccfbGqNB.s --no_warnings_and_discretionary_errors --error_limit 1000 --disable_system_macros --variadic_macros --incognito --c11 --gcc --gnu_version 140301 --target linux_i686 '-D__DBL_MIN_EXP__=(-1021)' -D__HQ_FBIT__=15 -D__UINT_LEAST16_MAX__=0xffff -D__ARM_SIZEOF_WCHAR_T=4 -D__WCHAR_MAX__=0xffffffffU -D__SFRACT_IBIT__=0 -D__ULFRACT_MIN__=0.0ULR -D__FLT_MIN__=1.1754943508222875e-38F -D__GCC_IEC_559_COMPLEX=0 -D__SIZEOF_LONG__=4 -D__UFRACT_MAX__=0XFFFFP-16UR '-D__UINT_LEAST8_TYPE__=unsigned char' -D__FLT_MAX_EXP__=128 -D__DQ_FBIT__=63 '-D__INTMAX_C(c)=c ## LL' -D__ARM_FEATURE_SAT=1 -D__ULFRACT_FBIT__=32 -D__CHAR_BIT__=8 -D__USQ_IBIT__=0 -D__UINT8_MAX__=0xff -D__ACCUM_FBIT__=15 -D__WINT_MAX__=0xffffffffU '-D__FLT32_MIN_EXP__=(-125)' -D__LONG_WIDTH__=32 -D__USFRACT_FBIT__=8 -D__ORDER_LITTLE_ENDIAN__=1234 -D__SIZE_MAX__=0xffffffffU -D__LACCUM_IBIT__=32 -D__GCC_HAVE_SYNC_COMPARE_AND_SWAP_1=1 -D__GCC_HAVE_SYNC_COMPARE_AND_SWAP_2=1 -D__GCC_HAVE_SYNC_COMPARE_AND_SWAP_4=1 '-D__DBL_DENORM_MIN__=((double)4.9406564584124654e-324L)' -D__GCC_ATOMIC_CHAR_LOCK_FREE=2 -D__GCC_IEC_559=0 -D__FLT32X_DECIMAL_DIG__=17 -D__FLT_EVAL_METHOD__=0 -D__TQ_IBIT__=0 -D__LLACCUM_MAX__=0X7FFFFFFFFFFFFFFFP-31LLK -D__FLT32_HAS_INFINITY__=1 -D__FLT64_DECIMAL_DIG__=17 -D__GCC_ATOMIC_CHAR32_T_LOCK_FREE=2 -D__INTPTR_WIDTH__=32 -D__SIG_ATOMIC_TYPE__=int '-D__DBL_MIN_10_EXP__=(-307)' -D__LFRACT_IBIT__=0 -D__FLT32_HAS_DENORM__=1 -D__USA_FBIT__=16 -D__UINT_FAST8_MAX__=0xffffffffU -D__FLT_HAS_QUIET_NAN__=1 '-D__INT8_C(c)=c' -D__INT_LEAST8_WIDTH__=8 -D__UINT_LEAST64_MAX__=0xffffffffffffffffULL -D__SA_FBIT__=15 -D__APCS_32__=1 -D__SHRT_MAX__=0x7fff '-D__LDBL_MAX__=1.7976931348623157e+308L' -D__FRACT_MAX__=0X7FFFP-15R -D__thumb2__=1 -D__LDBL_IS_IEC_60559__=1 -D__UFRACT_FBIT__=16 -D__ARM_FP=4 -D__UFRACT_MIN__=0.0UR -D__UINT_LEAST8_MAX__=0xff -D__GCC_ATOMIC_BOOL_LOCK_FREE=2 '-D__UINTMAX_TYPE__=long long unsigned int' -D__LLFRACT_EPSILON__=0x1P-63LLR -D__FLT_EVAL_METHOD_TS_18661_3__=0 -D__UINT32_MAX__=0xffffffffUL -D__ULFRACT_MAX__=0XFFFFFFFFP-32ULR -D__TA_IBIT__=64 -D__LDBL_MAX_EXP__=1024 -D__WINT_MIN__=0U -D__ARM_ASM_SYNTAX_UNIFIED__=1 -D__FLT32X_IS_IEC_60559__=1 -D__INT_LEAST16_WIDTH__=16 -D__ULLFRACT_MIN__=0.0ULLR -D__SCHAR_MAX__=0x7f -D__WCHAR_MIN__=0U '-D__INT64_C(c)=c ## LL' '-D__UINT16_C(c)=c' -D__GCC_ATOMIC_POINTER_LOCK_FREE=2 -D__ATOMIC_SEQ_CST=5 -D__FLT32X_MAX_EXP__=1024 -D__SIZEOF_INT__=4 -D__FLT32X_MANT_DIG__=53 -D__USACCUM_IBIT__=8 '-D__INT16_TYPE__=short int' -D__FLT_DIG__=6 '-D__LFRACT_MIN__=(-0.5LR-0.5LR)' -D__HA_IBIT__=8 -D__FLT_EPSILON__=1.1920928955078125e-7F -D__SHRT_WIDTH__=16 -D__FLT32_IS_IEC_60559__=1 -D__USFRACT_IBIT__=0 -D__LDBL_MIN__=2.2250738585072014e-308L -D__STDC_UTF_16__=1 '-D__FRACT_MIN__=(-0.5R-0.5R)' -D__DA_IBIT__=32 -D__ARM_SIZEOF_MINIMAL_ENUM=1 -D__FLT32X_HAS_INFINITY__=1 -D__UQQ_FBIT__=8 -D__UACCUM_MAX__=0XFFFFFFFFP-16UK -D__DECIMAL_DIG__=17 -D__LFRACT_EPSILON__=0x1P-31LR -D__FLT64_EPSILON__=2.2204460492503131e-16F64 -D__INT16_MAX__=0x7fff -D__ARM_PCS_VFP=1 -D__LDBL_HAS_QUIET_NAN__=1 -D__ULACCUM_IBIT__=32 -D__ARM_FEATURE_FMA=1 -D__FLT64_MANT_DIG__=53 -D__INT_LEAST16_MAX__=0x7fff -D__UACCUM_EPSILON__=0x1P-16UK -D__ULLACCUM_MAX__=0XFFFFFFFFFFFFFFFFP-32ULLK -D__HQ_IBIT__=0 -D__FLT_HAS_DENORM__=1 -D__SIZEOF_LONG_DOUBLE__=8 -D__SA_IBIT__=16 -D__BIGGEST_ALIGNMENT__=8 -D__ARM_FEATURE_IDIV=1 -D__INTPTR_TYPE__=int '-D__SIZE_TYPE__=unsigned int' -D__FLT64_MAX_10_EXP__=308 -D__DBL_DIG__=15 -D__ULLACCUM_FBIT__=32 -D__DBL_IS_IEC_60559__=1 -D__DQ_IBIT__=0 '-D__DBL_MAX__=((double)1.7976931348623157e+308L)' -D__ULFRACT_IBIT__=0 -D__INT_FAST32_MAX__=0x7fffffff -D__DBL_HAS_INFINITY__=1 -D__HAVE_SPECULATION_SAFE_VALUE=1 -D__ACCUM_IBIT__=16 -D__THUMB_INTERWORK__=1 -D__UINT_LEAST32_MAX__=0xffffffffUL -D__LACCUM_MAX__=0X7FFFFFFFFFFFFFFFP-31LK -D__FLT32X_HAS_DENORM__=1 -D__INT_FAST16_TYPE__=int -D__LDBL_HAS_DENORM__=1 -D__ARM_FEATURE_LDREX=7 -D__FLT32_DECIMAL_DIG__=9 -D__INT_LEAST32_MAX__=0x7fffffffL -D__ACCUM_MAX__=0X7FFFFFFFP-15K -D__DBL_MAX_EXP__=1024 -D__USACCUM_EPSILON__=0x1P-8UHK -D__WCHAR_WIDTH__=32 '-D__FLT32_MAX__=3.4028234663852886e+38F32' -D__SFRACT_MAX__=0X7FP-7HR -D__FRACT_IBIT__=0 -D__PTRDIFF_MAX__=0x7fffffff -D__UACCUM_MIN__=0.0UK -D__UACCUM_IBIT__=16 '-D__LLACCUM_MIN__=(-0X1P31LLK-0X1P31LLK)' -D__FLT32_HAS_QUIET_NAN__=1 -D__LONG_LONG_MAX__=0x7fffffffffffffffLL -D__ULACCUM_MAX__=0XFFFFFFFFFFFFFFFFP-32ULK -D__SIZEOF_WINT_T__=4 -D__ARM_FEATURE_UNALIGNED=1 -D__LONG_LONG_WIDTH__=64 -D__FLT32_MAX_EXP__=128 -D__ULLACCUM_MIN__=0.0ULLK -D__GXX_ABI_VERSION=1019 -D__UTA_FBIT__=64 -D__UFRACT_IBIT__=0 -D__FLT64_IS_IEC_60559__=1 -D__USQ_FBIT__=32 -D__ARM_FEATURE_QBIT=1 '-D__INT_FAST64_TYPE__=long long int' -D__FP_FAST_FMAF=1 -D__FLT64_DENORM_MIN__=4.9406564584124654e-324F64 '-D__DBL_MIN__=((double)2.2250738585072014e-308L)' -D__SIZEOF_POINTER__=4 -D__DBL_HAS_QUIET_NAN__=1 -D__FLT32X_EPSILON__=2.2204460492503131e-16F32x '-D__FLT64_MIN_EXP__=(-1021)' '-D__LACCUM_MIN__=(-0X1P31LK-0X1P31LK)' -D__FRACT_FBIT__=15 '-D__FLT64_MIN_10_EXP__=(-307)' -D__ULLFRACT_EPSILON__=0x1P-64ULLR -D__REGISTER_PREFIX__= -D__UINT16_MAX__=0xffff -D__DBL_HAS_DENORM__=1 '-D__ACCUM_MIN__=(-0X1P15K-0X1P15K)' -D__SQ_IBIT__=0 '-D__UINT8_TYPE__=unsigned char' -D__UHA_FBIT__=8 '-D__SFRACT_MIN__=(-0.5HR-0.5HR)' -D__UTQ_FBIT__=128 -D__DEC_EVAL_METHOD__=2 -D__FLT_MANT_DIG__=24 -D__LDBL_DECIMAL_DIG__=17 '-D__UINT64_C(c)=c ## ULL' -D__FRACT_EPSILON__=0x1P-15R -D__ULACCUM_MIN__=0.0ULK -D__UDA_FBIT__=32 -D__GCC_ATOMIC_INT_LOCK_FREE=2 '-D__FLT_MIN_EXP__=(-125)' -D__FLOAT_WORD_ORDER__=__ORDER_LITTLE_ENDIAN__ -D__USFRACT_MIN__=0.0UHR -D__FLT32_MANT_DIG__=24 -D__ULLFRACT_FBIT__=64 -D__UQQ_IBIT__=0 -D__SCHAR_WIDTH__=8 '-D__INT32_C(c)=c ## L' -D__ORDER_PDP_ENDIAN__=3412 -D__UHQ_FBIT__=16 -D__LLACCUM_FBIT__=31 -D__INT_FAST32_TYPE__=int '-D__UINT_LEAST16_TYPE__=short unsigned int' -D__UINT64_MAX__=0xffffffffffffffffULL -D__FLT_IS_IEC_60559__=1 -D__UDQ_FBIT__=64 -D__UINT_FAST64_MAX__=0xffffffffffffffffULL '-D__GNUC_WIDE_EXECUTION_CHARSET_NAME="UTF-32LE"' '-D__INT8_TYPE__=signed char' -D__thumb__=1 -D__ELF__=1 -D__SACCUM_EPSILON__=0x1P-7HK -D__ULFRACT_EPSILON__=0x1P-32ULR -D__LLFRACT_FBIT__=63 -D__FLT_RADIX__=2 '-D__INT_LEAST16_TYPE__=short int' -D__ARM_ARCH_PROFILE=77 -D__LDBL_EPSILON__=2.2204460492503131e-16L '-D__UINTMAX_C(c)=c ## ULL' -D__SACCUM_MAX__=0X7FFFP-7HK -D__FLT32X_MIN__=2.2250738585072014e-308F32x -D__SIG_ATOMIC_MAX__=0x7fffffff -D__UACCUM_FBIT__=16 -D__GCC_ATOMIC_WCHAR_T_LOCK_FREE=2 -D__USER_LABEL_PREFIX__= -D__VFP_FP__=1 -D__SIZEOF_PTRDIFF_T__=4 -D__ATOMIC_ACQUIRE=2 -D__INT_WIDTH__=32 -D__OPTIMIZE__=1 -D__LACCUM_EPSILON__=0x1P-31LK -D__LDBL_DIG__=15 '-D__FLT32X_MIN_EXP__=(-1021)' -D__INT_FAST16_MAX__=0x7fffffff -D__GCC_CONSTRUCTIVE_SIZE=64 -D__FLT64_DIG__=15 -D__UINT_FAST32_MAX__=0xffffffffU '-D__UINT_LEAST64_TYPE__=long long unsigned int' -D__SFRACT_EPSILON__=0x1P-7HR -D__GCC_ASM_FLAG_OUTPUTS__=1 -D__FLT_MAX_10_EXP__=38 -D__LONG_MAX__=0x7fffffffL -D__FINITE_MATH_ONLY__=0 -D__SIZEOF_SIZE_T__=4 -D__FLT_HAS_INFINITY__=1 '-D__GNUC_EXECUTION_CHARSET_NAME="UTF-8"' -D__CHAR_UNSIGNED__=1 '-D__UINT_FAST16_TYPE__=unsigned int' -D__ARM_32BIT_STATE=1 -D__INT_FAST32_WIDTH__=32 -D__PRAGMA_REDEFINE_EXTNAME=1 -D__ARMEL__=1 -D__SIZE_WIDTH__=32 -D__INT64_MAX__=0x7fffffffffffffffLL -D__SACCUM_FBIT__=7 -D__FLT32_DENORM_MIN__=1.4012984643248171e-45F32 -D__SIG_ATOMIC_WIDTH__=32 '-D__INT_LEAST64_TYPE__=long long int' -D__ARM_FEATURE_CLZ=1 '-D__INT_LEAST8_TYPE__=signed char' -D__SQ_FBIT__=31 -D__USFRACT_MAX__=0XFFP-8UHR -D__ARM_ARCH_ISA_THUMB=2 -D__INT_FAST8_MAX__=0x7fffffff -D__ARM_ARCH=7 -D__INTPTR_MAX__=0x7fffffff -D__QQ_FBIT__=7 -D__UTA_IBIT__=64 -D__FLT64_HAS_QUIET_NAN__=1 -D__FLT32X_DIG__=15 -D__PTRDIFF_WIDTH__=32 -D__LDBL_MANT_DIG__=53 -D__SFRACT_FBIT__=7 '-D__SACCUM_MIN__=(-0X1P7HK-0X1P7HK)' -D__FLT64_HAS_INFINITY__=1 '-D__SIG_ATOMIC_MIN__=(-__SIG_ATOMIC_MAX__ - 1)' -D__GCC_ATOMIC_LONG_LOCK_FREE=2 '-D__UINT16_TYPE__=short unsigned int' '-D__WCHAR_TYPE__=unsigned int' -D__SIZEOF_FLOAT__=4 -D__THUMBEL__=1 -D__TQ_FBIT__=127 -D__UINTPTR_MAX__=0xffffffffU -D__INT_FAST64_WIDTH__=64 -D__LDBL_HAS_INFINITY__=1 -D__ULLACCUM_IBIT__=32 -D__FLT32_MAX_10_EXP__=38 -D__INT_FAST64_MAX__=0x7fffffffffffffffLL -D__GCC_ATOMIC_TEST_AND_SET_TRUEVAL=1 '-D__FLT_NORM_MAX__=3.4028234663852886e+38F' '-D__UINT_FAST64_TYPE__=long long unsigned int' -D__LACCUM_FBIT__=31 -D__HA_FBIT__=7 -D__UHA_IBIT__=8 '-D__INT64_TYPE__=long long int' -D__UTQ_IBIT__=0 -D__DBL_MANT_DIG__=53 -D__INT_LEAST64_MAX__=0x7fffffffffffffffLL -D__GCC_ATOMIC_CHAR16_T_LOCK_FREE=2 -D__FP_FAST_FMAF32=1 '-D__WINT_TYPE__=unsigned int' '-D__UINT_LEAST32_TYPE__=long unsigned int' -D__SIZEOF_SHORT__=2 -D__ULLFRACT_IBIT__=0 '-D__FLT32_NORM_MAX__=3.4028234663852886e+38F32' '-D__LDBL_MIN_EXP__=(-1021)' -D__GXX_TYPEINFO_EQUALITY_INLINE=0 -D__INTMAX_MAX__=0x7fffffffffffffffLL -D__arm__=1 '-D__FLT64_MAX__=1.7976931348623157e+308F64' -D__UDA_IBIT__=32 -D__INT_MAX__=0x7fffffff -D__WINT_WIDTH__=32 -D__INT_LEAST8_MAX__=0x7f -D__INT_LEAST64_WIDTH__=64 -D__FLT32X_MAX_10_EXP__=308 -D__LLACCUM_EPSILON__=0x1P-31LLK -D__LFRACT_FBIT__=31 -D__LDBL_MAX_10_EXP__=308 -D__ATOMIC_RELAXED=0 '-D__DBL_EPSILON__=((double)2.2204460492503131e-16L)' '-D__INT_LEAST32_TYPE__=long int' -D__ARM_ARCH_7EM__=1 -D__ARM_FEATURE_SIMD32=1 '-D__UINT8_C(c)=c' -D__FLT64_MAX_EXP__=1024 -D__SIZEOF_WCHAR_T__=4 '-D__UINT64_TYPE__=long long unsigned int' -D__OPTIMIZE_SIZE__=1 -D__LLFRACT_MAX__=0X7FFFFFFFFFFFFFFFP-63LLR '-D__FLT64_NORM_MAX__=1.7976931348623157e+308F64' -D__INT_FAST8_TYPE__=int -D__ULLACCUM_EPSILON__=0x1P-32ULLK -D__USACCUM_MAX__=0XFFFFP-8UHK -D__UHQ_IBIT__=0 -D__ARM_FEATURE_COPROC=15 -D__LLACCUM_IBIT__=32 -D__FLT64_HAS_DENORM__=1 -D__FLT32_EPSILON__=1.1920928955078125e-7F32 -D__DBL_DECIMAL_DIG__=17 -D__STDC_UTF_32__=1 -D__INT_FAST8_WIDTH__=32 -D__BYTE_ORDER__=__ORDER_LITTLE_ENDIAN__ '-D__FLT32X_MAX__=1.7976931348623157e+308F32x' -D__TA_FBIT__=63 '-D__DBL_NORM_MAX__=((double)1.7976931348623157e+308L)' -D__USFRACT_EPSILON__=0x1P-8UHR -D__GCC_DESTRUCTIVE_SIZE=64 -D__UDQ_IBIT__=0 -D__INTMAX_WIDTH__=64 -D__ORDER_BIG_ENDIAN__=4321 -D__LFRACT_MAX__=0X7FFFFFFFP-31LR -D__ARM_FEATURE_DSP=1 -D__FLT32_DIG__=6 -D__ACCUM_EPSILON__=0x1P-15K '-D__UINT32_C(c)=c ## UL' -D__QQ_IBIT__=0 -D__LLFRACT_IBIT__=0 -D__INT8_MAX__=0x7f -D__INT32_MAX__=0x7fffffffL '-D__UINT_FAST32_TYPE__=unsigned int' '-D__FLT32X_NORM_MAX__=1.7976931348623157e+308F32x' '-D__FLT32_MIN_10_EXP__=(-37)' '-D__FLT_MAX__=3.4028234663852886e+38F' -D__USACCUM_FBIT__=8 '-D__INT32_TYPE__=long int' -D__SIZEOF_DOUBLE__=8 '-D__FLT_MIN_10_EXP__=(-37)' -D__UFRACT_EPSILON__=0x1P-16UR -D__FLT64_MIN__=2.2250738585072014e-308F64 -D__FLT_DENORM_MIN__=1.4012984643248171e-45F -D__INT_LEAST32_WIDTH__=32 '-D__INTMAX_TYPE__=long long int' -D__FLT32X_HAS_QUIET_NAN__=1 -D__ATOMIC_CONSUME=1 -D__INT_FAST16_WIDTH__=32 -D__UINTMAX_MAX__=0xffffffffffffffffULL -D__FLT32X_DENORM_MIN__=4.9406564584124654e-324F32x -D__ATOMIC_ACQ_REL=4 -D__DBL_MAX_10_EXP__=308 -D__LDBL_DENORM_MIN__=4.9406564584124654e-324L '-D__INT16_C(c)=c' -D__ATOMIC_RELEASE=3 -D__PTRDIFF_TYPE__=int '-D__LLFRACT_MIN__=(-0.5LLR-0.5LLR)' -D__USACCUM_MIN__=0.0UHK -D__FLT32_MIN__=1.1754943508222875e-38F32 -D__DA_FBIT__=31 '-D__UINT32_TYPE__=long unsigned int' '-D__FLT32X_MIN_10_EXP__=(-307)' -D__ARM_ARCH_EXT_IDIV__=1 '-D__UINTPTR_TYPE__=unsigned int' -D__USA_IBIT__=16 -D__ARM_EABI__=1 '-D__LDBL_MIN_10_EXP__=(-307)' -D__SIZEOF_LONG_LONG__=8 -D__ULACCUM_EPSILON__=0x1P-32ULK -D__SACCUM_IBIT__=8 -D__GCC_ATOMIC_LLONG_LOCK_FREE=1 -D__FLT_DECIMAL_DIG__=9 -D__UINT_FAST16_MAX__=0xffffffffU '-D__LDBL_NORM_MAX__=1.7976931348623157e+308L' -D__GCC_ATOMIC_SHORT_LOCK_FREE=2 -D__ULLFRACT_MAX__=0XFFFFFFFFFFFFFFFFP-64ULLR '-D__UINT_FAST8_TYPE__=unsigned int' -D__ULACCUM_FBIT__=32 -D__USES_INITFINI__ -DUSE_STM324xG_EVAL -DSTM32F407xx -DUSE_HAL_DRIVER -I../../Inc -I../../Drivers/CMSIS/Device/ST/STM32F4xx/Include -I../../Drivers/STM32F4xx_HAL_Driver/Inc -I../../Drivers/BSP/STM324xG_EVAL -I../../Drivers/CMSIS/Include -I/Users/jie/Documents/arm-gnu-toolchain-14.3.rel1-darwin-arm64-arm-none-eabi/bin/../arm-none-eabi/include/newlib-nano -I/Users/jie/Documents/arm-gnu-toolchain-14.3.rel1-darwin-arm64-arm-none-eabi/bin/../lib/gcc/arm-none-eabi/14.3.1/include -I/Users/jie/Documents/arm-gnu-toolchain-14.3.rel1-darwin-arm64-arm-none-eabi/bin/../lib/gcc/arm-none-eabi/14.3.1/include-fixed -I/Users/jie/Documents/arm-gnu-toolchain-14.3.rel1-darwin-arm64-arm-none-eabi/bin/../lib/gcc/arm-none-eabi/14.3.1/../../../../arm-none-eabi/include -- ../../Drivers/STM32F4xx_HAL_Driver/Src/stm32f4xx_hal_i2c.c
[E 08:16:16 80789] CODEQL_EXTRACTOR_CPP_TRAP_CACHING is not set
[E 08:16:16 80789] CODEQL_EXTRACTOR_CPP_OPTION_TRAP_CACHE_WRITE is not set
[E 08:16:16 80789] CODEQL_EXTRACTOR_CPP_OPTION_TRAP_CACHE_DIR is not set
[E 08:16:16 80789] Initialising TRAP cache at path: de/df7c/7cddf554e1f1b245916bc421f74d
[E 08:16:16 80789] Not using TRAP cache
[E 08:16:16 80789] TRAP cache miss
[E 08:16:16 80789] Starting compilation TRAP /Users/jie/Documents/workspace/lcmhalgen/LCMHalTest_DBS/DATABASE_FreeRTOSUART_Hyperterminal_IT/trap/cpp/compilations/41/32389652_0.trap.zst
[E 08:16:16 80789] Archiving /Users/jie/Documents/workspace/lcmhalgen/LCMHalTest_DBS/DATABASE_FreeRTOSUART_Hyperterminal_IT/src/Users/jie/Documents/workspace/lcmhalgen/posixGen_Demos/UART_Hyperterminal_IT/Drivers/STM32F4xx_HAL_Driver/Src/stm32f4xx_hal_i2c.c
[E 08:16:16 80789] Already archived /Users/jie/Documents/workspace/lcmhalgen/LCMHalTest_DBS/DATABASE_FreeRTOSUART_Hyperterminal_IT/src/Users/jie/Documents/workspace/lcmhalgen/posixGen_Demos/UART_Hyperterminal_IT/Drivers/STM32F4xx_HAL_Driver/Inc/stm32f4xx_hal.h
[E 08:16:16 80789] Already archived /Users/jie/Documents/workspace/lcmhalgen/LCMHalTest_DBS/DATABASE_FreeRTOSUART_Hyperterminal_IT/src/Users/jie/Documents/workspace/lcmhalgen/posixGen_Demos/UART_Hyperterminal_IT/Inc/stm32f4xx_hal_conf.h
[E 08:16:16 80789] Already archived /Users/jie/Documents/workspace/lcmhalgen/LCMHalTest_DBS/DATABASE_FreeRTOSUART_Hyperterminal_IT/src/Users/jie/Documents/workspace/lcmhalgen/posixGen_Demos/UART_Hyperterminal_IT/Drivers/STM32F4xx_HAL_Driver/Inc/stm32f4xx_hal_rcc.h
[E 08:16:16 80789] Already archived /Users/jie/Documents/workspace/lcmhalgen/LCMHalTest_DBS/DATABASE_FreeRTOSUART_Hyperterminal_IT/src/Users/jie/Documents/workspace/lcmhalgen/posixGen_Demos/UART_Hyperterminal_IT/Drivers/STM32F4xx_HAL_Driver/Inc/stm32f4xx_hal_def.h
[E 08:16:16 80789] Already archived /Users/jie/Documents/workspace/lcmhalgen/LCMHalTest_DBS/DATABASE_FreeRTOSUART_Hyperterminal_IT/src/Users/jie/Documents/workspace/lcmhalgen/posixGen_Demos/UART_Hyperterminal_IT/Drivers/CMSIS/Device/ST/STM32F4xx/Include/stm32f4xx.h
[E 08:16:16 80789] Already archived /Users/jie/Documents/workspace/lcmhalgen/LCMHalTest_DBS/DATABASE_FreeRTOSUART_Hyperterminal_IT/src/Users/jie/Documents/workspace/lcmhalgen/posixGen_Demos/UART_Hyperterminal_IT/Drivers/CMSIS/Device/ST/STM32F4xx/Include/stm32f407xx.h
[E 08:16:16 80789] Already archived /Users/jie/Documents/workspace/lcmhalgen/LCMHalTest_DBS/DATABASE_FreeRTOSUART_Hyperterminal_IT/src/Users/jie/Documents/workspace/lcmhalgen/posixGen_Demos/UART_Hyperterminal_IT/Drivers/CMSIS/Include/core_cm4.h
[E 08:16:16 80789] Already archived /Users/jie/Documents/workspace/lcmhalgen/LCMHalTest_DBS/DATABASE_FreeRTOSUART_Hyperterminal_IT/src/Users/jie/Documents/arm-gnu-toolchain-14.3.rel1-darwin-arm64-arm-none-eabi/lib/gcc/arm-none-eabi/14.3.1/include/stdint.h
[E 08:16:16 80789] Already archived /Users/jie/Documents/workspace/lcmhalgen/LCMHalTest_DBS/DATABASE_FreeRTOSUART_Hyperterminal_IT/src/Users/jie/Documents/arm-gnu-toolchain-14.3.rel1-darwin-arm64-arm-none-eabi/arm-none-eabi/include/stdint.h
[E 08:16:16 80789] Already archived /Users/jie/Documents/workspace/lcmhalgen/LCMHalTest_DBS/DATABASE_FreeRTOSUART_Hyperterminal_IT/src/Users/jie/Documents/arm-gnu-toolchain-14.3.rel1-darwin-arm64-arm-none-eabi/arm-none-eabi/include/machine/_default_types.h
[E 08:16:16 80789] Already archived /Users/jie/Documents/workspace/lcmhalgen/LCMHalTest_DBS/DATABASE_FreeRTOSUART_Hyperterminal_IT/src/Users/jie/Documents/arm-gnu-toolchain-14.3.rel1-darwin-arm64-arm-none-eabi/arm-none-eabi/include/sys/features.h
[E 08:16:16 80789] Already archived /Users/jie/Documents/workspace/lcmhalgen/LCMHalTest_DBS/DATABASE_FreeRTOSUART_Hyperterminal_IT/src/Users/jie/Documents/arm-gnu-toolchain-14.3.rel1-darwin-arm64-arm-none-eabi/arm-none-eabi/include/_newlib_version.h
[E 08:16:16 80789] Already archived /Users/jie/Documents/workspace/lcmhalgen/LCMHalTest_DBS/DATABASE_FreeRTOSUART_Hyperterminal_IT/src/Users/jie/Documents/arm-gnu-toolchain-14.3.rel1-darwin-arm64-arm-none-eabi/arm-none-eabi/include/sys/_intsup.h
[E 08:16:16 80789] Already archived /Users/jie/Documents/workspace/lcmhalgen/LCMHalTest_DBS/DATABASE_FreeRTOSUART_Hyperterminal_IT/src/Users/jie/Documents/arm-gnu-toolchain-14.3.rel1-darwin-arm64-arm-none-eabi/arm-none-eabi/include/sys/_stdint.h
[E 08:16:16 80789] Already archived /Users/jie/Documents/workspace/lcmhalgen/LCMHalTest_DBS/DATABASE_FreeRTOSUART_Hyperterminal_IT/src/Users/jie/Documents/workspace/lcmhalgen/posixGen_Demos/UART_Hyperterminal_IT/Drivers/CMSIS/Include/cmsis_version.h
[E 08:16:16 80789] Already archived /Users/jie/Documents/workspace/lcmhalgen/LCMHalTest_DBS/DATABASE_FreeRTOSUART_Hyperterminal_IT/src/Users/jie/Documents/workspace/lcmhalgen/posixGen_Demos/UART_Hyperterminal_IT/Drivers/CMSIS/Include/cmsis_compiler.h
[E 08:16:16 80789] Already archived /Users/jie/Documents/workspace/lcmhalgen/LCMHalTest_DBS/DATABASE_FreeRTOSUART_Hyperterminal_IT/src/Users/jie/Documents/workspace/lcmhalgen/posixGen_Demos/UART_Hyperterminal_IT/Drivers/CMSIS/Include/cmsis_gcc.h
[E 08:16:16 80789] Already archived /Users/jie/Documents/workspace/lcmhalgen/LCMHalTest_DBS/DATABASE_FreeRTOSUART_Hyperterminal_IT/src/Users/jie/Documents/workspace/lcmhalgen/posixGen_Demos/UART_Hyperterminal_IT/Drivers/CMSIS/Include/mpu_armv7.h
[E 08:16:16 80789] Already archived /Users/jie/Documents/workspace/lcmhalgen/LCMHalTest_DBS/DATABASE_FreeRTOSUART_Hyperterminal_IT/src/Users/jie/Documents/workspace/lcmhalgen/posixGen_Demos/UART_Hyperterminal_IT/Drivers/CMSIS/Device/ST/STM32F4xx/Include/system_stm32f4xx.h
[E 08:16:16 80789] Already archived /Users/jie/Documents/workspace/lcmhalgen/LCMHalTest_DBS/DATABASE_FreeRTOSUART_Hyperterminal_IT/src/Users/jie/Documents/workspace/lcmhalgen/posixGen_Demos/UART_Hyperterminal_IT/Drivers/STM32F4xx_HAL_Driver/Inc/stm32f4xx_hal.h
[E 08:16:16 80789] Already archived /Users/jie/Documents/workspace/lcmhalgen/LCMHalTest_DBS/DATABASE_FreeRTOSUART_Hyperterminal_IT/src/Users/jie/Documents/workspace/lcmhalgen/posixGen_Demos/UART_Hyperterminal_IT/Drivers/STM32F4xx_HAL_Driver/Inc/Legacy/stm32_hal_legacy.h
[E 08:16:16 80789] Already archived /Users/jie/Documents/workspace/lcmhalgen/LCMHalTest_DBS/DATABASE_FreeRTOSUART_Hyperterminal_IT/src/Users/jie/Documents/arm-gnu-toolchain-14.3.rel1-darwin-arm64-arm-none-eabi/lib/gcc/arm-none-eabi/14.3.1/include/stddef.h
[E 08:16:16 80789] Already archived /Users/jie/Documents/workspace/lcmhalgen/LCMHalTest_DBS/DATABASE_FreeRTOSUART_Hyperterminal_IT/src/Users/jie/Documents/workspace/lcmhalgen/posixGen_Demos/UART_Hyperterminal_IT/Drivers/STM32F4xx_HAL_Driver/Inc/stm32f4xx_hal_rcc_ex.h
[E 08:16:16 80789] Already archived /Users/jie/Documents/workspace/lcmhalgen/LCMHalTest_DBS/DATABASE_FreeRTOSUART_Hyperterminal_IT/src/Users/jie/Documents/workspace/lcmhalgen/posixGen_Demos/UART_Hyperterminal_IT/Drivers/STM32F4xx_HAL_Driver/Inc/stm32f4xx_hal_gpio.h
[E 08:16:16 80789] Already archived /Users/jie/Documents/workspace/lcmhalgen/LCMHalTest_DBS/DATABASE_FreeRTOSUART_Hyperterminal_IT/src/Users/jie/Documents/workspace/lcmhalgen/posixGen_Demos/UART_Hyperterminal_IT/Drivers/STM32F4xx_HAL_Driver/Inc/stm32f4xx_hal_gpio_ex.h
[E 08:16:16 80789] Already archived /Users/jie/Documents/workspace/lcmhalgen/LCMHalTest_DBS/DATABASE_FreeRTOSUART_Hyperterminal_IT/src/Users/jie/Documents/workspace/lcmhalgen/posixGen_Demos/UART_Hyperterminal_IT/Drivers/STM32F4xx_HAL_Driver/Inc/stm32f4xx_hal_dma.h
[E 08:16:16 80789] Already archived /Users/jie/Documents/workspace/lcmhalgen/LCMHalTest_DBS/DATABASE_FreeRTOSUART_Hyperterminal_IT/src/Users/jie/Documents/workspace/lcmhalgen/posixGen_Demos/UART_Hyperterminal_IT/Drivers/STM32F4xx_HAL_Driver/Inc/stm32f4xx_hal_dma_ex.h
[E 08:16:16 80789] Already archived /Users/jie/Documents/workspace/lcmhalgen/LCMHalTest_DBS/DATABASE_FreeRTOSUART_Hyperterminal_IT/src/Users/jie/Documents/workspace/lcmhalgen/posixGen_Demos/UART_Hyperterminal_IT/Drivers/STM32F4xx_HAL_Driver/Inc/stm32f4xx_hal_cortex.h
[E 08:16:16 80789] Already archived /Users/jie/Documents/workspace/lcmhalgen/LCMHalTest_DBS/DATABASE_FreeRTOSUART_Hyperterminal_IT/src/Users/jie/Documents/workspace/lcmhalgen/posixGen_Demos/UART_Hyperterminal_IT/Drivers/STM32F4xx_HAL_Driver/Inc/stm32f4xx_hal_flash.h
[E 08:16:16 80789] Already archived /Users/jie/Documents/workspace/lcmhalgen/LCMHalTest_DBS/DATABASE_FreeRTOSUART_Hyperterminal_IT/src/Users/jie/Documents/workspace/lcmhalgen/posixGen_Demos/UART_Hyperterminal_IT/Drivers/STM32F4xx_HAL_Driver/Inc/stm32f4xx_hal_flash_ex.h
[E 08:16:16 80789] Already archived /Users/jie/Documents/workspace/lcmhalgen/LCMHalTest_DBS/DATABASE_FreeRTOSUART_Hyperterminal_IT/src/Users/jie/Documents/workspace/lcmhalgen/posixGen_Demos/UART_Hyperterminal_IT/Drivers/STM32F4xx_HAL_Driver/Inc/stm32f4xx_hal_flash_ramfunc.h
[E 08:16:16 80789] Already archived /Users/jie/Documents/workspace/lcmhalgen/LCMHalTest_DBS/DATABASE_FreeRTOSUART_Hyperterminal_IT/src/Users/jie/Documents/workspace/lcmhalgen/posixGen_Demos/UART_Hyperterminal_IT/Drivers/STM32F4xx_HAL_Driver/Inc/stm32f4xx_hal_sram.h
[E 08:16:16 80789] Already archived /Users/jie/Documents/workspace/lcmhalgen/LCMHalTest_DBS/DATABASE_FreeRTOSUART_Hyperterminal_IT/src/Users/jie/Documents/workspace/lcmhalgen/posixGen_Demos/UART_Hyperterminal_IT/Drivers/STM32F4xx_HAL_Driver/Inc/stm32f4xx_ll_fsmc.h
[E 08:16:16 80789] Already archived /Users/jie/Documents/workspace/lcmhalgen/LCMHalTest_DBS/DATABASE_FreeRTOSUART_Hyperterminal_IT/src/Users/jie/Documents/workspace/lcmhalgen/posixGen_Demos/UART_Hyperterminal_IT/Drivers/STM32F4xx_HAL_Driver/Inc/stm32f4xx_hal_i2c.h
[E 08:16:16 80789] Already archived /Users/jie/Documents/workspace/lcmhalgen/LCMHalTest_DBS/DATABASE_FreeRTOSUART_Hyperterminal_IT/src/Users/jie/Documents/workspace/lcmhalgen/posixGen_Demos/UART_Hyperterminal_IT/Drivers/STM32F4xx_HAL_Driver/Inc/stm32f4xx_hal_i2c_ex.h
[E 08:16:16 80789] Already archived /Users/jie/Documents/workspace/lcmhalgen/LCMHalTest_DBS/DATABASE_FreeRTOSUART_Hyperterminal_IT/src/Users/jie/Documents/workspace/lcmhalgen/posixGen_Demos/UART_Hyperterminal_IT/Drivers/STM32F4xx_HAL_Driver/Inc/stm32f4xx_hal_pwr.h
[E 08:16:16 80789] Already archived /Users/jie/Documents/workspace/lcmhalgen/LCMHalTest_DBS/DATABASE_FreeRTOSUART_Hyperterminal_IT/src/Users/jie/Documents/workspace/lcmhalgen/posixGen_Demos/UART_Hyperterminal_IT/Drivers/STM32F4xx_HAL_Driver/Inc/stm32f4xx_hal_pwr_ex.h
[E 08:16:16 80789] Already archived /Users/jie/Documents/workspace/lcmhalgen/LCMHalTest_DBS/DATABASE_FreeRTOSUART_Hyperterminal_IT/src/Users/jie/Documents/workspace/lcmhalgen/posixGen_Demos/UART_Hyperterminal_IT/Drivers/STM32F4xx_HAL_Driver/Inc/stm32f4xx_hal_uart.h
[E 08:16:16 80789] Creating trap tarball /Users/jie/Documents/workspace/lcmhalgen/LCMHalTest_DBS/DATABASE_FreeRTOSUART_Hyperterminal_IT/trap/cpp/tarballs/Users/jie/Documents/workspace/lcmhalgen/posixGen_Demos/UART_Hyperterminal_IT/Drivers/STM32F4xx_HAL_Driver/Src/stm32f4xx_hal_i2c.c.38792995_0.trap.tar.zst
[E 08:16:16 80789] Emitting trap files for ../../Drivers/STM32F4xx_HAL_Driver/Src/stm32f4xx_hal_i2c.c
[E 08:16:16 80789] Opening existencedb in /Users/jie/Documents/workspace/lcmhalgen/LCMHalTest_DBS/DATABASE_FreeRTOSUART_Hyperterminal_IT/working/existencedb/db
[E 08:16:17 80789] Wrote 1 files to /Users/jie/Documents/workspace/lcmhalgen/LCMHalTest_DBS/DATABASE_FreeRTOSUART_Hyperterminal_IT/trap/cpp/tarballs/Users/jie/Documents/workspace/lcmhalgen/posixGen_Demos/UART_Hyperterminal_IT/Drivers/STM32F4xx_HAL_Driver/Src/stm32f4xx_hal_i2c.c.38792995_0.trap.tar.zst
[E 08:16:17 80789] Finished compilation TRAP /Users/jie/Documents/workspace/lcmhalgen/LCMHalTest_DBS/DATABASE_FreeRTOSUART_Hyperterminal_IT/trap/cpp/compilations/41/32389652_0.trap.zst
[E 08:16:17 80789] Marking C compilation as happened.
[E 08:16:17 80789] Setting tag c-compilation-happened
[E 08:16:17 80789] Starting from CODEQL_TRACER_DB_ID 0000000000013B8D_0000000000000001
[E 08:16:17 80789] Locking DB /Users/jie/Documents/workspace/lcmhalgen/LCMHalTest_DBS/DATABASE_FreeRTOSUART_Hyperterminal_IT/working/tags.db
[E 08:16:17 80789] Locked DB /Users/jie/Documents/workspace/lcmhalgen/LCMHalTest_DBS/DATABASE_FreeRTOSUART_Hyperterminal_IT/working/tags.db
[E 08:16:17 80789] Set tag for 0000000000013B8D_0000000000000001
[E 08:16:17 80789] Set tag for 0000000000013B82_0000000000000003
[E 08:16:17 80789] Set tag for 0000000000013B82_0000000000000002
[E 08:16:17 80789] Set tag for 0000000000013B82_0000000000000001
[E 08:16:17 80789] Set tag for 0000000000013827_0000000000000002
[E 08:16:17 80789] Set tag for 0000000000013827_0000000000000001
[E 08:16:17 80789] Set tag for 00000000000137DE_0000000000000003
[E 08:16:17 80789] Set tag for 00000000000137DE_0000000000000002
[E 08:16:17 80789] Set tag for root
[E 08:16:17 80789] Unlocking DB
[E 08:16:17 80789] Unlocked DB
[E 08:16:17 80789] Extractor exited successfully
[T 08:16:17 80781] Extractor /opt/homebrew/Caskroom/codeql/2.23.0/codeql/cpp/tools/osx64/extractor terminated with exit code 0.
[T 08:16:17 80808] Initializing tracer.
[T 08:16:17 80808] Initializing tags.
[T 08:16:17 80808] ID set to 0000000000013BA8_0000000000000001 (parent 0000000000013B82_0000000000000003)
[T 08:16:17 80808] ==== Candidate to intercept: /Users/jie/Documents/arm-gnu-toolchain-14.3.rel1-darwin-arm64-arm-none-eabi/bin/../lib/gcc/arm-none-eabi/14.3.1/../../../../arm-none-eabi/bin/as (canonical: /Users/jie/Documents/arm-gnu-toolchain-14.3.rel1-darwin-arm64-arm-none-eabi/arm-none-eabi/bin/as) ====
[T 08:16:17 80808] Lua: === Intercepted call to /users/jie/documents/arm-gnu-toolchain-14.3.rel1-darwin-arm64-arm-none-eabi/arm-none-eabi/bin/as ===
[T 08:16:17 80808] Executing the following tracer actions:
[T 08:16:17 80808] Tracer actions:
[T 08:16:17 80808] pre_invocations(0)
[T 08:16:17 80808] post_invocations(1)
[T 08:16:17 80808] invocation: /opt/homebrew/Caskroom/codeql/2.23.0/codeql/cpp/tools/osx64/extractor, args: [--assembler, --codeql-assembler-executable, /users/jie/documents/arm-gnu-toolchain-14.3.rel1-darwin-arm64-arm-none-eabi/arm-none-eabi/bin/as, -I, ../../Inc, -I, ../../Drivers/CMSIS/Device/ST/STM32F4xx/Include, -I, ../../Drivers/STM32F4xx_HAL_Driver/Inc, -I, ../../Drivers/BSP/STM324xG_EVAL, -I, ../../Drivers/CMSIS/Include, -march=armv7e-m+fp, -mfloat-abi=hard, -mfpu=fpv4-sp-d16, -meabi=5, -o, Drivers/STM32F4xx_HAL_Driver/stm32f4xx_hal_i2c.o, /var/folders/b3/0hb7dhg16rd56bpwtd8bcnyc0000gn/T//ccfbGqNB.s]
[T 08:16:17 80808] trace_languages(1): [cpp]
[T 08:16:17 80810] Attempting to switch stdout/stderr to 4...
[T 08:16:17 80810] Initializing tracer.
[T 08:16:17 80810] Initializing tags.
[T 08:16:17 80810] ID set to 0000000000013BAA_0000000000000001 (parent 0000000000013BA8_0000000000000001)
[E 08:16:17 80810] CodeQL C/C++ Extractor 2.23.0
[E 08:16:17 80810] Current directory: /Users/jie/Documents/workspace/lcmhalgen/posixGen_Demos/UART_Hyperterminal_IT/STM32CubeIDE/Release
[E 08:16:17 80810] Command: /opt/homebrew/Caskroom/codeql/2.23.0/codeql/cpp/tools/osx64/extractor --assembler --codeql-assembler-executable /users/jie/documents/arm-gnu-toolchain-14.3.rel1-darwin-arm64-arm-none-eabi/arm-none-eabi/bin/as -I ../../Inc -I ../../Drivers/CMSIS/Device/ST/STM32F4xx/Include -I ../../Drivers/STM32F4xx_HAL_Driver/Inc -I ../../Drivers/BSP/STM324xG_EVAL -I ../../Drivers/CMSIS/Include '-march=armv7e-m+fp' -mfloat-abi=hard -mfpu=fpv4-sp-d16 -meabi=5 -o Drivers/STM32F4xx_HAL_Driver/stm32f4xx_hal_i2c.o /var/folders/b3/0hb7dhg16rd56bpwtd8bcnyc0000gn/T//ccfbGqNB.s
[E 08:16:17 80810] Extractor exited after mimicking assembler
[T 08:16:17 80808] Extractor /opt/homebrew/Caskroom/codeql/2.23.0/codeql/cpp/tools/osx64/extractor terminated with exit code 0.
[T 08:16:17 80811] Attempting to switch stdout/stderr to 4...
[T 08:16:17 80811] Initializing tracer.
[T 08:16:17 80811] Initializing tags.
[T 08:16:17 80811] ID set to 0000000000013BAB_0000000000000001 (parent 0000000000013B82_0000000000000003)
[E 08:16:17 80811] CodeQL C/C++ Extractor 2.23.0
[E 08:16:17 80811] Current directory: /Users/jie/Documents/workspace/lcmhalgen/posixGen_Demos/UART_Hyperterminal_IT/STM32CubeIDE/Release
[E 08:16:17 80811] Command: /opt/homebrew/Caskroom/codeql/2.23.0/codeql/cpp/tools/osx64/extractor --mimic /users/jie/documents/arm-gnu-toolchain-14.3.rel1-darwin-arm64-arm-none-eabi/bin/arm-none-eabi-gcc ../../Drivers/STM32F4xx_HAL_Driver/Src/stm32f4xx_hal_i2c.c -mcpu=cortex-m4 -std=gnu11 -DUSE_STM324xG_EVAL -DSTM32F407xx -DUSE_HAL_DRIVER -c -I../../Inc -I../../Drivers/CMSIS/Device/ST/STM32F4xx/Include -I../../Drivers/STM32F4xx_HAL_Driver/Inc -I../../Drivers/BSP/STM324xG_EVAL -I../../Drivers/CMSIS/Include -Os -ffunction-sections -fdata-sections -Wall -fstack-usage -MMD -MP -MFDrivers/STM32F4xx_HAL_Driver/stm32f4xx_hal_i2c.d -MTDrivers/STM32F4xx_HAL_Driver/stm32f4xx_hal_i2c.o --specs=nano.specs -mfpu=fpv4-sp-d16 -mfloat-abi=hard -mthumb -o Drivers/STM32F4xx_HAL_Driver/stm32f4xx_hal_i2c.o
[E 08:16:17 80811] Warning: Unrecognized command line argument --specs=nano.specs
[E 08:16:17 80811] Checking whether C compilation already happened.
[E 08:16:17 80811] Checking for tag c-compilation-happened
[E 08:16:17 80811] Checking CODEQL_TRACER_DB_ID 0000000000013B82_0000000000000003
[E 08:16:17 80811] Locking DB /Users/jie/Documents/workspace/lcmhalgen/LCMHalTest_DBS/DATABASE_FreeRTOSUART_Hyperterminal_IT/working/tags.db
[E 08:16:17 80811] Locked DB /Users/jie/Documents/workspace/lcmhalgen/LCMHalTest_DBS/DATABASE_FreeRTOSUART_Hyperterminal_IT/working/tags.db
[E 08:16:17 80811] Unlocking DB
[E 08:16:17 80811] Unlocked DB
[E 08:16:17 80811] Exiting as C compilation already happened.
[T 08:16:17 80770] Extractor /opt/homebrew/Caskroom/codeql/2.23.0/codeql/cpp/tools/osx64/extractor terminated with exit code 0.
[T 08:16:17 80812] Initializing tracer.
[T 08:16:17 80812] Initializing tags.
[T 08:16:17 80812] ID set to 0000000000013BAC_0000000000000001 (parent 0000000000013827_0000000000000002)
[T 08:16:17 80812] ==== Candidate to intercept: /bin/sh (canonical: /bin/sh) ====
[T 08:16:17 80812] Executing the following tracer actions:
[T 08:16:17 80812] Tracer actions:
[T 08:16:17 80812] pre_invocations(0)
[T 08:16:17 80812] post_invocations(0)
[T 08:16:17 80812] trace_languages(1): [cpp]
[T 08:16:17 80812] Initializing tracer.
[T 08:16:17 80812] Initializing tags.
[T 08:16:17 80812] ID set to 0000000000013BAC_0000000000000002 (parent 0000000000013BAC_0000000000000001)
[T 08:16:17 80812] ==== Candidate to intercept: /bin/bash (canonical: /bin/bash) ====
[T 08:16:17 80812] Executing the following tracer actions:
[T 08:16:17 80812] Tracer actions:
[T 08:16:17 80812] pre_invocations(0)
[T 08:16:17 80812] post_invocations(0)
[T 08:16:17 80812] trace_languages(1): [cpp]
[T 08:16:17 80812] Initializing tracer.
[T 08:16:17 80812] Initializing tags.
[T 08:16:17 80812] ID set to 0000000000013BAC_0000000000000003 (parent 0000000000013BAC_0000000000000002)
[T 08:16:17 80812] ==== Candidate to intercept: /Users/jie/Documents/arm-gnu-toolchain-14.3.rel1-darwin-arm64-arm-none-eabi/bin/arm-none-eabi-gcc (canonical: /Users/jie/Documents/arm-gnu-toolchain-14.3.rel1-darwin-arm64-arm-none-eabi/bin/arm-none-eabi-gcc) ====
[T 08:16:17 80812] Lua: === Intercepted call to /users/jie/documents/arm-gnu-toolchain-14.3.rel1-darwin-arm64-arm-none-eabi/bin/arm-none-eabi-gcc ===
[T 08:16:17 80812] Executing the following tracer actions:
[T 08:16:17 80812] Tracer actions:
[T 08:16:17 80812] pre_invocations(0)
[T 08:16:17 80812] post_invocations(1)
[T 08:16:17 80812] invocation: /opt/homebrew/Caskroom/codeql/2.23.0/codeql/cpp/tools/osx64/extractor, args: [--mimic, /users/jie/documents/arm-gnu-toolchain-14.3.rel1-darwin-arm64-arm-none-eabi/bin/arm-none-eabi-gcc, ../../Drivers/STM32F4xx_HAL_Driver/Src/stm32f4xx_hal_rcc.c, -mcpu=cortex-m4, -std=gnu11, -DUSE_STM324xG_EVAL, -DSTM32F407xx, -DUSE_HAL_DRIVER, -c, -I../../Inc, -I../../Drivers/CMSIS/Device/ST/STM32F4xx/Include, -I../../Drivers/STM32F4xx_HAL_Driver/Inc, -I../../Drivers/BSP/STM324xG_EVAL, -I../../Drivers/CMSIS/Include, -Os, -ffunction-sections, -fdata-sections, -Wall, -fstack-usage, -MMD, -MP, -MFDrivers/STM32F4xx_HAL_Driver/stm32f4xx_hal_rcc.d, -MTDrivers/STM32F4xx_HAL_Driver/stm32f4xx_hal_rcc.o, --specs=nano.specs, -mfpu=fpv4-sp-d16, -mfloat-abi=hard, -mthumb, -o, Drivers/STM32F4xx_HAL_Driver/stm32f4xx_hal_rcc.o]
[T 08:16:17 80812] trace_languages(1): [cpp]
[T 08:16:17 80814] Initializing tracer.
[T 08:16:17 80814] Initializing tags.
[T 08:16:17 80814] ID set to 0000000000013BAE_0000000000000001 (parent 0000000000013BAC_0000000000000003)
[T 08:16:17 80814] ==== Candidate to intercept: /Users/jie/Documents/arm-gnu-toolchain-14.3.rel1-darwin-arm64-arm-none-eabi/bin/../libexec/gcc/arm-none-eabi/14.3.1/cc1 (canonical: /Users/jie/Documents/arm-gnu-toolchain-14.3.rel1-darwin-arm64-arm-none-eabi/libexec/gcc/arm-none-eabi/14.3.1/cc1) ====
[T 08:16:17 80814] Lua: === Intercepted call to /users/jie/documents/arm-gnu-toolchain-14.3.rel1-darwin-arm64-arm-none-eabi/libexec/gcc/arm-none-eabi/14.3.1/cc1 ===
[T 08:16:17 80814] Executing the following tracer actions:
[T 08:16:17 80814] Tracer actions:
[T 08:16:17 80814] pre_invocations(0)
[T 08:16:17 80814] post_invocations(1)
[T 08:16:17 80814] invocation: /opt/homebrew/Caskroom/codeql/2.23.0/codeql/cpp/tools/osx64/extractor, args: [--mimic, /users/jie/documents/arm-gnu-toolchain-14.3.rel1-darwin-arm64-arm-none-eabi/libexec/gcc/arm-none-eabi/14.3.1/cc1, -isystem, =/include/newlib-nano, -quiet, -I, ../../Inc, -I, ../../Drivers/CMSIS/Device/ST/STM32F4xx/Include, -I, ../../Drivers/STM32F4xx_HAL_Driver/Inc, -I, ../../Drivers/BSP/STM324xG_EVAL, -I, ../../Drivers/CMSIS/Include, -imultilib, thumb/v7e-m+fp/hard, -iprefix, /Users/jie/Documents/arm-gnu-toolchain-14.3.rel1-darwin-arm64-arm-none-eabi/bin/../lib/gcc/arm-none-eabi/14.3.1/, -isysroot, /Users/jie/Documents/arm-gnu-toolchain-14.3.rel1-darwin-arm64-arm-none-eabi/bin/../arm-none-eabi, -MMD, Drivers/STM32F4xx_HAL_Driver/stm32f4xx_hal_rcc.d, -MF, Drivers/STM32F4xx_HAL_Driver/stm32f4xx_hal_rcc.d, -MP, -MT, Drivers/STM32F4xx_HAL_Driver/stm32f4xx_hal_rcc.o, -D__USES_INITFINI__, -D, USE_STM324xG_EVAL, -D, STM32F407xx, -D, USE_HAL_DRIVER, ../../Drivers/STM32F4xx_HAL_Driver/Src/stm32f4xx_hal_rcc.c, -quiet, -dumpdir, Drivers/STM32F4xx_HAL_Driver/, -dumpbase, stm32f4xx_hal_rcc.c, -dumpbase-ext, .c, -mcpu=cortex-m4, -mfpu=fpv4-sp-d16, -mfloat-abi=hard, -mthumb, -mlibarch=armv7e-m+fp, -march=armv7e-m+fp, -Os, -Wall, -std=gnu11, -ffunction-sections, -fdata-sections, -fstack-usage, -o, /var/folders/b3/0hb7dhg16rd56bpwtd8bcnyc0000gn/T//ccr3073e.s]
[T 08:16:17 80814] trace_languages(1): [cpp]
[T 08:16:17 80816] Attempting to switch stdout/stderr to 4...
[T 08:16:17 80816] Initializing tracer.
[T 08:16:17 80816] Initializing tags.
[T 08:16:17 80816] ID set to 0000000000013BB0_0000000000000001 (parent 0000000000013BAE_0000000000000001)
[E 08:16:17 80816] CodeQL C/C++ Extractor 2.23.0
[E 08:16:17 80816] Current directory: /Users/jie/Documents/workspace/lcmhalgen/posixGen_Demos/UART_Hyperterminal_IT/STM32CubeIDE/Release
[E 08:16:17 80816] Command: /opt/homebrew/Caskroom/codeql/2.23.0/codeql/cpp/tools/osx64/extractor --mimic /users/jie/documents/arm-gnu-toolchain-14.3.rel1-darwin-arm64-arm-none-eabi/libexec/gcc/arm-none-eabi/14.3.1/cc1 -isystem '=/include/newlib-nano' -quiet -I ../../Inc -I ../../Drivers/CMSIS/Device/ST/STM32F4xx/Include -I ../../Drivers/STM32F4xx_HAL_Driver/Inc -I ../../Drivers/BSP/STM324xG_EVAL -I ../../Drivers/CMSIS/Include -imultilib 'thumb/v7e-m+fp/hard' -iprefix /Users/jie/Documents/arm-gnu-toolchain-14.3.rel1-darwin-arm64-arm-none-eabi/bin/../lib/gcc/arm-none-eabi/14.3.1/ -isysroot /Users/jie/Documents/arm-gnu-toolchain-14.3.rel1-darwin-arm64-arm-none-eabi/bin/../arm-none-eabi -MMD Drivers/STM32F4xx_HAL_Driver/stm32f4xx_hal_rcc.d -MF Drivers/STM32F4xx_HAL_Driver/stm32f4xx_hal_rcc.d -MP -MT Drivers/STM32F4xx_HAL_Driver/stm32f4xx_hal_rcc.o -D__USES_INITFINI__ -D USE_STM324xG_EVAL -D STM32F407xx -D USE_HAL_DRIVER ../../Drivers/STM32F4xx_HAL_Driver/Src/stm32f4xx_hal_rcc.c -quiet -dumpdir Drivers/STM32F4xx_HAL_Driver/ -dumpbase stm32f4xx_hal_rcc.c -dumpbase-ext .c -mcpu=cortex-m4 -mfpu=fpv4-sp-d16 -mfloat-abi=hard -mthumb '-mlibarch=armv7e-m+fp' '-march=armv7e-m+fp' -Os -Wall -std=gnu11 -ffunction-sections -fdata-sections -fstack-usage -o /var/folders/b3/0hb7dhg16rd56bpwtd8bcnyc0000gn/T//ccr3073e.s
[E 08:16:17 80816] Checking whether C compilation already happened.
[E 08:16:17 80816] Checking for tag c-compilation-happened
[E 08:16:17 80816] Checking CODEQL_TRACER_DB_ID 0000000000013BAE_0000000000000001
[E 08:16:17 80816] Locking DB /Users/jie/Documents/workspace/lcmhalgen/LCMHalTest_DBS/DATABASE_FreeRTOSUART_Hyperterminal_IT/working/tags.db
[E 08:16:17 80816] Locked DB /Users/jie/Documents/workspace/lcmhalgen/LCMHalTest_DBS/DATABASE_FreeRTOSUART_Hyperterminal_IT/working/tags.db
[E 08:16:17 80816] Unlocking DB
[E 08:16:17 80816] Unlocked DB
[E 08:16:17 80816] Looks like C compilation didn't already happen.
[E 08:16:17 80816] Checking whether C compilation has been attempted.
[E 08:16:17 80816] Checking for tag c-compilation-attempted
[E 08:16:17 80816] Checking CODEQL_TRACER_DB_ID 0000000000013BAE_0000000000000001
[E 08:16:17 80816] Locking DB /Users/jie/Documents/workspace/lcmhalgen/LCMHalTest_DBS/DATABASE_FreeRTOSUART_Hyperterminal_IT/working/tags.db
[E 08:16:17 80816] Locked DB /Users/jie/Documents/workspace/lcmhalgen/LCMHalTest_DBS/DATABASE_FreeRTOSUART_Hyperterminal_IT/working/tags.db
[E 08:16:17 80816] Unlocking DB
[E 08:16:17 80816] Unlocked DB
[E 08:16:17 80816] Marking C compilation as attempted.
[E 08:16:17 80816] Setting tag c-compilation-attempted
[E 08:16:17 80816] Starting from CODEQL_TRACER_DB_ID 0000000000013BAE_0000000000000001
[E 08:16:17 80816] Locking DB /Users/jie/Documents/workspace/lcmhalgen/LCMHalTest_DBS/DATABASE_FreeRTOSUART_Hyperterminal_IT/working/tags.db
[E 08:16:17 80816] Locked DB /Users/jie/Documents/workspace/lcmhalgen/LCMHalTest_DBS/DATABASE_FreeRTOSUART_Hyperterminal_IT/working/tags.db
[E 08:16:17 80816] Set tag for 0000000000013BAE_0000000000000001
[E 08:16:17 80816] Set tag for 0000000000013BAC_0000000000000003
[E 08:16:17 80816] Set tag for 0000000000013BAC_0000000000000002
[E 08:16:17 80816] Set tag for 0000000000013BAC_0000000000000001
[E 08:16:17 80816] Set tag for 0000000000013827_0000000000000002
[E 08:16:17 80816] Set tag for 0000000000013827_0000000000000001
[E 08:16:17 80816] Set tag for 00000000000137DE_0000000000000003
[E 08:16:17 80816] Set tag for 00000000000137DE_0000000000000002
[E 08:16:17 80816] Set tag for root
[E 08:16:17 80816] Unlocking DB
[E 08:16:17 80816] Unlocked DB
[E 08:16:17 80816] Processed command line: /opt/homebrew/Caskroom/codeql/2.23.0/codeql/cpp/tools/osx64/extractor --trapfolder /Users/jie/Documents/workspace/lcmhalgen/LCMHalTest_DBS/DATABASE_FreeRTOSUART_Hyperterminal_IT/trap/cpp --src_archive /Users/jie/Documents/workspace/lcmhalgen/LCMHalTest_DBS/DATABASE_FreeRTOSUART_Hyperterminal_IT/src --object_filename /var/folders/b3/0hb7dhg16rd56bpwtd8bcnyc0000gn/T//ccr3073e.s --no_warnings_and_discretionary_errors --error_limit 1000 --disable_system_macros --variadic_macros --incognito --c11 --gcc --gnu_version 140301 --target linux_i686 '-D__DBL_MIN_EXP__=(-1021)' -D__HQ_FBIT__=15 -D__UINT_LEAST16_MAX__=0xffff -D__ARM_SIZEOF_WCHAR_T=4 -D__WCHAR_MAX__=0xffffffffU -D__SFRACT_IBIT__=0 -D__ULFRACT_MIN__=0.0ULR -D__FLT_MIN__=1.1754943508222875e-38F -D__GCC_IEC_559_COMPLEX=0 -D__SIZEOF_LONG__=4 -D__UFRACT_MAX__=0XFFFFP-16UR '-D__UINT_LEAST8_TYPE__=unsigned char' -D__FLT_MAX_EXP__=128 -D__DQ_FBIT__=63 '-D__INTMAX_C(c)=c ## LL' -D__ARM_FEATURE_SAT=1 -D__ULFRACT_FBIT__=32 -D__CHAR_BIT__=8 -D__USQ_IBIT__=0 -D__UINT8_MAX__=0xff -D__ACCUM_FBIT__=15 -D__WINT_MAX__=0xffffffffU '-D__FLT32_MIN_EXP__=(-125)' -D__LONG_WIDTH__=32 -D__USFRACT_FBIT__=8 -D__ORDER_LITTLE_ENDIAN__=1234 -D__SIZE_MAX__=0xffffffffU -D__LACCUM_IBIT__=32 -D__GCC_HAVE_SYNC_COMPARE_AND_SWAP_1=1 -D__GCC_HAVE_SYNC_COMPARE_AND_SWAP_2=1 -D__GCC_HAVE_SYNC_COMPARE_AND_SWAP_4=1 '-D__DBL_DENORM_MIN__=((double)4.9406564584124654e-324L)' -D__GCC_ATOMIC_CHAR_LOCK_FREE=2 -D__GCC_IEC_559=0 -D__FLT32X_DECIMAL_DIG__=17 -D__FLT_EVAL_METHOD__=0 -D__TQ_IBIT__=0 -D__LLACCUM_MAX__=0X7FFFFFFFFFFFFFFFP-31LLK -D__FLT32_HAS_INFINITY__=1 -D__FLT64_DECIMAL_DIG__=17 -D__GCC_ATOMIC_CHAR32_T_LOCK_FREE=2 -D__INTPTR_WIDTH__=32 -D__SIG_ATOMIC_TYPE__=int '-D__DBL_MIN_10_EXP__=(-307)' -D__LFRACT_IBIT__=0 -D__FLT32_HAS_DENORM__=1 -D__USA_FBIT__=16 -D__UINT_FAST8_MAX__=0xffffffffU -D__FLT_HAS_QUIET_NAN__=1 '-D__INT8_C(c)=c' -D__INT_LEAST8_WIDTH__=8 -D__UINT_LEAST64_MAX__=0xffffffffffffffffULL -D__SA_FBIT__=15 -D__APCS_32__=1 -D__SHRT_MAX__=0x7fff '-D__LDBL_MAX__=1.7976931348623157e+308L' -D__FRACT_MAX__=0X7FFFP-15R -D__thumb2__=1 -D__LDBL_IS_IEC_60559__=1 -D__UFRACT_FBIT__=16 -D__ARM_FP=4 -D__UFRACT_MIN__=0.0UR -D__UINT_LEAST8_MAX__=0xff -D__GCC_ATOMIC_BOOL_LOCK_FREE=2 '-D__UINTMAX_TYPE__=long long unsigned int' -D__LLFRACT_EPSILON__=0x1P-63LLR -D__FLT_EVAL_METHOD_TS_18661_3__=0 -D__UINT32_MAX__=0xffffffffUL -D__ULFRACT_MAX__=0XFFFFFFFFP-32ULR -D__TA_IBIT__=64 -D__LDBL_MAX_EXP__=1024 -D__WINT_MIN__=0U -D__ARM_ASM_SYNTAX_UNIFIED__=1 -D__FLT32X_IS_IEC_60559__=1 -D__INT_LEAST16_WIDTH__=16 -D__ULLFRACT_MIN__=0.0ULLR -D__SCHAR_MAX__=0x7f -D__WCHAR_MIN__=0U '-D__INT64_C(c)=c ## LL' '-D__UINT16_C(c)=c' -D__GCC_ATOMIC_POINTER_LOCK_FREE=2 -D__ATOMIC_SEQ_CST=5 -D__FLT32X_MAX_EXP__=1024 -D__SIZEOF_INT__=4 -D__FLT32X_MANT_DIG__=53 -D__USACCUM_IBIT__=8 '-D__INT16_TYPE__=short int' -D__FLT_DIG__=6 '-D__LFRACT_MIN__=(-0.5LR-0.5LR)' -D__HA_IBIT__=8 -D__FLT_EPSILON__=1.1920928955078125e-7F -D__SHRT_WIDTH__=16 -D__FLT32_IS_IEC_60559__=1 -D__USFRACT_IBIT__=0 -D__LDBL_MIN__=2.2250738585072014e-308L -D__STDC_UTF_16__=1 '-D__FRACT_MIN__=(-0.5R-0.5R)' -D__DA_IBIT__=32 -D__ARM_SIZEOF_MINIMAL_ENUM=1 -D__FLT32X_HAS_INFINITY__=1 -D__UQQ_FBIT__=8 -D__UACCUM_MAX__=0XFFFFFFFFP-16UK -D__DECIMAL_DIG__=17 -D__LFRACT_EPSILON__=0x1P-31LR -D__FLT64_EPSILON__=2.2204460492503131e-16F64 -D__INT16_MAX__=0x7fff -D__ARM_PCS_VFP=1 -D__LDBL_HAS_QUIET_NAN__=1 -D__ULACCUM_IBIT__=32 -D__ARM_FEATURE_FMA=1 -D__FLT64_MANT_DIG__=53 -D__INT_LEAST16_MAX__=0x7fff -D__UACCUM_EPSILON__=0x1P-16UK -D__ULLACCUM_MAX__=0XFFFFFFFFFFFFFFFFP-32ULLK -D__HQ_IBIT__=0 -D__FLT_HAS_DENORM__=1 -D__SIZEOF_LONG_DOUBLE__=8 -D__SA_IBIT__=16 -D__BIGGEST_ALIGNMENT__=8 -D__ARM_FEATURE_IDIV=1 -D__INTPTR_TYPE__=int '-D__SIZE_TYPE__=unsigned int' -D__FLT64_MAX_10_EXP__=308 -D__DBL_DIG__=15 -D__ULLACCUM_FBIT__=32 -D__DBL_IS_IEC_60559__=1 -D__DQ_IBIT__=0 '-D__DBL_MAX__=((double)1.7976931348623157e+308L)' -D__ULFRACT_IBIT__=0 -D__INT_FAST32_MAX__=0x7fffffff -D__DBL_HAS_INFINITY__=1 -D__HAVE_SPECULATION_SAFE_VALUE=1 -D__ACCUM_IBIT__=16 -D__THUMB_INTERWORK__=1 -D__UINT_LEAST32_MAX__=0xffffffffUL -D__LACCUM_MAX__=0X7FFFFFFFFFFFFFFFP-31LK -D__FLT32X_HAS_DENORM__=1 -D__INT_FAST16_TYPE__=int -D__LDBL_HAS_DENORM__=1 -D__ARM_FEATURE_LDREX=7 -D__FLT32_DECIMAL_DIG__=9 -D__INT_LEAST32_MAX__=0x7fffffffL -D__ACCUM_MAX__=0X7FFFFFFFP-15K -D__DBL_MAX_EXP__=1024 -D__USACCUM_EPSILON__=0x1P-8UHK -D__WCHAR_WIDTH__=32 '-D__FLT32_MAX__=3.4028234663852886e+38F32' -D__SFRACT_MAX__=0X7FP-7HR -D__FRACT_IBIT__=0 -D__PTRDIFF_MAX__=0x7fffffff -D__UACCUM_MIN__=0.0UK -D__UACCUM_IBIT__=16 '-D__LLACCUM_MIN__=(-0X1P31LLK-0X1P31LLK)' -D__FLT32_HAS_QUIET_NAN__=1 -D__LONG_LONG_MAX__=0x7fffffffffffffffLL -D__ULACCUM_MAX__=0XFFFFFFFFFFFFFFFFP-32ULK -D__SIZEOF_WINT_T__=4 -D__ARM_FEATURE_UNALIGNED=1 -D__LONG_LONG_WIDTH__=64 -D__FLT32_MAX_EXP__=128 -D__ULLACCUM_MIN__=0.0ULLK -D__GXX_ABI_VERSION=1019 -D__UTA_FBIT__=64 -D__UFRACT_IBIT__=0 -D__FLT64_IS_IEC_60559__=1 -D__USQ_FBIT__=32 -D__ARM_FEATURE_QBIT=1 '-D__INT_FAST64_TYPE__=long long int' -D__FP_FAST_FMAF=1 -D__FLT64_DENORM_MIN__=4.9406564584124654e-324F64 '-D__DBL_MIN__=((double)2.2250738585072014e-308L)' -D__SIZEOF_POINTER__=4 -D__DBL_HAS_QUIET_NAN__=1 -D__FLT32X_EPSILON__=2.2204460492503131e-16F32x '-D__FLT64_MIN_EXP__=(-1021)' '-D__LACCUM_MIN__=(-0X1P31LK-0X1P31LK)' -D__FRACT_FBIT__=15 '-D__FLT64_MIN_10_EXP__=(-307)' -D__ULLFRACT_EPSILON__=0x1P-64ULLR -D__REGISTER_PREFIX__= -D__UINT16_MAX__=0xffff -D__DBL_HAS_DENORM__=1 '-D__ACCUM_MIN__=(-0X1P15K-0X1P15K)' -D__SQ_IBIT__=0 '-D__UINT8_TYPE__=unsigned char' -D__UHA_FBIT__=8 '-D__SFRACT_MIN__=(-0.5HR-0.5HR)' -D__UTQ_FBIT__=128 -D__DEC_EVAL_METHOD__=2 -D__FLT_MANT_DIG__=24 -D__LDBL_DECIMAL_DIG__=17 '-D__UINT64_C(c)=c ## ULL' -D__FRACT_EPSILON__=0x1P-15R -D__ULACCUM_MIN__=0.0ULK -D__UDA_FBIT__=32 -D__GCC_ATOMIC_INT_LOCK_FREE=2 '-D__FLT_MIN_EXP__=(-125)' -D__FLOAT_WORD_ORDER__=__ORDER_LITTLE_ENDIAN__ -D__USFRACT_MIN__=0.0UHR -D__FLT32_MANT_DIG__=24 -D__ULLFRACT_FBIT__=64 -D__UQQ_IBIT__=0 -D__SCHAR_WIDTH__=8 '-D__INT32_C(c)=c ## L' -D__ORDER_PDP_ENDIAN__=3412 -D__UHQ_FBIT__=16 -D__LLACCUM_FBIT__=31 -D__INT_FAST32_TYPE__=int '-D__UINT_LEAST16_TYPE__=short unsigned int' -D__UINT64_MAX__=0xffffffffffffffffULL -D__FLT_IS_IEC_60559__=1 -D__UDQ_FBIT__=64 -D__UINT_FAST64_MAX__=0xffffffffffffffffULL '-D__GNUC_WIDE_EXECUTION_CHARSET_NAME="UTF-32LE"' '-D__INT8_TYPE__=signed char' -D__thumb__=1 -D__ELF__=1 -D__SACCUM_EPSILON__=0x1P-7HK -D__ULFRACT_EPSILON__=0x1P-32ULR -D__LLFRACT_FBIT__=63 -D__FLT_RADIX__=2 '-D__INT_LEAST16_TYPE__=short int' -D__ARM_ARCH_PROFILE=77 -D__LDBL_EPSILON__=2.2204460492503131e-16L '-D__UINTMAX_C(c)=c ## ULL' -D__SACCUM_MAX__=0X7FFFP-7HK -D__FLT32X_MIN__=2.2250738585072014e-308F32x -D__SIG_ATOMIC_MAX__=0x7fffffff -D__UACCUM_FBIT__=16 -D__GCC_ATOMIC_WCHAR_T_LOCK_FREE=2 -D__USER_LABEL_PREFIX__= -D__VFP_FP__=1 -D__SIZEOF_PTRDIFF_T__=4 -D__ATOMIC_ACQUIRE=2 -D__INT_WIDTH__=32 -D__OPTIMIZE__=1 -D__LACCUM_EPSILON__=0x1P-31LK -D__LDBL_DIG__=15 '-D__FLT32X_MIN_EXP__=(-1021)' -D__INT_FAST16_MAX__=0x7fffffff -D__GCC_CONSTRUCTIVE_SIZE=64 -D__FLT64_DIG__=15 -D__UINT_FAST32_MAX__=0xffffffffU '-D__UINT_LEAST64_TYPE__=long long unsigned int' -D__SFRACT_EPSILON__=0x1P-7HR -D__GCC_ASM_FLAG_OUTPUTS__=1 -D__FLT_MAX_10_EXP__=38 -D__LONG_MAX__=0x7fffffffL -D__FINITE_MATH_ONLY__=0 -D__SIZEOF_SIZE_T__=4 -D__FLT_HAS_INFINITY__=1 '-D__GNUC_EXECUTION_CHARSET_NAME="UTF-8"' -D__CHAR_UNSIGNED__=1 '-D__UINT_FAST16_TYPE__=unsigned int' -D__ARM_32BIT_STATE=1 -D__INT_FAST32_WIDTH__=32 -D__PRAGMA_REDEFINE_EXTNAME=1 -D__ARMEL__=1 -D__SIZE_WIDTH__=32 -D__INT64_MAX__=0x7fffffffffffffffLL -D__SACCUM_FBIT__=7 -D__FLT32_DENORM_MIN__=1.4012984643248171e-45F32 -D__SIG_ATOMIC_WIDTH__=32 '-D__INT_LEAST64_TYPE__=long long int' -D__ARM_FEATURE_CLZ=1 '-D__INT_LEAST8_TYPE__=signed char' -D__SQ_FBIT__=31 -D__USFRACT_MAX__=0XFFP-8UHR -D__ARM_ARCH_ISA_THUMB=2 -D__INT_FAST8_MAX__=0x7fffffff -D__ARM_ARCH=7 -D__INTPTR_MAX__=0x7fffffff -D__QQ_FBIT__=7 -D__UTA_IBIT__=64 -D__FLT64_HAS_QUIET_NAN__=1 -D__FLT32X_DIG__=15 -D__PTRDIFF_WIDTH__=32 -D__LDBL_MANT_DIG__=53 -D__SFRACT_FBIT__=7 '-D__SACCUM_MIN__=(-0X1P7HK-0X1P7HK)' -D__FLT64_HAS_INFINITY__=1 '-D__SIG_ATOMIC_MIN__=(-__SIG_ATOMIC_MAX__ - 1)' -D__GCC_ATOMIC_LONG_LOCK_FREE=2 '-D__UINT16_TYPE__=short unsigned int' '-D__WCHAR_TYPE__=unsigned int' -D__SIZEOF_FLOAT__=4 -D__THUMBEL__=1 -D__TQ_FBIT__=127 -D__UINTPTR_MAX__=0xffffffffU -D__INT_FAST64_WIDTH__=64 -D__LDBL_HAS_INFINITY__=1 -D__ULLACCUM_IBIT__=32 -D__FLT32_MAX_10_EXP__=38 -D__INT_FAST64_MAX__=0x7fffffffffffffffLL -D__GCC_ATOMIC_TEST_AND_SET_TRUEVAL=1 '-D__FLT_NORM_MAX__=3.4028234663852886e+38F' '-D__UINT_FAST64_TYPE__=long long unsigned int' -D__LACCUM_FBIT__=31 -D__HA_FBIT__=7 -D__UHA_IBIT__=8 '-D__INT64_TYPE__=long long int' -D__UTQ_IBIT__=0 -D__DBL_MANT_DIG__=53 -D__INT_LEAST64_MAX__=0x7fffffffffffffffLL -D__GCC_ATOMIC_CHAR16_T_LOCK_FREE=2 -D__FP_FAST_FMAF32=1 '-D__WINT_TYPE__=unsigned int' '-D__UINT_LEAST32_TYPE__=long unsigned int' -D__SIZEOF_SHORT__=2 -D__ULLFRACT_IBIT__=0 '-D__FLT32_NORM_MAX__=3.4028234663852886e+38F32' '-D__LDBL_MIN_EXP__=(-1021)' -D__GXX_TYPEINFO_EQUALITY_INLINE=0 -D__INTMAX_MAX__=0x7fffffffffffffffLL -D__arm__=1 '-D__FLT64_MAX__=1.7976931348623157e+308F64' -D__UDA_IBIT__=32 -D__INT_MAX__=0x7fffffff -D__WINT_WIDTH__=32 -D__INT_LEAST8_MAX__=0x7f -D__INT_LEAST64_WIDTH__=64 -D__FLT32X_MAX_10_EXP__=308 -D__LLACCUM_EPSILON__=0x1P-31LLK -D__LFRACT_FBIT__=31 -D__LDBL_MAX_10_EXP__=308 -D__ATOMIC_RELAXED=0 '-D__DBL_EPSILON__=((double)2.2204460492503131e-16L)' '-D__INT_LEAST32_TYPE__=long int' -D__ARM_ARCH_7EM__=1 -D__ARM_FEATURE_SIMD32=1 '-D__UINT8_C(c)=c' -D__FLT64_MAX_EXP__=1024 -D__SIZEOF_WCHAR_T__=4 '-D__UINT64_TYPE__=long long unsigned int' -D__OPTIMIZE_SIZE__=1 -D__LLFRACT_MAX__=0X7FFFFFFFFFFFFFFFP-63LLR '-D__FLT64_NORM_MAX__=1.7976931348623157e+308F64' -D__INT_FAST8_TYPE__=int -D__ULLACCUM_EPSILON__=0x1P-32ULLK -D__USACCUM_MAX__=0XFFFFP-8UHK -D__UHQ_IBIT__=0 -D__ARM_FEATURE_COPROC=15 -D__LLACCUM_IBIT__=32 -D__FLT64_HAS_DENORM__=1 -D__FLT32_EPSILON__=1.1920928955078125e-7F32 -D__DBL_DECIMAL_DIG__=17 -D__STDC_UTF_32__=1 -D__INT_FAST8_WIDTH__=32 -D__BYTE_ORDER__=__ORDER_LITTLE_ENDIAN__ '-D__FLT32X_MAX__=1.7976931348623157e+308F32x' -D__TA_FBIT__=63 '-D__DBL_NORM_MAX__=((double)1.7976931348623157e+308L)' -D__USFRACT_EPSILON__=0x1P-8UHR -D__GCC_DESTRUCTIVE_SIZE=64 -D__UDQ_IBIT__=0 -D__INTMAX_WIDTH__=64 -D__ORDER_BIG_ENDIAN__=4321 -D__LFRACT_MAX__=0X7FFFFFFFP-31LR -D__ARM_FEATURE_DSP=1 -D__FLT32_DIG__=6 -D__ACCUM_EPSILON__=0x1P-15K '-D__UINT32_C(c)=c ## UL' -D__QQ_IBIT__=0 -D__LLFRACT_IBIT__=0 -D__INT8_MAX__=0x7f -D__INT32_MAX__=0x7fffffffL '-D__UINT_FAST32_TYPE__=unsigned int' '-D__FLT32X_NORM_MAX__=1.7976931348623157e+308F32x' '-D__FLT32_MIN_10_EXP__=(-37)' '-D__FLT_MAX__=3.4028234663852886e+38F' -D__USACCUM_FBIT__=8 '-D__INT32_TYPE__=long int' -D__SIZEOF_DOUBLE__=8 '-D__FLT_MIN_10_EXP__=(-37)' -D__UFRACT_EPSILON__=0x1P-16UR -D__FLT64_MIN__=2.2250738585072014e-308F64 -D__FLT_DENORM_MIN__=1.4012984643248171e-45F -D__INT_LEAST32_WIDTH__=32 '-D__INTMAX_TYPE__=long long int' -D__FLT32X_HAS_QUIET_NAN__=1 -D__ATOMIC_CONSUME=1 -D__INT_FAST16_WIDTH__=32 -D__UINTMAX_MAX__=0xffffffffffffffffULL -D__FLT32X_DENORM_MIN__=4.9406564584124654e-324F32x -D__ATOMIC_ACQ_REL=4 -D__DBL_MAX_10_EXP__=308 -D__LDBL_DENORM_MIN__=4.9406564584124654e-324L '-D__INT16_C(c)=c' -D__ATOMIC_RELEASE=3 -D__PTRDIFF_TYPE__=int '-D__LLFRACT_MIN__=(-0.5LLR-0.5LLR)' -D__USACCUM_MIN__=0.0UHK -D__FLT32_MIN__=1.1754943508222875e-38F32 -D__DA_FBIT__=31 '-D__UINT32_TYPE__=long unsigned int' '-D__FLT32X_MIN_10_EXP__=(-307)' -D__ARM_ARCH_EXT_IDIV__=1 '-D__UINTPTR_TYPE__=unsigned int' -D__USA_IBIT__=16 -D__ARM_EABI__=1 '-D__LDBL_MIN_10_EXP__=(-307)' -D__SIZEOF_LONG_LONG__=8 -D__ULACCUM_EPSILON__=0x1P-32ULK -D__SACCUM_IBIT__=8 -D__GCC_ATOMIC_LLONG_LOCK_FREE=1 -D__FLT_DECIMAL_DIG__=9 -D__UINT_FAST16_MAX__=0xffffffffU '-D__LDBL_NORM_MAX__=1.7976931348623157e+308L' -D__GCC_ATOMIC_SHORT_LOCK_FREE=2 -D__ULLFRACT_MAX__=0XFFFFFFFFFFFFFFFFP-64ULLR '-D__UINT_FAST8_TYPE__=unsigned int' -D__ULACCUM_FBIT__=32 -D__USES_INITFINI__ -DUSE_STM324xG_EVAL -DSTM32F407xx -DUSE_HAL_DRIVER -I../../Inc -I../../Drivers/CMSIS/Device/ST/STM32F4xx/Include -I../../Drivers/STM32F4xx_HAL_Driver/Inc -I../../Drivers/BSP/STM324xG_EVAL -I../../Drivers/CMSIS/Include -I/Users/jie/Documents/arm-gnu-toolchain-14.3.rel1-darwin-arm64-arm-none-eabi/bin/../arm-none-eabi/include/newlib-nano -I/Users/jie/Documents/arm-gnu-toolchain-14.3.rel1-darwin-arm64-arm-none-eabi/bin/../lib/gcc/arm-none-eabi/14.3.1/include -I/Users/jie/Documents/arm-gnu-toolchain-14.3.rel1-darwin-arm64-arm-none-eabi/bin/../lib/gcc/arm-none-eabi/14.3.1/include-fixed -I/Users/jie/Documents/arm-gnu-toolchain-14.3.rel1-darwin-arm64-arm-none-eabi/bin/../lib/gcc/arm-none-eabi/14.3.1/../../../../arm-none-eabi/include -- ../../Drivers/STM32F4xx_HAL_Driver/Src/stm32f4xx_hal_rcc.c
[E 08:16:17 80816] CODEQL_EXTRACTOR_CPP_TRAP_CACHING is not set
[E 08:16:17 80816] CODEQL_EXTRACTOR_CPP_OPTION_TRAP_CACHE_WRITE is not set
[E 08:16:17 80816] CODEQL_EXTRACTOR_CPP_OPTION_TRAP_CACHE_DIR is not set
[E 08:16:17 80816] Initialising TRAP cache at path: 0c/519c/9c996affc914cb4eb215fa7232e2
[E 08:16:17 80816] Not using TRAP cache
[E 08:16:17 80816] TRAP cache miss
[E 08:16:17 80816] Starting compilation TRAP /Users/jie/Documents/workspace/lcmhalgen/LCMHalTest_DBS/DATABASE_FreeRTOSUART_Hyperterminal_IT/trap/cpp/compilations/52/21427861_0.trap.zst
[E 08:16:17 80816] Archiving /Users/jie/Documents/workspace/lcmhalgen/LCMHalTest_DBS/DATABASE_FreeRTOSUART_Hyperterminal_IT/src/Users/jie/Documents/workspace/lcmhalgen/posixGen_Demos/UART_Hyperterminal_IT/Drivers/STM32F4xx_HAL_Driver/Src/stm32f4xx_hal_rcc.c
[E 08:16:17 80816] Already archived /Users/jie/Documents/workspace/lcmhalgen/LCMHalTest_DBS/DATABASE_FreeRTOSUART_Hyperterminal_IT/src/Users/jie/Documents/workspace/lcmhalgen/posixGen_Demos/UART_Hyperterminal_IT/Drivers/STM32F4xx_HAL_Driver/Inc/stm32f4xx_hal.h
[E 08:16:17 80816] Already archived /Users/jie/Documents/workspace/lcmhalgen/LCMHalTest_DBS/DATABASE_FreeRTOSUART_Hyperterminal_IT/src/Users/jie/Documents/workspace/lcmhalgen/posixGen_Demos/UART_Hyperterminal_IT/Inc/stm32f4xx_hal_conf.h
[E 08:16:17 80816] Already archived /Users/jie/Documents/workspace/lcmhalgen/LCMHalTest_DBS/DATABASE_FreeRTOSUART_Hyperterminal_IT/src/Users/jie/Documents/workspace/lcmhalgen/posixGen_Demos/UART_Hyperterminal_IT/Drivers/STM32F4xx_HAL_Driver/Inc/stm32f4xx_hal_rcc.h
[E 08:16:17 80816] Already archived /Users/jie/Documents/workspace/lcmhalgen/LCMHalTest_DBS/DATABASE_FreeRTOSUART_Hyperterminal_IT/src/Users/jie/Documents/workspace/lcmhalgen/posixGen_Demos/UART_Hyperterminal_IT/Drivers/STM32F4xx_HAL_Driver/Inc/stm32f4xx_hal_def.h
[E 08:16:17 80816] Already archived /Users/jie/Documents/workspace/lcmhalgen/LCMHalTest_DBS/DATABASE_FreeRTOSUART_Hyperterminal_IT/src/Users/jie/Documents/workspace/lcmhalgen/posixGen_Demos/UART_Hyperterminal_IT/Drivers/CMSIS/Device/ST/STM32F4xx/Include/stm32f4xx.h
[E 08:16:17 80816] Already archived /Users/jie/Documents/workspace/lcmhalgen/LCMHalTest_DBS/DATABASE_FreeRTOSUART_Hyperterminal_IT/src/Users/jie/Documents/workspace/lcmhalgen/posixGen_Demos/UART_Hyperterminal_IT/Drivers/CMSIS/Device/ST/STM32F4xx/Include/stm32f407xx.h
[E 08:16:17 80816] Already archived /Users/jie/Documents/workspace/lcmhalgen/LCMHalTest_DBS/DATABASE_FreeRTOSUART_Hyperterminal_IT/src/Users/jie/Documents/workspace/lcmhalgen/posixGen_Demos/UART_Hyperterminal_IT/Drivers/CMSIS/Include/core_cm4.h
[E 08:16:17 80816] Already archived /Users/jie/Documents/workspace/lcmhalgen/LCMHalTest_DBS/DATABASE_FreeRTOSUART_Hyperterminal_IT/src/Users/jie/Documents/arm-gnu-toolchain-14.3.rel1-darwin-arm64-arm-none-eabi/lib/gcc/arm-none-eabi/14.3.1/include/stdint.h
[E 08:16:17 80816] Already archived /Users/jie/Documents/workspace/lcmhalgen/LCMHalTest_DBS/DATABASE_FreeRTOSUART_Hyperterminal_IT/src/Users/jie/Documents/arm-gnu-toolchain-14.3.rel1-darwin-arm64-arm-none-eabi/arm-none-eabi/include/stdint.h
[E 08:16:17 80816] Already archived /Users/jie/Documents/workspace/lcmhalgen/LCMHalTest_DBS/DATABASE_FreeRTOSUART_Hyperterminal_IT/src/Users/jie/Documents/arm-gnu-toolchain-14.3.rel1-darwin-arm64-arm-none-eabi/arm-none-eabi/include/machine/_default_types.h
[E 08:16:17 80816] Already archived /Users/jie/Documents/workspace/lcmhalgen/LCMHalTest_DBS/DATABASE_FreeRTOSUART_Hyperterminal_IT/src/Users/jie/Documents/arm-gnu-toolchain-14.3.rel1-darwin-arm64-arm-none-eabi/arm-none-eabi/include/sys/features.h
[E 08:16:17 80816] Already archived /Users/jie/Documents/workspace/lcmhalgen/LCMHalTest_DBS/DATABASE_FreeRTOSUART_Hyperterminal_IT/src/Users/jie/Documents/arm-gnu-toolchain-14.3.rel1-darwin-arm64-arm-none-eabi/arm-none-eabi/include/_newlib_version.h
[E 08:16:17 80816] Already archived /Users/jie/Documents/workspace/lcmhalgen/LCMHalTest_DBS/DATABASE_FreeRTOSUART_Hyperterminal_IT/src/Users/jie/Documents/arm-gnu-toolchain-14.3.rel1-darwin-arm64-arm-none-eabi/arm-none-eabi/include/sys/_intsup.h
[E 08:16:17 80816] Already archived /Users/jie/Documents/workspace/lcmhalgen/LCMHalTest_DBS/DATABASE_FreeRTOSUART_Hyperterminal_IT/src/Users/jie/Documents/arm-gnu-toolchain-14.3.rel1-darwin-arm64-arm-none-eabi/arm-none-eabi/include/sys/_stdint.h
[E 08:16:17 80816] Already archived /Users/jie/Documents/workspace/lcmhalgen/LCMHalTest_DBS/DATABASE_FreeRTOSUART_Hyperterminal_IT/src/Users/jie/Documents/workspace/lcmhalgen/posixGen_Demos/UART_Hyperterminal_IT/Drivers/CMSIS/Include/cmsis_version.h
[E 08:16:17 80816] Already archived /Users/jie/Documents/workspace/lcmhalgen/LCMHalTest_DBS/DATABASE_FreeRTOSUART_Hyperterminal_IT/src/Users/jie/Documents/workspace/lcmhalgen/posixGen_Demos/UART_Hyperterminal_IT/Drivers/CMSIS/Include/cmsis_compiler.h
[E 08:16:17 80816] Already archived /Users/jie/Documents/workspace/lcmhalgen/LCMHalTest_DBS/DATABASE_FreeRTOSUART_Hyperterminal_IT/src/Users/jie/Documents/workspace/lcmhalgen/posixGen_Demos/UART_Hyperterminal_IT/Drivers/CMSIS/Include/cmsis_gcc.h
[E 08:16:17 80816] Already archived /Users/jie/Documents/workspace/lcmhalgen/LCMHalTest_DBS/DATABASE_FreeRTOSUART_Hyperterminal_IT/src/Users/jie/Documents/workspace/lcmhalgen/posixGen_Demos/UART_Hyperterminal_IT/Drivers/CMSIS/Include/mpu_armv7.h
[E 08:16:17 80816] Already archived /Users/jie/Documents/workspace/lcmhalgen/LCMHalTest_DBS/DATABASE_FreeRTOSUART_Hyperterminal_IT/src/Users/jie/Documents/workspace/lcmhalgen/posixGen_Demos/UART_Hyperterminal_IT/Drivers/CMSIS/Device/ST/STM32F4xx/Include/system_stm32f4xx.h
[E 08:16:17 80816] Already archived /Users/jie/Documents/workspace/lcmhalgen/LCMHalTest_DBS/DATABASE_FreeRTOSUART_Hyperterminal_IT/src/Users/jie/Documents/workspace/lcmhalgen/posixGen_Demos/UART_Hyperterminal_IT/Drivers/STM32F4xx_HAL_Driver/Inc/stm32f4xx_hal.h
[E 08:16:17 80816] Already archived /Users/jie/Documents/workspace/lcmhalgen/LCMHalTest_DBS/DATABASE_FreeRTOSUART_Hyperterminal_IT/src/Users/jie/Documents/workspace/lcmhalgen/posixGen_Demos/UART_Hyperterminal_IT/Drivers/STM32F4xx_HAL_Driver/Inc/Legacy/stm32_hal_legacy.h
[E 08:16:17 80816] Already archived /Users/jie/Documents/workspace/lcmhalgen/LCMHalTest_DBS/DATABASE_FreeRTOSUART_Hyperterminal_IT/src/Users/jie/Documents/arm-gnu-toolchain-14.3.rel1-darwin-arm64-arm-none-eabi/lib/gcc/arm-none-eabi/14.3.1/include/stddef.h
[E 08:16:17 80816] Already archived /Users/jie/Documents/workspace/lcmhalgen/LCMHalTest_DBS/DATABASE_FreeRTOSUART_Hyperterminal_IT/src/Users/jie/Documents/workspace/lcmhalgen/posixGen_Demos/UART_Hyperterminal_IT/Drivers/STM32F4xx_HAL_Driver/Inc/stm32f4xx_hal_rcc_ex.h
[E 08:16:17 80816] Already archived /Users/jie/Documents/workspace/lcmhalgen/LCMHalTest_DBS/DATABASE_FreeRTOSUART_Hyperterminal_IT/src/Users/jie/Documents/workspace/lcmhalgen/posixGen_Demos/UART_Hyperterminal_IT/Drivers/STM32F4xx_HAL_Driver/Inc/stm32f4xx_hal_gpio.h
[E 08:16:17 80816] Already archived /Users/jie/Documents/workspace/lcmhalgen/LCMHalTest_DBS/DATABASE_FreeRTOSUART_Hyperterminal_IT/src/Users/jie/Documents/workspace/lcmhalgen/posixGen_Demos/UART_Hyperterminal_IT/Drivers/STM32F4xx_HAL_Driver/Inc/stm32f4xx_hal_gpio_ex.h
[E 08:16:17 80816] Already archived /Users/jie/Documents/workspace/lcmhalgen/LCMHalTest_DBS/DATABASE_FreeRTOSUART_Hyperterminal_IT/src/Users/jie/Documents/workspace/lcmhalgen/posixGen_Demos/UART_Hyperterminal_IT/Drivers/STM32F4xx_HAL_Driver/Inc/stm32f4xx_hal_dma.h
[E 08:16:17 80816] Already archived /Users/jie/Documents/workspace/lcmhalgen/LCMHalTest_DBS/DATABASE_FreeRTOSUART_Hyperterminal_IT/src/Users/jie/Documents/workspace/lcmhalgen/posixGen_Demos/UART_Hyperterminal_IT/Drivers/STM32F4xx_HAL_Driver/Inc/stm32f4xx_hal_dma_ex.h
[E 08:16:17 80816] Already archived /Users/jie/Documents/workspace/lcmhalgen/LCMHalTest_DBS/DATABASE_FreeRTOSUART_Hyperterminal_IT/src/Users/jie/Documents/workspace/lcmhalgen/posixGen_Demos/UART_Hyperterminal_IT/Drivers/STM32F4xx_HAL_Driver/Inc/stm32f4xx_hal_cortex.h
[E 08:16:17 80816] Already archived /Users/jie/Documents/workspace/lcmhalgen/LCMHalTest_DBS/DATABASE_FreeRTOSUART_Hyperterminal_IT/src/Users/jie/Documents/workspace/lcmhalgen/posixGen_Demos/UART_Hyperterminal_IT/Drivers/STM32F4xx_HAL_Driver/Inc/stm32f4xx_hal_flash.h
[E 08:16:17 80816] Already archived /Users/jie/Documents/workspace/lcmhalgen/LCMHalTest_DBS/DATABASE_FreeRTOSUART_Hyperterminal_IT/src/Users/jie/Documents/workspace/lcmhalgen/posixGen_Demos/UART_Hyperterminal_IT/Drivers/STM32F4xx_HAL_Driver/Inc/stm32f4xx_hal_flash_ex.h
[E 08:16:17 80816] Already archived /Users/jie/Documents/workspace/lcmhalgen/LCMHalTest_DBS/DATABASE_FreeRTOSUART_Hyperterminal_IT/src/Users/jie/Documents/workspace/lcmhalgen/posixGen_Demos/UART_Hyperterminal_IT/Drivers/STM32F4xx_HAL_Driver/Inc/stm32f4xx_hal_flash_ramfunc.h
[E 08:16:17 80816] Already archived /Users/jie/Documents/workspace/lcmhalgen/LCMHalTest_DBS/DATABASE_FreeRTOSUART_Hyperterminal_IT/src/Users/jie/Documents/workspace/lcmhalgen/posixGen_Demos/UART_Hyperterminal_IT/Drivers/STM32F4xx_HAL_Driver/Inc/stm32f4xx_hal_sram.h
[E 08:16:17 80816] Already archived /Users/jie/Documents/workspace/lcmhalgen/LCMHalTest_DBS/DATABASE_FreeRTOSUART_Hyperterminal_IT/src/Users/jie/Documents/workspace/lcmhalgen/posixGen_Demos/UART_Hyperterminal_IT/Drivers/STM32F4xx_HAL_Driver/Inc/stm32f4xx_ll_fsmc.h
[E 08:16:17 80816] Already archived /Users/jie/Documents/workspace/lcmhalgen/LCMHalTest_DBS/DATABASE_FreeRTOSUART_Hyperterminal_IT/src/Users/jie/Documents/workspace/lcmhalgen/posixGen_Demos/UART_Hyperterminal_IT/Drivers/STM32F4xx_HAL_Driver/Inc/stm32f4xx_hal_i2c.h
[E 08:16:17 80816] Already archived /Users/jie/Documents/workspace/lcmhalgen/LCMHalTest_DBS/DATABASE_FreeRTOSUART_Hyperterminal_IT/src/Users/jie/Documents/workspace/lcmhalgen/posixGen_Demos/UART_Hyperterminal_IT/Drivers/STM32F4xx_HAL_Driver/Inc/stm32f4xx_hal_i2c_ex.h
[E 08:16:17 80816] Already archived /Users/jie/Documents/workspace/lcmhalgen/LCMHalTest_DBS/DATABASE_FreeRTOSUART_Hyperterminal_IT/src/Users/jie/Documents/workspace/lcmhalgen/posixGen_Demos/UART_Hyperterminal_IT/Drivers/STM32F4xx_HAL_Driver/Inc/stm32f4xx_hal_pwr.h
[E 08:16:17 80816] Already archived /Users/jie/Documents/workspace/lcmhalgen/LCMHalTest_DBS/DATABASE_FreeRTOSUART_Hyperterminal_IT/src/Users/jie/Documents/workspace/lcmhalgen/posixGen_Demos/UART_Hyperterminal_IT/Drivers/STM32F4xx_HAL_Driver/Inc/stm32f4xx_hal_pwr_ex.h
[E 08:16:17 80816] Already archived /Users/jie/Documents/workspace/lcmhalgen/LCMHalTest_DBS/DATABASE_FreeRTOSUART_Hyperterminal_IT/src/Users/jie/Documents/workspace/lcmhalgen/posixGen_Demos/UART_Hyperterminal_IT/Drivers/STM32F4xx_HAL_Driver/Inc/stm32f4xx_hal_uart.h
[E 08:16:17 80816] Creating trap tarball /Users/jie/Documents/workspace/lcmhalgen/LCMHalTest_DBS/DATABASE_FreeRTOSUART_Hyperterminal_IT/trap/cpp/tarballs/Users/jie/Documents/workspace/lcmhalgen/posixGen_Demos/UART_Hyperterminal_IT/Drivers/STM32F4xx_HAL_Driver/Src/stm32f4xx_hal_rcc.c.086404d0_0.trap.tar.zst
[E 08:16:17 80816] Emitting trap files for ../../Drivers/STM32F4xx_HAL_Driver/Src/stm32f4xx_hal_rcc.c
[E 08:16:17 80816] Opening existencedb in /Users/jie/Documents/workspace/lcmhalgen/LCMHalTest_DBS/DATABASE_FreeRTOSUART_Hyperterminal_IT/working/existencedb/db
[E 08:16:17 80816] Wrote 1 files to /Users/jie/Documents/workspace/lcmhalgen/LCMHalTest_DBS/DATABASE_FreeRTOSUART_Hyperterminal_IT/trap/cpp/tarballs/Users/jie/Documents/workspace/lcmhalgen/posixGen_Demos/UART_Hyperterminal_IT/Drivers/STM32F4xx_HAL_Driver/Src/stm32f4xx_hal_rcc.c.086404d0_0.trap.tar.zst
[E 08:16:17 80816] Finished compilation TRAP /Users/jie/Documents/workspace/lcmhalgen/LCMHalTest_DBS/DATABASE_FreeRTOSUART_Hyperterminal_IT/trap/cpp/compilations/52/21427861_0.trap.zst
[E 08:16:17 80816] Marking C compilation as happened.
[E 08:16:17 80816] Setting tag c-compilation-happened
[E 08:16:17 80816] Starting from CODEQL_TRACER_DB_ID 0000000000013BAE_0000000000000001
[E 08:16:17 80816] Locking DB /Users/jie/Documents/workspace/lcmhalgen/LCMHalTest_DBS/DATABASE_FreeRTOSUART_Hyperterminal_IT/working/tags.db
[E 08:16:17 80816] Locked DB /Users/jie/Documents/workspace/lcmhalgen/LCMHalTest_DBS/DATABASE_FreeRTOSUART_Hyperterminal_IT/working/tags.db
[E 08:16:17 80816] Set tag for 0000000000013BAE_0000000000000001
[E 08:16:17 80816] Set tag for 0000000000013BAC_0000000000000003
[E 08:16:17 80816] Set tag for 0000000000013BAC_0000000000000002
[E 08:16:17 80816] Set tag for 0000000000013BAC_0000000000000001
[E 08:16:17 80816] Set tag for 0000000000013827_0000000000000002
[E 08:16:17 80816] Set tag for 0000000000013827_0000000000000001
[E 08:16:17 80816] Set tag for 00000000000137DE_0000000000000003
[E 08:16:17 80816] Set tag for 00000000000137DE_0000000000000002
[E 08:16:17 80816] Set tag for root
[E 08:16:17 80816] Unlocking DB
[E 08:16:17 80816] Unlocked DB
[E 08:16:17 80816] Extractor exited successfully
[T 08:16:17 80814] Extractor /opt/homebrew/Caskroom/codeql/2.23.0/codeql/cpp/tools/osx64/extractor terminated with exit code 0.
[T 08:16:17 80834] Initializing tracer.
[T 08:16:17 80834] Initializing tags.
[T 08:16:17 80834] ID set to 0000000000013BC2_0000000000000001 (parent 0000000000013BAC_0000000000000003)
[T 08:16:17 80834] ==== Candidate to intercept: /Users/jie/Documents/arm-gnu-toolchain-14.3.rel1-darwin-arm64-arm-none-eabi/bin/../lib/gcc/arm-none-eabi/14.3.1/../../../../arm-none-eabi/bin/as (canonical: /Users/jie/Documents/arm-gnu-toolchain-14.3.rel1-darwin-arm64-arm-none-eabi/arm-none-eabi/bin/as) ====
[T 08:16:17 80834] Lua: === Intercepted call to /users/jie/documents/arm-gnu-toolchain-14.3.rel1-darwin-arm64-arm-none-eabi/arm-none-eabi/bin/as ===
[T 08:16:17 80834] Executing the following tracer actions:
[T 08:16:17 80834] Tracer actions:
[T 08:16:17 80834] pre_invocations(0)
[T 08:16:17 80834] post_invocations(1)
[T 08:16:17 80834] invocation: /opt/homebrew/Caskroom/codeql/2.23.0/codeql/cpp/tools/osx64/extractor, args: [--assembler, --codeql-assembler-executable, /users/jie/documents/arm-gnu-toolchain-14.3.rel1-darwin-arm64-arm-none-eabi/arm-none-eabi/bin/as, -I, ../../Inc, -I, ../../Drivers/CMSIS/Device/ST/STM32F4xx/Include, -I, ../../Drivers/STM32F4xx_HAL_Driver/Inc, -I, ../../Drivers/BSP/STM324xG_EVAL, -I, ../../Drivers/CMSIS/Include, -march=armv7e-m+fp, -mfloat-abi=hard, -mfpu=fpv4-sp-d16, -meabi=5, -o, Drivers/STM32F4xx_HAL_Driver/stm32f4xx_hal_rcc.o, /var/folders/b3/0hb7dhg16rd56bpwtd8bcnyc0000gn/T//ccr3073e.s]
[T 08:16:17 80834] trace_languages(1): [cpp]
[T 08:16:17 80836] Attempting to switch stdout/stderr to 4...
[T 08:16:17 80836] Initializing tracer.
[T 08:16:17 80836] Initializing tags.
[T 08:16:17 80836] ID set to 0000000000013BC4_0000000000000001 (parent 0000000000013BC2_0000000000000001)
[E 08:16:17 80836] CodeQL C/C++ Extractor 2.23.0
[E 08:16:17 80836] Current directory: /Users/jie/Documents/workspace/lcmhalgen/posixGen_Demos/UART_Hyperterminal_IT/STM32CubeIDE/Release
[E 08:16:17 80836] Command: /opt/homebrew/Caskroom/codeql/2.23.0/codeql/cpp/tools/osx64/extractor --assembler --codeql-assembler-executable /users/jie/documents/arm-gnu-toolchain-14.3.rel1-darwin-arm64-arm-none-eabi/arm-none-eabi/bin/as -I ../../Inc -I ../../Drivers/CMSIS/Device/ST/STM32F4xx/Include -I ../../Drivers/STM32F4xx_HAL_Driver/Inc -I ../../Drivers/BSP/STM324xG_EVAL -I ../../Drivers/CMSIS/Include '-march=armv7e-m+fp' -mfloat-abi=hard -mfpu=fpv4-sp-d16 -meabi=5 -o Drivers/STM32F4xx_HAL_Driver/stm32f4xx_hal_rcc.o /var/folders/b3/0hb7dhg16rd56bpwtd8bcnyc0000gn/T//ccr3073e.s
[E 08:16:17 80836] Extractor exited after mimicking assembler
[T 08:16:17 80834] Extractor /opt/homebrew/Caskroom/codeql/2.23.0/codeql/cpp/tools/osx64/extractor terminated with exit code 0.
[T 08:16:17 80837] Attempting to switch stdout/stderr to 4...
[T 08:16:17 80837] Initializing tracer.
[T 08:16:17 80837] Initializing tags.
[T 08:16:17 80837] ID set to 0000000000013BC5_0000000000000001 (parent 0000000000013BAC_0000000000000003)
[E 08:16:17 80837] CodeQL C/C++ Extractor 2.23.0
[E 08:16:17 80837] Current directory: /Users/jie/Documents/workspace/lcmhalgen/posixGen_Demos/UART_Hyperterminal_IT/STM32CubeIDE/Release
[E 08:16:17 80837] Command: /opt/homebrew/Caskroom/codeql/2.23.0/codeql/cpp/tools/osx64/extractor --mimic /users/jie/documents/arm-gnu-toolchain-14.3.rel1-darwin-arm64-arm-none-eabi/bin/arm-none-eabi-gcc ../../Drivers/STM32F4xx_HAL_Driver/Src/stm32f4xx_hal_rcc.c -mcpu=cortex-m4 -std=gnu11 -DUSE_STM324xG_EVAL -DSTM32F407xx -DUSE_HAL_DRIVER -c -I../../Inc -I../../Drivers/CMSIS/Device/ST/STM32F4xx/Include -I../../Drivers/STM32F4xx_HAL_Driver/Inc -I../../Drivers/BSP/STM324xG_EVAL -I../../Drivers/CMSIS/Include -Os -ffunction-sections -fdata-sections -Wall -fstack-usage -MMD -MP -MFDrivers/STM32F4xx_HAL_Driver/stm32f4xx_hal_rcc.d -MTDrivers/STM32F4xx_HAL_Driver/stm32f4xx_hal_rcc.o --specs=nano.specs -mfpu=fpv4-sp-d16 -mfloat-abi=hard -mthumb -o Drivers/STM32F4xx_HAL_Driver/stm32f4xx_hal_rcc.o
[E 08:16:17 80837] Warning: Unrecognized command line argument --specs=nano.specs
[E 08:16:17 80837] Checking whether C compilation already happened.
[E 08:16:17 80837] Checking for tag c-compilation-happened
[E 08:16:17 80837] Checking CODEQL_TRACER_DB_ID 0000000000013BAC_0000000000000003
[E 08:16:17 80837] Locking DB /Users/jie/Documents/workspace/lcmhalgen/LCMHalTest_DBS/DATABASE_FreeRTOSUART_Hyperterminal_IT/working/tags.db
[E 08:16:17 80837] Locked DB /Users/jie/Documents/workspace/lcmhalgen/LCMHalTest_DBS/DATABASE_FreeRTOSUART_Hyperterminal_IT/working/tags.db
[E 08:16:17 80837] Unlocking DB
[E 08:16:17 80837] Unlocked DB
[E 08:16:17 80837] Exiting as C compilation already happened.
[T 08:16:17 80812] Extractor /opt/homebrew/Caskroom/codeql/2.23.0/codeql/cpp/tools/osx64/extractor terminated with exit code 0.
[T 08:16:17 80838] Initializing tracer.
[T 08:16:17 80838] Initializing tags.
[T 08:16:17 80838] ID set to 0000000000013BC6_0000000000000001 (parent 0000000000013827_0000000000000002)
[T 08:16:17 80838] ==== Candidate to intercept: /bin/sh (canonical: /bin/sh) ====
[T 08:16:17 80838] Executing the following tracer actions:
[T 08:16:17 80838] Tracer actions:
[T 08:16:17 80838] pre_invocations(0)
[T 08:16:17 80838] post_invocations(0)
[T 08:16:17 80838] trace_languages(1): [cpp]
[T 08:16:17 80838] Initializing tracer.
[T 08:16:17 80838] Initializing tags.
[T 08:16:17 80838] ID set to 0000000000013BC6_0000000000000002 (parent 0000000000013BC6_0000000000000001)
[T 08:16:17 80838] ==== Candidate to intercept: /bin/bash (canonical: /bin/bash) ====
[T 08:16:17 80838] Executing the following tracer actions:
[T 08:16:17 80838] Tracer actions:
[T 08:16:17 80838] pre_invocations(0)
[T 08:16:17 80838] post_invocations(0)
[T 08:16:17 80838] trace_languages(1): [cpp]
[T 08:16:17 80838] Initializing tracer.
[T 08:16:17 80838] Initializing tags.
[T 08:16:17 80838] ID set to 0000000000013BC6_0000000000000003 (parent 0000000000013BC6_0000000000000002)
[T 08:16:17 80838] ==== Candidate to intercept: /Users/jie/Documents/arm-gnu-toolchain-14.3.rel1-darwin-arm64-arm-none-eabi/bin/arm-none-eabi-gcc (canonical: /Users/jie/Documents/arm-gnu-toolchain-14.3.rel1-darwin-arm64-arm-none-eabi/bin/arm-none-eabi-gcc) ====
[T 08:16:17 80838] Lua: === Intercepted call to /users/jie/documents/arm-gnu-toolchain-14.3.rel1-darwin-arm64-arm-none-eabi/bin/arm-none-eabi-gcc ===
[T 08:16:17 80838] Executing the following tracer actions:
[T 08:16:17 80838] Tracer actions:
[T 08:16:17 80838] pre_invocations(0)
[T 08:16:17 80838] post_invocations(1)
[T 08:16:17 80838] invocation: /opt/homebrew/Caskroom/codeql/2.23.0/codeql/cpp/tools/osx64/extractor, args: [--mimic, /users/jie/documents/arm-gnu-toolchain-14.3.rel1-darwin-arm64-arm-none-eabi/bin/arm-none-eabi-gcc, ../../Drivers/STM32F4xx_HAL_Driver/Src/stm32f4xx_hal_sram.c, -mcpu=cortex-m4, -std=gnu11, -DUSE_STM324xG_EVAL, -DSTM32F407xx, -DUSE_HAL_DRIVER, -c, -I../../Inc, -I../../Drivers/CMSIS/Device/ST/STM32F4xx/Include, -I../../Drivers/STM32F4xx_HAL_Driver/Inc, -I../../Drivers/BSP/STM324xG_EVAL, -I../../Drivers/CMSIS/Include, -Os, -ffunction-sections, -fdata-sections, -Wall, -fstack-usage, -MMD, -MP, -MFDrivers/STM32F4xx_HAL_Driver/stm32f4xx_hal_sram.d, -MTDrivers/STM32F4xx_HAL_Driver/stm32f4xx_hal_sram.o, --specs=nano.specs, -mfpu=fpv4-sp-d16, -mfloat-abi=hard, -mthumb, -o, Drivers/STM32F4xx_HAL_Driver/stm32f4xx_hal_sram.o]
[T 08:16:17 80838] trace_languages(1): [cpp]
[T 08:16:17 80840] Initializing tracer.
[T 08:16:17 80840] Initializing tags.
[T 08:16:17 80840] ID set to 0000000000013BC8_0000000000000001 (parent 0000000000013BC6_0000000000000003)
[T 08:16:17 80840] ==== Candidate to intercept: /Users/jie/Documents/arm-gnu-toolchain-14.3.rel1-darwin-arm64-arm-none-eabi/bin/../libexec/gcc/arm-none-eabi/14.3.1/cc1 (canonical: /Users/jie/Documents/arm-gnu-toolchain-14.3.rel1-darwin-arm64-arm-none-eabi/libexec/gcc/arm-none-eabi/14.3.1/cc1) ====
[T 08:16:17 80840] Lua: === Intercepted call to /users/jie/documents/arm-gnu-toolchain-14.3.rel1-darwin-arm64-arm-none-eabi/libexec/gcc/arm-none-eabi/14.3.1/cc1 ===
[T 08:16:17 80840] Executing the following tracer actions:
[T 08:16:17 80840] Tracer actions:
[T 08:16:17 80840] pre_invocations(0)
[T 08:16:17 80840] post_invocations(1)
[T 08:16:17 80840] invocation: /opt/homebrew/Caskroom/codeql/2.23.0/codeql/cpp/tools/osx64/extractor, args: [--mimic, /users/jie/documents/arm-gnu-toolchain-14.3.rel1-darwin-arm64-arm-none-eabi/libexec/gcc/arm-none-eabi/14.3.1/cc1, -isystem, =/include/newlib-nano, -quiet, -I, ../../Inc, -I, ../../Drivers/CMSIS/Device/ST/STM32F4xx/Include, -I, ../../Drivers/STM32F4xx_HAL_Driver/Inc, -I, ../../Drivers/BSP/STM324xG_EVAL, -I, ../../Drivers/CMSIS/Include, -imultilib, thumb/v7e-m+fp/hard, -iprefix, /Users/jie/Documents/arm-gnu-toolchain-14.3.rel1-darwin-arm64-arm-none-eabi/bin/../lib/gcc/arm-none-eabi/14.3.1/, -isysroot, /Users/jie/Documents/arm-gnu-toolchain-14.3.rel1-darwin-arm64-arm-none-eabi/bin/../arm-none-eabi, -MMD, Drivers/STM32F4xx_HAL_Driver/stm32f4xx_hal_sram.d, -MF, Drivers/STM32F4xx_HAL_Driver/stm32f4xx_hal_sram.d, -MP, -MT, Drivers/STM32F4xx_HAL_Driver/stm32f4xx_hal_sram.o, -D__USES_INITFINI__, -D, USE_STM324xG_EVAL, -D, STM32F407xx, -D, USE_HAL_DRIVER, ../../Drivers/STM32F4xx_HAL_Driver/Src/stm32f4xx_hal_sram.c, -quiet, -dumpdir, Drivers/STM32F4xx_HAL_Driver/, -dumpbase, stm32f4xx_hal_sram.c, -dumpbase-ext, .c, -mcpu=cortex-m4, -mfpu=fpv4-sp-d16, -mfloat-abi=hard, -mthumb, -mlibarch=armv7e-m+fp, -march=armv7e-m+fp, -Os, -Wall, -std=gnu11, -ffunction-sections, -fdata-sections, -fstack-usage, -o, /var/folders/b3/0hb7dhg16rd56bpwtd8bcnyc0000gn/T//ccj6NxT9.s]
[T 08:16:17 80840] trace_languages(1): [cpp]
[T 08:16:17 80842] Attempting to switch stdout/stderr to 4...
[T 08:16:18 80842] Initializing tracer.
[T 08:16:18 80842] Initializing tags.
[T 08:16:18 80842] ID set to 0000000000013BCA_0000000000000001 (parent 0000000000013BC8_0000000000000001)
[E 08:16:18 80842] CodeQL C/C++ Extractor 2.23.0
[E 08:16:18 80842] Current directory: /Users/jie/Documents/workspace/lcmhalgen/posixGen_Demos/UART_Hyperterminal_IT/STM32CubeIDE/Release
[E 08:16:18 80842] Command: /opt/homebrew/Caskroom/codeql/2.23.0/codeql/cpp/tools/osx64/extractor --mimic /users/jie/documents/arm-gnu-toolchain-14.3.rel1-darwin-arm64-arm-none-eabi/libexec/gcc/arm-none-eabi/14.3.1/cc1 -isystem '=/include/newlib-nano' -quiet -I ../../Inc -I ../../Drivers/CMSIS/Device/ST/STM32F4xx/Include -I ../../Drivers/STM32F4xx_HAL_Driver/Inc -I ../../Drivers/BSP/STM324xG_EVAL -I ../../Drivers/CMSIS/Include -imultilib 'thumb/v7e-m+fp/hard' -iprefix /Users/jie/Documents/arm-gnu-toolchain-14.3.rel1-darwin-arm64-arm-none-eabi/bin/../lib/gcc/arm-none-eabi/14.3.1/ -isysroot /Users/jie/Documents/arm-gnu-toolchain-14.3.rel1-darwin-arm64-arm-none-eabi/bin/../arm-none-eabi -MMD Drivers/STM32F4xx_HAL_Driver/stm32f4xx_hal_sram.d -MF Drivers/STM32F4xx_HAL_Driver/stm32f4xx_hal_sram.d -MP -MT Drivers/STM32F4xx_HAL_Driver/stm32f4xx_hal_sram.o -D__USES_INITFINI__ -D USE_STM324xG_EVAL -D STM32F407xx -D USE_HAL_DRIVER ../../Drivers/STM32F4xx_HAL_Driver/Src/stm32f4xx_hal_sram.c -quiet -dumpdir Drivers/STM32F4xx_HAL_Driver/ -dumpbase stm32f4xx_hal_sram.c -dumpbase-ext .c -mcpu=cortex-m4 -mfpu=fpv4-sp-d16 -mfloat-abi=hard -mthumb '-mlibarch=armv7e-m+fp' '-march=armv7e-m+fp' -Os -Wall -std=gnu11 -ffunction-sections -fdata-sections -fstack-usage -o /var/folders/b3/0hb7dhg16rd56bpwtd8bcnyc0000gn/T//ccj6NxT9.s
[E 08:16:18 80842] Checking whether C compilation already happened.
[E 08:16:18 80842] Checking for tag c-compilation-happened
[E 08:16:18 80842] Checking CODEQL_TRACER_DB_ID 0000000000013BC8_0000000000000001
[E 08:16:18 80842] Locking DB /Users/jie/Documents/workspace/lcmhalgen/LCMHalTest_DBS/DATABASE_FreeRTOSUART_Hyperterminal_IT/working/tags.db
[E 08:16:18 80842] Locked DB /Users/jie/Documents/workspace/lcmhalgen/LCMHalTest_DBS/DATABASE_FreeRTOSUART_Hyperterminal_IT/working/tags.db
[E 08:16:18 80842] Unlocking DB
[E 08:16:18 80842] Unlocked DB
[E 08:16:18 80842] Looks like C compilation didn't already happen.
[E 08:16:18 80842] Checking whether C compilation has been attempted.
[E 08:16:18 80842] Checking for tag c-compilation-attempted
[E 08:16:18 80842] Checking CODEQL_TRACER_DB_ID 0000000000013BC8_0000000000000001
[E 08:16:18 80842] Locking DB /Users/jie/Documents/workspace/lcmhalgen/LCMHalTest_DBS/DATABASE_FreeRTOSUART_Hyperterminal_IT/working/tags.db
[E 08:16:18 80842] Locked DB /Users/jie/Documents/workspace/lcmhalgen/LCMHalTest_DBS/DATABASE_FreeRTOSUART_Hyperterminal_IT/working/tags.db
[E 08:16:18 80842] Unlocking DB
[E 08:16:18 80842] Unlocked DB
[E 08:16:18 80842] Marking C compilation as attempted.
[E 08:16:18 80842] Setting tag c-compilation-attempted
[E 08:16:18 80842] Starting from CODEQL_TRACER_DB_ID 0000000000013BC8_0000000000000001
[E 08:16:18 80842] Locking DB /Users/jie/Documents/workspace/lcmhalgen/LCMHalTest_DBS/DATABASE_FreeRTOSUART_Hyperterminal_IT/working/tags.db
[E 08:16:18 80842] Locked DB /Users/jie/Documents/workspace/lcmhalgen/LCMHalTest_DBS/DATABASE_FreeRTOSUART_Hyperterminal_IT/working/tags.db
[E 08:16:18 80842] Set tag for 0000000000013BC8_0000000000000001
[E 08:16:18 80842] Set tag for 0000000000013BC6_0000000000000003
[E 08:16:18 80842] Set tag for 0000000000013BC6_0000000000000002
[E 08:16:18 80842] Set tag for 0000000000013BC6_0000000000000001
[E 08:16:18 80842] Set tag for 0000000000013827_0000000000000002
[E 08:16:18 80842] Set tag for 0000000000013827_0000000000000001
[E 08:16:18 80842] Set tag for 00000000000137DE_0000000000000003
[E 08:16:18 80842] Set tag for 00000000000137DE_0000000000000002
[E 08:16:18 80842] Set tag for root
[E 08:16:18 80842] Unlocking DB
[E 08:16:18 80842] Unlocked DB
[E 08:16:18 80842] Processed command line: /opt/homebrew/Caskroom/codeql/2.23.0/codeql/cpp/tools/osx64/extractor --trapfolder /Users/jie/Documents/workspace/lcmhalgen/LCMHalTest_DBS/DATABASE_FreeRTOSUART_Hyperterminal_IT/trap/cpp --src_archive /Users/jie/Documents/workspace/lcmhalgen/LCMHalTest_DBS/DATABASE_FreeRTOSUART_Hyperterminal_IT/src --object_filename /var/folders/b3/0hb7dhg16rd56bpwtd8bcnyc0000gn/T//ccj6NxT9.s --no_warnings_and_discretionary_errors --error_limit 1000 --disable_system_macros --variadic_macros --incognito --c11 --gcc --gnu_version 140301 --target linux_i686 '-D__DBL_MIN_EXP__=(-1021)' -D__HQ_FBIT__=15 -D__UINT_LEAST16_MAX__=0xffff -D__ARM_SIZEOF_WCHAR_T=4 -D__WCHAR_MAX__=0xffffffffU -D__SFRACT_IBIT__=0 -D__ULFRACT_MIN__=0.0ULR -D__FLT_MIN__=1.1754943508222875e-38F -D__GCC_IEC_559_COMPLEX=0 -D__SIZEOF_LONG__=4 -D__UFRACT_MAX__=0XFFFFP-16UR '-D__UINT_LEAST8_TYPE__=unsigned char' -D__FLT_MAX_EXP__=128 -D__DQ_FBIT__=63 '-D__INTMAX_C(c)=c ## LL' -D__ARM_FEATURE_SAT=1 -D__ULFRACT_FBIT__=32 -D__CHAR_BIT__=8 -D__USQ_IBIT__=0 -D__UINT8_MAX__=0xff -D__ACCUM_FBIT__=15 -D__WINT_MAX__=0xffffffffU '-D__FLT32_MIN_EXP__=(-125)' -D__LONG_WIDTH__=32 -D__USFRACT_FBIT__=8 -D__ORDER_LITTLE_ENDIAN__=1234 -D__SIZE_MAX__=0xffffffffU -D__LACCUM_IBIT__=32 -D__GCC_HAVE_SYNC_COMPARE_AND_SWAP_1=1 -D__GCC_HAVE_SYNC_COMPARE_AND_SWAP_2=1 -D__GCC_HAVE_SYNC_COMPARE_AND_SWAP_4=1 '-D__DBL_DENORM_MIN__=((double)4.9406564584124654e-324L)' -D__GCC_ATOMIC_CHAR_LOCK_FREE=2 -D__GCC_IEC_559=0 -D__FLT32X_DECIMAL_DIG__=17 -D__FLT_EVAL_METHOD__=0 -D__TQ_IBIT__=0 -D__LLACCUM_MAX__=0X7FFFFFFFFFFFFFFFP-31LLK -D__FLT32_HAS_INFINITY__=1 -D__FLT64_DECIMAL_DIG__=17 -D__GCC_ATOMIC_CHAR32_T_LOCK_FREE=2 -D__INTPTR_WIDTH__=32 -D__SIG_ATOMIC_TYPE__=int '-D__DBL_MIN_10_EXP__=(-307)' -D__LFRACT_IBIT__=0 -D__FLT32_HAS_DENORM__=1 -D__USA_FBIT__=16 -D__UINT_FAST8_MAX__=0xffffffffU -D__FLT_HAS_QUIET_NAN__=1 '-D__INT8_C(c)=c' -D__INT_LEAST8_WIDTH__=8 -D__UINT_LEAST64_MAX__=0xffffffffffffffffULL -D__SA_FBIT__=15 -D__APCS_32__=1 -D__SHRT_MAX__=0x7fff '-D__LDBL_MAX__=1.7976931348623157e+308L' -D__FRACT_MAX__=0X7FFFP-15R -D__thumb2__=1 -D__LDBL_IS_IEC_60559__=1 -D__UFRACT_FBIT__=16 -D__ARM_FP=4 -D__UFRACT_MIN__=0.0UR -D__UINT_LEAST8_MAX__=0xff -D__GCC_ATOMIC_BOOL_LOCK_FREE=2 '-D__UINTMAX_TYPE__=long long unsigned int' -D__LLFRACT_EPSILON__=0x1P-63LLR -D__FLT_EVAL_METHOD_TS_18661_3__=0 -D__UINT32_MAX__=0xffffffffUL -D__ULFRACT_MAX__=0XFFFFFFFFP-32ULR -D__TA_IBIT__=64 -D__LDBL_MAX_EXP__=1024 -D__WINT_MIN__=0U -D__ARM_ASM_SYNTAX_UNIFIED__=1 -D__FLT32X_IS_IEC_60559__=1 -D__INT_LEAST16_WIDTH__=16 -D__ULLFRACT_MIN__=0.0ULLR -D__SCHAR_MAX__=0x7f -D__WCHAR_MIN__=0U '-D__INT64_C(c)=c ## LL' '-D__UINT16_C(c)=c' -D__GCC_ATOMIC_POINTER_LOCK_FREE=2 -D__ATOMIC_SEQ_CST=5 -D__FLT32X_MAX_EXP__=1024 -D__SIZEOF_INT__=4 -D__FLT32X_MANT_DIG__=53 -D__USACCUM_IBIT__=8 '-D__INT16_TYPE__=short int' -D__FLT_DIG__=6 '-D__LFRACT_MIN__=(-0.5LR-0.5LR)' -D__HA_IBIT__=8 -D__FLT_EPSILON__=1.1920928955078125e-7F -D__SHRT_WIDTH__=16 -D__FLT32_IS_IEC_60559__=1 -D__USFRACT_IBIT__=0 -D__LDBL_MIN__=2.2250738585072014e-308L -D__STDC_UTF_16__=1 '-D__FRACT_MIN__=(-0.5R-0.5R)' -D__DA_IBIT__=32 -D__ARM_SIZEOF_MINIMAL_ENUM=1 -D__FLT32X_HAS_INFINITY__=1 -D__UQQ_FBIT__=8 -D__UACCUM_MAX__=0XFFFFFFFFP-16UK -D__DECIMAL_DIG__=17 -D__LFRACT_EPSILON__=0x1P-31LR -D__FLT64_EPSILON__=2.2204460492503131e-16F64 -D__INT16_MAX__=0x7fff -D__ARM_PCS_VFP=1 -D__LDBL_HAS_QUIET_NAN__=1 -D__ULACCUM_IBIT__=32 -D__ARM_FEATURE_FMA=1 -D__FLT64_MANT_DIG__=53 -D__INT_LEAST16_MAX__=0x7fff -D__UACCUM_EPSILON__=0x1P-16UK -D__ULLACCUM_MAX__=0XFFFFFFFFFFFFFFFFP-32ULLK -D__HQ_IBIT__=0 -D__FLT_HAS_DENORM__=1 -D__SIZEOF_LONG_DOUBLE__=8 -D__SA_IBIT__=16 -D__BIGGEST_ALIGNMENT__=8 -D__ARM_FEATURE_IDIV=1 -D__INTPTR_TYPE__=int '-D__SIZE_TYPE__=unsigned int' -D__FLT64_MAX_10_EXP__=308 -D__DBL_DIG__=15 -D__ULLACCUM_FBIT__=32 -D__DBL_IS_IEC_60559__=1 -D__DQ_IBIT__=0 '-D__DBL_MAX__=((double)1.7976931348623157e+308L)' -D__ULFRACT_IBIT__=0 -D__INT_FAST32_MAX__=0x7fffffff -D__DBL_HAS_INFINITY__=1 -D__HAVE_SPECULATION_SAFE_VALUE=1 -D__ACCUM_IBIT__=16 -D__THUMB_INTERWORK__=1 -D__UINT_LEAST32_MAX__=0xffffffffUL -D__LACCUM_MAX__=0X7FFFFFFFFFFFFFFFP-31LK -D__FLT32X_HAS_DENORM__=1 -D__INT_FAST16_TYPE__=int -D__LDBL_HAS_DENORM__=1 -D__ARM_FEATURE_LDREX=7 -D__FLT32_DECIMAL_DIG__=9 -D__INT_LEAST32_MAX__=0x7fffffffL -D__ACCUM_MAX__=0X7FFFFFFFP-15K -D__DBL_MAX_EXP__=1024 -D__USACCUM_EPSILON__=0x1P-8UHK -D__WCHAR_WIDTH__=32 '-D__FLT32_MAX__=3.4028234663852886e+38F32' -D__SFRACT_MAX__=0X7FP-7HR -D__FRACT_IBIT__=0 -D__PTRDIFF_MAX__=0x7fffffff -D__UACCUM_MIN__=0.0UK -D__UACCUM_IBIT__=16 '-D__LLACCUM_MIN__=(-0X1P31LLK-0X1P31LLK)' -D__FLT32_HAS_QUIET_NAN__=1 -D__LONG_LONG_MAX__=0x7fffffffffffffffLL -D__ULACCUM_MAX__=0XFFFFFFFFFFFFFFFFP-32ULK -D__SIZEOF_WINT_T__=4 -D__ARM_FEATURE_UNALIGNED=1 -D__LONG_LONG_WIDTH__=64 -D__FLT32_MAX_EXP__=128 -D__ULLACCUM_MIN__=0.0ULLK -D__GXX_ABI_VERSION=1019 -D__UTA_FBIT__=64 -D__UFRACT_IBIT__=0 -D__FLT64_IS_IEC_60559__=1 -D__USQ_FBIT__=32 -D__ARM_FEATURE_QBIT=1 '-D__INT_FAST64_TYPE__=long long int' -D__FP_FAST_FMAF=1 -D__FLT64_DENORM_MIN__=4.9406564584124654e-324F64 '-D__DBL_MIN__=((double)2.2250738585072014e-308L)' -D__SIZEOF_POINTER__=4 -D__DBL_HAS_QUIET_NAN__=1 -D__FLT32X_EPSILON__=2.2204460492503131e-16F32x '-D__FLT64_MIN_EXP__=(-1021)' '-D__LACCUM_MIN__=(-0X1P31LK-0X1P31LK)' -D__FRACT_FBIT__=15 '-D__FLT64_MIN_10_EXP__=(-307)' -D__ULLFRACT_EPSILON__=0x1P-64ULLR -D__REGISTER_PREFIX__= -D__UINT16_MAX__=0xffff -D__DBL_HAS_DENORM__=1 '-D__ACCUM_MIN__=(-0X1P15K-0X1P15K)' -D__SQ_IBIT__=0 '-D__UINT8_TYPE__=unsigned char' -D__UHA_FBIT__=8 '-D__SFRACT_MIN__=(-0.5HR-0.5HR)' -D__UTQ_FBIT__=128 -D__DEC_EVAL_METHOD__=2 -D__FLT_MANT_DIG__=24 -D__LDBL_DECIMAL_DIG__=17 '-D__UINT64_C(c)=c ## ULL' -D__FRACT_EPSILON__=0x1P-15R -D__ULACCUM_MIN__=0.0ULK -D__UDA_FBIT__=32 -D__GCC_ATOMIC_INT_LOCK_FREE=2 '-D__FLT_MIN_EXP__=(-125)' -D__FLOAT_WORD_ORDER__=__ORDER_LITTLE_ENDIAN__ -D__USFRACT_MIN__=0.0UHR -D__FLT32_MANT_DIG__=24 -D__ULLFRACT_FBIT__=64 -D__UQQ_IBIT__=0 -D__SCHAR_WIDTH__=8 '-D__INT32_C(c)=c ## L' -D__ORDER_PDP_ENDIAN__=3412 -D__UHQ_FBIT__=16 -D__LLACCUM_FBIT__=31 -D__INT_FAST32_TYPE__=int '-D__UINT_LEAST16_TYPE__=short unsigned int' -D__UINT64_MAX__=0xffffffffffffffffULL -D__FLT_IS_IEC_60559__=1 -D__UDQ_FBIT__=64 -D__UINT_FAST64_MAX__=0xffffffffffffffffULL '-D__GNUC_WIDE_EXECUTION_CHARSET_NAME="UTF-32LE"' '-D__INT8_TYPE__=signed char' -D__thumb__=1 -D__ELF__=1 -D__SACCUM_EPSILON__=0x1P-7HK -D__ULFRACT_EPSILON__=0x1P-32ULR -D__LLFRACT_FBIT__=63 -D__FLT_RADIX__=2 '-D__INT_LEAST16_TYPE__=short int' -D__ARM_ARCH_PROFILE=77 -D__LDBL_EPSILON__=2.2204460492503131e-16L '-D__UINTMAX_C(c)=c ## ULL' -D__SACCUM_MAX__=0X7FFFP-7HK -D__FLT32X_MIN__=2.2250738585072014e-308F32x -D__SIG_ATOMIC_MAX__=0x7fffffff -D__UACCUM_FBIT__=16 -D__GCC_ATOMIC_WCHAR_T_LOCK_FREE=2 -D__USER_LABEL_PREFIX__= -D__VFP_FP__=1 -D__SIZEOF_PTRDIFF_T__=4 -D__ATOMIC_ACQUIRE=2 -D__INT_WIDTH__=32 -D__OPTIMIZE__=1 -D__LACCUM_EPSILON__=0x1P-31LK -D__LDBL_DIG__=15 '-D__FLT32X_MIN_EXP__=(-1021)' -D__INT_FAST16_MAX__=0x7fffffff -D__GCC_CONSTRUCTIVE_SIZE=64 -D__FLT64_DIG__=15 -D__UINT_FAST32_MAX__=0xffffffffU '-D__UINT_LEAST64_TYPE__=long long unsigned int' -D__SFRACT_EPSILON__=0x1P-7HR -D__GCC_ASM_FLAG_OUTPUTS__=1 -D__FLT_MAX_10_EXP__=38 -D__LONG_MAX__=0x7fffffffL -D__FINITE_MATH_ONLY__=0 -D__SIZEOF_SIZE_T__=4 -D__FLT_HAS_INFINITY__=1 '-D__GNUC_EXECUTION_CHARSET_NAME="UTF-8"' -D__CHAR_UNSIGNED__=1 '-D__UINT_FAST16_TYPE__=unsigned int' -D__ARM_32BIT_STATE=1 -D__INT_FAST32_WIDTH__=32 -D__PRAGMA_REDEFINE_EXTNAME=1 -D__ARMEL__=1 -D__SIZE_WIDTH__=32 -D__INT64_MAX__=0x7fffffffffffffffLL -D__SACCUM_FBIT__=7 -D__FLT32_DENORM_MIN__=1.4012984643248171e-45F32 -D__SIG_ATOMIC_WIDTH__=32 '-D__INT_LEAST64_TYPE__=long long int' -D__ARM_FEATURE_CLZ=1 '-D__INT_LEAST8_TYPE__=signed char' -D__SQ_FBIT__=31 -D__USFRACT_MAX__=0XFFP-8UHR -D__ARM_ARCH_ISA_THUMB=2 -D__INT_FAST8_MAX__=0x7fffffff -D__ARM_ARCH=7 -D__INTPTR_MAX__=0x7fffffff -D__QQ_FBIT__=7 -D__UTA_IBIT__=64 -D__FLT64_HAS_QUIET_NAN__=1 -D__FLT32X_DIG__=15 -D__PTRDIFF_WIDTH__=32 -D__LDBL_MANT_DIG__=53 -D__SFRACT_FBIT__=7 '-D__SACCUM_MIN__=(-0X1P7HK-0X1P7HK)' -D__FLT64_HAS_INFINITY__=1 '-D__SIG_ATOMIC_MIN__=(-__SIG_ATOMIC_MAX__ - 1)' -D__GCC_ATOMIC_LONG_LOCK_FREE=2 '-D__UINT16_TYPE__=short unsigned int' '-D__WCHAR_TYPE__=unsigned int' -D__SIZEOF_FLOAT__=4 -D__THUMBEL__=1 -D__TQ_FBIT__=127 -D__UINTPTR_MAX__=0xffffffffU -D__INT_FAST64_WIDTH__=64 -D__LDBL_HAS_INFINITY__=1 -D__ULLACCUM_IBIT__=32 -D__FLT32_MAX_10_EXP__=38 -D__INT_FAST64_MAX__=0x7fffffffffffffffLL -D__GCC_ATOMIC_TEST_AND_SET_TRUEVAL=1 '-D__FLT_NORM_MAX__=3.4028234663852886e+38F' '-D__UINT_FAST64_TYPE__=long long unsigned int' -D__LACCUM_FBIT__=31 -D__HA_FBIT__=7 -D__UHA_IBIT__=8 '-D__INT64_TYPE__=long long int' -D__UTQ_IBIT__=0 -D__DBL_MANT_DIG__=53 -D__INT_LEAST64_MAX__=0x7fffffffffffffffLL -D__GCC_ATOMIC_CHAR16_T_LOCK_FREE=2 -D__FP_FAST_FMAF32=1 '-D__WINT_TYPE__=unsigned int' '-D__UINT_LEAST32_TYPE__=long unsigned int' -D__SIZEOF_SHORT__=2 -D__ULLFRACT_IBIT__=0 '-D__FLT32_NORM_MAX__=3.4028234663852886e+38F32' '-D__LDBL_MIN_EXP__=(-1021)' -D__GXX_TYPEINFO_EQUALITY_INLINE=0 -D__INTMAX_MAX__=0x7fffffffffffffffLL -D__arm__=1 '-D__FLT64_MAX__=1.7976931348623157e+308F64' -D__UDA_IBIT__=32 -D__INT_MAX__=0x7fffffff -D__WINT_WIDTH__=32 -D__INT_LEAST8_MAX__=0x7f -D__INT_LEAST64_WIDTH__=64 -D__FLT32X_MAX_10_EXP__=308 -D__LLACCUM_EPSILON__=0x1P-31LLK -D__LFRACT_FBIT__=31 -D__LDBL_MAX_10_EXP__=308 -D__ATOMIC_RELAXED=0 '-D__DBL_EPSILON__=((double)2.2204460492503131e-16L)' '-D__INT_LEAST32_TYPE__=long int' -D__ARM_ARCH_7EM__=1 -D__ARM_FEATURE_SIMD32=1 '-D__UINT8_C(c)=c' -D__FLT64_MAX_EXP__=1024 -D__SIZEOF_WCHAR_T__=4 '-D__UINT64_TYPE__=long long unsigned int' -D__OPTIMIZE_SIZE__=1 -D__LLFRACT_MAX__=0X7FFFFFFFFFFFFFFFP-63LLR '-D__FLT64_NORM_MAX__=1.7976931348623157e+308F64' -D__INT_FAST8_TYPE__=int -D__ULLACCUM_EPSILON__=0x1P-32ULLK -D__USACCUM_MAX__=0XFFFFP-8UHK -D__UHQ_IBIT__=0 -D__ARM_FEATURE_COPROC=15 -D__LLACCUM_IBIT__=32 -D__FLT64_HAS_DENORM__=1 -D__FLT32_EPSILON__=1.1920928955078125e-7F32 -D__DBL_DECIMAL_DIG__=17 -D__STDC_UTF_32__=1 -D__INT_FAST8_WIDTH__=32 -D__BYTE_ORDER__=__ORDER_LITTLE_ENDIAN__ '-D__FLT32X_MAX__=1.7976931348623157e+308F32x' -D__TA_FBIT__=63 '-D__DBL_NORM_MAX__=((double)1.7976931348623157e+308L)' -D__USFRACT_EPSILON__=0x1P-8UHR -D__GCC_DESTRUCTIVE_SIZE=64 -D__UDQ_IBIT__=0 -D__INTMAX_WIDTH__=64 -D__ORDER_BIG_ENDIAN__=4321 -D__LFRACT_MAX__=0X7FFFFFFFP-31LR -D__ARM_FEATURE_DSP=1 -D__FLT32_DIG__=6 -D__ACCUM_EPSILON__=0x1P-15K '-D__UINT32_C(c)=c ## UL' -D__QQ_IBIT__=0 -D__LLFRACT_IBIT__=0 -D__INT8_MAX__=0x7f -D__INT32_MAX__=0x7fffffffL '-D__UINT_FAST32_TYPE__=unsigned int' '-D__FLT32X_NORM_MAX__=1.7976931348623157e+308F32x' '-D__FLT32_MIN_10_EXP__=(-37)' '-D__FLT_MAX__=3.4028234663852886e+38F' -D__USACCUM_FBIT__=8 '-D__INT32_TYPE__=long int' -D__SIZEOF_DOUBLE__=8 '-D__FLT_MIN_10_EXP__=(-37)' -D__UFRACT_EPSILON__=0x1P-16UR -D__FLT64_MIN__=2.2250738585072014e-308F64 -D__FLT_DENORM_MIN__=1.4012984643248171e-45F -D__INT_LEAST32_WIDTH__=32 '-D__INTMAX_TYPE__=long long int' -D__FLT32X_HAS_QUIET_NAN__=1 -D__ATOMIC_CONSUME=1 -D__INT_FAST16_WIDTH__=32 -D__UINTMAX_MAX__=0xffffffffffffffffULL -D__FLT32X_DENORM_MIN__=4.9406564584124654e-324F32x -D__ATOMIC_ACQ_REL=4 -D__DBL_MAX_10_EXP__=308 -D__LDBL_DENORM_MIN__=4.9406564584124654e-324L '-D__INT16_C(c)=c' -D__ATOMIC_RELEASE=3 -D__PTRDIFF_TYPE__=int '-D__LLFRACT_MIN__=(-0.5LLR-0.5LLR)' -D__USACCUM_MIN__=0.0UHK -D__FLT32_MIN__=1.1754943508222875e-38F32 -D__DA_FBIT__=31 '-D__UINT32_TYPE__=long unsigned int' '-D__FLT32X_MIN_10_EXP__=(-307)' -D__ARM_ARCH_EXT_IDIV__=1 '-D__UINTPTR_TYPE__=unsigned int' -D__USA_IBIT__=16 -D__ARM_EABI__=1 '-D__LDBL_MIN_10_EXP__=(-307)' -D__SIZEOF_LONG_LONG__=8 -D__ULACCUM_EPSILON__=0x1P-32ULK -D__SACCUM_IBIT__=8 -D__GCC_ATOMIC_LLONG_LOCK_FREE=1 -D__FLT_DECIMAL_DIG__=9 -D__UINT_FAST16_MAX__=0xffffffffU '-D__LDBL_NORM_MAX__=1.7976931348623157e+308L' -D__GCC_ATOMIC_SHORT_LOCK_FREE=2 -D__ULLFRACT_MAX__=0XFFFFFFFFFFFFFFFFP-64ULLR '-D__UINT_FAST8_TYPE__=unsigned int' -D__ULACCUM_FBIT__=32 -D__USES_INITFINI__ -DUSE_STM324xG_EVAL -DSTM32F407xx -DUSE_HAL_DRIVER -I../../Inc -I../../Drivers/CMSIS/Device/ST/STM32F4xx/Include -I../../Drivers/STM32F4xx_HAL_Driver/Inc -I../../Drivers/BSP/STM324xG_EVAL -I../../Drivers/CMSIS/Include -I/Users/jie/Documents/arm-gnu-toolchain-14.3.rel1-darwin-arm64-arm-none-eabi/bin/../arm-none-eabi/include/newlib-nano -I/Users/jie/Documents/arm-gnu-toolchain-14.3.rel1-darwin-arm64-arm-none-eabi/bin/../lib/gcc/arm-none-eabi/14.3.1/include -I/Users/jie/Documents/arm-gnu-toolchain-14.3.rel1-darwin-arm64-arm-none-eabi/bin/../lib/gcc/arm-none-eabi/14.3.1/include-fixed -I/Users/jie/Documents/arm-gnu-toolchain-14.3.rel1-darwin-arm64-arm-none-eabi/bin/../lib/gcc/arm-none-eabi/14.3.1/../../../../arm-none-eabi/include -- ../../Drivers/STM32F4xx_HAL_Driver/Src/stm32f4xx_hal_sram.c
[E 08:16:18 80842] CODEQL_EXTRACTOR_CPP_TRAP_CACHING is not set
[E 08:16:18 80842] CODEQL_EXTRACTOR_CPP_OPTION_TRAP_CACHE_WRITE is not set
[E 08:16:18 80842] CODEQL_EXTRACTOR_CPP_OPTION_TRAP_CACHE_DIR is not set
[E 08:16:18 80842] Initialising TRAP cache at path: 9e/2941/411efef8f221555bdfa2042c5550
[E 08:16:18 80842] Not using TRAP cache
[E 08:16:18 80842] TRAP cache miss
[E 08:16:18 80842] Starting compilation TRAP /Users/jie/Documents/workspace/lcmhalgen/LCMHalTest_DBS/DATABASE_FreeRTOSUART_Hyperterminal_IT/trap/cpp/compilations/28/7262187_0.trap.zst
[E 08:16:18 80842] Archiving /Users/jie/Documents/workspace/lcmhalgen/LCMHalTest_DBS/DATABASE_FreeRTOSUART_Hyperterminal_IT/src/Users/jie/Documents/workspace/lcmhalgen/posixGen_Demos/UART_Hyperterminal_IT/Drivers/STM32F4xx_HAL_Driver/Src/stm32f4xx_hal_sram.c
[E 08:16:18 80842] Already archived /Users/jie/Documents/workspace/lcmhalgen/LCMHalTest_DBS/DATABASE_FreeRTOSUART_Hyperterminal_IT/src/Users/jie/Documents/workspace/lcmhalgen/posixGen_Demos/UART_Hyperterminal_IT/Drivers/STM32F4xx_HAL_Driver/Inc/stm32f4xx_hal.h
[E 08:16:18 80842] Already archived /Users/jie/Documents/workspace/lcmhalgen/LCMHalTest_DBS/DATABASE_FreeRTOSUART_Hyperterminal_IT/src/Users/jie/Documents/workspace/lcmhalgen/posixGen_Demos/UART_Hyperterminal_IT/Inc/stm32f4xx_hal_conf.h
[E 08:16:18 80842] Already archived /Users/jie/Documents/workspace/lcmhalgen/LCMHalTest_DBS/DATABASE_FreeRTOSUART_Hyperterminal_IT/src/Users/jie/Documents/workspace/lcmhalgen/posixGen_Demos/UART_Hyperterminal_IT/Drivers/STM32F4xx_HAL_Driver/Inc/stm32f4xx_hal_rcc.h
[E 08:16:18 80842] Already archived /Users/jie/Documents/workspace/lcmhalgen/LCMHalTest_DBS/DATABASE_FreeRTOSUART_Hyperterminal_IT/src/Users/jie/Documents/workspace/lcmhalgen/posixGen_Demos/UART_Hyperterminal_IT/Drivers/STM32F4xx_HAL_Driver/Inc/stm32f4xx_hal_def.h
[E 08:16:18 80842] Already archived /Users/jie/Documents/workspace/lcmhalgen/LCMHalTest_DBS/DATABASE_FreeRTOSUART_Hyperterminal_IT/src/Users/jie/Documents/workspace/lcmhalgen/posixGen_Demos/UART_Hyperterminal_IT/Drivers/CMSIS/Device/ST/STM32F4xx/Include/stm32f4xx.h
[E 08:16:18 80842] Already archived /Users/jie/Documents/workspace/lcmhalgen/LCMHalTest_DBS/DATABASE_FreeRTOSUART_Hyperterminal_IT/src/Users/jie/Documents/workspace/lcmhalgen/posixGen_Demos/UART_Hyperterminal_IT/Drivers/CMSIS/Device/ST/STM32F4xx/Include/stm32f407xx.h
[E 08:16:18 80842] Already archived /Users/jie/Documents/workspace/lcmhalgen/LCMHalTest_DBS/DATABASE_FreeRTOSUART_Hyperterminal_IT/src/Users/jie/Documents/workspace/lcmhalgen/posixGen_Demos/UART_Hyperterminal_IT/Drivers/CMSIS/Include/core_cm4.h
[E 08:16:18 80842] Already archived /Users/jie/Documents/workspace/lcmhalgen/LCMHalTest_DBS/DATABASE_FreeRTOSUART_Hyperterminal_IT/src/Users/jie/Documents/arm-gnu-toolchain-14.3.rel1-darwin-arm64-arm-none-eabi/lib/gcc/arm-none-eabi/14.3.1/include/stdint.h
[E 08:16:18 80842] Already archived /Users/jie/Documents/workspace/lcmhalgen/LCMHalTest_DBS/DATABASE_FreeRTOSUART_Hyperterminal_IT/src/Users/jie/Documents/arm-gnu-toolchain-14.3.rel1-darwin-arm64-arm-none-eabi/arm-none-eabi/include/stdint.h
[E 08:16:18 80842] Already archived /Users/jie/Documents/workspace/lcmhalgen/LCMHalTest_DBS/DATABASE_FreeRTOSUART_Hyperterminal_IT/src/Users/jie/Documents/arm-gnu-toolchain-14.3.rel1-darwin-arm64-arm-none-eabi/arm-none-eabi/include/machine/_default_types.h
[E 08:16:18 80842] Already archived /Users/jie/Documents/workspace/lcmhalgen/LCMHalTest_DBS/DATABASE_FreeRTOSUART_Hyperterminal_IT/src/Users/jie/Documents/arm-gnu-toolchain-14.3.rel1-darwin-arm64-arm-none-eabi/arm-none-eabi/include/sys/features.h
[E 08:16:18 80842] Already archived /Users/jie/Documents/workspace/lcmhalgen/LCMHalTest_DBS/DATABASE_FreeRTOSUART_Hyperterminal_IT/src/Users/jie/Documents/arm-gnu-toolchain-14.3.rel1-darwin-arm64-arm-none-eabi/arm-none-eabi/include/_newlib_version.h
[E 08:16:18 80842] Already archived /Users/jie/Documents/workspace/lcmhalgen/LCMHalTest_DBS/DATABASE_FreeRTOSUART_Hyperterminal_IT/src/Users/jie/Documents/arm-gnu-toolchain-14.3.rel1-darwin-arm64-arm-none-eabi/arm-none-eabi/include/sys/_intsup.h
[E 08:16:18 80842] Already archived /Users/jie/Documents/workspace/lcmhalgen/LCMHalTest_DBS/DATABASE_FreeRTOSUART_Hyperterminal_IT/src/Users/jie/Documents/arm-gnu-toolchain-14.3.rel1-darwin-arm64-arm-none-eabi/arm-none-eabi/include/sys/_stdint.h
[E 08:16:18 80842] Already archived /Users/jie/Documents/workspace/lcmhalgen/LCMHalTest_DBS/DATABASE_FreeRTOSUART_Hyperterminal_IT/src/Users/jie/Documents/workspace/lcmhalgen/posixGen_Demos/UART_Hyperterminal_IT/Drivers/CMSIS/Include/cmsis_version.h
[E 08:16:18 80842] Already archived /Users/jie/Documents/workspace/lcmhalgen/LCMHalTest_DBS/DATABASE_FreeRTOSUART_Hyperterminal_IT/src/Users/jie/Documents/workspace/lcmhalgen/posixGen_Demos/UART_Hyperterminal_IT/Drivers/CMSIS/Include/cmsis_compiler.h
[E 08:16:18 80842] Already archived /Users/jie/Documents/workspace/lcmhalgen/LCMHalTest_DBS/DATABASE_FreeRTOSUART_Hyperterminal_IT/src/Users/jie/Documents/workspace/lcmhalgen/posixGen_Demos/UART_Hyperterminal_IT/Drivers/CMSIS/Include/cmsis_gcc.h
[E 08:16:18 80842] Already archived /Users/jie/Documents/workspace/lcmhalgen/LCMHalTest_DBS/DATABASE_FreeRTOSUART_Hyperterminal_IT/src/Users/jie/Documents/workspace/lcmhalgen/posixGen_Demos/UART_Hyperterminal_IT/Drivers/CMSIS/Include/mpu_armv7.h
[E 08:16:18 80842] Already archived /Users/jie/Documents/workspace/lcmhalgen/LCMHalTest_DBS/DATABASE_FreeRTOSUART_Hyperterminal_IT/src/Users/jie/Documents/workspace/lcmhalgen/posixGen_Demos/UART_Hyperterminal_IT/Drivers/CMSIS/Device/ST/STM32F4xx/Include/system_stm32f4xx.h
[E 08:16:18 80842] Already archived /Users/jie/Documents/workspace/lcmhalgen/LCMHalTest_DBS/DATABASE_FreeRTOSUART_Hyperterminal_IT/src/Users/jie/Documents/workspace/lcmhalgen/posixGen_Demos/UART_Hyperterminal_IT/Drivers/STM32F4xx_HAL_Driver/Inc/stm32f4xx_hal.h
[E 08:16:18 80842] Already archived /Users/jie/Documents/workspace/lcmhalgen/LCMHalTest_DBS/DATABASE_FreeRTOSUART_Hyperterminal_IT/src/Users/jie/Documents/workspace/lcmhalgen/posixGen_Demos/UART_Hyperterminal_IT/Drivers/STM32F4xx_HAL_Driver/Inc/Legacy/stm32_hal_legacy.h
[E 08:16:18 80842] Already archived /Users/jie/Documents/workspace/lcmhalgen/LCMHalTest_DBS/DATABASE_FreeRTOSUART_Hyperterminal_IT/src/Users/jie/Documents/arm-gnu-toolchain-14.3.rel1-darwin-arm64-arm-none-eabi/lib/gcc/arm-none-eabi/14.3.1/include/stddef.h
[E 08:16:18 80842] Already archived /Users/jie/Documents/workspace/lcmhalgen/LCMHalTest_DBS/DATABASE_FreeRTOSUART_Hyperterminal_IT/src/Users/jie/Documents/workspace/lcmhalgen/posixGen_Demos/UART_Hyperterminal_IT/Drivers/STM32F4xx_HAL_Driver/Inc/stm32f4xx_hal_rcc_ex.h
[E 08:16:18 80842] Already archived /Users/jie/Documents/workspace/lcmhalgen/LCMHalTest_DBS/DATABASE_FreeRTOSUART_Hyperterminal_IT/src/Users/jie/Documents/workspace/lcmhalgen/posixGen_Demos/UART_Hyperterminal_IT/Drivers/STM32F4xx_HAL_Driver/Inc/stm32f4xx_hal_gpio.h
[E 08:16:18 80842] Already archived /Users/jie/Documents/workspace/lcmhalgen/LCMHalTest_DBS/DATABASE_FreeRTOSUART_Hyperterminal_IT/src/Users/jie/Documents/workspace/lcmhalgen/posixGen_Demos/UART_Hyperterminal_IT/Drivers/STM32F4xx_HAL_Driver/Inc/stm32f4xx_hal_gpio_ex.h
[E 08:16:18 80842] Already archived /Users/jie/Documents/workspace/lcmhalgen/LCMHalTest_DBS/DATABASE_FreeRTOSUART_Hyperterminal_IT/src/Users/jie/Documents/workspace/lcmhalgen/posixGen_Demos/UART_Hyperterminal_IT/Drivers/STM32F4xx_HAL_Driver/Inc/stm32f4xx_hal_dma.h
[E 08:16:18 80842] Already archived /Users/jie/Documents/workspace/lcmhalgen/LCMHalTest_DBS/DATABASE_FreeRTOSUART_Hyperterminal_IT/src/Users/jie/Documents/workspace/lcmhalgen/posixGen_Demos/UART_Hyperterminal_IT/Drivers/STM32F4xx_HAL_Driver/Inc/stm32f4xx_hal_dma_ex.h
[E 08:16:18 80842] Already archived /Users/jie/Documents/workspace/lcmhalgen/LCMHalTest_DBS/DATABASE_FreeRTOSUART_Hyperterminal_IT/src/Users/jie/Documents/workspace/lcmhalgen/posixGen_Demos/UART_Hyperterminal_IT/Drivers/STM32F4xx_HAL_Driver/Inc/stm32f4xx_hal_cortex.h
[E 08:16:18 80842] Already archived /Users/jie/Documents/workspace/lcmhalgen/LCMHalTest_DBS/DATABASE_FreeRTOSUART_Hyperterminal_IT/src/Users/jie/Documents/workspace/lcmhalgen/posixGen_Demos/UART_Hyperterminal_IT/Drivers/STM32F4xx_HAL_Driver/Inc/stm32f4xx_hal_flash.h
[E 08:16:18 80842] Already archived /Users/jie/Documents/workspace/lcmhalgen/LCMHalTest_DBS/DATABASE_FreeRTOSUART_Hyperterminal_IT/src/Users/jie/Documents/workspace/lcmhalgen/posixGen_Demos/UART_Hyperterminal_IT/Drivers/STM32F4xx_HAL_Driver/Inc/stm32f4xx_hal_flash_ex.h
[E 08:16:18 80842] Already archived /Users/jie/Documents/workspace/lcmhalgen/LCMHalTest_DBS/DATABASE_FreeRTOSUART_Hyperterminal_IT/src/Users/jie/Documents/workspace/lcmhalgen/posixGen_Demos/UART_Hyperterminal_IT/Drivers/STM32F4xx_HAL_Driver/Inc/stm32f4xx_hal_flash_ramfunc.h
[E 08:16:18 80842] Already archived /Users/jie/Documents/workspace/lcmhalgen/LCMHalTest_DBS/DATABASE_FreeRTOSUART_Hyperterminal_IT/src/Users/jie/Documents/workspace/lcmhalgen/posixGen_Demos/UART_Hyperterminal_IT/Drivers/STM32F4xx_HAL_Driver/Inc/stm32f4xx_hal_sram.h
[E 08:16:18 80842] Already archived /Users/jie/Documents/workspace/lcmhalgen/LCMHalTest_DBS/DATABASE_FreeRTOSUART_Hyperterminal_IT/src/Users/jie/Documents/workspace/lcmhalgen/posixGen_Demos/UART_Hyperterminal_IT/Drivers/STM32F4xx_HAL_Driver/Inc/stm32f4xx_ll_fsmc.h
[E 08:16:18 80842] Already archived /Users/jie/Documents/workspace/lcmhalgen/LCMHalTest_DBS/DATABASE_FreeRTOSUART_Hyperterminal_IT/src/Users/jie/Documents/workspace/lcmhalgen/posixGen_Demos/UART_Hyperterminal_IT/Drivers/STM32F4xx_HAL_Driver/Inc/stm32f4xx_hal_i2c.h
[E 08:16:18 80842] Already archived /Users/jie/Documents/workspace/lcmhalgen/LCMHalTest_DBS/DATABASE_FreeRTOSUART_Hyperterminal_IT/src/Users/jie/Documents/workspace/lcmhalgen/posixGen_Demos/UART_Hyperterminal_IT/Drivers/STM32F4xx_HAL_Driver/Inc/stm32f4xx_hal_i2c_ex.h
[E 08:16:18 80842] Already archived /Users/jie/Documents/workspace/lcmhalgen/LCMHalTest_DBS/DATABASE_FreeRTOSUART_Hyperterminal_IT/src/Users/jie/Documents/workspace/lcmhalgen/posixGen_Demos/UART_Hyperterminal_IT/Drivers/STM32F4xx_HAL_Driver/Inc/stm32f4xx_hal_pwr.h
[E 08:16:18 80842] Already archived /Users/jie/Documents/workspace/lcmhalgen/LCMHalTest_DBS/DATABASE_FreeRTOSUART_Hyperterminal_IT/src/Users/jie/Documents/workspace/lcmhalgen/posixGen_Demos/UART_Hyperterminal_IT/Drivers/STM32F4xx_HAL_Driver/Inc/stm32f4xx_hal_pwr_ex.h
[E 08:16:18 80842] Already archived /Users/jie/Documents/workspace/lcmhalgen/LCMHalTest_DBS/DATABASE_FreeRTOSUART_Hyperterminal_IT/src/Users/jie/Documents/workspace/lcmhalgen/posixGen_Demos/UART_Hyperterminal_IT/Drivers/STM32F4xx_HAL_Driver/Inc/stm32f4xx_hal_uart.h
[E 08:16:18 80842] Creating trap tarball /Users/jie/Documents/workspace/lcmhalgen/LCMHalTest_DBS/DATABASE_FreeRTOSUART_Hyperterminal_IT/trap/cpp/tarballs/Users/jie/Documents/workspace/lcmhalgen/posixGen_Demos/UART_Hyperterminal_IT/Drivers/STM32F4xx_HAL_Driver/Src/stm32f4xx_hal_sram.c.68b76ac2_0.trap.tar.zst
[E 08:16:18 80842] Emitting trap files for ../../Drivers/STM32F4xx_HAL_Driver/Src/stm32f4xx_hal_sram.c
[E 08:16:18 80842] Opening existencedb in /Users/jie/Documents/workspace/lcmhalgen/LCMHalTest_DBS/DATABASE_FreeRTOSUART_Hyperterminal_IT/working/existencedb/db
[E 08:16:18 80842] Wrote 1 files to /Users/jie/Documents/workspace/lcmhalgen/LCMHalTest_DBS/DATABASE_FreeRTOSUART_Hyperterminal_IT/trap/cpp/tarballs/Users/jie/Documents/workspace/lcmhalgen/posixGen_Demos/UART_Hyperterminal_IT/Drivers/STM32F4xx_HAL_Driver/Src/stm32f4xx_hal_sram.c.68b76ac2_0.trap.tar.zst
[E 08:16:18 80842] Finished compilation TRAP /Users/jie/Documents/workspace/lcmhalgen/LCMHalTest_DBS/DATABASE_FreeRTOSUART_Hyperterminal_IT/trap/cpp/compilations/28/7262187_0.trap.zst
[E 08:16:18 80842] Marking C compilation as happened.
[E 08:16:18 80842] Setting tag c-compilation-happened
[E 08:16:18 80842] Starting from CODEQL_TRACER_DB_ID 0000000000013BC8_0000000000000001
[E 08:16:18 80842] Locking DB /Users/jie/Documents/workspace/lcmhalgen/LCMHalTest_DBS/DATABASE_FreeRTOSUART_Hyperterminal_IT/working/tags.db
[E 08:16:18 80842] Locked DB /Users/jie/Documents/workspace/lcmhalgen/LCMHalTest_DBS/DATABASE_FreeRTOSUART_Hyperterminal_IT/working/tags.db
[E 08:16:18 80842] Set tag for 0000000000013BC8_0000000000000001
[E 08:16:18 80842] Set tag for 0000000000013BC6_0000000000000003
[E 08:16:18 80842] Set tag for 0000000000013BC6_0000000000000002
[E 08:16:18 80842] Set tag for 0000000000013BC6_0000000000000001
[E 08:16:18 80842] Set tag for 0000000000013827_0000000000000002
[E 08:16:18 80842] Set tag for 0000000000013827_0000000000000001
[E 08:16:18 80842] Set tag for 00000000000137DE_0000000000000003
[E 08:16:18 80842] Set tag for 00000000000137DE_0000000000000002
[E 08:16:18 80842] Set tag for root
[E 08:16:18 80842] Unlocking DB
[E 08:16:18 80842] Unlocked DB
[E 08:16:18 80842] Extractor exited successfully
[T 08:16:18 80840] Extractor /opt/homebrew/Caskroom/codeql/2.23.0/codeql/cpp/tools/osx64/extractor terminated with exit code 0.
[T 08:16:18 80867] Initializing tracer.
[T 08:16:18 80867] Initializing tags.
[T 08:16:18 80867] ID set to 0000000000013BE3_0000000000000001 (parent 0000000000013BC6_0000000000000003)
[T 08:16:18 80867] ==== Candidate to intercept: /Users/jie/Documents/arm-gnu-toolchain-14.3.rel1-darwin-arm64-arm-none-eabi/bin/../lib/gcc/arm-none-eabi/14.3.1/../../../../arm-none-eabi/bin/as (canonical: /Users/jie/Documents/arm-gnu-toolchain-14.3.rel1-darwin-arm64-arm-none-eabi/arm-none-eabi/bin/as) ====
[T 08:16:18 80867] Lua: === Intercepted call to /users/jie/documents/arm-gnu-toolchain-14.3.rel1-darwin-arm64-arm-none-eabi/arm-none-eabi/bin/as ===
[T 08:16:18 80867] Executing the following tracer actions:
[T 08:16:18 80867] Tracer actions:
[T 08:16:18 80867] pre_invocations(0)
[T 08:16:18 80867] post_invocations(1)
[T 08:16:18 80867] invocation: /opt/homebrew/Caskroom/codeql/2.23.0/codeql/cpp/tools/osx64/extractor, args: [--assembler, --codeql-assembler-executable, /users/jie/documents/arm-gnu-toolchain-14.3.rel1-darwin-arm64-arm-none-eabi/arm-none-eabi/bin/as, -I, ../../Inc, -I, ../../Drivers/CMSIS/Device/ST/STM32F4xx/Include, -I, ../../Drivers/STM32F4xx_HAL_Driver/Inc, -I, ../../Drivers/BSP/STM324xG_EVAL, -I, ../../Drivers/CMSIS/Include, -march=armv7e-m+fp, -mfloat-abi=hard, -mfpu=fpv4-sp-d16, -meabi=5, -o, Drivers/STM32F4xx_HAL_Driver/stm32f4xx_hal_sram.o, /var/folders/b3/0hb7dhg16rd56bpwtd8bcnyc0000gn/T//ccj6NxT9.s]
[T 08:16:18 80867] trace_languages(1): [cpp]
[T 08:16:18 80869] Attempting to switch stdout/stderr to 4...
[T 08:16:18 80869] Initializing tracer.
[T 08:16:18 80869] Initializing tags.
[T 08:16:18 80869] ID set to 0000000000013BE5_0000000000000001 (parent 0000000000013BE3_0000000000000001)
[E 08:16:18 80869] CodeQL C/C++ Extractor 2.23.0
[E 08:16:18 80869] Current directory: /Users/jie/Documents/workspace/lcmhalgen/posixGen_Demos/UART_Hyperterminal_IT/STM32CubeIDE/Release
[E 08:16:18 80869] Command: /opt/homebrew/Caskroom/codeql/2.23.0/codeql/cpp/tools/osx64/extractor --assembler --codeql-assembler-executable /users/jie/documents/arm-gnu-toolchain-14.3.rel1-darwin-arm64-arm-none-eabi/arm-none-eabi/bin/as -I ../../Inc -I ../../Drivers/CMSIS/Device/ST/STM32F4xx/Include -I ../../Drivers/STM32F4xx_HAL_Driver/Inc -I ../../Drivers/BSP/STM324xG_EVAL -I ../../Drivers/CMSIS/Include '-march=armv7e-m+fp' -mfloat-abi=hard -mfpu=fpv4-sp-d16 -meabi=5 -o Drivers/STM32F4xx_HAL_Driver/stm32f4xx_hal_sram.o /var/folders/b3/0hb7dhg16rd56bpwtd8bcnyc0000gn/T//ccj6NxT9.s
[E 08:16:18 80869] Extractor exited after mimicking assembler
[T 08:16:18 80867] Extractor /opt/homebrew/Caskroom/codeql/2.23.0/codeql/cpp/tools/osx64/extractor terminated with exit code 0.
[T 08:16:18 80870] Attempting to switch stdout/stderr to 4...
[T 08:16:18 80870] Initializing tracer.
[T 08:16:18 80870] Initializing tags.
[T 08:16:18 80870] ID set to 0000000000013BE6_0000000000000001 (parent 0000000000013BC6_0000000000000003)
[E 08:16:18 80870] CodeQL C/C++ Extractor 2.23.0
[E 08:16:18 80870] Current directory: /Users/jie/Documents/workspace/lcmhalgen/posixGen_Demos/UART_Hyperterminal_IT/STM32CubeIDE/Release
[E 08:16:18 80870] Command: /opt/homebrew/Caskroom/codeql/2.23.0/codeql/cpp/tools/osx64/extractor --mimic /users/jie/documents/arm-gnu-toolchain-14.3.rel1-darwin-arm64-arm-none-eabi/bin/arm-none-eabi-gcc ../../Drivers/STM32F4xx_HAL_Driver/Src/stm32f4xx_hal_sram.c -mcpu=cortex-m4 -std=gnu11 -DUSE_STM324xG_EVAL -DSTM32F407xx -DUSE_HAL_DRIVER -c -I../../Inc -I../../Drivers/CMSIS/Device/ST/STM32F4xx/Include -I../../Drivers/STM32F4xx_HAL_Driver/Inc -I../../Drivers/BSP/STM324xG_EVAL -I../../Drivers/CMSIS/Include -Os -ffunction-sections -fdata-sections -Wall -fstack-usage -MMD -MP -MFDrivers/STM32F4xx_HAL_Driver/stm32f4xx_hal_sram.d -MTDrivers/STM32F4xx_HAL_Driver/stm32f4xx_hal_sram.o --specs=nano.specs -mfpu=fpv4-sp-d16 -mfloat-abi=hard -mthumb -o Drivers/STM32F4xx_HAL_Driver/stm32f4xx_hal_sram.o
[E 08:16:18 80870] Warning: Unrecognized command line argument --specs=nano.specs
[E 08:16:18 80870] Checking whether C compilation already happened.
[E 08:16:18 80870] Checking for tag c-compilation-happened
[E 08:16:18 80870] Checking CODEQL_TRACER_DB_ID 0000000000013BC6_0000000000000003
[E 08:16:18 80870] Locking DB /Users/jie/Documents/workspace/lcmhalgen/LCMHalTest_DBS/DATABASE_FreeRTOSUART_Hyperterminal_IT/working/tags.db
[E 08:16:18 80870] Locked DB /Users/jie/Documents/workspace/lcmhalgen/LCMHalTest_DBS/DATABASE_FreeRTOSUART_Hyperterminal_IT/working/tags.db
[E 08:16:18 80870] Unlocking DB
[E 08:16:18 80870] Unlocked DB
[E 08:16:18 80870] Exiting as C compilation already happened.
[T 08:16:18 80838] Extractor /opt/homebrew/Caskroom/codeql/2.23.0/codeql/cpp/tools/osx64/extractor terminated with exit code 0.
[T 08:16:18 80871] Initializing tracer.
[T 08:16:18 80871] Initializing tags.
[T 08:16:18 80871] ID set to 0000000000013BE7_0000000000000001 (parent 0000000000013827_0000000000000002)
[T 08:16:18 80871] ==== Candidate to intercept: /bin/sh (canonical: /bin/sh) ====
[T 08:16:18 80871] Executing the following tracer actions:
[T 08:16:18 80871] Tracer actions:
[T 08:16:18 80871] pre_invocations(0)
[T 08:16:18 80871] post_invocations(0)
[T 08:16:18 80871] trace_languages(1): [cpp]
[T 08:16:18 80871] Initializing tracer.
[T 08:16:18 80871] Initializing tags.
[T 08:16:18 80871] ID set to 0000000000013BE7_0000000000000002 (parent 0000000000013BE7_0000000000000001)
[T 08:16:18 80871] ==== Candidate to intercept: /bin/bash (canonical: /bin/bash) ====
[T 08:16:18 80871] Executing the following tracer actions:
[T 08:16:18 80871] Tracer actions:
[T 08:16:18 80871] pre_invocations(0)
[T 08:16:18 80871] post_invocations(0)
[T 08:16:18 80871] trace_languages(1): [cpp]
[T 08:16:18 80871] Initializing tracer.
[T 08:16:18 80871] Initializing tags.
[T 08:16:18 80871] ID set to 0000000000013BE7_0000000000000003 (parent 0000000000013BE7_0000000000000002)
[T 08:16:18 80871] ==== Candidate to intercept: /Users/jie/Documents/arm-gnu-toolchain-14.3.rel1-darwin-arm64-arm-none-eabi/bin/arm-none-eabi-gcc (canonical: /Users/jie/Documents/arm-gnu-toolchain-14.3.rel1-darwin-arm64-arm-none-eabi/bin/arm-none-eabi-gcc) ====
[T 08:16:18 80871] Lua: === Intercepted call to /users/jie/documents/arm-gnu-toolchain-14.3.rel1-darwin-arm64-arm-none-eabi/bin/arm-none-eabi-gcc ===
[T 08:16:18 80871] Executing the following tracer actions:
[T 08:16:18 80871] Tracer actions:
[T 08:16:18 80871] pre_invocations(0)
[T 08:16:18 80871] post_invocations(1)
[T 08:16:18 80871] invocation: /opt/homebrew/Caskroom/codeql/2.23.0/codeql/cpp/tools/osx64/extractor, args: [--mimic, /users/jie/documents/arm-gnu-toolchain-14.3.rel1-darwin-arm64-arm-none-eabi/bin/arm-none-eabi-gcc, ../../Drivers/STM32F4xx_HAL_Driver/Src/stm32f4xx_hal_uart.c, -mcpu=cortex-m4, -std=gnu11, -DUSE_STM324xG_EVAL, -DSTM32F407xx, -DUSE_HAL_DRIVER, -c, -I../../Inc, -I../../Drivers/CMSIS/Device/ST/STM32F4xx/Include, -I../../Drivers/STM32F4xx_HAL_Driver/Inc, -I../../Drivers/BSP/STM324xG_EVAL, -I../../Drivers/CMSIS/Include, -Os, -ffunction-sections, -fdata-sections, -Wall, -fstack-usage, -MMD, -MP, -MFDrivers/STM32F4xx_HAL_Driver/stm32f4xx_hal_uart.d, -MTDrivers/STM32F4xx_HAL_Driver/stm32f4xx_hal_uart.o, --specs=nano.specs, -mfpu=fpv4-sp-d16, -mfloat-abi=hard, -mthumb, -o, Drivers/STM32F4xx_HAL_Driver/stm32f4xx_hal_uart.o]
[T 08:16:18 80871] trace_languages(1): [cpp]
[T 08:16:18 80873] Initializing tracer.
[T 08:16:18 80873] Initializing tags.
[T 08:16:18 80873] ID set to 0000000000013BE9_0000000000000001 (parent 0000000000013BE7_0000000000000003)
[T 08:16:18 80873] ==== Candidate to intercept: /Users/jie/Documents/arm-gnu-toolchain-14.3.rel1-darwin-arm64-arm-none-eabi/bin/../libexec/gcc/arm-none-eabi/14.3.1/cc1 (canonical: /Users/jie/Documents/arm-gnu-toolchain-14.3.rel1-darwin-arm64-arm-none-eabi/libexec/gcc/arm-none-eabi/14.3.1/cc1) ====
[T 08:16:18 80873] Lua: === Intercepted call to /users/jie/documents/arm-gnu-toolchain-14.3.rel1-darwin-arm64-arm-none-eabi/libexec/gcc/arm-none-eabi/14.3.1/cc1 ===
[T 08:16:18 80873] Executing the following tracer actions:
[T 08:16:18 80873] Tracer actions:
[T 08:16:18 80873] pre_invocations(0)
[T 08:16:18 80873] post_invocations(1)
[T 08:16:18 80873] invocation: /opt/homebrew/Caskroom/codeql/2.23.0/codeql/cpp/tools/osx64/extractor, args: [--mimic, /users/jie/documents/arm-gnu-toolchain-14.3.rel1-darwin-arm64-arm-none-eabi/libexec/gcc/arm-none-eabi/14.3.1/cc1, -isystem, =/include/newlib-nano, -quiet, -I, ../../Inc, -I, ../../Drivers/CMSIS/Device/ST/STM32F4xx/Include, -I, ../../Drivers/STM32F4xx_HAL_Driver/Inc, -I, ../../Drivers/BSP/STM324xG_EVAL, -I, ../../Drivers/CMSIS/Include, -imultilib, thumb/v7e-m+fp/hard, -iprefix, /Users/jie/Documents/arm-gnu-toolchain-14.3.rel1-darwin-arm64-arm-none-eabi/bin/../lib/gcc/arm-none-eabi/14.3.1/, -isysroot, /Users/jie/Documents/arm-gnu-toolchain-14.3.rel1-darwin-arm64-arm-none-eabi/bin/../arm-none-eabi, -MMD, Drivers/STM32F4xx_HAL_Driver/stm32f4xx_hal_uart.d, -MF, Drivers/STM32F4xx_HAL_Driver/stm32f4xx_hal_uart.d, -MP, -MT, Drivers/STM32F4xx_HAL_Driver/stm32f4xx_hal_uart.o, -D__USES_INITFINI__, -D, USE_STM324xG_EVAL, -D, STM32F407xx, -D, USE_HAL_DRIVER, ../../Drivers/STM32F4xx_HAL_Driver/Src/stm32f4xx_hal_uart.c, -quiet, -dumpdir, Drivers/STM32F4xx_HAL_Driver/, -dumpbase, stm32f4xx_hal_uart.c, -dumpbase-ext, .c, -mcpu=cortex-m4, -mfpu=fpv4-sp-d16, -mfloat-abi=hard, -mthumb, -mlibarch=armv7e-m+fp, -march=armv7e-m+fp, -Os, -Wall, -std=gnu11, -ffunction-sections, -fdata-sections, -fstack-usage, -o, /var/folders/b3/0hb7dhg16rd56bpwtd8bcnyc0000gn/T//ccAJ7JjH.s]
[T 08:16:18 80873] trace_languages(1): [cpp]
[T 08:16:18 80879] Attempting to switch stdout/stderr to 4...
[T 08:16:18 80879] Initializing tracer.
[T 08:16:18 80879] Initializing tags.
[T 08:16:18 80879] ID set to 0000000000013BEF_0000000000000001 (parent 0000000000013BE9_0000000000000001)
[E 08:16:18 80879] CodeQL C/C++ Extractor 2.23.0
[E 08:16:18 80879] Current directory: /Users/jie/Documents/workspace/lcmhalgen/posixGen_Demos/UART_Hyperterminal_IT/STM32CubeIDE/Release
[E 08:16:18 80879] Command: /opt/homebrew/Caskroom/codeql/2.23.0/codeql/cpp/tools/osx64/extractor --mimic /users/jie/documents/arm-gnu-toolchain-14.3.rel1-darwin-arm64-arm-none-eabi/libexec/gcc/arm-none-eabi/14.3.1/cc1 -isystem '=/include/newlib-nano' -quiet -I ../../Inc -I ../../Drivers/CMSIS/Device/ST/STM32F4xx/Include -I ../../Drivers/STM32F4xx_HAL_Driver/Inc -I ../../Drivers/BSP/STM324xG_EVAL -I ../../Drivers/CMSIS/Include -imultilib 'thumb/v7e-m+fp/hard' -iprefix /Users/jie/Documents/arm-gnu-toolchain-14.3.rel1-darwin-arm64-arm-none-eabi/bin/../lib/gcc/arm-none-eabi/14.3.1/ -isysroot /Users/jie/Documents/arm-gnu-toolchain-14.3.rel1-darwin-arm64-arm-none-eabi/bin/../arm-none-eabi -MMD Drivers/STM32F4xx_HAL_Driver/stm32f4xx_hal_uart.d -MF Drivers/STM32F4xx_HAL_Driver/stm32f4xx_hal_uart.d -MP -MT Drivers/STM32F4xx_HAL_Driver/stm32f4xx_hal_uart.o -D__USES_INITFINI__ -D USE_STM324xG_EVAL -D STM32F407xx -D USE_HAL_DRIVER ../../Drivers/STM32F4xx_HAL_Driver/Src/stm32f4xx_hal_uart.c -quiet -dumpdir Drivers/STM32F4xx_HAL_Driver/ -dumpbase stm32f4xx_hal_uart.c -dumpbase-ext .c -mcpu=cortex-m4 -mfpu=fpv4-sp-d16 -mfloat-abi=hard -mthumb '-mlibarch=armv7e-m+fp' '-march=armv7e-m+fp' -Os -Wall -std=gnu11 -ffunction-sections -fdata-sections -fstack-usage -o /var/folders/b3/0hb7dhg16rd56bpwtd8bcnyc0000gn/T//ccAJ7JjH.s
[E 08:16:18 80879] Checking whether C compilation already happened.
[E 08:16:18 80879] Checking for tag c-compilation-happened
[E 08:16:18 80879] Checking CODEQL_TRACER_DB_ID 0000000000013BE9_0000000000000001
[E 08:16:18 80879] Locking DB /Users/jie/Documents/workspace/lcmhalgen/LCMHalTest_DBS/DATABASE_FreeRTOSUART_Hyperterminal_IT/working/tags.db
[E 08:16:18 80879] Locked DB /Users/jie/Documents/workspace/lcmhalgen/LCMHalTest_DBS/DATABASE_FreeRTOSUART_Hyperterminal_IT/working/tags.db
[E 08:16:18 80879] Unlocking DB
[E 08:16:18 80879] Unlocked DB
[E 08:16:18 80879] Looks like C compilation didn't already happen.
[E 08:16:18 80879] Checking whether C compilation has been attempted.
[E 08:16:18 80879] Checking for tag c-compilation-attempted
[E 08:16:18 80879] Checking CODEQL_TRACER_DB_ID 0000000000013BE9_0000000000000001
[E 08:16:18 80879] Locking DB /Users/jie/Documents/workspace/lcmhalgen/LCMHalTest_DBS/DATABASE_FreeRTOSUART_Hyperterminal_IT/working/tags.db
[E 08:16:18 80879] Locked DB /Users/jie/Documents/workspace/lcmhalgen/LCMHalTest_DBS/DATABASE_FreeRTOSUART_Hyperterminal_IT/working/tags.db
[E 08:16:18 80879] Unlocking DB
[E 08:16:18 80879] Unlocked DB
[E 08:16:18 80879] Marking C compilation as attempted.
[E 08:16:18 80879] Setting tag c-compilation-attempted
[E 08:16:18 80879] Starting from CODEQL_TRACER_DB_ID 0000000000013BE9_0000000000000001
[E 08:16:18 80879] Locking DB /Users/jie/Documents/workspace/lcmhalgen/LCMHalTest_DBS/DATABASE_FreeRTOSUART_Hyperterminal_IT/working/tags.db
[E 08:16:18 80879] Locked DB /Users/jie/Documents/workspace/lcmhalgen/LCMHalTest_DBS/DATABASE_FreeRTOSUART_Hyperterminal_IT/working/tags.db
[E 08:16:18 80879] Set tag for 0000000000013BE9_0000000000000001
[E 08:16:18 80879] Set tag for 0000000000013BE7_0000000000000003
[E 08:16:18 80879] Set tag for 0000000000013BE7_0000000000000002
[E 08:16:18 80879] Set tag for 0000000000013BE7_0000000000000001
[E 08:16:18 80879] Set tag for 0000000000013827_0000000000000002
[E 08:16:18 80879] Set tag for 0000000000013827_0000000000000001
[E 08:16:18 80879] Set tag for 00000000000137DE_0000000000000003
[E 08:16:18 80879] Set tag for 00000000000137DE_0000000000000002
[E 08:16:18 80879] Set tag for root
[E 08:16:18 80879] Unlocking DB
[E 08:16:18 80879] Unlocked DB
[E 08:16:18 80879] Processed command line: /opt/homebrew/Caskroom/codeql/2.23.0/codeql/cpp/tools/osx64/extractor --trapfolder /Users/jie/Documents/workspace/lcmhalgen/LCMHalTest_DBS/DATABASE_FreeRTOSUART_Hyperterminal_IT/trap/cpp --src_archive /Users/jie/Documents/workspace/lcmhalgen/LCMHalTest_DBS/DATABASE_FreeRTOSUART_Hyperterminal_IT/src --object_filename /var/folders/b3/0hb7dhg16rd56bpwtd8bcnyc0000gn/T//ccAJ7JjH.s --no_warnings_and_discretionary_errors --error_limit 1000 --disable_system_macros --variadic_macros --incognito --c11 --gcc --gnu_version 140301 --target linux_i686 '-D__DBL_MIN_EXP__=(-1021)' -D__HQ_FBIT__=15 -D__UINT_LEAST16_MAX__=0xffff -D__ARM_SIZEOF_WCHAR_T=4 -D__WCHAR_MAX__=0xffffffffU -D__SFRACT_IBIT__=0 -D__ULFRACT_MIN__=0.0ULR -D__FLT_MIN__=1.1754943508222875e-38F -D__GCC_IEC_559_COMPLEX=0 -D__SIZEOF_LONG__=4 -D__UFRACT_MAX__=0XFFFFP-16UR '-D__UINT_LEAST8_TYPE__=unsigned char' -D__FLT_MAX_EXP__=128 -D__DQ_FBIT__=63 '-D__INTMAX_C(c)=c ## LL' -D__ARM_FEATURE_SAT=1 -D__ULFRACT_FBIT__=32 -D__CHAR_BIT__=8 -D__USQ_IBIT__=0 -D__UINT8_MAX__=0xff -D__ACCUM_FBIT__=15 -D__WINT_MAX__=0xffffffffU '-D__FLT32_MIN_EXP__=(-125)' -D__LONG_WIDTH__=32 -D__USFRACT_FBIT__=8 -D__ORDER_LITTLE_ENDIAN__=1234 -D__SIZE_MAX__=0xffffffffU -D__LACCUM_IBIT__=32 -D__GCC_HAVE_SYNC_COMPARE_AND_SWAP_1=1 -D__GCC_HAVE_SYNC_COMPARE_AND_SWAP_2=1 -D__GCC_HAVE_SYNC_COMPARE_AND_SWAP_4=1 '-D__DBL_DENORM_MIN__=((double)4.9406564584124654e-324L)' -D__GCC_ATOMIC_CHAR_LOCK_FREE=2 -D__GCC_IEC_559=0 -D__FLT32X_DECIMAL_DIG__=17 -D__FLT_EVAL_METHOD__=0 -D__TQ_IBIT__=0 -D__LLACCUM_MAX__=0X7FFFFFFFFFFFFFFFP-31LLK -D__FLT32_HAS_INFINITY__=1 -D__FLT64_DECIMAL_DIG__=17 -D__GCC_ATOMIC_CHAR32_T_LOCK_FREE=2 -D__INTPTR_WIDTH__=32 -D__SIG_ATOMIC_TYPE__=int '-D__DBL_MIN_10_EXP__=(-307)' -D__LFRACT_IBIT__=0 -D__FLT32_HAS_DENORM__=1 -D__USA_FBIT__=16 -D__UINT_FAST8_MAX__=0xffffffffU -D__FLT_HAS_QUIET_NAN__=1 '-D__INT8_C(c)=c' -D__INT_LEAST8_WIDTH__=8 -D__UINT_LEAST64_MAX__=0xffffffffffffffffULL -D__SA_FBIT__=15 -D__APCS_32__=1 -D__SHRT_MAX__=0x7fff '-D__LDBL_MAX__=1.7976931348623157e+308L' -D__FRACT_MAX__=0X7FFFP-15R -D__thumb2__=1 -D__LDBL_IS_IEC_60559__=1 -D__UFRACT_FBIT__=16 -D__ARM_FP=4 -D__UFRACT_MIN__=0.0UR -D__UINT_LEAST8_MAX__=0xff -D__GCC_ATOMIC_BOOL_LOCK_FREE=2 '-D__UINTMAX_TYPE__=long long unsigned int' -D__LLFRACT_EPSILON__=0x1P-63LLR -D__FLT_EVAL_METHOD_TS_18661_3__=0 -D__UINT32_MAX__=0xffffffffUL -D__ULFRACT_MAX__=0XFFFFFFFFP-32ULR -D__TA_IBIT__=64 -D__LDBL_MAX_EXP__=1024 -D__WINT_MIN__=0U -D__ARM_ASM_SYNTAX_UNIFIED__=1 -D__FLT32X_IS_IEC_60559__=1 -D__INT_LEAST16_WIDTH__=16 -D__ULLFRACT_MIN__=0.0ULLR -D__SCHAR_MAX__=0x7f -D__WCHAR_MIN__=0U '-D__INT64_C(c)=c ## LL' '-D__UINT16_C(c)=c' -D__GCC_ATOMIC_POINTER_LOCK_FREE=2 -D__ATOMIC_SEQ_CST=5 -D__FLT32X_MAX_EXP__=1024 -D__SIZEOF_INT__=4 -D__FLT32X_MANT_DIG__=53 -D__USACCUM_IBIT__=8 '-D__INT16_TYPE__=short int' -D__FLT_DIG__=6 '-D__LFRACT_MIN__=(-0.5LR-0.5LR)' -D__HA_IBIT__=8 -D__FLT_EPSILON__=1.1920928955078125e-7F -D__SHRT_WIDTH__=16 -D__FLT32_IS_IEC_60559__=1 -D__USFRACT_IBIT__=0 -D__LDBL_MIN__=2.2250738585072014e-308L -D__STDC_UTF_16__=1 '-D__FRACT_MIN__=(-0.5R-0.5R)' -D__DA_IBIT__=32 -D__ARM_SIZEOF_MINIMAL_ENUM=1 -D__FLT32X_HAS_INFINITY__=1 -D__UQQ_FBIT__=8 -D__UACCUM_MAX__=0XFFFFFFFFP-16UK -D__DECIMAL_DIG__=17 -D__LFRACT_EPSILON__=0x1P-31LR -D__FLT64_EPSILON__=2.2204460492503131e-16F64 -D__INT16_MAX__=0x7fff -D__ARM_PCS_VFP=1 -D__LDBL_HAS_QUIET_NAN__=1 -D__ULACCUM_IBIT__=32 -D__ARM_FEATURE_FMA=1 -D__FLT64_MANT_DIG__=53 -D__INT_LEAST16_MAX__=0x7fff -D__UACCUM_EPSILON__=0x1P-16UK -D__ULLACCUM_MAX__=0XFFFFFFFFFFFFFFFFP-32ULLK -D__HQ_IBIT__=0 -D__FLT_HAS_DENORM__=1 -D__SIZEOF_LONG_DOUBLE__=8 -D__SA_IBIT__=16 -D__BIGGEST_ALIGNMENT__=8 -D__ARM_FEATURE_IDIV=1 -D__INTPTR_TYPE__=int '-D__SIZE_TYPE__=unsigned int' -D__FLT64_MAX_10_EXP__=308 -D__DBL_DIG__=15 -D__ULLACCUM_FBIT__=32 -D__DBL_IS_IEC_60559__=1 -D__DQ_IBIT__=0 '-D__DBL_MAX__=((double)1.7976931348623157e+308L)' -D__ULFRACT_IBIT__=0 -D__INT_FAST32_MAX__=0x7fffffff -D__DBL_HAS_INFINITY__=1 -D__HAVE_SPECULATION_SAFE_VALUE=1 -D__ACCUM_IBIT__=16 -D__THUMB_INTERWORK__=1 -D__UINT_LEAST32_MAX__=0xffffffffUL -D__LACCUM_MAX__=0X7FFFFFFFFFFFFFFFP-31LK -D__FLT32X_HAS_DENORM__=1 -D__INT_FAST16_TYPE__=int -D__LDBL_HAS_DENORM__=1 -D__ARM_FEATURE_LDREX=7 -D__FLT32_DECIMAL_DIG__=9 -D__INT_LEAST32_MAX__=0x7fffffffL -D__ACCUM_MAX__=0X7FFFFFFFP-15K -D__DBL_MAX_EXP__=1024 -D__USACCUM_EPSILON__=0x1P-8UHK -D__WCHAR_WIDTH__=32 '-D__FLT32_MAX__=3.4028234663852886e+38F32' -D__SFRACT_MAX__=0X7FP-7HR -D__FRACT_IBIT__=0 -D__PTRDIFF_MAX__=0x7fffffff -D__UACCUM_MIN__=0.0UK -D__UACCUM_IBIT__=16 '-D__LLACCUM_MIN__=(-0X1P31LLK-0X1P31LLK)' -D__FLT32_HAS_QUIET_NAN__=1 -D__LONG_LONG_MAX__=0x7fffffffffffffffLL -D__ULACCUM_MAX__=0XFFFFFFFFFFFFFFFFP-32ULK -D__SIZEOF_WINT_T__=4 -D__ARM_FEATURE_UNALIGNED=1 -D__LONG_LONG_WIDTH__=64 -D__FLT32_MAX_EXP__=128 -D__ULLACCUM_MIN__=0.0ULLK -D__GXX_ABI_VERSION=1019 -D__UTA_FBIT__=64 -D__UFRACT_IBIT__=0 -D__FLT64_IS_IEC_60559__=1 -D__USQ_FBIT__=32 -D__ARM_FEATURE_QBIT=1 '-D__INT_FAST64_TYPE__=long long int' -D__FP_FAST_FMAF=1 -D__FLT64_DENORM_MIN__=4.9406564584124654e-324F64 '-D__DBL_MIN__=((double)2.2250738585072014e-308L)' -D__SIZEOF_POINTER__=4 -D__DBL_HAS_QUIET_NAN__=1 -D__FLT32X_EPSILON__=2.2204460492503131e-16F32x '-D__FLT64_MIN_EXP__=(-1021)' '-D__LACCUM_MIN__=(-0X1P31LK-0X1P31LK)' -D__FRACT_FBIT__=15 '-D__FLT64_MIN_10_EXP__=(-307)' -D__ULLFRACT_EPSILON__=0x1P-64ULLR -D__REGISTER_PREFIX__= -D__UINT16_MAX__=0xffff -D__DBL_HAS_DENORM__=1 '-D__ACCUM_MIN__=(-0X1P15K-0X1P15K)' -D__SQ_IBIT__=0 '-D__UINT8_TYPE__=unsigned char' -D__UHA_FBIT__=8 '-D__SFRACT_MIN__=(-0.5HR-0.5HR)' -D__UTQ_FBIT__=128 -D__DEC_EVAL_METHOD__=2 -D__FLT_MANT_DIG__=24 -D__LDBL_DECIMAL_DIG__=17 '-D__UINT64_C(c)=c ## ULL' -D__FRACT_EPSILON__=0x1P-15R -D__ULACCUM_MIN__=0.0ULK -D__UDA_FBIT__=32 -D__GCC_ATOMIC_INT_LOCK_FREE=2 '-D__FLT_MIN_EXP__=(-125)' -D__FLOAT_WORD_ORDER__=__ORDER_LITTLE_ENDIAN__ -D__USFRACT_MIN__=0.0UHR -D__FLT32_MANT_DIG__=24 -D__ULLFRACT_FBIT__=64 -D__UQQ_IBIT__=0 -D__SCHAR_WIDTH__=8 '-D__INT32_C(c)=c ## L' -D__ORDER_PDP_ENDIAN__=3412 -D__UHQ_FBIT__=16 -D__LLACCUM_FBIT__=31 -D__INT_FAST32_TYPE__=int '-D__UINT_LEAST16_TYPE__=short unsigned int' -D__UINT64_MAX__=0xffffffffffffffffULL -D__FLT_IS_IEC_60559__=1 -D__UDQ_FBIT__=64 -D__UINT_FAST64_MAX__=0xffffffffffffffffULL '-D__GNUC_WIDE_EXECUTION_CHARSET_NAME="UTF-32LE"' '-D__INT8_TYPE__=signed char' -D__thumb__=1 -D__ELF__=1 -D__SACCUM_EPSILON__=0x1P-7HK -D__ULFRACT_EPSILON__=0x1P-32ULR -D__LLFRACT_FBIT__=63 -D__FLT_RADIX__=2 '-D__INT_LEAST16_TYPE__=short int' -D__ARM_ARCH_PROFILE=77 -D__LDBL_EPSILON__=2.2204460492503131e-16L '-D__UINTMAX_C(c)=c ## ULL' -D__SACCUM_MAX__=0X7FFFP-7HK -D__FLT32X_MIN__=2.2250738585072014e-308F32x -D__SIG_ATOMIC_MAX__=0x7fffffff -D__UACCUM_FBIT__=16 -D__GCC_ATOMIC_WCHAR_T_LOCK_FREE=2 -D__USER_LABEL_PREFIX__= -D__VFP_FP__=1 -D__SIZEOF_PTRDIFF_T__=4 -D__ATOMIC_ACQUIRE=2 -D__INT_WIDTH__=32 -D__OPTIMIZE__=1 -D__LACCUM_EPSILON__=0x1P-31LK -D__LDBL_DIG__=15 '-D__FLT32X_MIN_EXP__=(-1021)' -D__INT_FAST16_MAX__=0x7fffffff -D__GCC_CONSTRUCTIVE_SIZE=64 -D__FLT64_DIG__=15 -D__UINT_FAST32_MAX__=0xffffffffU '-D__UINT_LEAST64_TYPE__=long long unsigned int' -D__SFRACT_EPSILON__=0x1P-7HR -D__GCC_ASM_FLAG_OUTPUTS__=1 -D__FLT_MAX_10_EXP__=38 -D__LONG_MAX__=0x7fffffffL -D__FINITE_MATH_ONLY__=0 -D__SIZEOF_SIZE_T__=4 -D__FLT_HAS_INFINITY__=1 '-D__GNUC_EXECUTION_CHARSET_NAME="UTF-8"' -D__CHAR_UNSIGNED__=1 '-D__UINT_FAST16_TYPE__=unsigned int' -D__ARM_32BIT_STATE=1 -D__INT_FAST32_WIDTH__=32 -D__PRAGMA_REDEFINE_EXTNAME=1 -D__ARMEL__=1 -D__SIZE_WIDTH__=32 -D__INT64_MAX__=0x7fffffffffffffffLL -D__SACCUM_FBIT__=7 -D__FLT32_DENORM_MIN__=1.4012984643248171e-45F32 -D__SIG_ATOMIC_WIDTH__=32 '-D__INT_LEAST64_TYPE__=long long int' -D__ARM_FEATURE_CLZ=1 '-D__INT_LEAST8_TYPE__=signed char' -D__SQ_FBIT__=31 -D__USFRACT_MAX__=0XFFP-8UHR -D__ARM_ARCH_ISA_THUMB=2 -D__INT_FAST8_MAX__=0x7fffffff -D__ARM_ARCH=7 -D__INTPTR_MAX__=0x7fffffff -D__QQ_FBIT__=7 -D__UTA_IBIT__=64 -D__FLT64_HAS_QUIET_NAN__=1 -D__FLT32X_DIG__=15 -D__PTRDIFF_WIDTH__=32 -D__LDBL_MANT_DIG__=53 -D__SFRACT_FBIT__=7 '-D__SACCUM_MIN__=(-0X1P7HK-0X1P7HK)' -D__FLT64_HAS_INFINITY__=1 '-D__SIG_ATOMIC_MIN__=(-__SIG_ATOMIC_MAX__ - 1)' -D__GCC_ATOMIC_LONG_LOCK_FREE=2 '-D__UINT16_TYPE__=short unsigned int' '-D__WCHAR_TYPE__=unsigned int' -D__SIZEOF_FLOAT__=4 -D__THUMBEL__=1 -D__TQ_FBIT__=127 -D__UINTPTR_MAX__=0xffffffffU -D__INT_FAST64_WIDTH__=64 -D__LDBL_HAS_INFINITY__=1 -D__ULLACCUM_IBIT__=32 -D__FLT32_MAX_10_EXP__=38 -D__INT_FAST64_MAX__=0x7fffffffffffffffLL -D__GCC_ATOMIC_TEST_AND_SET_TRUEVAL=1 '-D__FLT_NORM_MAX__=3.4028234663852886e+38F' '-D__UINT_FAST64_TYPE__=long long unsigned int' -D__LACCUM_FBIT__=31 -D__HA_FBIT__=7 -D__UHA_IBIT__=8 '-D__INT64_TYPE__=long long int' -D__UTQ_IBIT__=0 -D__DBL_MANT_DIG__=53 -D__INT_LEAST64_MAX__=0x7fffffffffffffffLL -D__GCC_ATOMIC_CHAR16_T_LOCK_FREE=2 -D__FP_FAST_FMAF32=1 '-D__WINT_TYPE__=unsigned int' '-D__UINT_LEAST32_TYPE__=long unsigned int' -D__SIZEOF_SHORT__=2 -D__ULLFRACT_IBIT__=0 '-D__FLT32_NORM_MAX__=3.4028234663852886e+38F32' '-D__LDBL_MIN_EXP__=(-1021)' -D__GXX_TYPEINFO_EQUALITY_INLINE=0 -D__INTMAX_MAX__=0x7fffffffffffffffLL -D__arm__=1 '-D__FLT64_MAX__=1.7976931348623157e+308F64' -D__UDA_IBIT__=32 -D__INT_MAX__=0x7fffffff -D__WINT_WIDTH__=32 -D__INT_LEAST8_MAX__=0x7f -D__INT_LEAST64_WIDTH__=64 -D__FLT32X_MAX_10_EXP__=308 -D__LLACCUM_EPSILON__=0x1P-31LLK -D__LFRACT_FBIT__=31 -D__LDBL_MAX_10_EXP__=308 -D__ATOMIC_RELAXED=0 '-D__DBL_EPSILON__=((double)2.2204460492503131e-16L)' '-D__INT_LEAST32_TYPE__=long int' -D__ARM_ARCH_7EM__=1 -D__ARM_FEATURE_SIMD32=1 '-D__UINT8_C(c)=c' -D__FLT64_MAX_EXP__=1024 -D__SIZEOF_WCHAR_T__=4 '-D__UINT64_TYPE__=long long unsigned int' -D__OPTIMIZE_SIZE__=1 -D__LLFRACT_MAX__=0X7FFFFFFFFFFFFFFFP-63LLR '-D__FLT64_NORM_MAX__=1.7976931348623157e+308F64' -D__INT_FAST8_TYPE__=int -D__ULLACCUM_EPSILON__=0x1P-32ULLK -D__USACCUM_MAX__=0XFFFFP-8UHK -D__UHQ_IBIT__=0 -D__ARM_FEATURE_COPROC=15 -D__LLACCUM_IBIT__=32 -D__FLT64_HAS_DENORM__=1 -D__FLT32_EPSILON__=1.1920928955078125e-7F32 -D__DBL_DECIMAL_DIG__=17 -D__STDC_UTF_32__=1 -D__INT_FAST8_WIDTH__=32 -D__BYTE_ORDER__=__ORDER_LITTLE_ENDIAN__ '-D__FLT32X_MAX__=1.7976931348623157e+308F32x' -D__TA_FBIT__=63 '-D__DBL_NORM_MAX__=((double)1.7976931348623157e+308L)' -D__USFRACT_EPSILON__=0x1P-8UHR -D__GCC_DESTRUCTIVE_SIZE=64 -D__UDQ_IBIT__=0 -D__INTMAX_WIDTH__=64 -D__ORDER_BIG_ENDIAN__=4321 -D__LFRACT_MAX__=0X7FFFFFFFP-31LR -D__ARM_FEATURE_DSP=1 -D__FLT32_DIG__=6 -D__ACCUM_EPSILON__=0x1P-15K '-D__UINT32_C(c)=c ## UL' -D__QQ_IBIT__=0 -D__LLFRACT_IBIT__=0 -D__INT8_MAX__=0x7f -D__INT32_MAX__=0x7fffffffL '-D__UINT_FAST32_TYPE__=unsigned int' '-D__FLT32X_NORM_MAX__=1.7976931348623157e+308F32x' '-D__FLT32_MIN_10_EXP__=(-37)' '-D__FLT_MAX__=3.4028234663852886e+38F' -D__USACCUM_FBIT__=8 '-D__INT32_TYPE__=long int' -D__SIZEOF_DOUBLE__=8 '-D__FLT_MIN_10_EXP__=(-37)' -D__UFRACT_EPSILON__=0x1P-16UR -D__FLT64_MIN__=2.2250738585072014e-308F64 -D__FLT_DENORM_MIN__=1.4012984643248171e-45F -D__INT_LEAST32_WIDTH__=32 '-D__INTMAX_TYPE__=long long int' -D__FLT32X_HAS_QUIET_NAN__=1 -D__ATOMIC_CONSUME=1 -D__INT_FAST16_WIDTH__=32 -D__UINTMAX_MAX__=0xffffffffffffffffULL -D__FLT32X_DENORM_MIN__=4.9406564584124654e-324F32x -D__ATOMIC_ACQ_REL=4 -D__DBL_MAX_10_EXP__=308 -D__LDBL_DENORM_MIN__=4.9406564584124654e-324L '-D__INT16_C(c)=c' -D__ATOMIC_RELEASE=3 -D__PTRDIFF_TYPE__=int '-D__LLFRACT_MIN__=(-0.5LLR-0.5LLR)' -D__USACCUM_MIN__=0.0UHK -D__FLT32_MIN__=1.1754943508222875e-38F32 -D__DA_FBIT__=31 '-D__UINT32_TYPE__=long unsigned int' '-D__FLT32X_MIN_10_EXP__=(-307)' -D__ARM_ARCH_EXT_IDIV__=1 '-D__UINTPTR_TYPE__=unsigned int' -D__USA_IBIT__=16 -D__ARM_EABI__=1 '-D__LDBL_MIN_10_EXP__=(-307)' -D__SIZEOF_LONG_LONG__=8 -D__ULACCUM_EPSILON__=0x1P-32ULK -D__SACCUM_IBIT__=8 -D__GCC_ATOMIC_LLONG_LOCK_FREE=1 -D__FLT_DECIMAL_DIG__=9 -D__UINT_FAST16_MAX__=0xffffffffU '-D__LDBL_NORM_MAX__=1.7976931348623157e+308L' -D__GCC_ATOMIC_SHORT_LOCK_FREE=2 -D__ULLFRACT_MAX__=0XFFFFFFFFFFFFFFFFP-64ULLR '-D__UINT_FAST8_TYPE__=unsigned int' -D__ULACCUM_FBIT__=32 -D__USES_INITFINI__ -DUSE_STM324xG_EVAL -DSTM32F407xx -DUSE_HAL_DRIVER -I../../Inc -I../../Drivers/CMSIS/Device/ST/STM32F4xx/Include -I../../Drivers/STM32F4xx_HAL_Driver/Inc -I../../Drivers/BSP/STM324xG_EVAL -I../../Drivers/CMSIS/Include -I/Users/jie/Documents/arm-gnu-toolchain-14.3.rel1-darwin-arm64-arm-none-eabi/bin/../arm-none-eabi/include/newlib-nano -I/Users/jie/Documents/arm-gnu-toolchain-14.3.rel1-darwin-arm64-arm-none-eabi/bin/../lib/gcc/arm-none-eabi/14.3.1/include -I/Users/jie/Documents/arm-gnu-toolchain-14.3.rel1-darwin-arm64-arm-none-eabi/bin/../lib/gcc/arm-none-eabi/14.3.1/include-fixed -I/Users/jie/Documents/arm-gnu-toolchain-14.3.rel1-darwin-arm64-arm-none-eabi/bin/../lib/gcc/arm-none-eabi/14.3.1/../../../../arm-none-eabi/include -- ../../Drivers/STM32F4xx_HAL_Driver/Src/stm32f4xx_hal_uart.c
[E 08:16:18 80879] CODEQL_EXTRACTOR_CPP_TRAP_CACHING is not set
[E 08:16:18 80879] CODEQL_EXTRACTOR_CPP_OPTION_TRAP_CACHE_WRITE is not set
[E 08:16:18 80879] CODEQL_EXTRACTOR_CPP_OPTION_TRAP_CACHE_DIR is not set
[E 08:16:18 80879] Initialising TRAP cache at path: 96/5ce3/e3d34faf379d3d0d0cfb79c9e8a6
[E 08:16:18 80879] Not using TRAP cache
[E 08:16:18 80879] TRAP cache miss
[E 08:16:18 80879] Starting compilation TRAP /Users/jie/Documents/workspace/lcmhalgen/LCMHalTest_DBS/DATABASE_FreeRTOSUART_Hyperterminal_IT/trap/cpp/compilations/46/44602971_0.trap.zst
[E 08:16:18 80879] Archiving /Users/jie/Documents/workspace/lcmhalgen/LCMHalTest_DBS/DATABASE_FreeRTOSUART_Hyperterminal_IT/src/Users/jie/Documents/workspace/lcmhalgen/posixGen_Demos/UART_Hyperterminal_IT/Drivers/STM32F4xx_HAL_Driver/Src/stm32f4xx_hal_uart.c
[E 08:16:18 80879] Already archived /Users/jie/Documents/workspace/lcmhalgen/LCMHalTest_DBS/DATABASE_FreeRTOSUART_Hyperterminal_IT/src/Users/jie/Documents/workspace/lcmhalgen/posixGen_Demos/UART_Hyperterminal_IT/Drivers/STM32F4xx_HAL_Driver/Inc/stm32f4xx_hal.h
[E 08:16:18 80879] Already archived /Users/jie/Documents/workspace/lcmhalgen/LCMHalTest_DBS/DATABASE_FreeRTOSUART_Hyperterminal_IT/src/Users/jie/Documents/workspace/lcmhalgen/posixGen_Demos/UART_Hyperterminal_IT/Inc/stm32f4xx_hal_conf.h
[E 08:16:18 80879] Already archived /Users/jie/Documents/workspace/lcmhalgen/LCMHalTest_DBS/DATABASE_FreeRTOSUART_Hyperterminal_IT/src/Users/jie/Documents/workspace/lcmhalgen/posixGen_Demos/UART_Hyperterminal_IT/Drivers/STM32F4xx_HAL_Driver/Inc/stm32f4xx_hal_rcc.h
[E 08:16:18 80879] Already archived /Users/jie/Documents/workspace/lcmhalgen/LCMHalTest_DBS/DATABASE_FreeRTOSUART_Hyperterminal_IT/src/Users/jie/Documents/workspace/lcmhalgen/posixGen_Demos/UART_Hyperterminal_IT/Drivers/STM32F4xx_HAL_Driver/Inc/stm32f4xx_hal_def.h
[E 08:16:18 80879] Already archived /Users/jie/Documents/workspace/lcmhalgen/LCMHalTest_DBS/DATABASE_FreeRTOSUART_Hyperterminal_IT/src/Users/jie/Documents/workspace/lcmhalgen/posixGen_Demos/UART_Hyperterminal_IT/Drivers/CMSIS/Device/ST/STM32F4xx/Include/stm32f4xx.h
[E 08:16:18 80879] Already archived /Users/jie/Documents/workspace/lcmhalgen/LCMHalTest_DBS/DATABASE_FreeRTOSUART_Hyperterminal_IT/src/Users/jie/Documents/workspace/lcmhalgen/posixGen_Demos/UART_Hyperterminal_IT/Drivers/CMSIS/Device/ST/STM32F4xx/Include/stm32f407xx.h
[E 08:16:18 80879] Already archived /Users/jie/Documents/workspace/lcmhalgen/LCMHalTest_DBS/DATABASE_FreeRTOSUART_Hyperterminal_IT/src/Users/jie/Documents/workspace/lcmhalgen/posixGen_Demos/UART_Hyperterminal_IT/Drivers/CMSIS/Include/core_cm4.h
[E 08:16:18 80879] Already archived /Users/jie/Documents/workspace/lcmhalgen/LCMHalTest_DBS/DATABASE_FreeRTOSUART_Hyperterminal_IT/src/Users/jie/Documents/arm-gnu-toolchain-14.3.rel1-darwin-arm64-arm-none-eabi/lib/gcc/arm-none-eabi/14.3.1/include/stdint.h
[E 08:16:18 80879] Already archived /Users/jie/Documents/workspace/lcmhalgen/LCMHalTest_DBS/DATABASE_FreeRTOSUART_Hyperterminal_IT/src/Users/jie/Documents/arm-gnu-toolchain-14.3.rel1-darwin-arm64-arm-none-eabi/arm-none-eabi/include/stdint.h
[E 08:16:18 80879] Already archived /Users/jie/Documents/workspace/lcmhalgen/LCMHalTest_DBS/DATABASE_FreeRTOSUART_Hyperterminal_IT/src/Users/jie/Documents/arm-gnu-toolchain-14.3.rel1-darwin-arm64-arm-none-eabi/arm-none-eabi/include/machine/_default_types.h
[E 08:16:18 80879] Already archived /Users/jie/Documents/workspace/lcmhalgen/LCMHalTest_DBS/DATABASE_FreeRTOSUART_Hyperterminal_IT/src/Users/jie/Documents/arm-gnu-toolchain-14.3.rel1-darwin-arm64-arm-none-eabi/arm-none-eabi/include/sys/features.h
[E 08:16:18 80879] Already archived /Users/jie/Documents/workspace/lcmhalgen/LCMHalTest_DBS/DATABASE_FreeRTOSUART_Hyperterminal_IT/src/Users/jie/Documents/arm-gnu-toolchain-14.3.rel1-darwin-arm64-arm-none-eabi/arm-none-eabi/include/_newlib_version.h
[E 08:16:18 80879] Already archived /Users/jie/Documents/workspace/lcmhalgen/LCMHalTest_DBS/DATABASE_FreeRTOSUART_Hyperterminal_IT/src/Users/jie/Documents/arm-gnu-toolchain-14.3.rel1-darwin-arm64-arm-none-eabi/arm-none-eabi/include/sys/_intsup.h
[E 08:16:18 80879] Already archived /Users/jie/Documents/workspace/lcmhalgen/LCMHalTest_DBS/DATABASE_FreeRTOSUART_Hyperterminal_IT/src/Users/jie/Documents/arm-gnu-toolchain-14.3.rel1-darwin-arm64-arm-none-eabi/arm-none-eabi/include/sys/_stdint.h
[E 08:16:18 80879] Already archived /Users/jie/Documents/workspace/lcmhalgen/LCMHalTest_DBS/DATABASE_FreeRTOSUART_Hyperterminal_IT/src/Users/jie/Documents/workspace/lcmhalgen/posixGen_Demos/UART_Hyperterminal_IT/Drivers/CMSIS/Include/cmsis_version.h
[E 08:16:18 80879] Already archived /Users/jie/Documents/workspace/lcmhalgen/LCMHalTest_DBS/DATABASE_FreeRTOSUART_Hyperterminal_IT/src/Users/jie/Documents/workspace/lcmhalgen/posixGen_Demos/UART_Hyperterminal_IT/Drivers/CMSIS/Include/cmsis_compiler.h
[E 08:16:18 80879] Already archived /Users/jie/Documents/workspace/lcmhalgen/LCMHalTest_DBS/DATABASE_FreeRTOSUART_Hyperterminal_IT/src/Users/jie/Documents/workspace/lcmhalgen/posixGen_Demos/UART_Hyperterminal_IT/Drivers/CMSIS/Include/cmsis_gcc.h
[E 08:16:18 80879] Already archived /Users/jie/Documents/workspace/lcmhalgen/LCMHalTest_DBS/DATABASE_FreeRTOSUART_Hyperterminal_IT/src/Users/jie/Documents/workspace/lcmhalgen/posixGen_Demos/UART_Hyperterminal_IT/Drivers/CMSIS/Include/mpu_armv7.h
[E 08:16:18 80879] Already archived /Users/jie/Documents/workspace/lcmhalgen/LCMHalTest_DBS/DATABASE_FreeRTOSUART_Hyperterminal_IT/src/Users/jie/Documents/workspace/lcmhalgen/posixGen_Demos/UART_Hyperterminal_IT/Drivers/CMSIS/Device/ST/STM32F4xx/Include/system_stm32f4xx.h
[E 08:16:18 80879] Already archived /Users/jie/Documents/workspace/lcmhalgen/LCMHalTest_DBS/DATABASE_FreeRTOSUART_Hyperterminal_IT/src/Users/jie/Documents/workspace/lcmhalgen/posixGen_Demos/UART_Hyperterminal_IT/Drivers/STM32F4xx_HAL_Driver/Inc/stm32f4xx_hal.h
[E 08:16:18 80879] Already archived /Users/jie/Documents/workspace/lcmhalgen/LCMHalTest_DBS/DATABASE_FreeRTOSUART_Hyperterminal_IT/src/Users/jie/Documents/workspace/lcmhalgen/posixGen_Demos/UART_Hyperterminal_IT/Drivers/STM32F4xx_HAL_Driver/Inc/Legacy/stm32_hal_legacy.h
[E 08:16:18 80879] Already archived /Users/jie/Documents/workspace/lcmhalgen/LCMHalTest_DBS/DATABASE_FreeRTOSUART_Hyperterminal_IT/src/Users/jie/Documents/arm-gnu-toolchain-14.3.rel1-darwin-arm64-arm-none-eabi/lib/gcc/arm-none-eabi/14.3.1/include/stddef.h
[E 08:16:18 80879] Already archived /Users/jie/Documents/workspace/lcmhalgen/LCMHalTest_DBS/DATABASE_FreeRTOSUART_Hyperterminal_IT/src/Users/jie/Documents/workspace/lcmhalgen/posixGen_Demos/UART_Hyperterminal_IT/Drivers/STM32F4xx_HAL_Driver/Inc/stm32f4xx_hal_rcc_ex.h
[E 08:16:18 80879] Already archived /Users/jie/Documents/workspace/lcmhalgen/LCMHalTest_DBS/DATABASE_FreeRTOSUART_Hyperterminal_IT/src/Users/jie/Documents/workspace/lcmhalgen/posixGen_Demos/UART_Hyperterminal_IT/Drivers/STM32F4xx_HAL_Driver/Inc/stm32f4xx_hal_gpio.h
[E 08:16:18 80879] Already archived /Users/jie/Documents/workspace/lcmhalgen/LCMHalTest_DBS/DATABASE_FreeRTOSUART_Hyperterminal_IT/src/Users/jie/Documents/workspace/lcmhalgen/posixGen_Demos/UART_Hyperterminal_IT/Drivers/STM32F4xx_HAL_Driver/Inc/stm32f4xx_hal_gpio_ex.h
[E 08:16:18 80879] Already archived /Users/jie/Documents/workspace/lcmhalgen/LCMHalTest_DBS/DATABASE_FreeRTOSUART_Hyperterminal_IT/src/Users/jie/Documents/workspace/lcmhalgen/posixGen_Demos/UART_Hyperterminal_IT/Drivers/STM32F4xx_HAL_Driver/Inc/stm32f4xx_hal_dma.h
[E 08:16:18 80879] Already archived /Users/jie/Documents/workspace/lcmhalgen/LCMHalTest_DBS/DATABASE_FreeRTOSUART_Hyperterminal_IT/src/Users/jie/Documents/workspace/lcmhalgen/posixGen_Demos/UART_Hyperterminal_IT/Drivers/STM32F4xx_HAL_Driver/Inc/stm32f4xx_hal_dma_ex.h
[E 08:16:18 80879] Already archived /Users/jie/Documents/workspace/lcmhalgen/LCMHalTest_DBS/DATABASE_FreeRTOSUART_Hyperterminal_IT/src/Users/jie/Documents/workspace/lcmhalgen/posixGen_Demos/UART_Hyperterminal_IT/Drivers/STM32F4xx_HAL_Driver/Inc/stm32f4xx_hal_cortex.h
[E 08:16:18 80879] Already archived /Users/jie/Documents/workspace/lcmhalgen/LCMHalTest_DBS/DATABASE_FreeRTOSUART_Hyperterminal_IT/src/Users/jie/Documents/workspace/lcmhalgen/posixGen_Demos/UART_Hyperterminal_IT/Drivers/STM32F4xx_HAL_Driver/Inc/stm32f4xx_hal_flash.h
[E 08:16:18 80879] Already archived /Users/jie/Documents/workspace/lcmhalgen/LCMHalTest_DBS/DATABASE_FreeRTOSUART_Hyperterminal_IT/src/Users/jie/Documents/workspace/lcmhalgen/posixGen_Demos/UART_Hyperterminal_IT/Drivers/STM32F4xx_HAL_Driver/Inc/stm32f4xx_hal_flash_ex.h
[E 08:16:18 80879] Already archived /Users/jie/Documents/workspace/lcmhalgen/LCMHalTest_DBS/DATABASE_FreeRTOSUART_Hyperterminal_IT/src/Users/jie/Documents/workspace/lcmhalgen/posixGen_Demos/UART_Hyperterminal_IT/Drivers/STM32F4xx_HAL_Driver/Inc/stm32f4xx_hal_flash_ramfunc.h
[E 08:16:18 80879] Already archived /Users/jie/Documents/workspace/lcmhalgen/LCMHalTest_DBS/DATABASE_FreeRTOSUART_Hyperterminal_IT/src/Users/jie/Documents/workspace/lcmhalgen/posixGen_Demos/UART_Hyperterminal_IT/Drivers/STM32F4xx_HAL_Driver/Inc/stm32f4xx_hal_sram.h
[E 08:16:18 80879] Already archived /Users/jie/Documents/workspace/lcmhalgen/LCMHalTest_DBS/DATABASE_FreeRTOSUART_Hyperterminal_IT/src/Users/jie/Documents/workspace/lcmhalgen/posixGen_Demos/UART_Hyperterminal_IT/Drivers/STM32F4xx_HAL_Driver/Inc/stm32f4xx_ll_fsmc.h
[E 08:16:18 80879] Already archived /Users/jie/Documents/workspace/lcmhalgen/LCMHalTest_DBS/DATABASE_FreeRTOSUART_Hyperterminal_IT/src/Users/jie/Documents/workspace/lcmhalgen/posixGen_Demos/UART_Hyperterminal_IT/Drivers/STM32F4xx_HAL_Driver/Inc/stm32f4xx_hal_i2c.h
[E 08:16:18 80879] Already archived /Users/jie/Documents/workspace/lcmhalgen/LCMHalTest_DBS/DATABASE_FreeRTOSUART_Hyperterminal_IT/src/Users/jie/Documents/workspace/lcmhalgen/posixGen_Demos/UART_Hyperterminal_IT/Drivers/STM32F4xx_HAL_Driver/Inc/stm32f4xx_hal_i2c_ex.h
[E 08:16:18 80879] Already archived /Users/jie/Documents/workspace/lcmhalgen/LCMHalTest_DBS/DATABASE_FreeRTOSUART_Hyperterminal_IT/src/Users/jie/Documents/workspace/lcmhalgen/posixGen_Demos/UART_Hyperterminal_IT/Drivers/STM32F4xx_HAL_Driver/Inc/stm32f4xx_hal_pwr.h
[E 08:16:18 80879] Already archived /Users/jie/Documents/workspace/lcmhalgen/LCMHalTest_DBS/DATABASE_FreeRTOSUART_Hyperterminal_IT/src/Users/jie/Documents/workspace/lcmhalgen/posixGen_Demos/UART_Hyperterminal_IT/Drivers/STM32F4xx_HAL_Driver/Inc/stm32f4xx_hal_pwr_ex.h
[E 08:16:18 80879] Already archived /Users/jie/Documents/workspace/lcmhalgen/LCMHalTest_DBS/DATABASE_FreeRTOSUART_Hyperterminal_IT/src/Users/jie/Documents/workspace/lcmhalgen/posixGen_Demos/UART_Hyperterminal_IT/Drivers/STM32F4xx_HAL_Driver/Inc/stm32f4xx_hal_uart.h
[E 08:16:18 80879] Creating trap tarball /Users/jie/Documents/workspace/lcmhalgen/LCMHalTest_DBS/DATABASE_FreeRTOSUART_Hyperterminal_IT/trap/cpp/tarballs/Users/jie/Documents/workspace/lcmhalgen/posixGen_Demos/UART_Hyperterminal_IT/Drivers/STM32F4xx_HAL_Driver/Src/stm32f4xx_hal_uart.c.24f01efc_0.trap.tar.zst
[E 08:16:18 80879] Emitting trap files for ../../Drivers/STM32F4xx_HAL_Driver/Src/stm32f4xx_hal_uart.c
[E 08:16:18 80879] Opening existencedb in /Users/jie/Documents/workspace/lcmhalgen/LCMHalTest_DBS/DATABASE_FreeRTOSUART_Hyperterminal_IT/working/existencedb/db
[E 08:16:19 80879] Wrote 1 files to /Users/jie/Documents/workspace/lcmhalgen/LCMHalTest_DBS/DATABASE_FreeRTOSUART_Hyperterminal_IT/trap/cpp/tarballs/Users/jie/Documents/workspace/lcmhalgen/posixGen_Demos/UART_Hyperterminal_IT/Drivers/STM32F4xx_HAL_Driver/Src/stm32f4xx_hal_uart.c.24f01efc_0.trap.tar.zst
[E 08:16:19 80879] Finished compilation TRAP /Users/jie/Documents/workspace/lcmhalgen/LCMHalTest_DBS/DATABASE_FreeRTOSUART_Hyperterminal_IT/trap/cpp/compilations/46/44602971_0.trap.zst
[E 08:16:19 80879] Marking C compilation as happened.
[E 08:16:19 80879] Setting tag c-compilation-happened
[E 08:16:19 80879] Starting from CODEQL_TRACER_DB_ID 0000000000013BE9_0000000000000001
[E 08:16:19 80879] Locking DB /Users/jie/Documents/workspace/lcmhalgen/LCMHalTest_DBS/DATABASE_FreeRTOSUART_Hyperterminal_IT/working/tags.db
[E 08:16:19 80879] Locked DB /Users/jie/Documents/workspace/lcmhalgen/LCMHalTest_DBS/DATABASE_FreeRTOSUART_Hyperterminal_IT/working/tags.db
[E 08:16:19 80879] Set tag for 0000000000013BE9_0000000000000001
[E 08:16:19 80879] Set tag for 0000000000013BE7_0000000000000003
[E 08:16:19 80879] Set tag for 0000000000013BE7_0000000000000002
[E 08:16:19 80879] Set tag for 0000000000013BE7_0000000000000001
[E 08:16:19 80879] Set tag for 0000000000013827_0000000000000002
[E 08:16:19 80879] Set tag for 0000000000013827_0000000000000001
[E 08:16:19 80879] Set tag for 00000000000137DE_0000000000000003
[E 08:16:19 80879] Set tag for 00000000000137DE_0000000000000002
[E 08:16:19 80879] Set tag for root
[E 08:16:19 80879] Unlocking DB
[E 08:16:19 80879] Unlocked DB
[E 08:16:19 80879] Extractor exited successfully
[T 08:16:19 80873] Extractor /opt/homebrew/Caskroom/codeql/2.23.0/codeql/cpp/tools/osx64/extractor terminated with exit code 0.
[T 08:16:19 80900] Initializing tracer.
[T 08:16:19 80900] Initializing tags.
[T 08:16:19 80900] ID set to 0000000000013C04_0000000000000001 (parent 0000000000013BE7_0000000000000003)
[T 08:16:19 80900] ==== Candidate to intercept: /Users/jie/Documents/arm-gnu-toolchain-14.3.rel1-darwin-arm64-arm-none-eabi/bin/../lib/gcc/arm-none-eabi/14.3.1/../../../../arm-none-eabi/bin/as (canonical: /Users/jie/Documents/arm-gnu-toolchain-14.3.rel1-darwin-arm64-arm-none-eabi/arm-none-eabi/bin/as) ====
[T 08:16:19 80900] Lua: === Intercepted call to /users/jie/documents/arm-gnu-toolchain-14.3.rel1-darwin-arm64-arm-none-eabi/arm-none-eabi/bin/as ===
[T 08:16:19 80900] Executing the following tracer actions:
[T 08:16:19 80900] Tracer actions:
[T 08:16:19 80900] pre_invocations(0)
[T 08:16:19 80900] post_invocations(1)
[T 08:16:19 80900] invocation: /opt/homebrew/Caskroom/codeql/2.23.0/codeql/cpp/tools/osx64/extractor, args: [--assembler, --codeql-assembler-executable, /users/jie/documents/arm-gnu-toolchain-14.3.rel1-darwin-arm64-arm-none-eabi/arm-none-eabi/bin/as, -I, ../../Inc, -I, ../../Drivers/CMSIS/Device/ST/STM32F4xx/Include, -I, ../../Drivers/STM32F4xx_HAL_Driver/Inc, -I, ../../Drivers/BSP/STM324xG_EVAL, -I, ../../Drivers/CMSIS/Include, -march=armv7e-m+fp, -mfloat-abi=hard, -mfpu=fpv4-sp-d16, -meabi=5, -o, Drivers/STM32F4xx_HAL_Driver/stm32f4xx_hal_uart.o, /var/folders/b3/0hb7dhg16rd56bpwtd8bcnyc0000gn/T//ccAJ7JjH.s]
[T 08:16:19 80900] trace_languages(1): [cpp]
[T 08:16:19 80902] Attempting to switch stdout/stderr to 4...
[T 08:16:19 80902] Initializing tracer.
[T 08:16:19 80902] Initializing tags.
[T 08:16:19 80902] ID set to 0000000000013C06_0000000000000001 (parent 0000000000013C04_0000000000000001)
[E 08:16:19 80902] CodeQL C/C++ Extractor 2.23.0
[E 08:16:19 80902] Current directory: /Users/jie/Documents/workspace/lcmhalgen/posixGen_Demos/UART_Hyperterminal_IT/STM32CubeIDE/Release
[E 08:16:19 80902] Command: /opt/homebrew/Caskroom/codeql/2.23.0/codeql/cpp/tools/osx64/extractor --assembler --codeql-assembler-executable /users/jie/documents/arm-gnu-toolchain-14.3.rel1-darwin-arm64-arm-none-eabi/arm-none-eabi/bin/as -I ../../Inc -I ../../Drivers/CMSIS/Device/ST/STM32F4xx/Include -I ../../Drivers/STM32F4xx_HAL_Driver/Inc -I ../../Drivers/BSP/STM324xG_EVAL -I ../../Drivers/CMSIS/Include '-march=armv7e-m+fp' -mfloat-abi=hard -mfpu=fpv4-sp-d16 -meabi=5 -o Drivers/STM32F4xx_HAL_Driver/stm32f4xx_hal_uart.o /var/folders/b3/0hb7dhg16rd56bpwtd8bcnyc0000gn/T//ccAJ7JjH.s
[E 08:16:19 80902] Extractor exited after mimicking assembler
[T 08:16:19 80900] Extractor /opt/homebrew/Caskroom/codeql/2.23.0/codeql/cpp/tools/osx64/extractor terminated with exit code 0.
[T 08:16:19 80903] Attempting to switch stdout/stderr to 4...
[T 08:16:19 80903] Initializing tracer.
[T 08:16:19 80903] Initializing tags.
[T 08:16:19 80903] ID set to 0000000000013C07_0000000000000001 (parent 0000000000013BE7_0000000000000003)
[E 08:16:19 80903] CodeQL C/C++ Extractor 2.23.0
[E 08:16:19 80903] Current directory: /Users/jie/Documents/workspace/lcmhalgen/posixGen_Demos/UART_Hyperterminal_IT/STM32CubeIDE/Release
[E 08:16:19 80903] Command: /opt/homebrew/Caskroom/codeql/2.23.0/codeql/cpp/tools/osx64/extractor --mimic /users/jie/documents/arm-gnu-toolchain-14.3.rel1-darwin-arm64-arm-none-eabi/bin/arm-none-eabi-gcc ../../Drivers/STM32F4xx_HAL_Driver/Src/stm32f4xx_hal_uart.c -mcpu=cortex-m4 -std=gnu11 -DUSE_STM324xG_EVAL -DSTM32F407xx -DUSE_HAL_DRIVER -c -I../../Inc -I../../Drivers/CMSIS/Device/ST/STM32F4xx/Include -I../../Drivers/STM32F4xx_HAL_Driver/Inc -I../../Drivers/BSP/STM324xG_EVAL -I../../Drivers/CMSIS/Include -Os -ffunction-sections -fdata-sections -Wall -fstack-usage -MMD -MP -MFDrivers/STM32F4xx_HAL_Driver/stm32f4xx_hal_uart.d -MTDrivers/STM32F4xx_HAL_Driver/stm32f4xx_hal_uart.o --specs=nano.specs -mfpu=fpv4-sp-d16 -mfloat-abi=hard -mthumb -o Drivers/STM32F4xx_HAL_Driver/stm32f4xx_hal_uart.o
[E 08:16:19 80903] Warning: Unrecognized command line argument --specs=nano.specs
[E 08:16:19 80903] Checking whether C compilation already happened.
[E 08:16:19 80903] Checking for tag c-compilation-happened
[E 08:16:19 80903] Checking CODEQL_TRACER_DB_ID 0000000000013BE7_0000000000000003
[E 08:16:19 80903] Locking DB /Users/jie/Documents/workspace/lcmhalgen/LCMHalTest_DBS/DATABASE_FreeRTOSUART_Hyperterminal_IT/working/tags.db
[E 08:16:19 80903] Locked DB /Users/jie/Documents/workspace/lcmhalgen/LCMHalTest_DBS/DATABASE_FreeRTOSUART_Hyperterminal_IT/working/tags.db
[E 08:16:19 80903] Unlocking DB
[E 08:16:19 80903] Unlocked DB
[E 08:16:19 80903] Exiting as C compilation already happened.
[T 08:16:19 80871] Extractor /opt/homebrew/Caskroom/codeql/2.23.0/codeql/cpp/tools/osx64/extractor terminated with exit code 0.
[T 08:16:19 80905] Initializing tracer.
[T 08:16:19 80905] Initializing tags.
[T 08:16:19 80905] ID set to 0000000000013C09_0000000000000001 (parent 0000000000013827_0000000000000002)
[T 08:16:19 80905] ==== Candidate to intercept: /bin/sh (canonical: /bin/sh) ====
[T 08:16:19 80905] Executing the following tracer actions:
[T 08:16:19 80905] Tracer actions:
[T 08:16:19 80905] pre_invocations(0)
[T 08:16:19 80905] post_invocations(0)
[T 08:16:19 80905] trace_languages(1): [cpp]
[T 08:16:19 80905] Initializing tracer.
[T 08:16:19 80905] Initializing tags.
[T 08:16:19 80905] ID set to 0000000000013C09_0000000000000002 (parent 0000000000013C09_0000000000000001)
[T 08:16:19 80905] ==== Candidate to intercept: /bin/bash (canonical: /bin/bash) ====
[T 08:16:19 80905] Executing the following tracer actions:
[T 08:16:19 80905] Tracer actions:
[T 08:16:19 80905] pre_invocations(0)
[T 08:16:19 80905] post_invocations(0)
[T 08:16:19 80905] trace_languages(1): [cpp]
[T 08:16:19 80905] Initializing tracer.
[T 08:16:19 80905] Initializing tags.
[T 08:16:19 80905] ID set to 0000000000013C09_0000000000000003 (parent 0000000000013C09_0000000000000002)
[T 08:16:19 80905] ==== Candidate to intercept: /Users/jie/Documents/arm-gnu-toolchain-14.3.rel1-darwin-arm64-arm-none-eabi/bin/arm-none-eabi-gcc (canonical: /Users/jie/Documents/arm-gnu-toolchain-14.3.rel1-darwin-arm64-arm-none-eabi/bin/arm-none-eabi-gcc) ====
[T 08:16:19 80905] Lua: === Intercepted call to /users/jie/documents/arm-gnu-toolchain-14.3.rel1-darwin-arm64-arm-none-eabi/bin/arm-none-eabi-gcc ===
[T 08:16:19 80905] Executing the following tracer actions:
[T 08:16:19 80905] Tracer actions:
[T 08:16:19 80905] pre_invocations(0)
[T 08:16:19 80905] post_invocations(1)
[T 08:16:19 80905] invocation: /opt/homebrew/Caskroom/codeql/2.23.0/codeql/cpp/tools/osx64/extractor, args: [--mimic, /users/jie/documents/arm-gnu-toolchain-14.3.rel1-darwin-arm64-arm-none-eabi/bin/arm-none-eabi-gcc, ../../Drivers/STM32F4xx_HAL_Driver/Src/stm32f4xx_ll_fsmc.c, -mcpu=cortex-m4, -std=gnu11, -DUSE_STM324xG_EVAL, -DSTM32F407xx, -DUSE_HAL_DRIVER, -c, -I../../Inc, -I../../Drivers/CMSIS/Device/ST/STM32F4xx/Include, -I../../Drivers/STM32F4xx_HAL_Driver/Inc, -I../../Drivers/BSP/STM324xG_EVAL, -I../../Drivers/CMSIS/Include, -Os, -ffunction-sections, -fdata-sections, -Wall, -fstack-usage, -MMD, -MP, -MFDrivers/STM32F4xx_HAL_Driver/stm32f4xx_ll_fsmc.d, -MTDrivers/STM32F4xx_HAL_Driver/stm32f4xx_ll_fsmc.o, --specs=nano.specs, -mfpu=fpv4-sp-d16, -mfloat-abi=hard, -mthumb, -o, Drivers/STM32F4xx_HAL_Driver/stm32f4xx_ll_fsmc.o]
[T 08:16:19 80905] trace_languages(1): [cpp]
[T 08:16:19 80907] Initializing tracer.
[T 08:16:19 80907] Initializing tags.
[T 08:16:19 80907] ID set to 0000000000013C0B_0000000000000001 (parent 0000000000013C09_0000000000000003)
[T 08:16:19 80907] ==== Candidate to intercept: /Users/jie/Documents/arm-gnu-toolchain-14.3.rel1-darwin-arm64-arm-none-eabi/bin/../libexec/gcc/arm-none-eabi/14.3.1/cc1 (canonical: /Users/jie/Documents/arm-gnu-toolchain-14.3.rel1-darwin-arm64-arm-none-eabi/libexec/gcc/arm-none-eabi/14.3.1/cc1) ====
[T 08:16:19 80907] Lua: === Intercepted call to /users/jie/documents/arm-gnu-toolchain-14.3.rel1-darwin-arm64-arm-none-eabi/libexec/gcc/arm-none-eabi/14.3.1/cc1 ===
[T 08:16:19 80907] Executing the following tracer actions:
[T 08:16:19 80907] Tracer actions:
[T 08:16:19 80907] pre_invocations(0)
[T 08:16:19 80907] post_invocations(1)
[T 08:16:19 80907] invocation: /opt/homebrew/Caskroom/codeql/2.23.0/codeql/cpp/tools/osx64/extractor, args: [--mimic, /users/jie/documents/arm-gnu-toolchain-14.3.rel1-darwin-arm64-arm-none-eabi/libexec/gcc/arm-none-eabi/14.3.1/cc1, -isystem, =/include/newlib-nano, -quiet, -I, ../../Inc, -I, ../../Drivers/CMSIS/Device/ST/STM32F4xx/Include, -I, ../../Drivers/STM32F4xx_HAL_Driver/Inc, -I, ../../Drivers/BSP/STM324xG_EVAL, -I, ../../Drivers/CMSIS/Include, -imultilib, thumb/v7e-m+fp/hard, -iprefix, /Users/jie/Documents/arm-gnu-toolchain-14.3.rel1-darwin-arm64-arm-none-eabi/bin/../lib/gcc/arm-none-eabi/14.3.1/, -isysroot, /Users/jie/Documents/arm-gnu-toolchain-14.3.rel1-darwin-arm64-arm-none-eabi/bin/../arm-none-eabi, -MMD, Drivers/STM32F4xx_HAL_Driver/stm32f4xx_ll_fsmc.d, -MF, Drivers/STM32F4xx_HAL_Driver/stm32f4xx_ll_fsmc.d, -MP, -MT, Drivers/STM32F4xx_HAL_Driver/stm32f4xx_ll_fsmc.o, -D__USES_INITFINI__, -D, USE_STM324xG_EVAL, -D, STM32F407xx, -D, USE_HAL_DRIVER, ../../Drivers/STM32F4xx_HAL_Driver/Src/stm32f4xx_ll_fsmc.c, -quiet, -dumpdir, Drivers/STM32F4xx_HAL_Driver/, -dumpbase, stm32f4xx_ll_fsmc.c, -dumpbase-ext, .c, -mcpu=cortex-m4, -mfpu=fpv4-sp-d16, -mfloat-abi=hard, -mthumb, -mlibarch=armv7e-m+fp, -march=armv7e-m+fp, -Os, -Wall, -std=gnu11, -ffunction-sections, -fdata-sections, -fstack-usage, -o, /var/folders/b3/0hb7dhg16rd56bpwtd8bcnyc0000gn/T//ccb5NGfd.s]
[T 08:16:19 80907] trace_languages(1): [cpp]
[T 08:16:19 80914] Attempting to switch stdout/stderr to 4...
[T 08:16:19 80914] Initializing tracer.
[T 08:16:19 80914] Initializing tags.
[T 08:16:19 80914] ID set to 0000000000013C12_0000000000000001 (parent 0000000000013C0B_0000000000000001)
[E 08:16:19 80914] CodeQL C/C++ Extractor 2.23.0
[E 08:16:19 80914] Current directory: /Users/jie/Documents/workspace/lcmhalgen/posixGen_Demos/UART_Hyperterminal_IT/STM32CubeIDE/Release
[E 08:16:19 80914] Command: /opt/homebrew/Caskroom/codeql/2.23.0/codeql/cpp/tools/osx64/extractor --mimic /users/jie/documents/arm-gnu-toolchain-14.3.rel1-darwin-arm64-arm-none-eabi/libexec/gcc/arm-none-eabi/14.3.1/cc1 -isystem '=/include/newlib-nano' -quiet -I ../../Inc -I ../../Drivers/CMSIS/Device/ST/STM32F4xx/Include -I ../../Drivers/STM32F4xx_HAL_Driver/Inc -I ../../Drivers/BSP/STM324xG_EVAL -I ../../Drivers/CMSIS/Include -imultilib 'thumb/v7e-m+fp/hard' -iprefix /Users/jie/Documents/arm-gnu-toolchain-14.3.rel1-darwin-arm64-arm-none-eabi/bin/../lib/gcc/arm-none-eabi/14.3.1/ -isysroot /Users/jie/Documents/arm-gnu-toolchain-14.3.rel1-darwin-arm64-arm-none-eabi/bin/../arm-none-eabi -MMD Drivers/STM32F4xx_HAL_Driver/stm32f4xx_ll_fsmc.d -MF Drivers/STM32F4xx_HAL_Driver/stm32f4xx_ll_fsmc.d -MP -MT Drivers/STM32F4xx_HAL_Driver/stm32f4xx_ll_fsmc.o -D__USES_INITFINI__ -D USE_STM324xG_EVAL -D STM32F407xx -D USE_HAL_DRIVER ../../Drivers/STM32F4xx_HAL_Driver/Src/stm32f4xx_ll_fsmc.c -quiet -dumpdir Drivers/STM32F4xx_HAL_Driver/ -dumpbase stm32f4xx_ll_fsmc.c -dumpbase-ext .c -mcpu=cortex-m4 -mfpu=fpv4-sp-d16 -mfloat-abi=hard -mthumb '-mlibarch=armv7e-m+fp' '-march=armv7e-m+fp' -Os -Wall -std=gnu11 -ffunction-sections -fdata-sections -fstack-usage -o /var/folders/b3/0hb7dhg16rd56bpwtd8bcnyc0000gn/T//ccb5NGfd.s
[E 08:16:19 80914] Checking whether C compilation already happened.
[E 08:16:19 80914] Checking for tag c-compilation-happened
[E 08:16:19 80914] Checking CODEQL_TRACER_DB_ID 0000000000013C0B_0000000000000001
[E 08:16:19 80914] Locking DB /Users/jie/Documents/workspace/lcmhalgen/LCMHalTest_DBS/DATABASE_FreeRTOSUART_Hyperterminal_IT/working/tags.db
[E 08:16:19 80914] Locked DB /Users/jie/Documents/workspace/lcmhalgen/LCMHalTest_DBS/DATABASE_FreeRTOSUART_Hyperterminal_IT/working/tags.db
[E 08:16:19 80914] Unlocking DB
[E 08:16:19 80914] Unlocked DB
[E 08:16:19 80914] Looks like C compilation didn't already happen.
[E 08:16:19 80914] Checking whether C compilation has been attempted.
[E 08:16:19 80914] Checking for tag c-compilation-attempted
[E 08:16:19 80914] Checking CODEQL_TRACER_DB_ID 0000000000013C0B_0000000000000001
[E 08:16:19 80914] Locking DB /Users/jie/Documents/workspace/lcmhalgen/LCMHalTest_DBS/DATABASE_FreeRTOSUART_Hyperterminal_IT/working/tags.db
[E 08:16:19 80914] Locked DB /Users/jie/Documents/workspace/lcmhalgen/LCMHalTest_DBS/DATABASE_FreeRTOSUART_Hyperterminal_IT/working/tags.db
[E 08:16:19 80914] Unlocking DB
[E 08:16:19 80914] Unlocked DB
[E 08:16:19 80914] Marking C compilation as attempted.
[E 08:16:19 80914] Setting tag c-compilation-attempted
[E 08:16:19 80914] Starting from CODEQL_TRACER_DB_ID 0000000000013C0B_0000000000000001
[E 08:16:19 80914] Locking DB /Users/jie/Documents/workspace/lcmhalgen/LCMHalTest_DBS/DATABASE_FreeRTOSUART_Hyperterminal_IT/working/tags.db
[E 08:16:19 80914] Locked DB /Users/jie/Documents/workspace/lcmhalgen/LCMHalTest_DBS/DATABASE_FreeRTOSUART_Hyperterminal_IT/working/tags.db
[E 08:16:19 80914] Set tag for 0000000000013C0B_0000000000000001
[E 08:16:19 80914] Set tag for 0000000000013C09_0000000000000003
[E 08:16:19 80914] Set tag for 0000000000013C09_0000000000000002
[E 08:16:19 80914] Set tag for 0000000000013C09_0000000000000001
[E 08:16:19 80914] Set tag for 0000000000013827_0000000000000002
[E 08:16:19 80914] Set tag for 0000000000013827_0000000000000001
[E 08:16:19 80914] Set tag for 00000000000137DE_0000000000000003
[E 08:16:19 80914] Set tag for 00000000000137DE_0000000000000002
[E 08:16:19 80914] Set tag for root
[E 08:16:19 80914] Unlocking DB
[E 08:16:19 80914] Unlocked DB
[E 08:16:19 80914] Processed command line: /opt/homebrew/Caskroom/codeql/2.23.0/codeql/cpp/tools/osx64/extractor --trapfolder /Users/jie/Documents/workspace/lcmhalgen/LCMHalTest_DBS/DATABASE_FreeRTOSUART_Hyperterminal_IT/trap/cpp --src_archive /Users/jie/Documents/workspace/lcmhalgen/LCMHalTest_DBS/DATABASE_FreeRTOSUART_Hyperterminal_IT/src --object_filename /var/folders/b3/0hb7dhg16rd56bpwtd8bcnyc0000gn/T//ccb5NGfd.s --no_warnings_and_discretionary_errors --error_limit 1000 --disable_system_macros --variadic_macros --incognito --c11 --gcc --gnu_version 140301 --target linux_i686 '-D__DBL_MIN_EXP__=(-1021)' -D__HQ_FBIT__=15 -D__UINT_LEAST16_MAX__=0xffff -D__ARM_SIZEOF_WCHAR_T=4 -D__WCHAR_MAX__=0xffffffffU -D__SFRACT_IBIT__=0 -D__ULFRACT_MIN__=0.0ULR -D__FLT_MIN__=1.1754943508222875e-38F -D__GCC_IEC_559_COMPLEX=0 -D__SIZEOF_LONG__=4 -D__UFRACT_MAX__=0XFFFFP-16UR '-D__UINT_LEAST8_TYPE__=unsigned char' -D__FLT_MAX_EXP__=128 -D__DQ_FBIT__=63 '-D__INTMAX_C(c)=c ## LL' -D__ARM_FEATURE_SAT=1 -D__ULFRACT_FBIT__=32 -D__CHAR_BIT__=8 -D__USQ_IBIT__=0 -D__UINT8_MAX__=0xff -D__ACCUM_FBIT__=15 -D__WINT_MAX__=0xffffffffU '-D__FLT32_MIN_EXP__=(-125)' -D__LONG_WIDTH__=32 -D__USFRACT_FBIT__=8 -D__ORDER_LITTLE_ENDIAN__=1234 -D__SIZE_MAX__=0xffffffffU -D__LACCUM_IBIT__=32 -D__GCC_HAVE_SYNC_COMPARE_AND_SWAP_1=1 -D__GCC_HAVE_SYNC_COMPARE_AND_SWAP_2=1 -D__GCC_HAVE_SYNC_COMPARE_AND_SWAP_4=1 '-D__DBL_DENORM_MIN__=((double)4.9406564584124654e-324L)' -D__GCC_ATOMIC_CHAR_LOCK_FREE=2 -D__GCC_IEC_559=0 -D__FLT32X_DECIMAL_DIG__=17 -D__FLT_EVAL_METHOD__=0 -D__TQ_IBIT__=0 -D__LLACCUM_MAX__=0X7FFFFFFFFFFFFFFFP-31LLK -D__FLT32_HAS_INFINITY__=1 -D__FLT64_DECIMAL_DIG__=17 -D__GCC_ATOMIC_CHAR32_T_LOCK_FREE=2 -D__INTPTR_WIDTH__=32 -D__SIG_ATOMIC_TYPE__=int '-D__DBL_MIN_10_EXP__=(-307)' -D__LFRACT_IBIT__=0 -D__FLT32_HAS_DENORM__=1 -D__USA_FBIT__=16 -D__UINT_FAST8_MAX__=0xffffffffU -D__FLT_HAS_QUIET_NAN__=1 '-D__INT8_C(c)=c' -D__INT_LEAST8_WIDTH__=8 -D__UINT_LEAST64_MAX__=0xffffffffffffffffULL -D__SA_FBIT__=15 -D__APCS_32__=1 -D__SHRT_MAX__=0x7fff '-D__LDBL_MAX__=1.7976931348623157e+308L' -D__FRACT_MAX__=0X7FFFP-15R -D__thumb2__=1 -D__LDBL_IS_IEC_60559__=1 -D__UFRACT_FBIT__=16 -D__ARM_FP=4 -D__UFRACT_MIN__=0.0UR -D__UINT_LEAST8_MAX__=0xff -D__GCC_ATOMIC_BOOL_LOCK_FREE=2 '-D__UINTMAX_TYPE__=long long unsigned int' -D__LLFRACT_EPSILON__=0x1P-63LLR -D__FLT_EVAL_METHOD_TS_18661_3__=0 -D__UINT32_MAX__=0xffffffffUL -D__ULFRACT_MAX__=0XFFFFFFFFP-32ULR -D__TA_IBIT__=64 -D__LDBL_MAX_EXP__=1024 -D__WINT_MIN__=0U -D__ARM_ASM_SYNTAX_UNIFIED__=1 -D__FLT32X_IS_IEC_60559__=1 -D__INT_LEAST16_WIDTH__=16 -D__ULLFRACT_MIN__=0.0ULLR -D__SCHAR_MAX__=0x7f -D__WCHAR_MIN__=0U '-D__INT64_C(c)=c ## LL' '-D__UINT16_C(c)=c' -D__GCC_ATOMIC_POINTER_LOCK_FREE=2 -D__ATOMIC_SEQ_CST=5 -D__FLT32X_MAX_EXP__=1024 -D__SIZEOF_INT__=4 -D__FLT32X_MANT_DIG__=53 -D__USACCUM_IBIT__=8 '-D__INT16_TYPE__=short int' -D__FLT_DIG__=6 '-D__LFRACT_MIN__=(-0.5LR-0.5LR)' -D__HA_IBIT__=8 -D__FLT_EPSILON__=1.1920928955078125e-7F -D__SHRT_WIDTH__=16 -D__FLT32_IS_IEC_60559__=1 -D__USFRACT_IBIT__=0 -D__LDBL_MIN__=2.2250738585072014e-308L -D__STDC_UTF_16__=1 '-D__FRACT_MIN__=(-0.5R-0.5R)' -D__DA_IBIT__=32 -D__ARM_SIZEOF_MINIMAL_ENUM=1 -D__FLT32X_HAS_INFINITY__=1 -D__UQQ_FBIT__=8 -D__UACCUM_MAX__=0XFFFFFFFFP-16UK -D__DECIMAL_DIG__=17 -D__LFRACT_EPSILON__=0x1P-31LR -D__FLT64_EPSILON__=2.2204460492503131e-16F64 -D__INT16_MAX__=0x7fff -D__ARM_PCS_VFP=1 -D__LDBL_HAS_QUIET_NAN__=1 -D__ULACCUM_IBIT__=32 -D__ARM_FEATURE_FMA=1 -D__FLT64_MANT_DIG__=53 -D__INT_LEAST16_MAX__=0x7fff -D__UACCUM_EPSILON__=0x1P-16UK -D__ULLACCUM_MAX__=0XFFFFFFFFFFFFFFFFP-32ULLK -D__HQ_IBIT__=0 -D__FLT_HAS_DENORM__=1 -D__SIZEOF_LONG_DOUBLE__=8 -D__SA_IBIT__=16 -D__BIGGEST_ALIGNMENT__=8 -D__ARM_FEATURE_IDIV=1 -D__INTPTR_TYPE__=int '-D__SIZE_TYPE__=unsigned int' -D__FLT64_MAX_10_EXP__=308 -D__DBL_DIG__=15 -D__ULLACCUM_FBIT__=32 -D__DBL_IS_IEC_60559__=1 -D__DQ_IBIT__=0 '-D__DBL_MAX__=((double)1.7976931348623157e+308L)' -D__ULFRACT_IBIT__=0 -D__INT_FAST32_MAX__=0x7fffffff -D__DBL_HAS_INFINITY__=1 -D__HAVE_SPECULATION_SAFE_VALUE=1 -D__ACCUM_IBIT__=16 -D__THUMB_INTERWORK__=1 -D__UINT_LEAST32_MAX__=0xffffffffUL -D__LACCUM_MAX__=0X7FFFFFFFFFFFFFFFP-31LK -D__FLT32X_HAS_DENORM__=1 -D__INT_FAST16_TYPE__=int -D__LDBL_HAS_DENORM__=1 -D__ARM_FEATURE_LDREX=7 -D__FLT32_DECIMAL_DIG__=9 -D__INT_LEAST32_MAX__=0x7fffffffL -D__ACCUM_MAX__=0X7FFFFFFFP-15K -D__DBL_MAX_EXP__=1024 -D__USACCUM_EPSILON__=0x1P-8UHK -D__WCHAR_WIDTH__=32 '-D__FLT32_MAX__=3.4028234663852886e+38F32' -D__SFRACT_MAX__=0X7FP-7HR -D__FRACT_IBIT__=0 -D__PTRDIFF_MAX__=0x7fffffff -D__UACCUM_MIN__=0.0UK -D__UACCUM_IBIT__=16 '-D__LLACCUM_MIN__=(-0X1P31LLK-0X1P31LLK)' -D__FLT32_HAS_QUIET_NAN__=1 -D__LONG_LONG_MAX__=0x7fffffffffffffffLL -D__ULACCUM_MAX__=0XFFFFFFFFFFFFFFFFP-32ULK -D__SIZEOF_WINT_T__=4 -D__ARM_FEATURE_UNALIGNED=1 -D__LONG_LONG_WIDTH__=64 -D__FLT32_MAX_EXP__=128 -D__ULLACCUM_MIN__=0.0ULLK -D__GXX_ABI_VERSION=1019 -D__UTA_FBIT__=64 -D__UFRACT_IBIT__=0 -D__FLT64_IS_IEC_60559__=1 -D__USQ_FBIT__=32 -D__ARM_FEATURE_QBIT=1 '-D__INT_FAST64_TYPE__=long long int' -D__FP_FAST_FMAF=1 -D__FLT64_DENORM_MIN__=4.9406564584124654e-324F64 '-D__DBL_MIN__=((double)2.2250738585072014e-308L)' -D__SIZEOF_POINTER__=4 -D__DBL_HAS_QUIET_NAN__=1 -D__FLT32X_EPSILON__=2.2204460492503131e-16F32x '-D__FLT64_MIN_EXP__=(-1021)' '-D__LACCUM_MIN__=(-0X1P31LK-0X1P31LK)' -D__FRACT_FBIT__=15 '-D__FLT64_MIN_10_EXP__=(-307)' -D__ULLFRACT_EPSILON__=0x1P-64ULLR -D__REGISTER_PREFIX__= -D__UINT16_MAX__=0xffff -D__DBL_HAS_DENORM__=1 '-D__ACCUM_MIN__=(-0X1P15K-0X1P15K)' -D__SQ_IBIT__=0 '-D__UINT8_TYPE__=unsigned char' -D__UHA_FBIT__=8 '-D__SFRACT_MIN__=(-0.5HR-0.5HR)' -D__UTQ_FBIT__=128 -D__DEC_EVAL_METHOD__=2 -D__FLT_MANT_DIG__=24 -D__LDBL_DECIMAL_DIG__=17 '-D__UINT64_C(c)=c ## ULL' -D__FRACT_EPSILON__=0x1P-15R -D__ULACCUM_MIN__=0.0ULK -D__UDA_FBIT__=32 -D__GCC_ATOMIC_INT_LOCK_FREE=2 '-D__FLT_MIN_EXP__=(-125)' -D__FLOAT_WORD_ORDER__=__ORDER_LITTLE_ENDIAN__ -D__USFRACT_MIN__=0.0UHR -D__FLT32_MANT_DIG__=24 -D__ULLFRACT_FBIT__=64 -D__UQQ_IBIT__=0 -D__SCHAR_WIDTH__=8 '-D__INT32_C(c)=c ## L' -D__ORDER_PDP_ENDIAN__=3412 -D__UHQ_FBIT__=16 -D__LLACCUM_FBIT__=31 -D__INT_FAST32_TYPE__=int '-D__UINT_LEAST16_TYPE__=short unsigned int' -D__UINT64_MAX__=0xffffffffffffffffULL -D__FLT_IS_IEC_60559__=1 -D__UDQ_FBIT__=64 -D__UINT_FAST64_MAX__=0xffffffffffffffffULL '-D__GNUC_WIDE_EXECUTION_CHARSET_NAME="UTF-32LE"' '-D__INT8_TYPE__=signed char' -D__thumb__=1 -D__ELF__=1 -D__SACCUM_EPSILON__=0x1P-7HK -D__ULFRACT_EPSILON__=0x1P-32ULR -D__LLFRACT_FBIT__=63 -D__FLT_RADIX__=2 '-D__INT_LEAST16_TYPE__=short int' -D__ARM_ARCH_PROFILE=77 -D__LDBL_EPSILON__=2.2204460492503131e-16L '-D__UINTMAX_C(c)=c ## ULL' -D__SACCUM_MAX__=0X7FFFP-7HK -D__FLT32X_MIN__=2.2250738585072014e-308F32x -D__SIG_ATOMIC_MAX__=0x7fffffff -D__UACCUM_FBIT__=16 -D__GCC_ATOMIC_WCHAR_T_LOCK_FREE=2 -D__USER_LABEL_PREFIX__= -D__VFP_FP__=1 -D__SIZEOF_PTRDIFF_T__=4 -D__ATOMIC_ACQUIRE=2 -D__INT_WIDTH__=32 -D__OPTIMIZE__=1 -D__LACCUM_EPSILON__=0x1P-31LK -D__LDBL_DIG__=15 '-D__FLT32X_MIN_EXP__=(-1021)' -D__INT_FAST16_MAX__=0x7fffffff -D__GCC_CONSTRUCTIVE_SIZE=64 -D__FLT64_DIG__=15 -D__UINT_FAST32_MAX__=0xffffffffU '-D__UINT_LEAST64_TYPE__=long long unsigned int' -D__SFRACT_EPSILON__=0x1P-7HR -D__GCC_ASM_FLAG_OUTPUTS__=1 -D__FLT_MAX_10_EXP__=38 -D__LONG_MAX__=0x7fffffffL -D__FINITE_MATH_ONLY__=0 -D__SIZEOF_SIZE_T__=4 -D__FLT_HAS_INFINITY__=1 '-D__GNUC_EXECUTION_CHARSET_NAME="UTF-8"' -D__CHAR_UNSIGNED__=1 '-D__UINT_FAST16_TYPE__=unsigned int' -D__ARM_32BIT_STATE=1 -D__INT_FAST32_WIDTH__=32 -D__PRAGMA_REDEFINE_EXTNAME=1 -D__ARMEL__=1 -D__SIZE_WIDTH__=32 -D__INT64_MAX__=0x7fffffffffffffffLL -D__SACCUM_FBIT__=7 -D__FLT32_DENORM_MIN__=1.4012984643248171e-45F32 -D__SIG_ATOMIC_WIDTH__=32 '-D__INT_LEAST64_TYPE__=long long int' -D__ARM_FEATURE_CLZ=1 '-D__INT_LEAST8_TYPE__=signed char' -D__SQ_FBIT__=31 -D__USFRACT_MAX__=0XFFP-8UHR -D__ARM_ARCH_ISA_THUMB=2 -D__INT_FAST8_MAX__=0x7fffffff -D__ARM_ARCH=7 -D__INTPTR_MAX__=0x7fffffff -D__QQ_FBIT__=7 -D__UTA_IBIT__=64 -D__FLT64_HAS_QUIET_NAN__=1 -D__FLT32X_DIG__=15 -D__PTRDIFF_WIDTH__=32 -D__LDBL_MANT_DIG__=53 -D__SFRACT_FBIT__=7 '-D__SACCUM_MIN__=(-0X1P7HK-0X1P7HK)' -D__FLT64_HAS_INFINITY__=1 '-D__SIG_ATOMIC_MIN__=(-__SIG_ATOMIC_MAX__ - 1)' -D__GCC_ATOMIC_LONG_LOCK_FREE=2 '-D__UINT16_TYPE__=short unsigned int' '-D__WCHAR_TYPE__=unsigned int' -D__SIZEOF_FLOAT__=4 -D__THUMBEL__=1 -D__TQ_FBIT__=127 -D__UINTPTR_MAX__=0xffffffffU -D__INT_FAST64_WIDTH__=64 -D__LDBL_HAS_INFINITY__=1 -D__ULLACCUM_IBIT__=32 -D__FLT32_MAX_10_EXP__=38 -D__INT_FAST64_MAX__=0x7fffffffffffffffLL -D__GCC_ATOMIC_TEST_AND_SET_TRUEVAL=1 '-D__FLT_NORM_MAX__=3.4028234663852886e+38F' '-D__UINT_FAST64_TYPE__=long long unsigned int' -D__LACCUM_FBIT__=31 -D__HA_FBIT__=7 -D__UHA_IBIT__=8 '-D__INT64_TYPE__=long long int' -D__UTQ_IBIT__=0 -D__DBL_MANT_DIG__=53 -D__INT_LEAST64_MAX__=0x7fffffffffffffffLL -D__GCC_ATOMIC_CHAR16_T_LOCK_FREE=2 -D__FP_FAST_FMAF32=1 '-D__WINT_TYPE__=unsigned int' '-D__UINT_LEAST32_TYPE__=long unsigned int' -D__SIZEOF_SHORT__=2 -D__ULLFRACT_IBIT__=0 '-D__FLT32_NORM_MAX__=3.4028234663852886e+38F32' '-D__LDBL_MIN_EXP__=(-1021)' -D__GXX_TYPEINFO_EQUALITY_INLINE=0 -D__INTMAX_MAX__=0x7fffffffffffffffLL -D__arm__=1 '-D__FLT64_MAX__=1.7976931348623157e+308F64' -D__UDA_IBIT__=32 -D__INT_MAX__=0x7fffffff -D__WINT_WIDTH__=32 -D__INT_LEAST8_MAX__=0x7f -D__INT_LEAST64_WIDTH__=64 -D__FLT32X_MAX_10_EXP__=308 -D__LLACCUM_EPSILON__=0x1P-31LLK -D__LFRACT_FBIT__=31 -D__LDBL_MAX_10_EXP__=308 -D__ATOMIC_RELAXED=0 '-D__DBL_EPSILON__=((double)2.2204460492503131e-16L)' '-D__INT_LEAST32_TYPE__=long int' -D__ARM_ARCH_7EM__=1 -D__ARM_FEATURE_SIMD32=1 '-D__UINT8_C(c)=c' -D__FLT64_MAX_EXP__=1024 -D__SIZEOF_WCHAR_T__=4 '-D__UINT64_TYPE__=long long unsigned int' -D__OPTIMIZE_SIZE__=1 -D__LLFRACT_MAX__=0X7FFFFFFFFFFFFFFFP-63LLR '-D__FLT64_NORM_MAX__=1.7976931348623157e+308F64' -D__INT_FAST8_TYPE__=int -D__ULLACCUM_EPSILON__=0x1P-32ULLK -D__USACCUM_MAX__=0XFFFFP-8UHK -D__UHQ_IBIT__=0 -D__ARM_FEATURE_COPROC=15 -D__LLACCUM_IBIT__=32 -D__FLT64_HAS_DENORM__=1 -D__FLT32_EPSILON__=1.1920928955078125e-7F32 -D__DBL_DECIMAL_DIG__=17 -D__STDC_UTF_32__=1 -D__INT_FAST8_WIDTH__=32 -D__BYTE_ORDER__=__ORDER_LITTLE_ENDIAN__ '-D__FLT32X_MAX__=1.7976931348623157e+308F32x' -D__TA_FBIT__=63 '-D__DBL_NORM_MAX__=((double)1.7976931348623157e+308L)' -D__USFRACT_EPSILON__=0x1P-8UHR -D__GCC_DESTRUCTIVE_SIZE=64 -D__UDQ_IBIT__=0 -D__INTMAX_WIDTH__=64 -D__ORDER_BIG_ENDIAN__=4321 -D__LFRACT_MAX__=0X7FFFFFFFP-31LR -D__ARM_FEATURE_DSP=1 -D__FLT32_DIG__=6 -D__ACCUM_EPSILON__=0x1P-15K '-D__UINT32_C(c)=c ## UL' -D__QQ_IBIT__=0 -D__LLFRACT_IBIT__=0 -D__INT8_MAX__=0x7f -D__INT32_MAX__=0x7fffffffL '-D__UINT_FAST32_TYPE__=unsigned int' '-D__FLT32X_NORM_MAX__=1.7976931348623157e+308F32x' '-D__FLT32_MIN_10_EXP__=(-37)' '-D__FLT_MAX__=3.4028234663852886e+38F' -D__USACCUM_FBIT__=8 '-D__INT32_TYPE__=long int' -D__SIZEOF_DOUBLE__=8 '-D__FLT_MIN_10_EXP__=(-37)' -D__UFRACT_EPSILON__=0x1P-16UR -D__FLT64_MIN__=2.2250738585072014e-308F64 -D__FLT_DENORM_MIN__=1.4012984643248171e-45F -D__INT_LEAST32_WIDTH__=32 '-D__INTMAX_TYPE__=long long int' -D__FLT32X_HAS_QUIET_NAN__=1 -D__ATOMIC_CONSUME=1 -D__INT_FAST16_WIDTH__=32 -D__UINTMAX_MAX__=0xffffffffffffffffULL -D__FLT32X_DENORM_MIN__=4.9406564584124654e-324F32x -D__ATOMIC_ACQ_REL=4 -D__DBL_MAX_10_EXP__=308 -D__LDBL_DENORM_MIN__=4.9406564584124654e-324L '-D__INT16_C(c)=c' -D__ATOMIC_RELEASE=3 -D__PTRDIFF_TYPE__=int '-D__LLFRACT_MIN__=(-0.5LLR-0.5LLR)' -D__USACCUM_MIN__=0.0UHK -D__FLT32_MIN__=1.1754943508222875e-38F32 -D__DA_FBIT__=31 '-D__UINT32_TYPE__=long unsigned int' '-D__FLT32X_MIN_10_EXP__=(-307)' -D__ARM_ARCH_EXT_IDIV__=1 '-D__UINTPTR_TYPE__=unsigned int' -D__USA_IBIT__=16 -D__ARM_EABI__=1 '-D__LDBL_MIN_10_EXP__=(-307)' -D__SIZEOF_LONG_LONG__=8 -D__ULACCUM_EPSILON__=0x1P-32ULK -D__SACCUM_IBIT__=8 -D__GCC_ATOMIC_LLONG_LOCK_FREE=1 -D__FLT_DECIMAL_DIG__=9 -D__UINT_FAST16_MAX__=0xffffffffU '-D__LDBL_NORM_MAX__=1.7976931348623157e+308L' -D__GCC_ATOMIC_SHORT_LOCK_FREE=2 -D__ULLFRACT_MAX__=0XFFFFFFFFFFFFFFFFP-64ULLR '-D__UINT_FAST8_TYPE__=unsigned int' -D__ULACCUM_FBIT__=32 -D__USES_INITFINI__ -DUSE_STM324xG_EVAL -DSTM32F407xx -DUSE_HAL_DRIVER -I../../Inc -I../../Drivers/CMSIS/Device/ST/STM32F4xx/Include -I../../Drivers/STM32F4xx_HAL_Driver/Inc -I../../Drivers/BSP/STM324xG_EVAL -I../../Drivers/CMSIS/Include -I/Users/jie/Documents/arm-gnu-toolchain-14.3.rel1-darwin-arm64-arm-none-eabi/bin/../arm-none-eabi/include/newlib-nano -I/Users/jie/Documents/arm-gnu-toolchain-14.3.rel1-darwin-arm64-arm-none-eabi/bin/../lib/gcc/arm-none-eabi/14.3.1/include -I/Users/jie/Documents/arm-gnu-toolchain-14.3.rel1-darwin-arm64-arm-none-eabi/bin/../lib/gcc/arm-none-eabi/14.3.1/include-fixed -I/Users/jie/Documents/arm-gnu-toolchain-14.3.rel1-darwin-arm64-arm-none-eabi/bin/../lib/gcc/arm-none-eabi/14.3.1/../../../../arm-none-eabi/include -- ../../Drivers/STM32F4xx_HAL_Driver/Src/stm32f4xx_ll_fsmc.c
[E 08:16:19 80914] CODEQL_EXTRACTOR_CPP_TRAP_CACHING is not set
[E 08:16:19 80914] CODEQL_EXTRACTOR_CPP_OPTION_TRAP_CACHE_WRITE is not set
[E 08:16:19 80914] CODEQL_EXTRACTOR_CPP_OPTION_TRAP_CACHE_DIR is not set
[E 08:16:19 80914] Initialising TRAP cache at path: a8/5a1b/1bc4d5287c541fc157cbdadfe1ea
[E 08:16:19 80914] Not using TRAP cache
[E 08:16:19 80914] TRAP cache miss
[E 08:16:19 80914] Starting compilation TRAP /Users/jie/Documents/workspace/lcmhalgen/LCMHalTest_DBS/DATABASE_FreeRTOSUART_Hyperterminal_IT/trap/cpp/compilations/20/37824406_0.trap.zst
[E 08:16:19 80914] Archiving /Users/jie/Documents/workspace/lcmhalgen/LCMHalTest_DBS/DATABASE_FreeRTOSUART_Hyperterminal_IT/src/Users/jie/Documents/workspace/lcmhalgen/posixGen_Demos/UART_Hyperterminal_IT/Drivers/STM32F4xx_HAL_Driver/Src/stm32f4xx_ll_fsmc.c
[E 08:16:19 80914] Already archived /Users/jie/Documents/workspace/lcmhalgen/LCMHalTest_DBS/DATABASE_FreeRTOSUART_Hyperterminal_IT/src/Users/jie/Documents/workspace/lcmhalgen/posixGen_Demos/UART_Hyperterminal_IT/Drivers/STM32F4xx_HAL_Driver/Inc/stm32f4xx_hal.h
[E 08:16:19 80914] Already archived /Users/jie/Documents/workspace/lcmhalgen/LCMHalTest_DBS/DATABASE_FreeRTOSUART_Hyperterminal_IT/src/Users/jie/Documents/workspace/lcmhalgen/posixGen_Demos/UART_Hyperterminal_IT/Inc/stm32f4xx_hal_conf.h
[E 08:16:19 80914] Already archived /Users/jie/Documents/workspace/lcmhalgen/LCMHalTest_DBS/DATABASE_FreeRTOSUART_Hyperterminal_IT/src/Users/jie/Documents/workspace/lcmhalgen/posixGen_Demos/UART_Hyperterminal_IT/Drivers/STM32F4xx_HAL_Driver/Inc/stm32f4xx_hal_rcc.h
[E 08:16:19 80914] Already archived /Users/jie/Documents/workspace/lcmhalgen/LCMHalTest_DBS/DATABASE_FreeRTOSUART_Hyperterminal_IT/src/Users/jie/Documents/workspace/lcmhalgen/posixGen_Demos/UART_Hyperterminal_IT/Drivers/STM32F4xx_HAL_Driver/Inc/stm32f4xx_hal_def.h
[E 08:16:19 80914] Already archived /Users/jie/Documents/workspace/lcmhalgen/LCMHalTest_DBS/DATABASE_FreeRTOSUART_Hyperterminal_IT/src/Users/jie/Documents/workspace/lcmhalgen/posixGen_Demos/UART_Hyperterminal_IT/Drivers/CMSIS/Device/ST/STM32F4xx/Include/stm32f4xx.h
[E 08:16:19 80914] Already archived /Users/jie/Documents/workspace/lcmhalgen/LCMHalTest_DBS/DATABASE_FreeRTOSUART_Hyperterminal_IT/src/Users/jie/Documents/workspace/lcmhalgen/posixGen_Demos/UART_Hyperterminal_IT/Drivers/CMSIS/Device/ST/STM32F4xx/Include/stm32f407xx.h
[E 08:16:19 80914] Already archived /Users/jie/Documents/workspace/lcmhalgen/LCMHalTest_DBS/DATABASE_FreeRTOSUART_Hyperterminal_IT/src/Users/jie/Documents/workspace/lcmhalgen/posixGen_Demos/UART_Hyperterminal_IT/Drivers/CMSIS/Include/core_cm4.h
[E 08:16:19 80914] Already archived /Users/jie/Documents/workspace/lcmhalgen/LCMHalTest_DBS/DATABASE_FreeRTOSUART_Hyperterminal_IT/src/Users/jie/Documents/arm-gnu-toolchain-14.3.rel1-darwin-arm64-arm-none-eabi/lib/gcc/arm-none-eabi/14.3.1/include/stdint.h
[E 08:16:19 80914] Already archived /Users/jie/Documents/workspace/lcmhalgen/LCMHalTest_DBS/DATABASE_FreeRTOSUART_Hyperterminal_IT/src/Users/jie/Documents/arm-gnu-toolchain-14.3.rel1-darwin-arm64-arm-none-eabi/arm-none-eabi/include/stdint.h
[E 08:16:19 80914] Already archived /Users/jie/Documents/workspace/lcmhalgen/LCMHalTest_DBS/DATABASE_FreeRTOSUART_Hyperterminal_IT/src/Users/jie/Documents/arm-gnu-toolchain-14.3.rel1-darwin-arm64-arm-none-eabi/arm-none-eabi/include/machine/_default_types.h
[E 08:16:19 80914] Already archived /Users/jie/Documents/workspace/lcmhalgen/LCMHalTest_DBS/DATABASE_FreeRTOSUART_Hyperterminal_IT/src/Users/jie/Documents/arm-gnu-toolchain-14.3.rel1-darwin-arm64-arm-none-eabi/arm-none-eabi/include/sys/features.h
[E 08:16:19 80914] Already archived /Users/jie/Documents/workspace/lcmhalgen/LCMHalTest_DBS/DATABASE_FreeRTOSUART_Hyperterminal_IT/src/Users/jie/Documents/arm-gnu-toolchain-14.3.rel1-darwin-arm64-arm-none-eabi/arm-none-eabi/include/_newlib_version.h
[E 08:16:19 80914] Already archived /Users/jie/Documents/workspace/lcmhalgen/LCMHalTest_DBS/DATABASE_FreeRTOSUART_Hyperterminal_IT/src/Users/jie/Documents/arm-gnu-toolchain-14.3.rel1-darwin-arm64-arm-none-eabi/arm-none-eabi/include/sys/_intsup.h
[E 08:16:19 80914] Already archived /Users/jie/Documents/workspace/lcmhalgen/LCMHalTest_DBS/DATABASE_FreeRTOSUART_Hyperterminal_IT/src/Users/jie/Documents/arm-gnu-toolchain-14.3.rel1-darwin-arm64-arm-none-eabi/arm-none-eabi/include/sys/_stdint.h
[E 08:16:19 80914] Already archived /Users/jie/Documents/workspace/lcmhalgen/LCMHalTest_DBS/DATABASE_FreeRTOSUART_Hyperterminal_IT/src/Users/jie/Documents/workspace/lcmhalgen/posixGen_Demos/UART_Hyperterminal_IT/Drivers/CMSIS/Include/cmsis_version.h
[E 08:16:19 80914] Already archived /Users/jie/Documents/workspace/lcmhalgen/LCMHalTest_DBS/DATABASE_FreeRTOSUART_Hyperterminal_IT/src/Users/jie/Documents/workspace/lcmhalgen/posixGen_Demos/UART_Hyperterminal_IT/Drivers/CMSIS/Include/cmsis_compiler.h
[E 08:16:19 80914] Already archived /Users/jie/Documents/workspace/lcmhalgen/LCMHalTest_DBS/DATABASE_FreeRTOSUART_Hyperterminal_IT/src/Users/jie/Documents/workspace/lcmhalgen/posixGen_Demos/UART_Hyperterminal_IT/Drivers/CMSIS/Include/cmsis_gcc.h
[E 08:16:19 80914] Already archived /Users/jie/Documents/workspace/lcmhalgen/LCMHalTest_DBS/DATABASE_FreeRTOSUART_Hyperterminal_IT/src/Users/jie/Documents/workspace/lcmhalgen/posixGen_Demos/UART_Hyperterminal_IT/Drivers/CMSIS/Include/mpu_armv7.h
[E 08:16:19 80914] Already archived /Users/jie/Documents/workspace/lcmhalgen/LCMHalTest_DBS/DATABASE_FreeRTOSUART_Hyperterminal_IT/src/Users/jie/Documents/workspace/lcmhalgen/posixGen_Demos/UART_Hyperterminal_IT/Drivers/CMSIS/Device/ST/STM32F4xx/Include/system_stm32f4xx.h
[E 08:16:19 80914] Already archived /Users/jie/Documents/workspace/lcmhalgen/LCMHalTest_DBS/DATABASE_FreeRTOSUART_Hyperterminal_IT/src/Users/jie/Documents/workspace/lcmhalgen/posixGen_Demos/UART_Hyperterminal_IT/Drivers/STM32F4xx_HAL_Driver/Inc/stm32f4xx_hal.h
[E 08:16:19 80914] Already archived /Users/jie/Documents/workspace/lcmhalgen/LCMHalTest_DBS/DATABASE_FreeRTOSUART_Hyperterminal_IT/src/Users/jie/Documents/workspace/lcmhalgen/posixGen_Demos/UART_Hyperterminal_IT/Drivers/STM32F4xx_HAL_Driver/Inc/Legacy/stm32_hal_legacy.h
[E 08:16:19 80914] Already archived /Users/jie/Documents/workspace/lcmhalgen/LCMHalTest_DBS/DATABASE_FreeRTOSUART_Hyperterminal_IT/src/Users/jie/Documents/arm-gnu-toolchain-14.3.rel1-darwin-arm64-arm-none-eabi/lib/gcc/arm-none-eabi/14.3.1/include/stddef.h
[E 08:16:19 80914] Already archived /Users/jie/Documents/workspace/lcmhalgen/LCMHalTest_DBS/DATABASE_FreeRTOSUART_Hyperterminal_IT/src/Users/jie/Documents/workspace/lcmhalgen/posixGen_Demos/UART_Hyperterminal_IT/Drivers/STM32F4xx_HAL_Driver/Inc/stm32f4xx_hal_rcc_ex.h
[E 08:16:19 80914] Already archived /Users/jie/Documents/workspace/lcmhalgen/LCMHalTest_DBS/DATABASE_FreeRTOSUART_Hyperterminal_IT/src/Users/jie/Documents/workspace/lcmhalgen/posixGen_Demos/UART_Hyperterminal_IT/Drivers/STM32F4xx_HAL_Driver/Inc/stm32f4xx_hal_gpio.h
[E 08:16:19 80914] Already archived /Users/jie/Documents/workspace/lcmhalgen/LCMHalTest_DBS/DATABASE_FreeRTOSUART_Hyperterminal_IT/src/Users/jie/Documents/workspace/lcmhalgen/posixGen_Demos/UART_Hyperterminal_IT/Drivers/STM32F4xx_HAL_Driver/Inc/stm32f4xx_hal_gpio_ex.h
[E 08:16:19 80914] Already archived /Users/jie/Documents/workspace/lcmhalgen/LCMHalTest_DBS/DATABASE_FreeRTOSUART_Hyperterminal_IT/src/Users/jie/Documents/workspace/lcmhalgen/posixGen_Demos/UART_Hyperterminal_IT/Drivers/STM32F4xx_HAL_Driver/Inc/stm32f4xx_hal_dma.h
[E 08:16:19 80914] Already archived /Users/jie/Documents/workspace/lcmhalgen/LCMHalTest_DBS/DATABASE_FreeRTOSUART_Hyperterminal_IT/src/Users/jie/Documents/workspace/lcmhalgen/posixGen_Demos/UART_Hyperterminal_IT/Drivers/STM32F4xx_HAL_Driver/Inc/stm32f4xx_hal_dma_ex.h
[E 08:16:19 80914] Already archived /Users/jie/Documents/workspace/lcmhalgen/LCMHalTest_DBS/DATABASE_FreeRTOSUART_Hyperterminal_IT/src/Users/jie/Documents/workspace/lcmhalgen/posixGen_Demos/UART_Hyperterminal_IT/Drivers/STM32F4xx_HAL_Driver/Inc/stm32f4xx_hal_cortex.h
[E 08:16:19 80914] Already archived /Users/jie/Documents/workspace/lcmhalgen/LCMHalTest_DBS/DATABASE_FreeRTOSUART_Hyperterminal_IT/src/Users/jie/Documents/workspace/lcmhalgen/posixGen_Demos/UART_Hyperterminal_IT/Drivers/STM32F4xx_HAL_Driver/Inc/stm32f4xx_hal_flash.h
[E 08:16:19 80914] Already archived /Users/jie/Documents/workspace/lcmhalgen/LCMHalTest_DBS/DATABASE_FreeRTOSUART_Hyperterminal_IT/src/Users/jie/Documents/workspace/lcmhalgen/posixGen_Demos/UART_Hyperterminal_IT/Drivers/STM32F4xx_HAL_Driver/Inc/stm32f4xx_hal_flash_ex.h
[E 08:16:19 80914] Already archived /Users/jie/Documents/workspace/lcmhalgen/LCMHalTest_DBS/DATABASE_FreeRTOSUART_Hyperterminal_IT/src/Users/jie/Documents/workspace/lcmhalgen/posixGen_Demos/UART_Hyperterminal_IT/Drivers/STM32F4xx_HAL_Driver/Inc/stm32f4xx_hal_flash_ramfunc.h
[E 08:16:19 80914] Already archived /Users/jie/Documents/workspace/lcmhalgen/LCMHalTest_DBS/DATABASE_FreeRTOSUART_Hyperterminal_IT/src/Users/jie/Documents/workspace/lcmhalgen/posixGen_Demos/UART_Hyperterminal_IT/Drivers/STM32F4xx_HAL_Driver/Inc/stm32f4xx_hal_sram.h
[E 08:16:19 80914] Already archived /Users/jie/Documents/workspace/lcmhalgen/LCMHalTest_DBS/DATABASE_FreeRTOSUART_Hyperterminal_IT/src/Users/jie/Documents/workspace/lcmhalgen/posixGen_Demos/UART_Hyperterminal_IT/Drivers/STM32F4xx_HAL_Driver/Inc/stm32f4xx_ll_fsmc.h
[E 08:16:19 80914] Already archived /Users/jie/Documents/workspace/lcmhalgen/LCMHalTest_DBS/DATABASE_FreeRTOSUART_Hyperterminal_IT/src/Users/jie/Documents/workspace/lcmhalgen/posixGen_Demos/UART_Hyperterminal_IT/Drivers/STM32F4xx_HAL_Driver/Inc/stm32f4xx_hal_i2c.h
[E 08:16:19 80914] Already archived /Users/jie/Documents/workspace/lcmhalgen/LCMHalTest_DBS/DATABASE_FreeRTOSUART_Hyperterminal_IT/src/Users/jie/Documents/workspace/lcmhalgen/posixGen_Demos/UART_Hyperterminal_IT/Drivers/STM32F4xx_HAL_Driver/Inc/stm32f4xx_hal_i2c_ex.h
[E 08:16:19 80914] Already archived /Users/jie/Documents/workspace/lcmhalgen/LCMHalTest_DBS/DATABASE_FreeRTOSUART_Hyperterminal_IT/src/Users/jie/Documents/workspace/lcmhalgen/posixGen_Demos/UART_Hyperterminal_IT/Drivers/STM32F4xx_HAL_Driver/Inc/stm32f4xx_hal_pwr.h
[E 08:16:19 80914] Already archived /Users/jie/Documents/workspace/lcmhalgen/LCMHalTest_DBS/DATABASE_FreeRTOSUART_Hyperterminal_IT/src/Users/jie/Documents/workspace/lcmhalgen/posixGen_Demos/UART_Hyperterminal_IT/Drivers/STM32F4xx_HAL_Driver/Inc/stm32f4xx_hal_pwr_ex.h
[E 08:16:19 80914] Already archived /Users/jie/Documents/workspace/lcmhalgen/LCMHalTest_DBS/DATABASE_FreeRTOSUART_Hyperterminal_IT/src/Users/jie/Documents/workspace/lcmhalgen/posixGen_Demos/UART_Hyperterminal_IT/Drivers/STM32F4xx_HAL_Driver/Inc/stm32f4xx_hal_uart.h
[E 08:16:19 80914] Creating trap tarball /Users/jie/Documents/workspace/lcmhalgen/LCMHalTest_DBS/DATABASE_FreeRTOSUART_Hyperterminal_IT/trap/cpp/tarballs/Users/jie/Documents/workspace/lcmhalgen/posixGen_Demos/UART_Hyperterminal_IT/Drivers/STM32F4xx_HAL_Driver/Src/stm32f4xx_ll_fsmc.c.c6ac82af_0.trap.tar.zst
[E 08:16:19 80914] Emitting trap files for ../../Drivers/STM32F4xx_HAL_Driver/Src/stm32f4xx_ll_fsmc.c
[E 08:16:19 80914] Opening existencedb in /Users/jie/Documents/workspace/lcmhalgen/LCMHalTest_DBS/DATABASE_FreeRTOSUART_Hyperterminal_IT/working/existencedb/db
[E 08:16:19 80914] Wrote 1 files to /Users/jie/Documents/workspace/lcmhalgen/LCMHalTest_DBS/DATABASE_FreeRTOSUART_Hyperterminal_IT/trap/cpp/tarballs/Users/jie/Documents/workspace/lcmhalgen/posixGen_Demos/UART_Hyperterminal_IT/Drivers/STM32F4xx_HAL_Driver/Src/stm32f4xx_ll_fsmc.c.c6ac82af_0.trap.tar.zst
[E 08:16:19 80914] Finished compilation TRAP /Users/jie/Documents/workspace/lcmhalgen/LCMHalTest_DBS/DATABASE_FreeRTOSUART_Hyperterminal_IT/trap/cpp/compilations/20/37824406_0.trap.zst
[E 08:16:19 80914] Marking C compilation as happened.
[E 08:16:19 80914] Setting tag c-compilation-happened
[E 08:16:19 80914] Starting from CODEQL_TRACER_DB_ID 0000000000013C0B_0000000000000001
[E 08:16:19 80914] Locking DB /Users/jie/Documents/workspace/lcmhalgen/LCMHalTest_DBS/DATABASE_FreeRTOSUART_Hyperterminal_IT/working/tags.db
[E 08:16:19 80914] Locked DB /Users/jie/Documents/workspace/lcmhalgen/LCMHalTest_DBS/DATABASE_FreeRTOSUART_Hyperterminal_IT/working/tags.db
[E 08:16:19 80914] Set tag for 0000000000013C0B_0000000000000001
[E 08:16:19 80914] Set tag for 0000000000013C09_0000000000000003
[E 08:16:19 80914] Set tag for 0000000000013C09_0000000000000002
[E 08:16:19 80914] Set tag for 0000000000013C09_0000000000000001
[E 08:16:19 80914] Set tag for 0000000000013827_0000000000000002
[E 08:16:19 80914] Set tag for 0000000000013827_0000000000000001
[E 08:16:19 80914] Set tag for 00000000000137DE_0000000000000003
[E 08:16:19 80914] Set tag for 00000000000137DE_0000000000000002
[E 08:16:19 80914] Set tag for root
[E 08:16:19 80914] Unlocking DB
[E 08:16:19 80914] Unlocked DB
[E 08:16:19 80914] Extractor exited successfully
[T 08:16:19 80907] Extractor /opt/homebrew/Caskroom/codeql/2.23.0/codeql/cpp/tools/osx64/extractor terminated with exit code 0.
[T 08:16:19 80932] Initializing tracer.
[T 08:16:19 80932] Initializing tags.
[T 08:16:19 80932] ID set to 0000000000013C24_0000000000000001 (parent 0000000000013C09_0000000000000003)
[T 08:16:19 80932] ==== Candidate to intercept: /Users/jie/Documents/arm-gnu-toolchain-14.3.rel1-darwin-arm64-arm-none-eabi/bin/../lib/gcc/arm-none-eabi/14.3.1/../../../../arm-none-eabi/bin/as (canonical: /Users/jie/Documents/arm-gnu-toolchain-14.3.rel1-darwin-arm64-arm-none-eabi/arm-none-eabi/bin/as) ====
[T 08:16:19 80932] Lua: === Intercepted call to /users/jie/documents/arm-gnu-toolchain-14.3.rel1-darwin-arm64-arm-none-eabi/arm-none-eabi/bin/as ===
[T 08:16:19 80932] Executing the following tracer actions:
[T 08:16:19 80932] Tracer actions:
[T 08:16:19 80932] pre_invocations(0)
[T 08:16:19 80932] post_invocations(1)
[T 08:16:19 80932] invocation: /opt/homebrew/Caskroom/codeql/2.23.0/codeql/cpp/tools/osx64/extractor, args: [--assembler, --codeql-assembler-executable, /users/jie/documents/arm-gnu-toolchain-14.3.rel1-darwin-arm64-arm-none-eabi/arm-none-eabi/bin/as, -I, ../../Inc, -I, ../../Drivers/CMSIS/Device/ST/STM32F4xx/Include, -I, ../../Drivers/STM32F4xx_HAL_Driver/Inc, -I, ../../Drivers/BSP/STM324xG_EVAL, -I, ../../Drivers/CMSIS/Include, -march=armv7e-m+fp, -mfloat-abi=hard, -mfpu=fpv4-sp-d16, -meabi=5, -o, Drivers/STM32F4xx_HAL_Driver/stm32f4xx_ll_fsmc.o, /var/folders/b3/0hb7dhg16rd56bpwtd8bcnyc0000gn/T//ccb5NGfd.s]
[T 08:16:19 80932] trace_languages(1): [cpp]
[T 08:16:19 80934] Attempting to switch stdout/stderr to 4...
[T 08:16:19 80934] Initializing tracer.
[T 08:16:19 80934] Initializing tags.
[T 08:16:19 80934] ID set to 0000000000013C26_0000000000000001 (parent 0000000000013C24_0000000000000001)
[E 08:16:19 80934] CodeQL C/C++ Extractor 2.23.0
[E 08:16:19 80934] Current directory: /Users/jie/Documents/workspace/lcmhalgen/posixGen_Demos/UART_Hyperterminal_IT/STM32CubeIDE/Release
[E 08:16:19 80934] Command: /opt/homebrew/Caskroom/codeql/2.23.0/codeql/cpp/tools/osx64/extractor --assembler --codeql-assembler-executable /users/jie/documents/arm-gnu-toolchain-14.3.rel1-darwin-arm64-arm-none-eabi/arm-none-eabi/bin/as -I ../../Inc -I ../../Drivers/CMSIS/Device/ST/STM32F4xx/Include -I ../../Drivers/STM32F4xx_HAL_Driver/Inc -I ../../Drivers/BSP/STM324xG_EVAL -I ../../Drivers/CMSIS/Include '-march=armv7e-m+fp' -mfloat-abi=hard -mfpu=fpv4-sp-d16 -meabi=5 -o Drivers/STM32F4xx_HAL_Driver/stm32f4xx_ll_fsmc.o /var/folders/b3/0hb7dhg16rd56bpwtd8bcnyc0000gn/T//ccb5NGfd.s
[E 08:16:19 80934] Extractor exited after mimicking assembler
[T 08:16:19 80932] Extractor /opt/homebrew/Caskroom/codeql/2.23.0/codeql/cpp/tools/osx64/extractor terminated with exit code 0.
[T 08:16:19 80935] Attempting to switch stdout/stderr to 4...
[T 08:16:19 80935] Initializing tracer.
[T 08:16:19 80935] Initializing tags.
[T 08:16:19 80935] ID set to 0000000000013C27_0000000000000001 (parent 0000000000013C09_0000000000000003)
[E 08:16:19 80935] CodeQL C/C++ Extractor 2.23.0
[E 08:16:19 80935] Current directory: /Users/jie/Documents/workspace/lcmhalgen/posixGen_Demos/UART_Hyperterminal_IT/STM32CubeIDE/Release
[E 08:16:19 80935] Command: /opt/homebrew/Caskroom/codeql/2.23.0/codeql/cpp/tools/osx64/extractor --mimic /users/jie/documents/arm-gnu-toolchain-14.3.rel1-darwin-arm64-arm-none-eabi/bin/arm-none-eabi-gcc ../../Drivers/STM32F4xx_HAL_Driver/Src/stm32f4xx_ll_fsmc.c -mcpu=cortex-m4 -std=gnu11 -DUSE_STM324xG_EVAL -DSTM32F407xx -DUSE_HAL_DRIVER -c -I../../Inc -I../../Drivers/CMSIS/Device/ST/STM32F4xx/Include -I../../Drivers/STM32F4xx_HAL_Driver/Inc -I../../Drivers/BSP/STM324xG_EVAL -I../../Drivers/CMSIS/Include -Os -ffunction-sections -fdata-sections -Wall -fstack-usage -MMD -MP -MFDrivers/STM32F4xx_HAL_Driver/stm32f4xx_ll_fsmc.d -MTDrivers/STM32F4xx_HAL_Driver/stm32f4xx_ll_fsmc.o --specs=nano.specs -mfpu=fpv4-sp-d16 -mfloat-abi=hard -mthumb -o Drivers/STM32F4xx_HAL_Driver/stm32f4xx_ll_fsmc.o
[E 08:16:19 80935] Warning: Unrecognized command line argument --specs=nano.specs
[E 08:16:19 80935] Checking whether C compilation already happened.
[E 08:16:19 80935] Checking for tag c-compilation-happened
[E 08:16:19 80935] Checking CODEQL_TRACER_DB_ID 0000000000013C09_0000000000000003
[E 08:16:19 80935] Locking DB /Users/jie/Documents/workspace/lcmhalgen/LCMHalTest_DBS/DATABASE_FreeRTOSUART_Hyperterminal_IT/working/tags.db
[E 08:16:19 80935] Locked DB /Users/jie/Documents/workspace/lcmhalgen/LCMHalTest_DBS/DATABASE_FreeRTOSUART_Hyperterminal_IT/working/tags.db
[E 08:16:19 80935] Unlocking DB
[E 08:16:19 80935] Unlocked DB
[E 08:16:19 80935] Exiting as C compilation already happened.
[T 08:16:19 80905] Extractor /opt/homebrew/Caskroom/codeql/2.23.0/codeql/cpp/tools/osx64/extractor terminated with exit code 0.
[T 08:16:19 80936] Initializing tracer.
[T 08:16:19 80936] Initializing tags.
[T 08:16:19 80936] ID set to 0000000000013C28_0000000000000001 (parent 0000000000013827_0000000000000002)
[T 08:16:19 80936] ==== Candidate to intercept: /bin/sh (canonical: /bin/sh) ====
[T 08:16:19 80936] Executing the following tracer actions:
[T 08:16:19 80936] Tracer actions:
[T 08:16:19 80936] pre_invocations(0)
[T 08:16:19 80936] post_invocations(0)
[T 08:16:19 80936] trace_languages(1): [cpp]
[T 08:16:19 80936] Initializing tracer.
[T 08:16:19 80936] Initializing tags.
[T 08:16:19 80936] ID set to 0000000000013C28_0000000000000002 (parent 0000000000013C28_0000000000000001)
[T 08:16:19 80936] ==== Candidate to intercept: /bin/bash (canonical: /bin/bash) ====
[T 08:16:19 80936] Executing the following tracer actions:
[T 08:16:19 80936] Tracer actions:
[T 08:16:19 80936] pre_invocations(0)
[T 08:16:19 80936] post_invocations(0)
[T 08:16:19 80936] trace_languages(1): [cpp]
[T 08:16:19 80936] Initializing tracer.
[T 08:16:19 80936] Initializing tags.
[T 08:16:19 80936] ID set to 0000000000013C28_0000000000000003 (parent 0000000000013C28_0000000000000002)
[T 08:16:19 80936] ==== Candidate to intercept: /Users/jie/Documents/arm-gnu-toolchain-14.3.rel1-darwin-arm64-arm-none-eabi/bin/arm-none-eabi-gcc (canonical: /Users/jie/Documents/arm-gnu-toolchain-14.3.rel1-darwin-arm64-arm-none-eabi/bin/arm-none-eabi-gcc) ====
[T 08:16:19 80936] Lua: === Intercepted call to /users/jie/documents/arm-gnu-toolchain-14.3.rel1-darwin-arm64-arm-none-eabi/bin/arm-none-eabi-gcc ===
[T 08:16:19 80936] Executing the following tracer actions:
[T 08:16:19 80936] Tracer actions:
[T 08:16:19 80936] pre_invocations(0)
[T 08:16:19 80936] post_invocations(1)
[T 08:16:19 80936] invocation: /opt/homebrew/Caskroom/codeql/2.23.0/codeql/cpp/tools/osx64/extractor, args: [--mimic, /users/jie/documents/arm-gnu-toolchain-14.3.rel1-darwin-arm64-arm-none-eabi/bin/arm-none-eabi-gcc, ../../Src/system_stm32f4xx.c, -mcpu=cortex-m4, -std=gnu11, -DUSE_STM324xG_EVAL, -DSTM32F407xx, -DUSE_HAL_DRIVER, -c, -I../../Inc, -I../../Drivers/CMSIS/Device/ST/STM32F4xx/Include, -I../../Drivers/STM32F4xx_HAL_Driver/Inc, -I../../Drivers/BSP/STM324xG_EVAL, -I../../Drivers/CMSIS/Include, -Os, -ffunction-sections, -fdata-sections, -Wall, -fstack-usage, -MMD, -MP, -MFDrivers/CMSIS/system_stm32f4xx.d, -MTDrivers/CMSIS/system_stm32f4xx.o, --specs=nano.specs, -mfpu=fpv4-sp-d16, -mfloat-abi=hard, -mthumb, -o, Drivers/CMSIS/system_stm32f4xx.o]
[T 08:16:19 80936] trace_languages(1): [cpp]
[T 08:16:19 80938] Initializing tracer.
[T 08:16:19 80938] Initializing tags.
[T 08:16:19 80938] ID set to 0000000000013C2A_0000000000000001 (parent 0000000000013C28_0000000000000003)
[T 08:16:19 80938] ==== Candidate to intercept: /Users/jie/Documents/arm-gnu-toolchain-14.3.rel1-darwin-arm64-arm-none-eabi/bin/../libexec/gcc/arm-none-eabi/14.3.1/cc1 (canonical: /Users/jie/Documents/arm-gnu-toolchain-14.3.rel1-darwin-arm64-arm-none-eabi/libexec/gcc/arm-none-eabi/14.3.1/cc1) ====
[T 08:16:19 80938] Lua: === Intercepted call to /users/jie/documents/arm-gnu-toolchain-14.3.rel1-darwin-arm64-arm-none-eabi/libexec/gcc/arm-none-eabi/14.3.1/cc1 ===
[T 08:16:19 80938] Executing the following tracer actions:
[T 08:16:19 80938] Tracer actions:
[T 08:16:19 80938] pre_invocations(0)
[T 08:16:19 80938] post_invocations(1)
[T 08:16:19 80938] invocation: /opt/homebrew/Caskroom/codeql/2.23.0/codeql/cpp/tools/osx64/extractor, args: [--mimic, /users/jie/documents/arm-gnu-toolchain-14.3.rel1-darwin-arm64-arm-none-eabi/libexec/gcc/arm-none-eabi/14.3.1/cc1, -isystem, =/include/newlib-nano, -quiet, -I, ../../Inc, -I, ../../Drivers/CMSIS/Device/ST/STM32F4xx/Include, -I, ../../Drivers/STM32F4xx_HAL_Driver/Inc, -I, ../../Drivers/BSP/STM324xG_EVAL, -I, ../../Drivers/CMSIS/Include, -imultilib, thumb/v7e-m+fp/hard, -iprefix, /Users/jie/Documents/arm-gnu-toolchain-14.3.rel1-darwin-arm64-arm-none-eabi/bin/../lib/gcc/arm-none-eabi/14.3.1/, -isysroot, /Users/jie/Documents/arm-gnu-toolchain-14.3.rel1-darwin-arm64-arm-none-eabi/bin/../arm-none-eabi, -MMD, Drivers/CMSIS/system_stm32f4xx.d, -MF, Drivers/CMSIS/system_stm32f4xx.d, -MP, -MT, Drivers/CMSIS/system_stm32f4xx.o, -D__USES_INITFINI__, -D, USE_STM324xG_EVAL, -D, STM32F407xx, -D, USE_HAL_DRIVER, ../../Src/system_stm32f4xx.c, -quiet, -dumpdir, Drivers/CMSIS/, -dumpbase, system_stm32f4xx.c, -dumpbase-ext, .c, -mcpu=cortex-m4, -mfpu=fpv4-sp-d16, -mfloat-abi=hard, -mthumb, -mlibarch=armv7e-m+fp, -march=armv7e-m+fp, -Os, -Wall, -std=gnu11, -ffunction-sections, -fdata-sections, -fstack-usage, -o, /var/folders/b3/0hb7dhg16rd56bpwtd8bcnyc0000gn/T//ccleIuZD.s]
[T 08:16:19 80938] trace_languages(1): [cpp]
[T 08:16:19 80940] Attempting to switch stdout/stderr to 4...
[T 08:16:20 80940] Initializing tracer.
[T 08:16:20 80940] Initializing tags.
[T 08:16:20 80940] ID set to 0000000000013C2C_0000000000000001 (parent 0000000000013C2A_0000000000000001)
[E 08:16:20 80940] CodeQL C/C++ Extractor 2.23.0
[E 08:16:20 80940] Current directory: /Users/jie/Documents/workspace/lcmhalgen/posixGen_Demos/UART_Hyperterminal_IT/STM32CubeIDE/Release
[E 08:16:20 80940] Command: /opt/homebrew/Caskroom/codeql/2.23.0/codeql/cpp/tools/osx64/extractor --mimic /users/jie/documents/arm-gnu-toolchain-14.3.rel1-darwin-arm64-arm-none-eabi/libexec/gcc/arm-none-eabi/14.3.1/cc1 -isystem '=/include/newlib-nano' -quiet -I ../../Inc -I ../../Drivers/CMSIS/Device/ST/STM32F4xx/Include -I ../../Drivers/STM32F4xx_HAL_Driver/Inc -I ../../Drivers/BSP/STM324xG_EVAL -I ../../Drivers/CMSIS/Include -imultilib 'thumb/v7e-m+fp/hard' -iprefix /Users/jie/Documents/arm-gnu-toolchain-14.3.rel1-darwin-arm64-arm-none-eabi/bin/../lib/gcc/arm-none-eabi/14.3.1/ -isysroot /Users/jie/Documents/arm-gnu-toolchain-14.3.rel1-darwin-arm64-arm-none-eabi/bin/../arm-none-eabi -MMD Drivers/CMSIS/system_stm32f4xx.d -MF Drivers/CMSIS/system_stm32f4xx.d -MP -MT Drivers/CMSIS/system_stm32f4xx.o -D__USES_INITFINI__ -D USE_STM324xG_EVAL -D STM32F407xx -D USE_HAL_DRIVER ../../Src/system_stm32f4xx.c -quiet -dumpdir Drivers/CMSIS/ -dumpbase system_stm32f4xx.c -dumpbase-ext .c -mcpu=cortex-m4 -mfpu=fpv4-sp-d16 -mfloat-abi=hard -mthumb '-mlibarch=armv7e-m+fp' '-march=armv7e-m+fp' -Os -Wall -std=gnu11 -ffunction-sections -fdata-sections -fstack-usage -o /var/folders/b3/0hb7dhg16rd56bpwtd8bcnyc0000gn/T//ccleIuZD.s
[E 08:16:20 80940] Checking whether C compilation already happened.
[E 08:16:20 80940] Checking for tag c-compilation-happened
[E 08:16:20 80940] Checking CODEQL_TRACER_DB_ID 0000000000013C2A_0000000000000001
[E 08:16:20 80940] Locking DB /Users/jie/Documents/workspace/lcmhalgen/LCMHalTest_DBS/DATABASE_FreeRTOSUART_Hyperterminal_IT/working/tags.db
[E 08:16:20 80940] Locked DB /Users/jie/Documents/workspace/lcmhalgen/LCMHalTest_DBS/DATABASE_FreeRTOSUART_Hyperterminal_IT/working/tags.db
[E 08:16:20 80940] Unlocking DB
[E 08:16:20 80940] Unlocked DB
[E 08:16:20 80940] Looks like C compilation didn't already happen.
[E 08:16:20 80940] Checking whether C compilation has been attempted.
[E 08:16:20 80940] Checking for tag c-compilation-attempted
[E 08:16:20 80940] Checking CODEQL_TRACER_DB_ID 0000000000013C2A_0000000000000001
[E 08:16:20 80940] Locking DB /Users/jie/Documents/workspace/lcmhalgen/LCMHalTest_DBS/DATABASE_FreeRTOSUART_Hyperterminal_IT/working/tags.db
[E 08:16:20 80940] Locked DB /Users/jie/Documents/workspace/lcmhalgen/LCMHalTest_DBS/DATABASE_FreeRTOSUART_Hyperterminal_IT/working/tags.db
[E 08:16:20 80940] Unlocking DB
[E 08:16:20 80940] Unlocked DB
[E 08:16:20 80940] Marking C compilation as attempted.
[E 08:16:20 80940] Setting tag c-compilation-attempted
[E 08:16:20 80940] Starting from CODEQL_TRACER_DB_ID 0000000000013C2A_0000000000000001
[E 08:16:20 80940] Locking DB /Users/jie/Documents/workspace/lcmhalgen/LCMHalTest_DBS/DATABASE_FreeRTOSUART_Hyperterminal_IT/working/tags.db
[E 08:16:20 80940] Locked DB /Users/jie/Documents/workspace/lcmhalgen/LCMHalTest_DBS/DATABASE_FreeRTOSUART_Hyperterminal_IT/working/tags.db
[E 08:16:20 80940] Set tag for 0000000000013C2A_0000000000000001
[E 08:16:20 80940] Set tag for 0000000000013C28_0000000000000003
[E 08:16:20 80940] Set tag for 0000000000013C28_0000000000000002
[E 08:16:20 80940] Set tag for 0000000000013C28_0000000000000001
[E 08:16:20 80940] Set tag for 0000000000013827_0000000000000002
[E 08:16:20 80940] Set tag for 0000000000013827_0000000000000001
[E 08:16:20 80940] Set tag for 00000000000137DE_0000000000000003
[E 08:16:20 80940] Set tag for 00000000000137DE_0000000000000002
[E 08:16:20 80940] Set tag for root
[E 08:16:20 80940] Unlocking DB
[E 08:16:20 80940] Unlocked DB
[E 08:16:20 80940] Processed command line: /opt/homebrew/Caskroom/codeql/2.23.0/codeql/cpp/tools/osx64/extractor --trapfolder /Users/jie/Documents/workspace/lcmhalgen/LCMHalTest_DBS/DATABASE_FreeRTOSUART_Hyperterminal_IT/trap/cpp --src_archive /Users/jie/Documents/workspace/lcmhalgen/LCMHalTest_DBS/DATABASE_FreeRTOSUART_Hyperterminal_IT/src --object_filename /var/folders/b3/0hb7dhg16rd56bpwtd8bcnyc0000gn/T//ccleIuZD.s --no_warnings_and_discretionary_errors --error_limit 1000 --disable_system_macros --variadic_macros --incognito --c11 --gcc --gnu_version 140301 --target linux_i686 '-D__DBL_MIN_EXP__=(-1021)' -D__HQ_FBIT__=15 -D__UINT_LEAST16_MAX__=0xffff -D__ARM_SIZEOF_WCHAR_T=4 -D__WCHAR_MAX__=0xffffffffU -D__SFRACT_IBIT__=0 -D__ULFRACT_MIN__=0.0ULR -D__FLT_MIN__=1.1754943508222875e-38F -D__GCC_IEC_559_COMPLEX=0 -D__SIZEOF_LONG__=4 -D__UFRACT_MAX__=0XFFFFP-16UR '-D__UINT_LEAST8_TYPE__=unsigned char' -D__FLT_MAX_EXP__=128 -D__DQ_FBIT__=63 '-D__INTMAX_C(c)=c ## LL' -D__ARM_FEATURE_SAT=1 -D__ULFRACT_FBIT__=32 -D__CHAR_BIT__=8 -D__USQ_IBIT__=0 -D__UINT8_MAX__=0xff -D__ACCUM_FBIT__=15 -D__WINT_MAX__=0xffffffffU '-D__FLT32_MIN_EXP__=(-125)' -D__LONG_WIDTH__=32 -D__USFRACT_FBIT__=8 -D__ORDER_LITTLE_ENDIAN__=1234 -D__SIZE_MAX__=0xffffffffU -D__LACCUM_IBIT__=32 -D__GCC_HAVE_SYNC_COMPARE_AND_SWAP_1=1 -D__GCC_HAVE_SYNC_COMPARE_AND_SWAP_2=1 -D__GCC_HAVE_SYNC_COMPARE_AND_SWAP_4=1 '-D__DBL_DENORM_MIN__=((double)4.9406564584124654e-324L)' -D__GCC_ATOMIC_CHAR_LOCK_FREE=2 -D__GCC_IEC_559=0 -D__FLT32X_DECIMAL_DIG__=17 -D__FLT_EVAL_METHOD__=0 -D__TQ_IBIT__=0 -D__LLACCUM_MAX__=0X7FFFFFFFFFFFFFFFP-31LLK -D__FLT32_HAS_INFINITY__=1 -D__FLT64_DECIMAL_DIG__=17 -D__GCC_ATOMIC_CHAR32_T_LOCK_FREE=2 -D__INTPTR_WIDTH__=32 -D__SIG_ATOMIC_TYPE__=int '-D__DBL_MIN_10_EXP__=(-307)' -D__LFRACT_IBIT__=0 -D__FLT32_HAS_DENORM__=1 -D__USA_FBIT__=16 -D__UINT_FAST8_MAX__=0xffffffffU -D__FLT_HAS_QUIET_NAN__=1 '-D__INT8_C(c)=c' -D__INT_LEAST8_WIDTH__=8 -D__UINT_LEAST64_MAX__=0xffffffffffffffffULL -D__SA_FBIT__=15 -D__APCS_32__=1 -D__SHRT_MAX__=0x7fff '-D__LDBL_MAX__=1.7976931348623157e+308L' -D__FRACT_MAX__=0X7FFFP-15R -D__thumb2__=1 -D__LDBL_IS_IEC_60559__=1 -D__UFRACT_FBIT__=16 -D__ARM_FP=4 -D__UFRACT_MIN__=0.0UR -D__UINT_LEAST8_MAX__=0xff -D__GCC_ATOMIC_BOOL_LOCK_FREE=2 '-D__UINTMAX_TYPE__=long long unsigned int' -D__LLFRACT_EPSILON__=0x1P-63LLR -D__FLT_EVAL_METHOD_TS_18661_3__=0 -D__UINT32_MAX__=0xffffffffUL -D__ULFRACT_MAX__=0XFFFFFFFFP-32ULR -D__TA_IBIT__=64 -D__LDBL_MAX_EXP__=1024 -D__WINT_MIN__=0U -D__ARM_ASM_SYNTAX_UNIFIED__=1 -D__FLT32X_IS_IEC_60559__=1 -D__INT_LEAST16_WIDTH__=16 -D__ULLFRACT_MIN__=0.0ULLR -D__SCHAR_MAX__=0x7f -D__WCHAR_MIN__=0U '-D__INT64_C(c)=c ## LL' '-D__UINT16_C(c)=c' -D__GCC_ATOMIC_POINTER_LOCK_FREE=2 -D__ATOMIC_SEQ_CST=5 -D__FLT32X_MAX_EXP__=1024 -D__SIZEOF_INT__=4 -D__FLT32X_MANT_DIG__=53 -D__USACCUM_IBIT__=8 '-D__INT16_TYPE__=short int' -D__FLT_DIG__=6 '-D__LFRACT_MIN__=(-0.5LR-0.5LR)' -D__HA_IBIT__=8 -D__FLT_EPSILON__=1.1920928955078125e-7F -D__SHRT_WIDTH__=16 -D__FLT32_IS_IEC_60559__=1 -D__USFRACT_IBIT__=0 -D__LDBL_MIN__=2.2250738585072014e-308L -D__STDC_UTF_16__=1 '-D__FRACT_MIN__=(-0.5R-0.5R)' -D__DA_IBIT__=32 -D__ARM_SIZEOF_MINIMAL_ENUM=1 -D__FLT32X_HAS_INFINITY__=1 -D__UQQ_FBIT__=8 -D__UACCUM_MAX__=0XFFFFFFFFP-16UK -D__DECIMAL_DIG__=17 -D__LFRACT_EPSILON__=0x1P-31LR -D__FLT64_EPSILON__=2.2204460492503131e-16F64 -D__INT16_MAX__=0x7fff -D__ARM_PCS_VFP=1 -D__LDBL_HAS_QUIET_NAN__=1 -D__ULACCUM_IBIT__=32 -D__ARM_FEATURE_FMA=1 -D__FLT64_MANT_DIG__=53 -D__INT_LEAST16_MAX__=0x7fff -D__UACCUM_EPSILON__=0x1P-16UK -D__ULLACCUM_MAX__=0XFFFFFFFFFFFFFFFFP-32ULLK -D__HQ_IBIT__=0 -D__FLT_HAS_DENORM__=1 -D__SIZEOF_LONG_DOUBLE__=8 -D__SA_IBIT__=16 -D__BIGGEST_ALIGNMENT__=8 -D__ARM_FEATURE_IDIV=1 -D__INTPTR_TYPE__=int '-D__SIZE_TYPE__=unsigned int' -D__FLT64_MAX_10_EXP__=308 -D__DBL_DIG__=15 -D__ULLACCUM_FBIT__=32 -D__DBL_IS_IEC_60559__=1 -D__DQ_IBIT__=0 '-D__DBL_MAX__=((double)1.7976931348623157e+308L)' -D__ULFRACT_IBIT__=0 -D__INT_FAST32_MAX__=0x7fffffff -D__DBL_HAS_INFINITY__=1 -D__HAVE_SPECULATION_SAFE_VALUE=1 -D__ACCUM_IBIT__=16 -D__THUMB_INTERWORK__=1 -D__UINT_LEAST32_MAX__=0xffffffffUL -D__LACCUM_MAX__=0X7FFFFFFFFFFFFFFFP-31LK -D__FLT32X_HAS_DENORM__=1 -D__INT_FAST16_TYPE__=int -D__LDBL_HAS_DENORM__=1 -D__ARM_FEATURE_LDREX=7 -D__FLT32_DECIMAL_DIG__=9 -D__INT_LEAST32_MAX__=0x7fffffffL -D__ACCUM_MAX__=0X7FFFFFFFP-15K -D__DBL_MAX_EXP__=1024 -D__USACCUM_EPSILON__=0x1P-8UHK -D__WCHAR_WIDTH__=32 '-D__FLT32_MAX__=3.4028234663852886e+38F32' -D__SFRACT_MAX__=0X7FP-7HR -D__FRACT_IBIT__=0 -D__PTRDIFF_MAX__=0x7fffffff -D__UACCUM_MIN__=0.0UK -D__UACCUM_IBIT__=16 '-D__LLACCUM_MIN__=(-0X1P31LLK-0X1P31LLK)' -D__FLT32_HAS_QUIET_NAN__=1 -D__LONG_LONG_MAX__=0x7fffffffffffffffLL -D__ULACCUM_MAX__=0XFFFFFFFFFFFFFFFFP-32ULK -D__SIZEOF_WINT_T__=4 -D__ARM_FEATURE_UNALIGNED=1 -D__LONG_LONG_WIDTH__=64 -D__FLT32_MAX_EXP__=128 -D__ULLACCUM_MIN__=0.0ULLK -D__GXX_ABI_VERSION=1019 -D__UTA_FBIT__=64 -D__UFRACT_IBIT__=0 -D__FLT64_IS_IEC_60559__=1 -D__USQ_FBIT__=32 -D__ARM_FEATURE_QBIT=1 '-D__INT_FAST64_TYPE__=long long int' -D__FP_FAST_FMAF=1 -D__FLT64_DENORM_MIN__=4.9406564584124654e-324F64 '-D__DBL_MIN__=((double)2.2250738585072014e-308L)' -D__SIZEOF_POINTER__=4 -D__DBL_HAS_QUIET_NAN__=1 -D__FLT32X_EPSILON__=2.2204460492503131e-16F32x '-D__FLT64_MIN_EXP__=(-1021)' '-D__LACCUM_MIN__=(-0X1P31LK-0X1P31LK)' -D__FRACT_FBIT__=15 '-D__FLT64_MIN_10_EXP__=(-307)' -D__ULLFRACT_EPSILON__=0x1P-64ULLR -D__REGISTER_PREFIX__= -D__UINT16_MAX__=0xffff -D__DBL_HAS_DENORM__=1 '-D__ACCUM_MIN__=(-0X1P15K-0X1P15K)' -D__SQ_IBIT__=0 '-D__UINT8_TYPE__=unsigned char' -D__UHA_FBIT__=8 '-D__SFRACT_MIN__=(-0.5HR-0.5HR)' -D__UTQ_FBIT__=128 -D__DEC_EVAL_METHOD__=2 -D__FLT_MANT_DIG__=24 -D__LDBL_DECIMAL_DIG__=17 '-D__UINT64_C(c)=c ## ULL' -D__FRACT_EPSILON__=0x1P-15R -D__ULACCUM_MIN__=0.0ULK -D__UDA_FBIT__=32 -D__GCC_ATOMIC_INT_LOCK_FREE=2 '-D__FLT_MIN_EXP__=(-125)' -D__FLOAT_WORD_ORDER__=__ORDER_LITTLE_ENDIAN__ -D__USFRACT_MIN__=0.0UHR -D__FLT32_MANT_DIG__=24 -D__ULLFRACT_FBIT__=64 -D__UQQ_IBIT__=0 -D__SCHAR_WIDTH__=8 '-D__INT32_C(c)=c ## L' -D__ORDER_PDP_ENDIAN__=3412 -D__UHQ_FBIT__=16 -D__LLACCUM_FBIT__=31 -D__INT_FAST32_TYPE__=int '-D__UINT_LEAST16_TYPE__=short unsigned int' -D__UINT64_MAX__=0xffffffffffffffffULL -D__FLT_IS_IEC_60559__=1 -D__UDQ_FBIT__=64 -D__UINT_FAST64_MAX__=0xffffffffffffffffULL '-D__GNUC_WIDE_EXECUTION_CHARSET_NAME="UTF-32LE"' '-D__INT8_TYPE__=signed char' -D__thumb__=1 -D__ELF__=1 -D__SACCUM_EPSILON__=0x1P-7HK -D__ULFRACT_EPSILON__=0x1P-32ULR -D__LLFRACT_FBIT__=63 -D__FLT_RADIX__=2 '-D__INT_LEAST16_TYPE__=short int' -D__ARM_ARCH_PROFILE=77 -D__LDBL_EPSILON__=2.2204460492503131e-16L '-D__UINTMAX_C(c)=c ## ULL' -D__SACCUM_MAX__=0X7FFFP-7HK -D__FLT32X_MIN__=2.2250738585072014e-308F32x -D__SIG_ATOMIC_MAX__=0x7fffffff -D__UACCUM_FBIT__=16 -D__GCC_ATOMIC_WCHAR_T_LOCK_FREE=2 -D__USER_LABEL_PREFIX__= -D__VFP_FP__=1 -D__SIZEOF_PTRDIFF_T__=4 -D__ATOMIC_ACQUIRE=2 -D__INT_WIDTH__=32 -D__OPTIMIZE__=1 -D__LACCUM_EPSILON__=0x1P-31LK -D__LDBL_DIG__=15 '-D__FLT32X_MIN_EXP__=(-1021)' -D__INT_FAST16_MAX__=0x7fffffff -D__GCC_CONSTRUCTIVE_SIZE=64 -D__FLT64_DIG__=15 -D__UINT_FAST32_MAX__=0xffffffffU '-D__UINT_LEAST64_TYPE__=long long unsigned int' -D__SFRACT_EPSILON__=0x1P-7HR -D__GCC_ASM_FLAG_OUTPUTS__=1 -D__FLT_MAX_10_EXP__=38 -D__LONG_MAX__=0x7fffffffL -D__FINITE_MATH_ONLY__=0 -D__SIZEOF_SIZE_T__=4 -D__FLT_HAS_INFINITY__=1 '-D__GNUC_EXECUTION_CHARSET_NAME="UTF-8"' -D__CHAR_UNSIGNED__=1 '-D__UINT_FAST16_TYPE__=unsigned int' -D__ARM_32BIT_STATE=1 -D__INT_FAST32_WIDTH__=32 -D__PRAGMA_REDEFINE_EXTNAME=1 -D__ARMEL__=1 -D__SIZE_WIDTH__=32 -D__INT64_MAX__=0x7fffffffffffffffLL -D__SACCUM_FBIT__=7 -D__FLT32_DENORM_MIN__=1.4012984643248171e-45F32 -D__SIG_ATOMIC_WIDTH__=32 '-D__INT_LEAST64_TYPE__=long long int' -D__ARM_FEATURE_CLZ=1 '-D__INT_LEAST8_TYPE__=signed char' -D__SQ_FBIT__=31 -D__USFRACT_MAX__=0XFFP-8UHR -D__ARM_ARCH_ISA_THUMB=2 -D__INT_FAST8_MAX__=0x7fffffff -D__ARM_ARCH=7 -D__INTPTR_MAX__=0x7fffffff -D__QQ_FBIT__=7 -D__UTA_IBIT__=64 -D__FLT64_HAS_QUIET_NAN__=1 -D__FLT32X_DIG__=15 -D__PTRDIFF_WIDTH__=32 -D__LDBL_MANT_DIG__=53 -D__SFRACT_FBIT__=7 '-D__SACCUM_MIN__=(-0X1P7HK-0X1P7HK)' -D__FLT64_HAS_INFINITY__=1 '-D__SIG_ATOMIC_MIN__=(-__SIG_ATOMIC_MAX__ - 1)' -D__GCC_ATOMIC_LONG_LOCK_FREE=2 '-D__UINT16_TYPE__=short unsigned int' '-D__WCHAR_TYPE__=unsigned int' -D__SIZEOF_FLOAT__=4 -D__THUMBEL__=1 -D__TQ_FBIT__=127 -D__UINTPTR_MAX__=0xffffffffU -D__INT_FAST64_WIDTH__=64 -D__LDBL_HAS_INFINITY__=1 -D__ULLACCUM_IBIT__=32 -D__FLT32_MAX_10_EXP__=38 -D__INT_FAST64_MAX__=0x7fffffffffffffffLL -D__GCC_ATOMIC_TEST_AND_SET_TRUEVAL=1 '-D__FLT_NORM_MAX__=3.4028234663852886e+38F' '-D__UINT_FAST64_TYPE__=long long unsigned int' -D__LACCUM_FBIT__=31 -D__HA_FBIT__=7 -D__UHA_IBIT__=8 '-D__INT64_TYPE__=long long int' -D__UTQ_IBIT__=0 -D__DBL_MANT_DIG__=53 -D__INT_LEAST64_MAX__=0x7fffffffffffffffLL -D__GCC_ATOMIC_CHAR16_T_LOCK_FREE=2 -D__FP_FAST_FMAF32=1 '-D__WINT_TYPE__=unsigned int' '-D__UINT_LEAST32_TYPE__=long unsigned int' -D__SIZEOF_SHORT__=2 -D__ULLFRACT_IBIT__=0 '-D__FLT32_NORM_MAX__=3.4028234663852886e+38F32' '-D__LDBL_MIN_EXP__=(-1021)' -D__GXX_TYPEINFO_EQUALITY_INLINE=0 -D__INTMAX_MAX__=0x7fffffffffffffffLL -D__arm__=1 '-D__FLT64_MAX__=1.7976931348623157e+308F64' -D__UDA_IBIT__=32 -D__INT_MAX__=0x7fffffff -D__WINT_WIDTH__=32 -D__INT_LEAST8_MAX__=0x7f -D__INT_LEAST64_WIDTH__=64 -D__FLT32X_MAX_10_EXP__=308 -D__LLACCUM_EPSILON__=0x1P-31LLK -D__LFRACT_FBIT__=31 -D__LDBL_MAX_10_EXP__=308 -D__ATOMIC_RELAXED=0 '-D__DBL_EPSILON__=((double)2.2204460492503131e-16L)' '-D__INT_LEAST32_TYPE__=long int' -D__ARM_ARCH_7EM__=1 -D__ARM_FEATURE_SIMD32=1 '-D__UINT8_C(c)=c' -D__FLT64_MAX_EXP__=1024 -D__SIZEOF_WCHAR_T__=4 '-D__UINT64_TYPE__=long long unsigned int' -D__OPTIMIZE_SIZE__=1 -D__LLFRACT_MAX__=0X7FFFFFFFFFFFFFFFP-63LLR '-D__FLT64_NORM_MAX__=1.7976931348623157e+308F64' -D__INT_FAST8_TYPE__=int -D__ULLACCUM_EPSILON__=0x1P-32ULLK -D__USACCUM_MAX__=0XFFFFP-8UHK -D__UHQ_IBIT__=0 -D__ARM_FEATURE_COPROC=15 -D__LLACCUM_IBIT__=32 -D__FLT64_HAS_DENORM__=1 -D__FLT32_EPSILON__=1.1920928955078125e-7F32 -D__DBL_DECIMAL_DIG__=17 -D__STDC_UTF_32__=1 -D__INT_FAST8_WIDTH__=32 -D__BYTE_ORDER__=__ORDER_LITTLE_ENDIAN__ '-D__FLT32X_MAX__=1.7976931348623157e+308F32x' -D__TA_FBIT__=63 '-D__DBL_NORM_MAX__=((double)1.7976931348623157e+308L)' -D__USFRACT_EPSILON__=0x1P-8UHR -D__GCC_DESTRUCTIVE_SIZE=64 -D__UDQ_IBIT__=0 -D__INTMAX_WIDTH__=64 -D__ORDER_BIG_ENDIAN__=4321 -D__LFRACT_MAX__=0X7FFFFFFFP-31LR -D__ARM_FEATURE_DSP=1 -D__FLT32_DIG__=6 -D__ACCUM_EPSILON__=0x1P-15K '-D__UINT32_C(c)=c ## UL' -D__QQ_IBIT__=0 -D__LLFRACT_IBIT__=0 -D__INT8_MAX__=0x7f -D__INT32_MAX__=0x7fffffffL '-D__UINT_FAST32_TYPE__=unsigned int' '-D__FLT32X_NORM_MAX__=1.7976931348623157e+308F32x' '-D__FLT32_MIN_10_EXP__=(-37)' '-D__FLT_MAX__=3.4028234663852886e+38F' -D__USACCUM_FBIT__=8 '-D__INT32_TYPE__=long int' -D__SIZEOF_DOUBLE__=8 '-D__FLT_MIN_10_EXP__=(-37)' -D__UFRACT_EPSILON__=0x1P-16UR -D__FLT64_MIN__=2.2250738585072014e-308F64 -D__FLT_DENORM_MIN__=1.4012984643248171e-45F -D__INT_LEAST32_WIDTH__=32 '-D__INTMAX_TYPE__=long long int' -D__FLT32X_HAS_QUIET_NAN__=1 -D__ATOMIC_CONSUME=1 -D__INT_FAST16_WIDTH__=32 -D__UINTMAX_MAX__=0xffffffffffffffffULL -D__FLT32X_DENORM_MIN__=4.9406564584124654e-324F32x -D__ATOMIC_ACQ_REL=4 -D__DBL_MAX_10_EXP__=308 -D__LDBL_DENORM_MIN__=4.9406564584124654e-324L '-D__INT16_C(c)=c' -D__ATOMIC_RELEASE=3 -D__PTRDIFF_TYPE__=int '-D__LLFRACT_MIN__=(-0.5LLR-0.5LLR)' -D__USACCUM_MIN__=0.0UHK -D__FLT32_MIN__=1.1754943508222875e-38F32 -D__DA_FBIT__=31 '-D__UINT32_TYPE__=long unsigned int' '-D__FLT32X_MIN_10_EXP__=(-307)' -D__ARM_ARCH_EXT_IDIV__=1 '-D__UINTPTR_TYPE__=unsigned int' -D__USA_IBIT__=16 -D__ARM_EABI__=1 '-D__LDBL_MIN_10_EXP__=(-307)' -D__SIZEOF_LONG_LONG__=8 -D__ULACCUM_EPSILON__=0x1P-32ULK -D__SACCUM_IBIT__=8 -D__GCC_ATOMIC_LLONG_LOCK_FREE=1 -D__FLT_DECIMAL_DIG__=9 -D__UINT_FAST16_MAX__=0xffffffffU '-D__LDBL_NORM_MAX__=1.7976931348623157e+308L' -D__GCC_ATOMIC_SHORT_LOCK_FREE=2 -D__ULLFRACT_MAX__=0XFFFFFFFFFFFFFFFFP-64ULLR '-D__UINT_FAST8_TYPE__=unsigned int' -D__ULACCUM_FBIT__=32 -D__USES_INITFINI__ -DUSE_STM324xG_EVAL -DSTM32F407xx -DUSE_HAL_DRIVER -I../../Inc -I../../Drivers/CMSIS/Device/ST/STM32F4xx/Include -I../../Drivers/STM32F4xx_HAL_Driver/Inc -I../../Drivers/BSP/STM324xG_EVAL -I../../Drivers/CMSIS/Include -I/Users/jie/Documents/arm-gnu-toolchain-14.3.rel1-darwin-arm64-arm-none-eabi/bin/../arm-none-eabi/include/newlib-nano -I/Users/jie/Documents/arm-gnu-toolchain-14.3.rel1-darwin-arm64-arm-none-eabi/bin/../lib/gcc/arm-none-eabi/14.3.1/include -I/Users/jie/Documents/arm-gnu-toolchain-14.3.rel1-darwin-arm64-arm-none-eabi/bin/../lib/gcc/arm-none-eabi/14.3.1/include-fixed -I/Users/jie/Documents/arm-gnu-toolchain-14.3.rel1-darwin-arm64-arm-none-eabi/bin/../lib/gcc/arm-none-eabi/14.3.1/../../../../arm-none-eabi/include -- ../../Src/system_stm32f4xx.c
[E 08:16:20 80940] CODEQL_EXTRACTOR_CPP_TRAP_CACHING is not set
[E 08:16:20 80940] CODEQL_EXTRACTOR_CPP_OPTION_TRAP_CACHE_WRITE is not set
[E 08:16:20 80940] CODEQL_EXTRACTOR_CPP_OPTION_TRAP_CACHE_DIR is not set
[E 08:16:20 80940] Initialising TRAP cache at path: 49/fc99/996e4bc397c046189914c19803e7
[E 08:16:20 80940] Not using TRAP cache
[E 08:16:20 80940] TRAP cache miss
[E 08:16:20 80940] Starting compilation TRAP /Users/jie/Documents/workspace/lcmhalgen/LCMHalTest_DBS/DATABASE_FreeRTOSUART_Hyperterminal_IT/trap/cpp/compilations/20/30562613_0.trap.zst
[E 08:16:20 80940] Archiving /Users/jie/Documents/workspace/lcmhalgen/LCMHalTest_DBS/DATABASE_FreeRTOSUART_Hyperterminal_IT/src/Users/jie/Documents/workspace/lcmhalgen/posixGen_Demos/UART_Hyperterminal_IT/Src/system_stm32f4xx.c
[E 08:16:20 80940] Already archived /Users/jie/Documents/workspace/lcmhalgen/LCMHalTest_DBS/DATABASE_FreeRTOSUART_Hyperterminal_IT/src/Users/jie/Documents/workspace/lcmhalgen/posixGen_Demos/UART_Hyperterminal_IT/Drivers/CMSIS/Device/ST/STM32F4xx/Include/stm32f4xx.h
[E 08:16:20 80940] Already archived /Users/jie/Documents/workspace/lcmhalgen/LCMHalTest_DBS/DATABASE_FreeRTOSUART_Hyperterminal_IT/src/Users/jie/Documents/workspace/lcmhalgen/posixGen_Demos/UART_Hyperterminal_IT/Drivers/CMSIS/Device/ST/STM32F4xx/Include/stm32f407xx.h
[E 08:16:20 80940] Already archived /Users/jie/Documents/workspace/lcmhalgen/LCMHalTest_DBS/DATABASE_FreeRTOSUART_Hyperterminal_IT/src/Users/jie/Documents/workspace/lcmhalgen/posixGen_Demos/UART_Hyperterminal_IT/Drivers/CMSIS/Include/core_cm4.h
[E 08:16:20 80940] Already archived /Users/jie/Documents/workspace/lcmhalgen/LCMHalTest_DBS/DATABASE_FreeRTOSUART_Hyperterminal_IT/src/Users/jie/Documents/arm-gnu-toolchain-14.3.rel1-darwin-arm64-arm-none-eabi/lib/gcc/arm-none-eabi/14.3.1/include/stdint.h
[E 08:16:20 80940] Already archived /Users/jie/Documents/workspace/lcmhalgen/LCMHalTest_DBS/DATABASE_FreeRTOSUART_Hyperterminal_IT/src/Users/jie/Documents/arm-gnu-toolchain-14.3.rel1-darwin-arm64-arm-none-eabi/arm-none-eabi/include/stdint.h
[E 08:16:20 80940] Already archived /Users/jie/Documents/workspace/lcmhalgen/LCMHalTest_DBS/DATABASE_FreeRTOSUART_Hyperterminal_IT/src/Users/jie/Documents/arm-gnu-toolchain-14.3.rel1-darwin-arm64-arm-none-eabi/arm-none-eabi/include/machine/_default_types.h
[E 08:16:20 80940] Already archived /Users/jie/Documents/workspace/lcmhalgen/LCMHalTest_DBS/DATABASE_FreeRTOSUART_Hyperterminal_IT/src/Users/jie/Documents/arm-gnu-toolchain-14.3.rel1-darwin-arm64-arm-none-eabi/arm-none-eabi/include/sys/features.h
[E 08:16:20 80940] Already archived /Users/jie/Documents/workspace/lcmhalgen/LCMHalTest_DBS/DATABASE_FreeRTOSUART_Hyperterminal_IT/src/Users/jie/Documents/arm-gnu-toolchain-14.3.rel1-darwin-arm64-arm-none-eabi/arm-none-eabi/include/_newlib_version.h
[E 08:16:20 80940] Already archived /Users/jie/Documents/workspace/lcmhalgen/LCMHalTest_DBS/DATABASE_FreeRTOSUART_Hyperterminal_IT/src/Users/jie/Documents/arm-gnu-toolchain-14.3.rel1-darwin-arm64-arm-none-eabi/arm-none-eabi/include/sys/_intsup.h
[E 08:16:20 80940] Already archived /Users/jie/Documents/workspace/lcmhalgen/LCMHalTest_DBS/DATABASE_FreeRTOSUART_Hyperterminal_IT/src/Users/jie/Documents/arm-gnu-toolchain-14.3.rel1-darwin-arm64-arm-none-eabi/arm-none-eabi/include/sys/_stdint.h
[E 08:16:20 80940] Already archived /Users/jie/Documents/workspace/lcmhalgen/LCMHalTest_DBS/DATABASE_FreeRTOSUART_Hyperterminal_IT/src/Users/jie/Documents/workspace/lcmhalgen/posixGen_Demos/UART_Hyperterminal_IT/Drivers/CMSIS/Include/cmsis_version.h
[E 08:16:20 80940] Already archived /Users/jie/Documents/workspace/lcmhalgen/LCMHalTest_DBS/DATABASE_FreeRTOSUART_Hyperterminal_IT/src/Users/jie/Documents/workspace/lcmhalgen/posixGen_Demos/UART_Hyperterminal_IT/Drivers/CMSIS/Include/cmsis_compiler.h
[E 08:16:20 80940] Already archived /Users/jie/Documents/workspace/lcmhalgen/LCMHalTest_DBS/DATABASE_FreeRTOSUART_Hyperterminal_IT/src/Users/jie/Documents/workspace/lcmhalgen/posixGen_Demos/UART_Hyperterminal_IT/Drivers/CMSIS/Include/cmsis_gcc.h
[E 08:16:20 80940] Already archived /Users/jie/Documents/workspace/lcmhalgen/LCMHalTest_DBS/DATABASE_FreeRTOSUART_Hyperterminal_IT/src/Users/jie/Documents/workspace/lcmhalgen/posixGen_Demos/UART_Hyperterminal_IT/Drivers/CMSIS/Include/mpu_armv7.h
[E 08:16:20 80940] Already archived /Users/jie/Documents/workspace/lcmhalgen/LCMHalTest_DBS/DATABASE_FreeRTOSUART_Hyperterminal_IT/src/Users/jie/Documents/workspace/lcmhalgen/posixGen_Demos/UART_Hyperterminal_IT/Drivers/CMSIS/Device/ST/STM32F4xx/Include/system_stm32f4xx.h
[E 08:16:20 80940] Already archived /Users/jie/Documents/workspace/lcmhalgen/LCMHalTest_DBS/DATABASE_FreeRTOSUART_Hyperterminal_IT/src/Users/jie/Documents/workspace/lcmhalgen/posixGen_Demos/UART_Hyperterminal_IT/Drivers/STM32F4xx_HAL_Driver/Inc/stm32f4xx_hal.h
[E 08:16:20 80940] Already archived /Users/jie/Documents/workspace/lcmhalgen/LCMHalTest_DBS/DATABASE_FreeRTOSUART_Hyperterminal_IT/src/Users/jie/Documents/workspace/lcmhalgen/posixGen_Demos/UART_Hyperterminal_IT/Inc/stm32f4xx_hal_conf.h
[E 08:16:20 80940] Already archived /Users/jie/Documents/workspace/lcmhalgen/LCMHalTest_DBS/DATABASE_FreeRTOSUART_Hyperterminal_IT/src/Users/jie/Documents/workspace/lcmhalgen/posixGen_Demos/UART_Hyperterminal_IT/Drivers/STM32F4xx_HAL_Driver/Inc/stm32f4xx_hal_rcc.h
[E 08:16:20 80940] Already archived /Users/jie/Documents/workspace/lcmhalgen/LCMHalTest_DBS/DATABASE_FreeRTOSUART_Hyperterminal_IT/src/Users/jie/Documents/workspace/lcmhalgen/posixGen_Demos/UART_Hyperterminal_IT/Drivers/STM32F4xx_HAL_Driver/Inc/stm32f4xx_hal_def.h
[E 08:16:20 80940] Already archived /Users/jie/Documents/workspace/lcmhalgen/LCMHalTest_DBS/DATABASE_FreeRTOSUART_Hyperterminal_IT/src/Users/jie/Documents/workspace/lcmhalgen/posixGen_Demos/UART_Hyperterminal_IT/Drivers/CMSIS/Device/ST/STM32F4xx/Include/stm32f4xx.h
[E 08:16:20 80940] Already archived /Users/jie/Documents/workspace/lcmhalgen/LCMHalTest_DBS/DATABASE_FreeRTOSUART_Hyperterminal_IT/src/Users/jie/Documents/workspace/lcmhalgen/posixGen_Demos/UART_Hyperterminal_IT/Drivers/STM32F4xx_HAL_Driver/Inc/Legacy/stm32_hal_legacy.h
[E 08:16:20 80940] Already archived /Users/jie/Documents/workspace/lcmhalgen/LCMHalTest_DBS/DATABASE_FreeRTOSUART_Hyperterminal_IT/src/Users/jie/Documents/arm-gnu-toolchain-14.3.rel1-darwin-arm64-arm-none-eabi/lib/gcc/arm-none-eabi/14.3.1/include/stddef.h
[E 08:16:20 80940] Already archived /Users/jie/Documents/workspace/lcmhalgen/LCMHalTest_DBS/DATABASE_FreeRTOSUART_Hyperterminal_IT/src/Users/jie/Documents/workspace/lcmhalgen/posixGen_Demos/UART_Hyperterminal_IT/Drivers/STM32F4xx_HAL_Driver/Inc/stm32f4xx_hal_rcc_ex.h
[E 08:16:20 80940] Already archived /Users/jie/Documents/workspace/lcmhalgen/LCMHalTest_DBS/DATABASE_FreeRTOSUART_Hyperterminal_IT/src/Users/jie/Documents/workspace/lcmhalgen/posixGen_Demos/UART_Hyperterminal_IT/Drivers/STM32F4xx_HAL_Driver/Inc/stm32f4xx_hal_gpio.h
[E 08:16:20 80940] Already archived /Users/jie/Documents/workspace/lcmhalgen/LCMHalTest_DBS/DATABASE_FreeRTOSUART_Hyperterminal_IT/src/Users/jie/Documents/workspace/lcmhalgen/posixGen_Demos/UART_Hyperterminal_IT/Drivers/STM32F4xx_HAL_Driver/Inc/stm32f4xx_hal_gpio_ex.h
[E 08:16:20 80940] Already archived /Users/jie/Documents/workspace/lcmhalgen/LCMHalTest_DBS/DATABASE_FreeRTOSUART_Hyperterminal_IT/src/Users/jie/Documents/workspace/lcmhalgen/posixGen_Demos/UART_Hyperterminal_IT/Drivers/STM32F4xx_HAL_Driver/Inc/stm32f4xx_hal_dma.h
[E 08:16:20 80940] Already archived /Users/jie/Documents/workspace/lcmhalgen/LCMHalTest_DBS/DATABASE_FreeRTOSUART_Hyperterminal_IT/src/Users/jie/Documents/workspace/lcmhalgen/posixGen_Demos/UART_Hyperterminal_IT/Drivers/STM32F4xx_HAL_Driver/Inc/stm32f4xx_hal_dma_ex.h
[E 08:16:20 80940] Already archived /Users/jie/Documents/workspace/lcmhalgen/LCMHalTest_DBS/DATABASE_FreeRTOSUART_Hyperterminal_IT/src/Users/jie/Documents/workspace/lcmhalgen/posixGen_Demos/UART_Hyperterminal_IT/Drivers/STM32F4xx_HAL_Driver/Inc/stm32f4xx_hal_cortex.h
[E 08:16:20 80940] Already archived /Users/jie/Documents/workspace/lcmhalgen/LCMHalTest_DBS/DATABASE_FreeRTOSUART_Hyperterminal_IT/src/Users/jie/Documents/workspace/lcmhalgen/posixGen_Demos/UART_Hyperterminal_IT/Drivers/STM32F4xx_HAL_Driver/Inc/stm32f4xx_hal_flash.h
[E 08:16:20 80940] Already archived /Users/jie/Documents/workspace/lcmhalgen/LCMHalTest_DBS/DATABASE_FreeRTOSUART_Hyperterminal_IT/src/Users/jie/Documents/workspace/lcmhalgen/posixGen_Demos/UART_Hyperterminal_IT/Drivers/STM32F4xx_HAL_Driver/Inc/stm32f4xx_hal_flash_ex.h
[E 08:16:20 80940] Already archived /Users/jie/Documents/workspace/lcmhalgen/LCMHalTest_DBS/DATABASE_FreeRTOSUART_Hyperterminal_IT/src/Users/jie/Documents/workspace/lcmhalgen/posixGen_Demos/UART_Hyperterminal_IT/Drivers/STM32F4xx_HAL_Driver/Inc/stm32f4xx_hal_flash_ramfunc.h
[E 08:16:20 80940] Already archived /Users/jie/Documents/workspace/lcmhalgen/LCMHalTest_DBS/DATABASE_FreeRTOSUART_Hyperterminal_IT/src/Users/jie/Documents/workspace/lcmhalgen/posixGen_Demos/UART_Hyperterminal_IT/Drivers/STM32F4xx_HAL_Driver/Inc/stm32f4xx_hal_sram.h
[E 08:16:20 80940] Already archived /Users/jie/Documents/workspace/lcmhalgen/LCMHalTest_DBS/DATABASE_FreeRTOSUART_Hyperterminal_IT/src/Users/jie/Documents/workspace/lcmhalgen/posixGen_Demos/UART_Hyperterminal_IT/Drivers/STM32F4xx_HAL_Driver/Inc/stm32f4xx_ll_fsmc.h
[E 08:16:20 80940] Already archived /Users/jie/Documents/workspace/lcmhalgen/LCMHalTest_DBS/DATABASE_FreeRTOSUART_Hyperterminal_IT/src/Users/jie/Documents/workspace/lcmhalgen/posixGen_Demos/UART_Hyperterminal_IT/Drivers/STM32F4xx_HAL_Driver/Inc/stm32f4xx_hal_i2c.h
[E 08:16:20 80940] Already archived /Users/jie/Documents/workspace/lcmhalgen/LCMHalTest_DBS/DATABASE_FreeRTOSUART_Hyperterminal_IT/src/Users/jie/Documents/workspace/lcmhalgen/posixGen_Demos/UART_Hyperterminal_IT/Drivers/STM32F4xx_HAL_Driver/Inc/stm32f4xx_hal_i2c_ex.h
[E 08:16:20 80940] Already archived /Users/jie/Documents/workspace/lcmhalgen/LCMHalTest_DBS/DATABASE_FreeRTOSUART_Hyperterminal_IT/src/Users/jie/Documents/workspace/lcmhalgen/posixGen_Demos/UART_Hyperterminal_IT/Drivers/STM32F4xx_HAL_Driver/Inc/stm32f4xx_hal_pwr.h
[E 08:16:20 80940] Already archived /Users/jie/Documents/workspace/lcmhalgen/LCMHalTest_DBS/DATABASE_FreeRTOSUART_Hyperterminal_IT/src/Users/jie/Documents/workspace/lcmhalgen/posixGen_Demos/UART_Hyperterminal_IT/Drivers/STM32F4xx_HAL_Driver/Inc/stm32f4xx_hal_pwr_ex.h
[E 08:16:20 80940] Already archived /Users/jie/Documents/workspace/lcmhalgen/LCMHalTest_DBS/DATABASE_FreeRTOSUART_Hyperterminal_IT/src/Users/jie/Documents/workspace/lcmhalgen/posixGen_Demos/UART_Hyperterminal_IT/Drivers/STM32F4xx_HAL_Driver/Inc/stm32f4xx_hal_uart.h
[E 08:16:20 80940] Creating trap tarball /Users/jie/Documents/workspace/lcmhalgen/LCMHalTest_DBS/DATABASE_FreeRTOSUART_Hyperterminal_IT/trap/cpp/tarballs/Users/jie/Documents/workspace/lcmhalgen/posixGen_Demos/UART_Hyperterminal_IT/Src/system_stm32f4xx.c.ce9cb46c_0.trap.tar.zst
[E 08:16:20 80940] Emitting trap files for ../../Src/system_stm32f4xx.c
[E 08:16:20 80940] Opening existencedb in /Users/jie/Documents/workspace/lcmhalgen/LCMHalTest_DBS/DATABASE_FreeRTOSUART_Hyperterminal_IT/working/existencedb/db
[E 08:16:20 80940] Wrote 2 files to /Users/jie/Documents/workspace/lcmhalgen/LCMHalTest_DBS/DATABASE_FreeRTOSUART_Hyperterminal_IT/trap/cpp/tarballs/Users/jie/Documents/workspace/lcmhalgen/posixGen_Demos/UART_Hyperterminal_IT/Src/system_stm32f4xx.c.ce9cb46c_0.trap.tar.zst
[E 08:16:20 80940] Finished compilation TRAP /Users/jie/Documents/workspace/lcmhalgen/LCMHalTest_DBS/DATABASE_FreeRTOSUART_Hyperterminal_IT/trap/cpp/compilations/20/30562613_0.trap.zst
[E 08:16:20 80940] Marking C compilation as happened.
[E 08:16:20 80940] Setting tag c-compilation-happened
[E 08:16:20 80940] Starting from CODEQL_TRACER_DB_ID 0000000000013C2A_0000000000000001
[E 08:16:20 80940] Locking DB /Users/jie/Documents/workspace/lcmhalgen/LCMHalTest_DBS/DATABASE_FreeRTOSUART_Hyperterminal_IT/working/tags.db
[E 08:16:20 80940] Locked DB /Users/jie/Documents/workspace/lcmhalgen/LCMHalTest_DBS/DATABASE_FreeRTOSUART_Hyperterminal_IT/working/tags.db
[E 08:16:20 80940] Set tag for 0000000000013C2A_0000000000000001
[E 08:16:20 80940] Set tag for 0000000000013C28_0000000000000003
[E 08:16:20 80940] Set tag for 0000000000013C28_0000000000000002
[E 08:16:20 80940] Set tag for 0000000000013C28_0000000000000001
[E 08:16:20 80940] Set tag for 0000000000013827_0000000000000002
[E 08:16:20 80940] Set tag for 0000000000013827_0000000000000001
[E 08:16:20 80940] Set tag for 00000000000137DE_0000000000000003
[E 08:16:20 80940] Set tag for 00000000000137DE_0000000000000002
[E 08:16:20 80940] Set tag for root
[E 08:16:20 80940] Unlocking DB
[E 08:16:20 80940] Unlocked DB
[E 08:16:20 80940] Extractor exited successfully
[T 08:16:20 80938] Extractor /opt/homebrew/Caskroom/codeql/2.23.0/codeql/cpp/tools/osx64/extractor terminated with exit code 0.
[T 08:16:20 80963] Initializing tracer.
[T 08:16:20 80963] Initializing tags.
[T 08:16:20 80963] ID set to 0000000000013C43_0000000000000001 (parent 0000000000013C28_0000000000000003)
[T 08:16:20 80963] ==== Candidate to intercept: /Users/jie/Documents/arm-gnu-toolchain-14.3.rel1-darwin-arm64-arm-none-eabi/bin/../lib/gcc/arm-none-eabi/14.3.1/../../../../arm-none-eabi/bin/as (canonical: /Users/jie/Documents/arm-gnu-toolchain-14.3.rel1-darwin-arm64-arm-none-eabi/arm-none-eabi/bin/as) ====
[T 08:16:20 80963] Lua: === Intercepted call to /users/jie/documents/arm-gnu-toolchain-14.3.rel1-darwin-arm64-arm-none-eabi/arm-none-eabi/bin/as ===
[T 08:16:20 80963] Executing the following tracer actions:
[T 08:16:20 80963] Tracer actions:
[T 08:16:20 80963] pre_invocations(0)
[T 08:16:20 80963] post_invocations(1)
[T 08:16:20 80963] invocation: /opt/homebrew/Caskroom/codeql/2.23.0/codeql/cpp/tools/osx64/extractor, args: [--assembler, --codeql-assembler-executable, /users/jie/documents/arm-gnu-toolchain-14.3.rel1-darwin-arm64-arm-none-eabi/arm-none-eabi/bin/as, -I, ../../Inc, -I, ../../Drivers/CMSIS/Device/ST/STM32F4xx/Include, -I, ../../Drivers/STM32F4xx_HAL_Driver/Inc, -I, ../../Drivers/BSP/STM324xG_EVAL, -I, ../../Drivers/CMSIS/Include, -march=armv7e-m+fp, -mfloat-abi=hard, -mfpu=fpv4-sp-d16, -meabi=5, -o, Drivers/CMSIS/system_stm32f4xx.o, /var/folders/b3/0hb7dhg16rd56bpwtd8bcnyc0000gn/T//ccleIuZD.s]
[T 08:16:20 80963] trace_languages(1): [cpp]
[T 08:16:20 80965] Attempting to switch stdout/stderr to 4...
[T 08:16:20 80965] Initializing tracer.
[T 08:16:20 80965] Initializing tags.
[T 08:16:20 80965] ID set to 0000000000013C45_0000000000000001 (parent 0000000000013C43_0000000000000001)
[E 08:16:20 80965] CodeQL C/C++ Extractor 2.23.0
[E 08:16:20 80965] Current directory: /Users/jie/Documents/workspace/lcmhalgen/posixGen_Demos/UART_Hyperterminal_IT/STM32CubeIDE/Release
[E 08:16:20 80965] Command: /opt/homebrew/Caskroom/codeql/2.23.0/codeql/cpp/tools/osx64/extractor --assembler --codeql-assembler-executable /users/jie/documents/arm-gnu-toolchain-14.3.rel1-darwin-arm64-arm-none-eabi/arm-none-eabi/bin/as -I ../../Inc -I ../../Drivers/CMSIS/Device/ST/STM32F4xx/Include -I ../../Drivers/STM32F4xx_HAL_Driver/Inc -I ../../Drivers/BSP/STM324xG_EVAL -I ../../Drivers/CMSIS/Include '-march=armv7e-m+fp' -mfloat-abi=hard -mfpu=fpv4-sp-d16 -meabi=5 -o Drivers/CMSIS/system_stm32f4xx.o /var/folders/b3/0hb7dhg16rd56bpwtd8bcnyc0000gn/T//ccleIuZD.s
[E 08:16:20 80965] Extractor exited after mimicking assembler
[T 08:16:20 80963] Extractor /opt/homebrew/Caskroom/codeql/2.23.0/codeql/cpp/tools/osx64/extractor terminated with exit code 0.
[T 08:16:20 80967] Attempting to switch stdout/stderr to 4...
[T 08:16:20 80967] Initializing tracer.
[T 08:16:20 80967] Initializing tags.
[T 08:16:20 80967] ID set to 0000000000013C47_0000000000000001 (parent 0000000000013C28_0000000000000003)
[E 08:16:20 80967] CodeQL C/C++ Extractor 2.23.0
[E 08:16:20 80967] Current directory: /Users/jie/Documents/workspace/lcmhalgen/posixGen_Demos/UART_Hyperterminal_IT/STM32CubeIDE/Release
[E 08:16:20 80967] Command: /opt/homebrew/Caskroom/codeql/2.23.0/codeql/cpp/tools/osx64/extractor --mimic /users/jie/documents/arm-gnu-toolchain-14.3.rel1-darwin-arm64-arm-none-eabi/bin/arm-none-eabi-gcc ../../Src/system_stm32f4xx.c -mcpu=cortex-m4 -std=gnu11 -DUSE_STM324xG_EVAL -DSTM32F407xx -DUSE_HAL_DRIVER -c -I../../Inc -I../../Drivers/CMSIS/Device/ST/STM32F4xx/Include -I../../Drivers/STM32F4xx_HAL_Driver/Inc -I../../Drivers/BSP/STM324xG_EVAL -I../../Drivers/CMSIS/Include -Os -ffunction-sections -fdata-sections -Wall -fstack-usage -MMD -MP -MFDrivers/CMSIS/system_stm32f4xx.d -MTDrivers/CMSIS/system_stm32f4xx.o --specs=nano.specs -mfpu=fpv4-sp-d16 -mfloat-abi=hard -mthumb -o Drivers/CMSIS/system_stm32f4xx.o
[E 08:16:20 80967] Warning: Unrecognized command line argument --specs=nano.specs
[E 08:16:20 80967] Checking whether C compilation already happened.
[E 08:16:20 80967] Checking for tag c-compilation-happened
[E 08:16:20 80967] Checking CODEQL_TRACER_DB_ID 0000000000013C28_0000000000000003
[E 08:16:20 80967] Locking DB /Users/jie/Documents/workspace/lcmhalgen/LCMHalTest_DBS/DATABASE_FreeRTOSUART_Hyperterminal_IT/working/tags.db
[E 08:16:20 80967] Locked DB /Users/jie/Documents/workspace/lcmhalgen/LCMHalTest_DBS/DATABASE_FreeRTOSUART_Hyperterminal_IT/working/tags.db
[E 08:16:20 80967] Unlocking DB
[E 08:16:20 80967] Unlocked DB
[E 08:16:20 80967] Exiting as C compilation already happened.
[T 08:16:20 80936] Extractor /opt/homebrew/Caskroom/codeql/2.23.0/codeql/cpp/tools/osx64/extractor terminated with exit code 0.
[T 08:16:20 80968] Initializing tracer.
[T 08:16:20 80968] Initializing tags.
[T 08:16:20 80968] ID set to 0000000000013C48_0000000000000001 (parent 0000000000013827_0000000000000002)
[T 08:16:20 80968] ==== Candidate to intercept: /bin/sh (canonical: /bin/sh) ====
[T 08:16:20 80968] Executing the following tracer actions:
[T 08:16:20 80968] Tracer actions:
[T 08:16:20 80968] pre_invocations(0)
[T 08:16:20 80968] post_invocations(0)
[T 08:16:20 80968] trace_languages(1): [cpp]
[T 08:16:20 80968] Initializing tracer.
[T 08:16:20 80968] Initializing tags.
[T 08:16:20 80968] ID set to 0000000000013C48_0000000000000002 (parent 0000000000013C48_0000000000000001)
[T 08:16:20 80968] ==== Candidate to intercept: /bin/bash (canonical: /bin/bash) ====
[T 08:16:20 80968] Executing the following tracer actions:
[T 08:16:20 80968] Tracer actions:
[T 08:16:20 80968] pre_invocations(0)
[T 08:16:20 80968] post_invocations(0)
[T 08:16:20 80968] trace_languages(1): [cpp]
[T 08:16:20 80968] Initializing tracer.
[T 08:16:20 80968] Initializing tags.
[T 08:16:20 80968] ID set to 0000000000013C48_0000000000000003 (parent 0000000000013C48_0000000000000002)
[T 08:16:20 80968] ==== Candidate to intercept: /Users/jie/Documents/arm-gnu-toolchain-14.3.rel1-darwin-arm64-arm-none-eabi/bin/arm-none-eabi-gcc (canonical: /Users/jie/Documents/arm-gnu-toolchain-14.3.rel1-darwin-arm64-arm-none-eabi/bin/arm-none-eabi-gcc) ====
[T 08:16:20 80968] Lua: === Intercepted call to /users/jie/documents/arm-gnu-toolchain-14.3.rel1-darwin-arm64-arm-none-eabi/bin/arm-none-eabi-gcc ===
[T 08:16:20 80968] Executing the following tracer actions:
[T 08:16:20 80968] Tracer actions:
[T 08:16:20 80968] pre_invocations(0)
[T 08:16:20 80968] post_invocations(1)
[T 08:16:20 80968] invocation: /opt/homebrew/Caskroom/codeql/2.23.0/codeql/cpp/tools/osx64/extractor, args: [--mimic, /users/jie/documents/arm-gnu-toolchain-14.3.rel1-darwin-arm64-arm-none-eabi/bin/arm-none-eabi-gcc, ../../Drivers/BSP/STM324xG_EVAL/stm324xg_eval.c, -mcpu=cortex-m4, -std=gnu11, -DUSE_STM324xG_EVAL, -DSTM32F407xx, -DUSE_HAL_DRIVER, -c, -I../../Inc, -I../../Drivers/CMSIS/Device/ST/STM32F4xx/Include, -I../../Drivers/STM32F4xx_HAL_Driver/Inc, -I../../Drivers/BSP/STM324xG_EVAL, -I../../Drivers/CMSIS/Include, -Os, -ffunction-sections, -fdata-sections, -Wall, -fstack-usage, -MMD, -MP, -MFDrivers/BSP/STM324xG_EVAL/stm324xg_eval.d, -MTDrivers/BSP/STM324xG_EVAL/stm324xg_eval.o, --specs=nano.specs, -mfpu=fpv4-sp-d16, -mfloat-abi=hard, -mthumb, -o, Drivers/BSP/STM324xG_EVAL/stm324xg_eval.o]
[T 08:16:20 80968] trace_languages(1): [cpp]
[T 08:16:20 80971] Initializing tracer.
[T 08:16:20 80971] Initializing tags.
[T 08:16:20 80971] ID set to 0000000000013C4B_0000000000000001 (parent 0000000000013C48_0000000000000003)
[T 08:16:20 80971] ==== Candidate to intercept: /Users/jie/Documents/arm-gnu-toolchain-14.3.rel1-darwin-arm64-arm-none-eabi/bin/../libexec/gcc/arm-none-eabi/14.3.1/cc1 (canonical: /Users/jie/Documents/arm-gnu-toolchain-14.3.rel1-darwin-arm64-arm-none-eabi/libexec/gcc/arm-none-eabi/14.3.1/cc1) ====
[T 08:16:20 80971] Lua: === Intercepted call to /users/jie/documents/arm-gnu-toolchain-14.3.rel1-darwin-arm64-arm-none-eabi/libexec/gcc/arm-none-eabi/14.3.1/cc1 ===
[T 08:16:20 80971] Executing the following tracer actions:
[T 08:16:20 80971] Tracer actions:
[T 08:16:20 80971] pre_invocations(0)
[T 08:16:20 80971] post_invocations(1)
[T 08:16:20 80971] invocation: /opt/homebrew/Caskroom/codeql/2.23.0/codeql/cpp/tools/osx64/extractor, args: [--mimic, /users/jie/documents/arm-gnu-toolchain-14.3.rel1-darwin-arm64-arm-none-eabi/libexec/gcc/arm-none-eabi/14.3.1/cc1, -isystem, =/include/newlib-nano, -quiet, -I, ../../Inc, -I, ../../Drivers/CMSIS/Device/ST/STM32F4xx/Include, -I, ../../Drivers/STM32F4xx_HAL_Driver/Inc, -I, ../../Drivers/BSP/STM324xG_EVAL, -I, ../../Drivers/CMSIS/Include, -imultilib, thumb/v7e-m+fp/hard, -iprefix, /Users/jie/Documents/arm-gnu-toolchain-14.3.rel1-darwin-arm64-arm-none-eabi/bin/../lib/gcc/arm-none-eabi/14.3.1/, -isysroot, /Users/jie/Documents/arm-gnu-toolchain-14.3.rel1-darwin-arm64-arm-none-eabi/bin/../arm-none-eabi, -MMD, Drivers/BSP/STM324xG_EVAL/stm324xg_eval.d, -MF, Drivers/BSP/STM324xG_EVAL/stm324xg_eval.d, -MP, -MT, Drivers/BSP/STM324xG_EVAL/stm324xg_eval.o, -D__USES_INITFINI__, -D, USE_STM324xG_EVAL, -D, STM32F407xx, -D, USE_HAL_DRIVER, ../../Drivers/BSP/STM324xG_EVAL/stm324xg_eval.c, -quiet, -dumpdir, Drivers/BSP/STM324xG_EVAL/, -dumpbase, stm324xg_eval.c, -dumpbase-ext, .c, -mcpu=cortex-m4, -mfpu=fpv4-sp-d16, -mfloat-abi=hard, -mthumb, -mlibarch=armv7e-m+fp, -march=armv7e-m+fp, -Os, -Wall, -std=gnu11, -ffunction-sections, -fdata-sections, -fstack-usage, -o, /var/folders/b3/0hb7dhg16rd56bpwtd8bcnyc0000gn/T//ccN2BOjF.s]
[T 08:16:20 80971] trace_languages(1): [cpp]
[T 08:16:20 80974] Attempting to switch stdout/stderr to 4...
[T 08:16:20 80974] Initializing tracer.
[T 08:16:20 80974] Initializing tags.
[T 08:16:20 80974] ID set to 0000000000013C4E_0000000000000001 (parent 0000000000013C4B_0000000000000001)
[E 08:16:20 80974] CodeQL C/C++ Extractor 2.23.0
[E 08:16:20 80974] Current directory: /Users/jie/Documents/workspace/lcmhalgen/posixGen_Demos/UART_Hyperterminal_IT/STM32CubeIDE/Release
[E 08:16:20 80974] Command: /opt/homebrew/Caskroom/codeql/2.23.0/codeql/cpp/tools/osx64/extractor --mimic /users/jie/documents/arm-gnu-toolchain-14.3.rel1-darwin-arm64-arm-none-eabi/libexec/gcc/arm-none-eabi/14.3.1/cc1 -isystem '=/include/newlib-nano' -quiet -I ../../Inc -I ../../Drivers/CMSIS/Device/ST/STM32F4xx/Include -I ../../Drivers/STM32F4xx_HAL_Driver/Inc -I ../../Drivers/BSP/STM324xG_EVAL -I ../../Drivers/CMSIS/Include -imultilib 'thumb/v7e-m+fp/hard' -iprefix /Users/jie/Documents/arm-gnu-toolchain-14.3.rel1-darwin-arm64-arm-none-eabi/bin/../lib/gcc/arm-none-eabi/14.3.1/ -isysroot /Users/jie/Documents/arm-gnu-toolchain-14.3.rel1-darwin-arm64-arm-none-eabi/bin/../arm-none-eabi -MMD Drivers/BSP/STM324xG_EVAL/stm324xg_eval.d -MF Drivers/BSP/STM324xG_EVAL/stm324xg_eval.d -MP -MT Drivers/BSP/STM324xG_EVAL/stm324xg_eval.o -D__USES_INITFINI__ -D USE_STM324xG_EVAL -D STM32F407xx -D USE_HAL_DRIVER ../../Drivers/BSP/STM324xG_EVAL/stm324xg_eval.c -quiet -dumpdir Drivers/BSP/STM324xG_EVAL/ -dumpbase stm324xg_eval.c -dumpbase-ext .c -mcpu=cortex-m4 -mfpu=fpv4-sp-d16 -mfloat-abi=hard -mthumb '-mlibarch=armv7e-m+fp' '-march=armv7e-m+fp' -Os -Wall -std=gnu11 -ffunction-sections -fdata-sections -fstack-usage -o /var/folders/b3/0hb7dhg16rd56bpwtd8bcnyc0000gn/T//ccN2BOjF.s
[E 08:16:20 80974] Checking whether C compilation already happened.
[E 08:16:20 80974] Checking for tag c-compilation-happened
[E 08:16:20 80974] Checking CODEQL_TRACER_DB_ID 0000000000013C4B_0000000000000001
[E 08:16:20 80974] Locking DB /Users/jie/Documents/workspace/lcmhalgen/LCMHalTest_DBS/DATABASE_FreeRTOSUART_Hyperterminal_IT/working/tags.db
[E 08:16:20 80974] Locked DB /Users/jie/Documents/workspace/lcmhalgen/LCMHalTest_DBS/DATABASE_FreeRTOSUART_Hyperterminal_IT/working/tags.db
[E 08:16:20 80974] Unlocking DB
[E 08:16:20 80974] Unlocked DB
[E 08:16:20 80974] Looks like C compilation didn't already happen.
[E 08:16:20 80974] Checking whether C compilation has been attempted.
[E 08:16:20 80974] Checking for tag c-compilation-attempted
[E 08:16:20 80974] Checking CODEQL_TRACER_DB_ID 0000000000013C4B_0000000000000001
[E 08:16:20 80974] Locking DB /Users/jie/Documents/workspace/lcmhalgen/LCMHalTest_DBS/DATABASE_FreeRTOSUART_Hyperterminal_IT/working/tags.db
[E 08:16:20 80974] Locked DB /Users/jie/Documents/workspace/lcmhalgen/LCMHalTest_DBS/DATABASE_FreeRTOSUART_Hyperterminal_IT/working/tags.db
[E 08:16:20 80974] Unlocking DB
[E 08:16:20 80974] Unlocked DB
[E 08:16:20 80974] Marking C compilation as attempted.
[E 08:16:20 80974] Setting tag c-compilation-attempted
[E 08:16:20 80974] Starting from CODEQL_TRACER_DB_ID 0000000000013C4B_0000000000000001
[E 08:16:20 80974] Locking DB /Users/jie/Documents/workspace/lcmhalgen/LCMHalTest_DBS/DATABASE_FreeRTOSUART_Hyperterminal_IT/working/tags.db
[E 08:16:20 80974] Locked DB /Users/jie/Documents/workspace/lcmhalgen/LCMHalTest_DBS/DATABASE_FreeRTOSUART_Hyperterminal_IT/working/tags.db
[E 08:16:20 80974] Set tag for 0000000000013C4B_0000000000000001
[E 08:16:20 80974] Set tag for 0000000000013C48_0000000000000003
[E 08:16:20 80974] Set tag for 0000000000013C48_0000000000000002
[E 08:16:20 80974] Set tag for 0000000000013C48_0000000000000001
[E 08:16:20 80974] Set tag for 0000000000013827_0000000000000002
[E 08:16:20 80974] Set tag for 0000000000013827_0000000000000001
[E 08:16:20 80974] Set tag for 00000000000137DE_0000000000000003
[E 08:16:20 80974] Set tag for 00000000000137DE_0000000000000002
[E 08:16:20 80974] Set tag for root
[E 08:16:20 80974] Unlocking DB
[E 08:16:20 80974] Unlocked DB
[E 08:16:20 80974] Processed command line: /opt/homebrew/Caskroom/codeql/2.23.0/codeql/cpp/tools/osx64/extractor --trapfolder /Users/jie/Documents/workspace/lcmhalgen/LCMHalTest_DBS/DATABASE_FreeRTOSUART_Hyperterminal_IT/trap/cpp --src_archive /Users/jie/Documents/workspace/lcmhalgen/LCMHalTest_DBS/DATABASE_FreeRTOSUART_Hyperterminal_IT/src --object_filename /var/folders/b3/0hb7dhg16rd56bpwtd8bcnyc0000gn/T//ccN2BOjF.s --no_warnings_and_discretionary_errors --error_limit 1000 --disable_system_macros --variadic_macros --incognito --c11 --gcc --gnu_version 140301 --target linux_i686 '-D__DBL_MIN_EXP__=(-1021)' -D__HQ_FBIT__=15 -D__UINT_LEAST16_MAX__=0xffff -D__ARM_SIZEOF_WCHAR_T=4 -D__WCHAR_MAX__=0xffffffffU -D__SFRACT_IBIT__=0 -D__ULFRACT_MIN__=0.0ULR -D__FLT_MIN__=1.1754943508222875e-38F -D__GCC_IEC_559_COMPLEX=0 -D__SIZEOF_LONG__=4 -D__UFRACT_MAX__=0XFFFFP-16UR '-D__UINT_LEAST8_TYPE__=unsigned char' -D__FLT_MAX_EXP__=128 -D__DQ_FBIT__=63 '-D__INTMAX_C(c)=c ## LL' -D__ARM_FEATURE_SAT=1 -D__ULFRACT_FBIT__=32 -D__CHAR_BIT__=8 -D__USQ_IBIT__=0 -D__UINT8_MAX__=0xff -D__ACCUM_FBIT__=15 -D__WINT_MAX__=0xffffffffU '-D__FLT32_MIN_EXP__=(-125)' -D__LONG_WIDTH__=32 -D__USFRACT_FBIT__=8 -D__ORDER_LITTLE_ENDIAN__=1234 -D__SIZE_MAX__=0xffffffffU -D__LACCUM_IBIT__=32 -D__GCC_HAVE_SYNC_COMPARE_AND_SWAP_1=1 -D__GCC_HAVE_SYNC_COMPARE_AND_SWAP_2=1 -D__GCC_HAVE_SYNC_COMPARE_AND_SWAP_4=1 '-D__DBL_DENORM_MIN__=((double)4.9406564584124654e-324L)' -D__GCC_ATOMIC_CHAR_LOCK_FREE=2 -D__GCC_IEC_559=0 -D__FLT32X_DECIMAL_DIG__=17 -D__FLT_EVAL_METHOD__=0 -D__TQ_IBIT__=0 -D__LLACCUM_MAX__=0X7FFFFFFFFFFFFFFFP-31LLK -D__FLT32_HAS_INFINITY__=1 -D__FLT64_DECIMAL_DIG__=17 -D__GCC_ATOMIC_CHAR32_T_LOCK_FREE=2 -D__INTPTR_WIDTH__=32 -D__SIG_ATOMIC_TYPE__=int '-D__DBL_MIN_10_EXP__=(-307)' -D__LFRACT_IBIT__=0 -D__FLT32_HAS_DENORM__=1 -D__USA_FBIT__=16 -D__UINT_FAST8_MAX__=0xffffffffU -D__FLT_HAS_QUIET_NAN__=1 '-D__INT8_C(c)=c' -D__INT_LEAST8_WIDTH__=8 -D__UINT_LEAST64_MAX__=0xffffffffffffffffULL -D__SA_FBIT__=15 -D__APCS_32__=1 -D__SHRT_MAX__=0x7fff '-D__LDBL_MAX__=1.7976931348623157e+308L' -D__FRACT_MAX__=0X7FFFP-15R -D__thumb2__=1 -D__LDBL_IS_IEC_60559__=1 -D__UFRACT_FBIT__=16 -D__ARM_FP=4 -D__UFRACT_MIN__=0.0UR -D__UINT_LEAST8_MAX__=0xff -D__GCC_ATOMIC_BOOL_LOCK_FREE=2 '-D__UINTMAX_TYPE__=long long unsigned int' -D__LLFRACT_EPSILON__=0x1P-63LLR -D__FLT_EVAL_METHOD_TS_18661_3__=0 -D__UINT32_MAX__=0xffffffffUL -D__ULFRACT_MAX__=0XFFFFFFFFP-32ULR -D__TA_IBIT__=64 -D__LDBL_MAX_EXP__=1024 -D__WINT_MIN__=0U -D__ARM_ASM_SYNTAX_UNIFIED__=1 -D__FLT32X_IS_IEC_60559__=1 -D__INT_LEAST16_WIDTH__=16 -D__ULLFRACT_MIN__=0.0ULLR -D__SCHAR_MAX__=0x7f -D__WCHAR_MIN__=0U '-D__INT64_C(c)=c ## LL' '-D__UINT16_C(c)=c' -D__GCC_ATOMIC_POINTER_LOCK_FREE=2 -D__ATOMIC_SEQ_CST=5 -D__FLT32X_MAX_EXP__=1024 -D__SIZEOF_INT__=4 -D__FLT32X_MANT_DIG__=53 -D__USACCUM_IBIT__=8 '-D__INT16_TYPE__=short int' -D__FLT_DIG__=6 '-D__LFRACT_MIN__=(-0.5LR-0.5LR)' -D__HA_IBIT__=8 -D__FLT_EPSILON__=1.1920928955078125e-7F -D__SHRT_WIDTH__=16 -D__FLT32_IS_IEC_60559__=1 -D__USFRACT_IBIT__=0 -D__LDBL_MIN__=2.2250738585072014e-308L -D__STDC_UTF_16__=1 '-D__FRACT_MIN__=(-0.5R-0.5R)' -D__DA_IBIT__=32 -D__ARM_SIZEOF_MINIMAL_ENUM=1 -D__FLT32X_HAS_INFINITY__=1 -D__UQQ_FBIT__=8 -D__UACCUM_MAX__=0XFFFFFFFFP-16UK -D__DECIMAL_DIG__=17 -D__LFRACT_EPSILON__=0x1P-31LR -D__FLT64_EPSILON__=2.2204460492503131e-16F64 -D__INT16_MAX__=0x7fff -D__ARM_PCS_VFP=1 -D__LDBL_HAS_QUIET_NAN__=1 -D__ULACCUM_IBIT__=32 -D__ARM_FEATURE_FMA=1 -D__FLT64_MANT_DIG__=53 -D__INT_LEAST16_MAX__=0x7fff -D__UACCUM_EPSILON__=0x1P-16UK -D__ULLACCUM_MAX__=0XFFFFFFFFFFFFFFFFP-32ULLK -D__HQ_IBIT__=0 -D__FLT_HAS_DENORM__=1 -D__SIZEOF_LONG_DOUBLE__=8 -D__SA_IBIT__=16 -D__BIGGEST_ALIGNMENT__=8 -D__ARM_FEATURE_IDIV=1 -D__INTPTR_TYPE__=int '-D__SIZE_TYPE__=unsigned int' -D__FLT64_MAX_10_EXP__=308 -D__DBL_DIG__=15 -D__ULLACCUM_FBIT__=32 -D__DBL_IS_IEC_60559__=1 -D__DQ_IBIT__=0 '-D__DBL_MAX__=((double)1.7976931348623157e+308L)' -D__ULFRACT_IBIT__=0 -D__INT_FAST32_MAX__=0x7fffffff -D__DBL_HAS_INFINITY__=1 -D__HAVE_SPECULATION_SAFE_VALUE=1 -D__ACCUM_IBIT__=16 -D__THUMB_INTERWORK__=1 -D__UINT_LEAST32_MAX__=0xffffffffUL -D__LACCUM_MAX__=0X7FFFFFFFFFFFFFFFP-31LK -D__FLT32X_HAS_DENORM__=1 -D__INT_FAST16_TYPE__=int -D__LDBL_HAS_DENORM__=1 -D__ARM_FEATURE_LDREX=7 -D__FLT32_DECIMAL_DIG__=9 -D__INT_LEAST32_MAX__=0x7fffffffL -D__ACCUM_MAX__=0X7FFFFFFFP-15K -D__DBL_MAX_EXP__=1024 -D__USACCUM_EPSILON__=0x1P-8UHK -D__WCHAR_WIDTH__=32 '-D__FLT32_MAX__=3.4028234663852886e+38F32' -D__SFRACT_MAX__=0X7FP-7HR -D__FRACT_IBIT__=0 -D__PTRDIFF_MAX__=0x7fffffff -D__UACCUM_MIN__=0.0UK -D__UACCUM_IBIT__=16 '-D__LLACCUM_MIN__=(-0X1P31LLK-0X1P31LLK)' -D__FLT32_HAS_QUIET_NAN__=1 -D__LONG_LONG_MAX__=0x7fffffffffffffffLL -D__ULACCUM_MAX__=0XFFFFFFFFFFFFFFFFP-32ULK -D__SIZEOF_WINT_T__=4 -D__ARM_FEATURE_UNALIGNED=1 -D__LONG_LONG_WIDTH__=64 -D__FLT32_MAX_EXP__=128 -D__ULLACCUM_MIN__=0.0ULLK -D__GXX_ABI_VERSION=1019 -D__UTA_FBIT__=64 -D__UFRACT_IBIT__=0 -D__FLT64_IS_IEC_60559__=1 -D__USQ_FBIT__=32 -D__ARM_FEATURE_QBIT=1 '-D__INT_FAST64_TYPE__=long long int' -D__FP_FAST_FMAF=1 -D__FLT64_DENORM_MIN__=4.9406564584124654e-324F64 '-D__DBL_MIN__=((double)2.2250738585072014e-308L)' -D__SIZEOF_POINTER__=4 -D__DBL_HAS_QUIET_NAN__=1 -D__FLT32X_EPSILON__=2.2204460492503131e-16F32x '-D__FLT64_MIN_EXP__=(-1021)' '-D__LACCUM_MIN__=(-0X1P31LK-0X1P31LK)' -D__FRACT_FBIT__=15 '-D__FLT64_MIN_10_EXP__=(-307)' -D__ULLFRACT_EPSILON__=0x1P-64ULLR -D__REGISTER_PREFIX__= -D__UINT16_MAX__=0xffff -D__DBL_HAS_DENORM__=1 '-D__ACCUM_MIN__=(-0X1P15K-0X1P15K)' -D__SQ_IBIT__=0 '-D__UINT8_TYPE__=unsigned char' -D__UHA_FBIT__=8 '-D__SFRACT_MIN__=(-0.5HR-0.5HR)' -D__UTQ_FBIT__=128 -D__DEC_EVAL_METHOD__=2 -D__FLT_MANT_DIG__=24 -D__LDBL_DECIMAL_DIG__=17 '-D__UINT64_C(c)=c ## ULL' -D__FRACT_EPSILON__=0x1P-15R -D__ULACCUM_MIN__=0.0ULK -D__UDA_FBIT__=32 -D__GCC_ATOMIC_INT_LOCK_FREE=2 '-D__FLT_MIN_EXP__=(-125)' -D__FLOAT_WORD_ORDER__=__ORDER_LITTLE_ENDIAN__ -D__USFRACT_MIN__=0.0UHR -D__FLT32_MANT_DIG__=24 -D__ULLFRACT_FBIT__=64 -D__UQQ_IBIT__=0 -D__SCHAR_WIDTH__=8 '-D__INT32_C(c)=c ## L' -D__ORDER_PDP_ENDIAN__=3412 -D__UHQ_FBIT__=16 -D__LLACCUM_FBIT__=31 -D__INT_FAST32_TYPE__=int '-D__UINT_LEAST16_TYPE__=short unsigned int' -D__UINT64_MAX__=0xffffffffffffffffULL -D__FLT_IS_IEC_60559__=1 -D__UDQ_FBIT__=64 -D__UINT_FAST64_MAX__=0xffffffffffffffffULL '-D__GNUC_WIDE_EXECUTION_CHARSET_NAME="UTF-32LE"' '-D__INT8_TYPE__=signed char' -D__thumb__=1 -D__ELF__=1 -D__SACCUM_EPSILON__=0x1P-7HK -D__ULFRACT_EPSILON__=0x1P-32ULR -D__LLFRACT_FBIT__=63 -D__FLT_RADIX__=2 '-D__INT_LEAST16_TYPE__=short int' -D__ARM_ARCH_PROFILE=77 -D__LDBL_EPSILON__=2.2204460492503131e-16L '-D__UINTMAX_C(c)=c ## ULL' -D__SACCUM_MAX__=0X7FFFP-7HK -D__FLT32X_MIN__=2.2250738585072014e-308F32x -D__SIG_ATOMIC_MAX__=0x7fffffff -D__UACCUM_FBIT__=16 -D__GCC_ATOMIC_WCHAR_T_LOCK_FREE=2 -D__USER_LABEL_PREFIX__= -D__VFP_FP__=1 -D__SIZEOF_PTRDIFF_T__=4 -D__ATOMIC_ACQUIRE=2 -D__INT_WIDTH__=32 -D__OPTIMIZE__=1 -D__LACCUM_EPSILON__=0x1P-31LK -D__LDBL_DIG__=15 '-D__FLT32X_MIN_EXP__=(-1021)' -D__INT_FAST16_MAX__=0x7fffffff -D__GCC_CONSTRUCTIVE_SIZE=64 -D__FLT64_DIG__=15 -D__UINT_FAST32_MAX__=0xffffffffU '-D__UINT_LEAST64_TYPE__=long long unsigned int' -D__SFRACT_EPSILON__=0x1P-7HR -D__GCC_ASM_FLAG_OUTPUTS__=1 -D__FLT_MAX_10_EXP__=38 -D__LONG_MAX__=0x7fffffffL -D__FINITE_MATH_ONLY__=0 -D__SIZEOF_SIZE_T__=4 -D__FLT_HAS_INFINITY__=1 '-D__GNUC_EXECUTION_CHARSET_NAME="UTF-8"' -D__CHAR_UNSIGNED__=1 '-D__UINT_FAST16_TYPE__=unsigned int' -D__ARM_32BIT_STATE=1 -D__INT_FAST32_WIDTH__=32 -D__PRAGMA_REDEFINE_EXTNAME=1 -D__ARMEL__=1 -D__SIZE_WIDTH__=32 -D__INT64_MAX__=0x7fffffffffffffffLL -D__SACCUM_FBIT__=7 -D__FLT32_DENORM_MIN__=1.4012984643248171e-45F32 -D__SIG_ATOMIC_WIDTH__=32 '-D__INT_LEAST64_TYPE__=long long int' -D__ARM_FEATURE_CLZ=1 '-D__INT_LEAST8_TYPE__=signed char' -D__SQ_FBIT__=31 -D__USFRACT_MAX__=0XFFP-8UHR -D__ARM_ARCH_ISA_THUMB=2 -D__INT_FAST8_MAX__=0x7fffffff -D__ARM_ARCH=7 -D__INTPTR_MAX__=0x7fffffff -D__QQ_FBIT__=7 -D__UTA_IBIT__=64 -D__FLT64_HAS_QUIET_NAN__=1 -D__FLT32X_DIG__=15 -D__PTRDIFF_WIDTH__=32 -D__LDBL_MANT_DIG__=53 -D__SFRACT_FBIT__=7 '-D__SACCUM_MIN__=(-0X1P7HK-0X1P7HK)' -D__FLT64_HAS_INFINITY__=1 '-D__SIG_ATOMIC_MIN__=(-__SIG_ATOMIC_MAX__ - 1)' -D__GCC_ATOMIC_LONG_LOCK_FREE=2 '-D__UINT16_TYPE__=short unsigned int' '-D__WCHAR_TYPE__=unsigned int' -D__SIZEOF_FLOAT__=4 -D__THUMBEL__=1 -D__TQ_FBIT__=127 -D__UINTPTR_MAX__=0xffffffffU -D__INT_FAST64_WIDTH__=64 -D__LDBL_HAS_INFINITY__=1 -D__ULLACCUM_IBIT__=32 -D__FLT32_MAX_10_EXP__=38 -D__INT_FAST64_MAX__=0x7fffffffffffffffLL -D__GCC_ATOMIC_TEST_AND_SET_TRUEVAL=1 '-D__FLT_NORM_MAX__=3.4028234663852886e+38F' '-D__UINT_FAST64_TYPE__=long long unsigned int' -D__LACCUM_FBIT__=31 -D__HA_FBIT__=7 -D__UHA_IBIT__=8 '-D__INT64_TYPE__=long long int' -D__UTQ_IBIT__=0 -D__DBL_MANT_DIG__=53 -D__INT_LEAST64_MAX__=0x7fffffffffffffffLL -D__GCC_ATOMIC_CHAR16_T_LOCK_FREE=2 -D__FP_FAST_FMAF32=1 '-D__WINT_TYPE__=unsigned int' '-D__UINT_LEAST32_TYPE__=long unsigned int' -D__SIZEOF_SHORT__=2 -D__ULLFRACT_IBIT__=0 '-D__FLT32_NORM_MAX__=3.4028234663852886e+38F32' '-D__LDBL_MIN_EXP__=(-1021)' -D__GXX_TYPEINFO_EQUALITY_INLINE=0 -D__INTMAX_MAX__=0x7fffffffffffffffLL -D__arm__=1 '-D__FLT64_MAX__=1.7976931348623157e+308F64' -D__UDA_IBIT__=32 -D__INT_MAX__=0x7fffffff -D__WINT_WIDTH__=32 -D__INT_LEAST8_MAX__=0x7f -D__INT_LEAST64_WIDTH__=64 -D__FLT32X_MAX_10_EXP__=308 -D__LLACCUM_EPSILON__=0x1P-31LLK -D__LFRACT_FBIT__=31 -D__LDBL_MAX_10_EXP__=308 -D__ATOMIC_RELAXED=0 '-D__DBL_EPSILON__=((double)2.2204460492503131e-16L)' '-D__INT_LEAST32_TYPE__=long int' -D__ARM_ARCH_7EM__=1 -D__ARM_FEATURE_SIMD32=1 '-D__UINT8_C(c)=c' -D__FLT64_MAX_EXP__=1024 -D__SIZEOF_WCHAR_T__=4 '-D__UINT64_TYPE__=long long unsigned int' -D__OPTIMIZE_SIZE__=1 -D__LLFRACT_MAX__=0X7FFFFFFFFFFFFFFFP-63LLR '-D__FLT64_NORM_MAX__=1.7976931348623157e+308F64' -D__INT_FAST8_TYPE__=int -D__ULLACCUM_EPSILON__=0x1P-32ULLK -D__USACCUM_MAX__=0XFFFFP-8UHK -D__UHQ_IBIT__=0 -D__ARM_FEATURE_COPROC=15 -D__LLACCUM_IBIT__=32 -D__FLT64_HAS_DENORM__=1 -D__FLT32_EPSILON__=1.1920928955078125e-7F32 -D__DBL_DECIMAL_DIG__=17 -D__STDC_UTF_32__=1 -D__INT_FAST8_WIDTH__=32 -D__BYTE_ORDER__=__ORDER_LITTLE_ENDIAN__ '-D__FLT32X_MAX__=1.7976931348623157e+308F32x' -D__TA_FBIT__=63 '-D__DBL_NORM_MAX__=((double)1.7976931348623157e+308L)' -D__USFRACT_EPSILON__=0x1P-8UHR -D__GCC_DESTRUCTIVE_SIZE=64 -D__UDQ_IBIT__=0 -D__INTMAX_WIDTH__=64 -D__ORDER_BIG_ENDIAN__=4321 -D__LFRACT_MAX__=0X7FFFFFFFP-31LR -D__ARM_FEATURE_DSP=1 -D__FLT32_DIG__=6 -D__ACCUM_EPSILON__=0x1P-15K '-D__UINT32_C(c)=c ## UL' -D__QQ_IBIT__=0 -D__LLFRACT_IBIT__=0 -D__INT8_MAX__=0x7f -D__INT32_MAX__=0x7fffffffL '-D__UINT_FAST32_TYPE__=unsigned int' '-D__FLT32X_NORM_MAX__=1.7976931348623157e+308F32x' '-D__FLT32_MIN_10_EXP__=(-37)' '-D__FLT_MAX__=3.4028234663852886e+38F' -D__USACCUM_FBIT__=8 '-D__INT32_TYPE__=long int' -D__SIZEOF_DOUBLE__=8 '-D__FLT_MIN_10_EXP__=(-37)' -D__UFRACT_EPSILON__=0x1P-16UR -D__FLT64_MIN__=2.2250738585072014e-308F64 -D__FLT_DENORM_MIN__=1.4012984643248171e-45F -D__INT_LEAST32_WIDTH__=32 '-D__INTMAX_TYPE__=long long int' -D__FLT32X_HAS_QUIET_NAN__=1 -D__ATOMIC_CONSUME=1 -D__INT_FAST16_WIDTH__=32 -D__UINTMAX_MAX__=0xffffffffffffffffULL -D__FLT32X_DENORM_MIN__=4.9406564584124654e-324F32x -D__ATOMIC_ACQ_REL=4 -D__DBL_MAX_10_EXP__=308 -D__LDBL_DENORM_MIN__=4.9406564584124654e-324L '-D__INT16_C(c)=c' -D__ATOMIC_RELEASE=3 -D__PTRDIFF_TYPE__=int '-D__LLFRACT_MIN__=(-0.5LLR-0.5LLR)' -D__USACCUM_MIN__=0.0UHK -D__FLT32_MIN__=1.1754943508222875e-38F32 -D__DA_FBIT__=31 '-D__UINT32_TYPE__=long unsigned int' '-D__FLT32X_MIN_10_EXP__=(-307)' -D__ARM_ARCH_EXT_IDIV__=1 '-D__UINTPTR_TYPE__=unsigned int' -D__USA_IBIT__=16 -D__ARM_EABI__=1 '-D__LDBL_MIN_10_EXP__=(-307)' -D__SIZEOF_LONG_LONG__=8 -D__ULACCUM_EPSILON__=0x1P-32ULK -D__SACCUM_IBIT__=8 -D__GCC_ATOMIC_LLONG_LOCK_FREE=1 -D__FLT_DECIMAL_DIG__=9 -D__UINT_FAST16_MAX__=0xffffffffU '-D__LDBL_NORM_MAX__=1.7976931348623157e+308L' -D__GCC_ATOMIC_SHORT_LOCK_FREE=2 -D__ULLFRACT_MAX__=0XFFFFFFFFFFFFFFFFP-64ULLR '-D__UINT_FAST8_TYPE__=unsigned int' -D__ULACCUM_FBIT__=32 -D__USES_INITFINI__ -DUSE_STM324xG_EVAL -DSTM32F407xx -DUSE_HAL_DRIVER -I../../Inc -I../../Drivers/CMSIS/Device/ST/STM32F4xx/Include -I../../Drivers/STM32F4xx_HAL_Driver/Inc -I../../Drivers/BSP/STM324xG_EVAL -I../../Drivers/CMSIS/Include -I/Users/jie/Documents/arm-gnu-toolchain-14.3.rel1-darwin-arm64-arm-none-eabi/bin/../arm-none-eabi/include/newlib-nano -I/Users/jie/Documents/arm-gnu-toolchain-14.3.rel1-darwin-arm64-arm-none-eabi/bin/../lib/gcc/arm-none-eabi/14.3.1/include -I/Users/jie/Documents/arm-gnu-toolchain-14.3.rel1-darwin-arm64-arm-none-eabi/bin/../lib/gcc/arm-none-eabi/14.3.1/include-fixed -I/Users/jie/Documents/arm-gnu-toolchain-14.3.rel1-darwin-arm64-arm-none-eabi/bin/../lib/gcc/arm-none-eabi/14.3.1/../../../../arm-none-eabi/include -- ../../Drivers/BSP/STM324xG_EVAL/stm324xg_eval.c
[E 08:16:20 80974] CODEQL_EXTRACTOR_CPP_TRAP_CACHING is not set
[E 08:16:20 80974] CODEQL_EXTRACTOR_CPP_OPTION_TRAP_CACHE_WRITE is not set
[E 08:16:20 80974] CODEQL_EXTRACTOR_CPP_OPTION_TRAP_CACHE_DIR is not set
[E 08:16:20 80974] Initialising TRAP cache at path: d0/1d70/705e1535a2c8c3c8d8c30e768c46
[E 08:16:20 80974] Not using TRAP cache
[E 08:16:20 80974] TRAP cache miss
[E 08:16:20 80974] Starting compilation TRAP /Users/jie/Documents/workspace/lcmhalgen/LCMHalTest_DBS/DATABASE_FreeRTOSUART_Hyperterminal_IT/trap/cpp/compilations/18/60384170_0.trap.zst
[E 08:16:20 80974] Archiving /Users/jie/Documents/workspace/lcmhalgen/LCMHalTest_DBS/DATABASE_FreeRTOSUART_Hyperterminal_IT/src/Users/jie/Documents/workspace/lcmhalgen/posixGen_Demos/UART_Hyperterminal_IT/Drivers/BSP/STM324xG_EVAL/stm324xg_eval.c
[E 08:16:20 80974] Already archived /Users/jie/Documents/workspace/lcmhalgen/LCMHalTest_DBS/DATABASE_FreeRTOSUART_Hyperterminal_IT/src/Users/jie/Documents/workspace/lcmhalgen/posixGen_Demos/UART_Hyperterminal_IT/Drivers/BSP/STM324xG_EVAL/stm324xg_eval.h
[E 08:16:20 80974] Already archived /Users/jie/Documents/workspace/lcmhalgen/LCMHalTest_DBS/DATABASE_FreeRTOSUART_Hyperterminal_IT/src/Users/jie/Documents/workspace/lcmhalgen/posixGen_Demos/UART_Hyperterminal_IT/Drivers/STM32F4xx_HAL_Driver/Inc/stm32f4xx_hal.h
[E 08:16:20 80974] Already archived /Users/jie/Documents/workspace/lcmhalgen/LCMHalTest_DBS/DATABASE_FreeRTOSUART_Hyperterminal_IT/src/Users/jie/Documents/workspace/lcmhalgen/posixGen_Demos/UART_Hyperterminal_IT/Inc/stm32f4xx_hal_conf.h
[E 08:16:20 80974] Already archived /Users/jie/Documents/workspace/lcmhalgen/LCMHalTest_DBS/DATABASE_FreeRTOSUART_Hyperterminal_IT/src/Users/jie/Documents/workspace/lcmhalgen/posixGen_Demos/UART_Hyperterminal_IT/Drivers/STM32F4xx_HAL_Driver/Inc/stm32f4xx_hal_rcc.h
[E 08:16:20 80974] Already archived /Users/jie/Documents/workspace/lcmhalgen/LCMHalTest_DBS/DATABASE_FreeRTOSUART_Hyperterminal_IT/src/Users/jie/Documents/workspace/lcmhalgen/posixGen_Demos/UART_Hyperterminal_IT/Drivers/STM32F4xx_HAL_Driver/Inc/stm32f4xx_hal_def.h
[E 08:16:20 80974] Already archived /Users/jie/Documents/workspace/lcmhalgen/LCMHalTest_DBS/DATABASE_FreeRTOSUART_Hyperterminal_IT/src/Users/jie/Documents/workspace/lcmhalgen/posixGen_Demos/UART_Hyperterminal_IT/Drivers/CMSIS/Device/ST/STM32F4xx/Include/stm32f4xx.h
[E 08:16:20 80974] Already archived /Users/jie/Documents/workspace/lcmhalgen/LCMHalTest_DBS/DATABASE_FreeRTOSUART_Hyperterminal_IT/src/Users/jie/Documents/workspace/lcmhalgen/posixGen_Demos/UART_Hyperterminal_IT/Drivers/CMSIS/Device/ST/STM32F4xx/Include/stm32f407xx.h
[E 08:16:20 80974] Already archived /Users/jie/Documents/workspace/lcmhalgen/LCMHalTest_DBS/DATABASE_FreeRTOSUART_Hyperterminal_IT/src/Users/jie/Documents/workspace/lcmhalgen/posixGen_Demos/UART_Hyperterminal_IT/Drivers/CMSIS/Include/core_cm4.h
[E 08:16:20 80974] Already archived /Users/jie/Documents/workspace/lcmhalgen/LCMHalTest_DBS/DATABASE_FreeRTOSUART_Hyperterminal_IT/src/Users/jie/Documents/arm-gnu-toolchain-14.3.rel1-darwin-arm64-arm-none-eabi/lib/gcc/arm-none-eabi/14.3.1/include/stdint.h
[E 08:16:20 80974] Already archived /Users/jie/Documents/workspace/lcmhalgen/LCMHalTest_DBS/DATABASE_FreeRTOSUART_Hyperterminal_IT/src/Users/jie/Documents/arm-gnu-toolchain-14.3.rel1-darwin-arm64-arm-none-eabi/arm-none-eabi/include/stdint.h
[E 08:16:20 80974] Already archived /Users/jie/Documents/workspace/lcmhalgen/LCMHalTest_DBS/DATABASE_FreeRTOSUART_Hyperterminal_IT/src/Users/jie/Documents/arm-gnu-toolchain-14.3.rel1-darwin-arm64-arm-none-eabi/arm-none-eabi/include/machine/_default_types.h
[E 08:16:20 80974] Already archived /Users/jie/Documents/workspace/lcmhalgen/LCMHalTest_DBS/DATABASE_FreeRTOSUART_Hyperterminal_IT/src/Users/jie/Documents/arm-gnu-toolchain-14.3.rel1-darwin-arm64-arm-none-eabi/arm-none-eabi/include/sys/features.h
[E 08:16:20 80974] Already archived /Users/jie/Documents/workspace/lcmhalgen/LCMHalTest_DBS/DATABASE_FreeRTOSUART_Hyperterminal_IT/src/Users/jie/Documents/arm-gnu-toolchain-14.3.rel1-darwin-arm64-arm-none-eabi/arm-none-eabi/include/_newlib_version.h
[E 08:16:20 80974] Already archived /Users/jie/Documents/workspace/lcmhalgen/LCMHalTest_DBS/DATABASE_FreeRTOSUART_Hyperterminal_IT/src/Users/jie/Documents/arm-gnu-toolchain-14.3.rel1-darwin-arm64-arm-none-eabi/arm-none-eabi/include/sys/_intsup.h
[E 08:16:20 80974] Already archived /Users/jie/Documents/workspace/lcmhalgen/LCMHalTest_DBS/DATABASE_FreeRTOSUART_Hyperterminal_IT/src/Users/jie/Documents/arm-gnu-toolchain-14.3.rel1-darwin-arm64-arm-none-eabi/arm-none-eabi/include/sys/_stdint.h
[E 08:16:20 80974] Already archived /Users/jie/Documents/workspace/lcmhalgen/LCMHalTest_DBS/DATABASE_FreeRTOSUART_Hyperterminal_IT/src/Users/jie/Documents/workspace/lcmhalgen/posixGen_Demos/UART_Hyperterminal_IT/Drivers/CMSIS/Include/cmsis_version.h
[E 08:16:20 80974] Already archived /Users/jie/Documents/workspace/lcmhalgen/LCMHalTest_DBS/DATABASE_FreeRTOSUART_Hyperterminal_IT/src/Users/jie/Documents/workspace/lcmhalgen/posixGen_Demos/UART_Hyperterminal_IT/Drivers/CMSIS/Include/cmsis_compiler.h
[E 08:16:20 80974] Already archived /Users/jie/Documents/workspace/lcmhalgen/LCMHalTest_DBS/DATABASE_FreeRTOSUART_Hyperterminal_IT/src/Users/jie/Documents/workspace/lcmhalgen/posixGen_Demos/UART_Hyperterminal_IT/Drivers/CMSIS/Include/cmsis_gcc.h
[E 08:16:20 80974] Already archived /Users/jie/Documents/workspace/lcmhalgen/LCMHalTest_DBS/DATABASE_FreeRTOSUART_Hyperterminal_IT/src/Users/jie/Documents/workspace/lcmhalgen/posixGen_Demos/UART_Hyperterminal_IT/Drivers/CMSIS/Include/mpu_armv7.h
[E 08:16:20 80974] Already archived /Users/jie/Documents/workspace/lcmhalgen/LCMHalTest_DBS/DATABASE_FreeRTOSUART_Hyperterminal_IT/src/Users/jie/Documents/workspace/lcmhalgen/posixGen_Demos/UART_Hyperterminal_IT/Drivers/CMSIS/Device/ST/STM32F4xx/Include/system_stm32f4xx.h
[E 08:16:20 80974] Already archived /Users/jie/Documents/workspace/lcmhalgen/LCMHalTest_DBS/DATABASE_FreeRTOSUART_Hyperterminal_IT/src/Users/jie/Documents/workspace/lcmhalgen/posixGen_Demos/UART_Hyperterminal_IT/Drivers/STM32F4xx_HAL_Driver/Inc/stm32f4xx_hal.h
[E 08:16:20 80974] Already archived /Users/jie/Documents/workspace/lcmhalgen/LCMHalTest_DBS/DATABASE_FreeRTOSUART_Hyperterminal_IT/src/Users/jie/Documents/workspace/lcmhalgen/posixGen_Demos/UART_Hyperterminal_IT/Drivers/STM32F4xx_HAL_Driver/Inc/Legacy/stm32_hal_legacy.h
[E 08:16:20 80974] Already archived /Users/jie/Documents/workspace/lcmhalgen/LCMHalTest_DBS/DATABASE_FreeRTOSUART_Hyperterminal_IT/src/Users/jie/Documents/arm-gnu-toolchain-14.3.rel1-darwin-arm64-arm-none-eabi/lib/gcc/arm-none-eabi/14.3.1/include/stddef.h
[E 08:16:20 80974] Already archived /Users/jie/Documents/workspace/lcmhalgen/LCMHalTest_DBS/DATABASE_FreeRTOSUART_Hyperterminal_IT/src/Users/jie/Documents/workspace/lcmhalgen/posixGen_Demos/UART_Hyperterminal_IT/Drivers/STM32F4xx_HAL_Driver/Inc/stm32f4xx_hal_rcc_ex.h
[E 08:16:20 80974] Already archived /Users/jie/Documents/workspace/lcmhalgen/LCMHalTest_DBS/DATABASE_FreeRTOSUART_Hyperterminal_IT/src/Users/jie/Documents/workspace/lcmhalgen/posixGen_Demos/UART_Hyperterminal_IT/Drivers/STM32F4xx_HAL_Driver/Inc/stm32f4xx_hal_gpio.h
[E 08:16:20 80974] Already archived /Users/jie/Documents/workspace/lcmhalgen/LCMHalTest_DBS/DATABASE_FreeRTOSUART_Hyperterminal_IT/src/Users/jie/Documents/workspace/lcmhalgen/posixGen_Demos/UART_Hyperterminal_IT/Drivers/STM32F4xx_HAL_Driver/Inc/stm32f4xx_hal_gpio_ex.h
[E 08:16:20 80974] Already archived /Users/jie/Documents/workspace/lcmhalgen/LCMHalTest_DBS/DATABASE_FreeRTOSUART_Hyperterminal_IT/src/Users/jie/Documents/workspace/lcmhalgen/posixGen_Demos/UART_Hyperterminal_IT/Drivers/STM32F4xx_HAL_Driver/Inc/stm32f4xx_hal_dma.h
[E 08:16:20 80974] Already archived /Users/jie/Documents/workspace/lcmhalgen/LCMHalTest_DBS/DATABASE_FreeRTOSUART_Hyperterminal_IT/src/Users/jie/Documents/workspace/lcmhalgen/posixGen_Demos/UART_Hyperterminal_IT/Drivers/STM32F4xx_HAL_Driver/Inc/stm32f4xx_hal_dma_ex.h
[E 08:16:20 80974] Already archived /Users/jie/Documents/workspace/lcmhalgen/LCMHalTest_DBS/DATABASE_FreeRTOSUART_Hyperterminal_IT/src/Users/jie/Documents/workspace/lcmhalgen/posixGen_Demos/UART_Hyperterminal_IT/Drivers/STM32F4xx_HAL_Driver/Inc/stm32f4xx_hal_cortex.h
[E 08:16:20 80974] Already archived /Users/jie/Documents/workspace/lcmhalgen/LCMHalTest_DBS/DATABASE_FreeRTOSUART_Hyperterminal_IT/src/Users/jie/Documents/workspace/lcmhalgen/posixGen_Demos/UART_Hyperterminal_IT/Drivers/STM32F4xx_HAL_Driver/Inc/stm32f4xx_hal_flash.h
[E 08:16:20 80974] Already archived /Users/jie/Documents/workspace/lcmhalgen/LCMHalTest_DBS/DATABASE_FreeRTOSUART_Hyperterminal_IT/src/Users/jie/Documents/workspace/lcmhalgen/posixGen_Demos/UART_Hyperterminal_IT/Drivers/STM32F4xx_HAL_Driver/Inc/stm32f4xx_hal_flash_ex.h
[E 08:16:20 80974] Already archived /Users/jie/Documents/workspace/lcmhalgen/LCMHalTest_DBS/DATABASE_FreeRTOSUART_Hyperterminal_IT/src/Users/jie/Documents/workspace/lcmhalgen/posixGen_Demos/UART_Hyperterminal_IT/Drivers/STM32F4xx_HAL_Driver/Inc/stm32f4xx_hal_flash_ramfunc.h
[E 08:16:20 80974] Already archived /Users/jie/Documents/workspace/lcmhalgen/LCMHalTest_DBS/DATABASE_FreeRTOSUART_Hyperterminal_IT/src/Users/jie/Documents/workspace/lcmhalgen/posixGen_Demos/UART_Hyperterminal_IT/Drivers/STM32F4xx_HAL_Driver/Inc/stm32f4xx_hal_sram.h
[E 08:16:20 80974] Already archived /Users/jie/Documents/workspace/lcmhalgen/LCMHalTest_DBS/DATABASE_FreeRTOSUART_Hyperterminal_IT/src/Users/jie/Documents/workspace/lcmhalgen/posixGen_Demos/UART_Hyperterminal_IT/Drivers/STM32F4xx_HAL_Driver/Inc/stm32f4xx_ll_fsmc.h
[E 08:16:20 80974] Already archived /Users/jie/Documents/workspace/lcmhalgen/LCMHalTest_DBS/DATABASE_FreeRTOSUART_Hyperterminal_IT/src/Users/jie/Documents/workspace/lcmhalgen/posixGen_Demos/UART_Hyperterminal_IT/Drivers/STM32F4xx_HAL_Driver/Inc/stm32f4xx_hal_i2c.h
[E 08:16:20 80974] Already archived /Users/jie/Documents/workspace/lcmhalgen/LCMHalTest_DBS/DATABASE_FreeRTOSUART_Hyperterminal_IT/src/Users/jie/Documents/workspace/lcmhalgen/posixGen_Demos/UART_Hyperterminal_IT/Drivers/STM32F4xx_HAL_Driver/Inc/stm32f4xx_hal_i2c_ex.h
[E 08:16:20 80974] Already archived /Users/jie/Documents/workspace/lcmhalgen/LCMHalTest_DBS/DATABASE_FreeRTOSUART_Hyperterminal_IT/src/Users/jie/Documents/workspace/lcmhalgen/posixGen_Demos/UART_Hyperterminal_IT/Drivers/STM32F4xx_HAL_Driver/Inc/stm32f4xx_hal_pwr.h
[E 08:16:20 80974] Already archived /Users/jie/Documents/workspace/lcmhalgen/LCMHalTest_DBS/DATABASE_FreeRTOSUART_Hyperterminal_IT/src/Users/jie/Documents/workspace/lcmhalgen/posixGen_Demos/UART_Hyperterminal_IT/Drivers/STM32F4xx_HAL_Driver/Inc/stm32f4xx_hal_pwr_ex.h
[E 08:16:20 80974] Already archived /Users/jie/Documents/workspace/lcmhalgen/LCMHalTest_DBS/DATABASE_FreeRTOSUART_Hyperterminal_IT/src/Users/jie/Documents/workspace/lcmhalgen/posixGen_Demos/UART_Hyperterminal_IT/Drivers/STM32F4xx_HAL_Driver/Inc/stm32f4xx_hal_uart.h
[E 08:16:20 80974] Archiving /Users/jie/Documents/workspace/lcmhalgen/LCMHalTest_DBS/DATABASE_FreeRTOSUART_Hyperterminal_IT/src/Users/jie/Documents/workspace/lcmhalgen/posixGen_Demos/UART_Hyperterminal_IT/Drivers/BSP/STM324xG_EVAL/stm324xg_eval_io.h
[E 08:16:20 80974] Archiving /Users/jie/Documents/workspace/lcmhalgen/LCMHalTest_DBS/DATABASE_FreeRTOSUART_Hyperterminal_IT/src/Users/jie/Documents/workspace/lcmhalgen/posixGen_Demos/UART_Hyperterminal_IT/Drivers/BSP/Components/stmpe811/stmpe811.h
[E 08:16:20 80974] Archiving /Users/jie/Documents/workspace/lcmhalgen/LCMHalTest_DBS/DATABASE_FreeRTOSUART_Hyperterminal_IT/src/Users/jie/Documents/workspace/lcmhalgen/posixGen_Demos/UART_Hyperterminal_IT/Drivers/BSP/Components/Common/ts.h
[E 08:16:20 80974] Archiving /Users/jie/Documents/workspace/lcmhalgen/LCMHalTest_DBS/DATABASE_FreeRTOSUART_Hyperterminal_IT/src/Users/jie/Documents/workspace/lcmhalgen/posixGen_Demos/UART_Hyperterminal_IT/Drivers/BSP/Components/Common/io.h
[E 08:16:20 80974] Creating trap tarball /Users/jie/Documents/workspace/lcmhalgen/LCMHalTest_DBS/DATABASE_FreeRTOSUART_Hyperterminal_IT/trap/cpp/tarballs/Users/jie/Documents/workspace/lcmhalgen/posixGen_Demos/UART_Hyperterminal_IT/Drivers/BSP/STM324xG_EVAL/stm324xg_eval.c.c2b500cd_0.trap.tar.zst
[E 08:16:20 80974] Emitting trap files for ../../Drivers/BSP/STM324xG_EVAL/stm324xg_eval.c
[E 08:16:20 80974] Opening existencedb in /Users/jie/Documents/workspace/lcmhalgen/LCMHalTest_DBS/DATABASE_FreeRTOSUART_Hyperterminal_IT/working/existencedb/db
[E 08:16:20 80974] Wrote 5 files to /Users/jie/Documents/workspace/lcmhalgen/LCMHalTest_DBS/DATABASE_FreeRTOSUART_Hyperterminal_IT/trap/cpp/tarballs/Users/jie/Documents/workspace/lcmhalgen/posixGen_Demos/UART_Hyperterminal_IT/Drivers/BSP/STM324xG_EVAL/stm324xg_eval.c.c2b500cd_0.trap.tar.zst
[E 08:16:20 80974] Finished compilation TRAP /Users/jie/Documents/workspace/lcmhalgen/LCMHalTest_DBS/DATABASE_FreeRTOSUART_Hyperterminal_IT/trap/cpp/compilations/18/60384170_0.trap.zst
[E 08:16:20 80974] Marking C compilation as happened.
[E 08:16:20 80974] Setting tag c-compilation-happened
[E 08:16:20 80974] Starting from CODEQL_TRACER_DB_ID 0000000000013C4B_0000000000000001
[E 08:16:20 80974] Locking DB /Users/jie/Documents/workspace/lcmhalgen/LCMHalTest_DBS/DATABASE_FreeRTOSUART_Hyperterminal_IT/working/tags.db
[E 08:16:20 80974] Locked DB /Users/jie/Documents/workspace/lcmhalgen/LCMHalTest_DBS/DATABASE_FreeRTOSUART_Hyperterminal_IT/working/tags.db
[E 08:16:20 80974] Set tag for 0000000000013C4B_0000000000000001
[E 08:16:20 80974] Set tag for 0000000000013C48_0000000000000003
[E 08:16:20 80974] Set tag for 0000000000013C48_0000000000000002
[E 08:16:20 80974] Set tag for 0000000000013C48_0000000000000001
[E 08:16:20 80974] Set tag for 0000000000013827_0000000000000002
[E 08:16:20 80974] Set tag for 0000000000013827_0000000000000001
[E 08:16:20 80974] Set tag for 00000000000137DE_0000000000000003
[E 08:16:20 80974] Set tag for 00000000000137DE_0000000000000002
[E 08:16:20 80974] Set tag for root
[E 08:16:20 80974] Unlocking DB
[E 08:16:20 80974] Unlocked DB
[E 08:16:20 80974] Extractor exited successfully
[T 08:16:20 80971] Extractor /opt/homebrew/Caskroom/codeql/2.23.0/codeql/cpp/tools/osx64/extractor terminated with exit code 0.
[T 08:16:20 80989] Initializing tracer.
[T 08:16:20 80989] Initializing tags.
[T 08:16:20 80989] ID set to 0000000000013C5D_0000000000000001 (parent 0000000000013C48_0000000000000003)
[T 08:16:20 80989] ==== Candidate to intercept: /Users/jie/Documents/arm-gnu-toolchain-14.3.rel1-darwin-arm64-arm-none-eabi/bin/../lib/gcc/arm-none-eabi/14.3.1/../../../../arm-none-eabi/bin/as (canonical: /Users/jie/Documents/arm-gnu-toolchain-14.3.rel1-darwin-arm64-arm-none-eabi/arm-none-eabi/bin/as) ====
[T 08:16:20 80989] Lua: === Intercepted call to /users/jie/documents/arm-gnu-toolchain-14.3.rel1-darwin-arm64-arm-none-eabi/arm-none-eabi/bin/as ===
[T 08:16:20 80989] Executing the following tracer actions:
[T 08:16:20 80989] Tracer actions:
[T 08:16:20 80989] pre_invocations(0)
[T 08:16:20 80989] post_invocations(1)
[T 08:16:20 80989] invocation: /opt/homebrew/Caskroom/codeql/2.23.0/codeql/cpp/tools/osx64/extractor, args: [--assembler, --codeql-assembler-executable, /users/jie/documents/arm-gnu-toolchain-14.3.rel1-darwin-arm64-arm-none-eabi/arm-none-eabi/bin/as, -I, ../../Inc, -I, ../../Drivers/CMSIS/Device/ST/STM32F4xx/Include, -I, ../../Drivers/STM32F4xx_HAL_Driver/Inc, -I, ../../Drivers/BSP/STM324xG_EVAL, -I, ../../Drivers/CMSIS/Include, -march=armv7e-m+fp, -mfloat-abi=hard, -mfpu=fpv4-sp-d16, -meabi=5, -o, Drivers/BSP/STM324xG_EVAL/stm324xg_eval.o, /var/folders/b3/0hb7dhg16rd56bpwtd8bcnyc0000gn/T//ccN2BOjF.s]
[T 08:16:20 80989] trace_languages(1): [cpp]
[T 08:16:20 80991] Attempting to switch stdout/stderr to 4...
[T 08:16:20 80991] Initializing tracer.
[T 08:16:20 80991] Initializing tags.
[T 08:16:20 80991] ID set to 0000000000013C5F_0000000000000001 (parent 0000000000013C5D_0000000000000001)
[E 08:16:20 80991] CodeQL C/C++ Extractor 2.23.0
[E 08:16:20 80991] Current directory: /Users/jie/Documents/workspace/lcmhalgen/posixGen_Demos/UART_Hyperterminal_IT/STM32CubeIDE/Release
[E 08:16:20 80991] Command: /opt/homebrew/Caskroom/codeql/2.23.0/codeql/cpp/tools/osx64/extractor --assembler --codeql-assembler-executable /users/jie/documents/arm-gnu-toolchain-14.3.rel1-darwin-arm64-arm-none-eabi/arm-none-eabi/bin/as -I ../../Inc -I ../../Drivers/CMSIS/Device/ST/STM32F4xx/Include -I ../../Drivers/STM32F4xx_HAL_Driver/Inc -I ../../Drivers/BSP/STM324xG_EVAL -I ../../Drivers/CMSIS/Include '-march=armv7e-m+fp' -mfloat-abi=hard -mfpu=fpv4-sp-d16 -meabi=5 -o Drivers/BSP/STM324xG_EVAL/stm324xg_eval.o /var/folders/b3/0hb7dhg16rd56bpwtd8bcnyc0000gn/T//ccN2BOjF.s
[E 08:16:20 80991] Extractor exited after mimicking assembler
[T 08:16:20 80989] Extractor /opt/homebrew/Caskroom/codeql/2.23.0/codeql/cpp/tools/osx64/extractor terminated with exit code 0.
[T 08:16:20 80994] Attempting to switch stdout/stderr to 4...
[T 08:16:20 80994] Initializing tracer.
[T 08:16:20 80994] Initializing tags.
[T 08:16:20 80994] ID set to 0000000000013C62_0000000000000001 (parent 0000000000013C48_0000000000000003)
[E 08:16:21 80994] CodeQL C/C++ Extractor 2.23.0
[E 08:16:21 80994] Current directory: /Users/jie/Documents/workspace/lcmhalgen/posixGen_Demos/UART_Hyperterminal_IT/STM32CubeIDE/Release
[E 08:16:21 80994] Command: /opt/homebrew/Caskroom/codeql/2.23.0/codeql/cpp/tools/osx64/extractor --mimic /users/jie/documents/arm-gnu-toolchain-14.3.rel1-darwin-arm64-arm-none-eabi/bin/arm-none-eabi-gcc ../../Drivers/BSP/STM324xG_EVAL/stm324xg_eval.c -mcpu=cortex-m4 -std=gnu11 -DUSE_STM324xG_EVAL -DSTM32F407xx -DUSE_HAL_DRIVER -c -I../../Inc -I../../Drivers/CMSIS/Device/ST/STM32F4xx/Include -I../../Drivers/STM32F4xx_HAL_Driver/Inc -I../../Drivers/BSP/STM324xG_EVAL -I../../Drivers/CMSIS/Include -Os -ffunction-sections -fdata-sections -Wall -fstack-usage -MMD -MP -MFDrivers/BSP/STM324xG_EVAL/stm324xg_eval.d -MTDrivers/BSP/STM324xG_EVAL/stm324xg_eval.o --specs=nano.specs -mfpu=fpv4-sp-d16 -mfloat-abi=hard -mthumb -o Drivers/BSP/STM324xG_EVAL/stm324xg_eval.o
[E 08:16:21 80994] Warning: Unrecognized command line argument --specs=nano.specs
[E 08:16:21 80994] Checking whether C compilation already happened.
[E 08:16:21 80994] Checking for tag c-compilation-happened
[E 08:16:21 80994] Checking CODEQL_TRACER_DB_ID 0000000000013C48_0000000000000003
[E 08:16:21 80994] Locking DB /Users/jie/Documents/workspace/lcmhalgen/LCMHalTest_DBS/DATABASE_FreeRTOSUART_Hyperterminal_IT/working/tags.db
[E 08:16:21 80994] Locked DB /Users/jie/Documents/workspace/lcmhalgen/LCMHalTest_DBS/DATABASE_FreeRTOSUART_Hyperterminal_IT/working/tags.db
[E 08:16:21 80994] Unlocking DB
[E 08:16:21 80994] Unlocked DB
[E 08:16:21 80994] Exiting as C compilation already happened.
[T 08:16:21 80968] Extractor /opt/homebrew/Caskroom/codeql/2.23.0/codeql/cpp/tools/osx64/extractor terminated with exit code 0.
[T 08:16:21 81004] Initializing tracer.
[T 08:16:21 81004] Initializing tags.
[T 08:16:21 81004] ID set to 0000000000013C6C_0000000000000001 (parent 0000000000013827_0000000000000002)
[T 08:16:21 81004] ==== Candidate to intercept: /bin/sh (canonical: /bin/sh) ====
[T 08:16:21 81004] Executing the following tracer actions:
[T 08:16:21 81004] Tracer actions:
[T 08:16:21 81004] pre_invocations(0)
[T 08:16:21 81004] post_invocations(0)
[T 08:16:21 81004] trace_languages(1): [cpp]
[T 08:16:21 81004] Initializing tracer.
[T 08:16:21 81004] Initializing tags.
[T 08:16:21 81004] ID set to 0000000000013C6C_0000000000000002 (parent 0000000000013C6C_0000000000000001)
[T 08:16:21 81004] ==== Candidate to intercept: /bin/bash (canonical: /bin/bash) ====
[T 08:16:21 81004] Executing the following tracer actions:
[T 08:16:21 81004] Tracer actions:
[T 08:16:21 81004] pre_invocations(0)
[T 08:16:21 81004] post_invocations(0)
[T 08:16:21 81004] trace_languages(1): [cpp]
[T 08:16:21 81004] Initializing tracer.
[T 08:16:21 81004] Initializing tags.
[T 08:16:21 81004] ID set to 0000000000013C6C_0000000000000003 (parent 0000000000013C6C_0000000000000002)
[T 08:16:21 81004] ==== Candidate to intercept: /Users/jie/Documents/arm-gnu-toolchain-14.3.rel1-darwin-arm64-arm-none-eabi/bin/arm-none-eabi-gcc (canonical: /Users/jie/Documents/arm-gnu-toolchain-14.3.rel1-darwin-arm64-arm-none-eabi/bin/arm-none-eabi-gcc) ====
[T 08:16:21 81004] Lua: === Intercepted call to /users/jie/documents/arm-gnu-toolchain-14.3.rel1-darwin-arm64-arm-none-eabi/bin/arm-none-eabi-gcc ===
[T 08:16:21 81004] Executing the following tracer actions:
[T 08:16:21 81004] Tracer actions:
[T 08:16:21 81004] pre_invocations(0)
[T 08:16:21 81004] post_invocations(1)
[T 08:16:21 81004] invocation: /opt/homebrew/Caskroom/codeql/2.23.0/codeql/cpp/tools/osx64/extractor, args: [--mimic, /users/jie/documents/arm-gnu-toolchain-14.3.rel1-darwin-arm64-arm-none-eabi/bin/arm-none-eabi-gcc, ../../Drivers/BSP/STM324xG_EVAL/stm324xg_eval_io.c, -mcpu=cortex-m4, -std=gnu11, -DUSE_STM324xG_EVAL, -DSTM32F407xx, -DUSE_HAL_DRIVER, -c, -I../../Inc, -I../../Drivers/CMSIS/Device/ST/STM32F4xx/Include, -I../../Drivers/STM32F4xx_HAL_Driver/Inc, -I../../Drivers/BSP/STM324xG_EVAL, -I../../Drivers/CMSIS/Include, -Os, -ffunction-sections, -fdata-sections, -Wall, -fstack-usage, -MMD, -MP, -MFDrivers/BSP/STM324xG_EVAL/stm324xg_eval_io.d, -MTDrivers/BSP/STM324xG_EVAL/stm324xg_eval_io.o, --specs=nano.specs, -mfpu=fpv4-sp-d16, -mfloat-abi=hard, -mthumb, -o, Drivers/BSP/STM324xG_EVAL/stm324xg_eval_io.o]
[T 08:16:21 81004] trace_languages(1): [cpp]
[T 08:16:21 81014] Initializing tracer.
[T 08:16:21 81014] Initializing tags.
[T 08:16:21 81014] ID set to 0000000000013C76_0000000000000001 (parent 0000000000013C6C_0000000000000003)
[T 08:16:21 81014] ==== Candidate to intercept: /Users/jie/Documents/arm-gnu-toolchain-14.3.rel1-darwin-arm64-arm-none-eabi/bin/../libexec/gcc/arm-none-eabi/14.3.1/cc1 (canonical: /Users/jie/Documents/arm-gnu-toolchain-14.3.rel1-darwin-arm64-arm-none-eabi/libexec/gcc/arm-none-eabi/14.3.1/cc1) ====
[T 08:16:21 81014] Lua: === Intercepted call to /users/jie/documents/arm-gnu-toolchain-14.3.rel1-darwin-arm64-arm-none-eabi/libexec/gcc/arm-none-eabi/14.3.1/cc1 ===
[T 08:16:21 81014] Executing the following tracer actions:
[T 08:16:21 81014] Tracer actions:
[T 08:16:21 81014] pre_invocations(0)
[T 08:16:21 81014] post_invocations(1)
[T 08:16:21 81014] invocation: /opt/homebrew/Caskroom/codeql/2.23.0/codeql/cpp/tools/osx64/extractor, args: [--mimic, /users/jie/documents/arm-gnu-toolchain-14.3.rel1-darwin-arm64-arm-none-eabi/libexec/gcc/arm-none-eabi/14.3.1/cc1, -isystem, =/include/newlib-nano, -quiet, -I, ../../Inc, -I, ../../Drivers/CMSIS/Device/ST/STM32F4xx/Include, -I, ../../Drivers/STM32F4xx_HAL_Driver/Inc, -I, ../../Drivers/BSP/STM324xG_EVAL, -I, ../../Drivers/CMSIS/Include, -imultilib, thumb/v7e-m+fp/hard, -iprefix, /Users/jie/Documents/arm-gnu-toolchain-14.3.rel1-darwin-arm64-arm-none-eabi/bin/../lib/gcc/arm-none-eabi/14.3.1/, -isysroot, /Users/jie/Documents/arm-gnu-toolchain-14.3.rel1-darwin-arm64-arm-none-eabi/bin/../arm-none-eabi, -MMD, Drivers/BSP/STM324xG_EVAL/stm324xg_eval_io.d, -MF, Drivers/BSP/STM324xG_EVAL/stm324xg_eval_io.d, -MP, -MT, Drivers/BSP/STM324xG_EVAL/stm324xg_eval_io.o, -D__USES_INITFINI__, -D, USE_STM324xG_EVAL, -D, STM32F407xx, -D, USE_HAL_DRIVER, ../../Drivers/BSP/STM324xG_EVAL/stm324xg_eval_io.c, -quiet, -dumpdir, Drivers/BSP/STM324xG_EVAL/, -dumpbase, stm324xg_eval_io.c, -dumpbase-ext, .c, -mcpu=cortex-m4, -mfpu=fpv4-sp-d16, -mfloat-abi=hard, -mthumb, -mlibarch=armv7e-m+fp, -march=armv7e-m+fp, -Os, -Wall, -std=gnu11, -ffunction-sections, -fdata-sections, -fstack-usage, -o, /var/folders/b3/0hb7dhg16rd56bpwtd8bcnyc0000gn/T//cc7Bp3J2.s]
[T 08:16:21 81014] trace_languages(1): [cpp]
[T 08:16:21 81016] Attempting to switch stdout/stderr to 4...
[T 08:16:21 81016] Initializing tracer.
[T 08:16:21 81016] Initializing tags.
[T 08:16:21 81016] ID set to 0000000000013C78_0000000000000001 (parent 0000000000013C76_0000000000000001)
[E 08:16:21 81016] CodeQL C/C++ Extractor 2.23.0
[E 08:16:21 81016] Current directory: /Users/jie/Documents/workspace/lcmhalgen/posixGen_Demos/UART_Hyperterminal_IT/STM32CubeIDE/Release
[E 08:16:21 81016] Command: /opt/homebrew/Caskroom/codeql/2.23.0/codeql/cpp/tools/osx64/extractor --mimic /users/jie/documents/arm-gnu-toolchain-14.3.rel1-darwin-arm64-arm-none-eabi/libexec/gcc/arm-none-eabi/14.3.1/cc1 -isystem '=/include/newlib-nano' -quiet -I ../../Inc -I ../../Drivers/CMSIS/Device/ST/STM32F4xx/Include -I ../../Drivers/STM32F4xx_HAL_Driver/Inc -I ../../Drivers/BSP/STM324xG_EVAL -I ../../Drivers/CMSIS/Include -imultilib 'thumb/v7e-m+fp/hard' -iprefix /Users/jie/Documents/arm-gnu-toolchain-14.3.rel1-darwin-arm64-arm-none-eabi/bin/../lib/gcc/arm-none-eabi/14.3.1/ -isysroot /Users/jie/Documents/arm-gnu-toolchain-14.3.rel1-darwin-arm64-arm-none-eabi/bin/../arm-none-eabi -MMD Drivers/BSP/STM324xG_EVAL/stm324xg_eval_io.d -MF Drivers/BSP/STM324xG_EVAL/stm324xg_eval_io.d -MP -MT Drivers/BSP/STM324xG_EVAL/stm324xg_eval_io.o -D__USES_INITFINI__ -D USE_STM324xG_EVAL -D STM32F407xx -D USE_HAL_DRIVER ../../Drivers/BSP/STM324xG_EVAL/stm324xg_eval_io.c -quiet -dumpdir Drivers/BSP/STM324xG_EVAL/ -dumpbase stm324xg_eval_io.c -dumpbase-ext .c -mcpu=cortex-m4 -mfpu=fpv4-sp-d16 -mfloat-abi=hard -mthumb '-mlibarch=armv7e-m+fp' '-march=armv7e-m+fp' -Os -Wall -std=gnu11 -ffunction-sections -fdata-sections -fstack-usage -o /var/folders/b3/0hb7dhg16rd56bpwtd8bcnyc0000gn/T//cc7Bp3J2.s
[E 08:16:21 81016] Checking whether C compilation already happened.
[E 08:16:21 81016] Checking for tag c-compilation-happened
[E 08:16:21 81016] Checking CODEQL_TRACER_DB_ID 0000000000013C76_0000000000000001
[E 08:16:21 81016] Locking DB /Users/jie/Documents/workspace/lcmhalgen/LCMHalTest_DBS/DATABASE_FreeRTOSUART_Hyperterminal_IT/working/tags.db
[E 08:16:21 81016] Locked DB /Users/jie/Documents/workspace/lcmhalgen/LCMHalTest_DBS/DATABASE_FreeRTOSUART_Hyperterminal_IT/working/tags.db
[E 08:16:21 81016] Unlocking DB
[E 08:16:21 81016] Unlocked DB
[E 08:16:21 81016] Looks like C compilation didn't already happen.
[E 08:16:21 81016] Checking whether C compilation has been attempted.
[E 08:16:21 81016] Checking for tag c-compilation-attempted
[E 08:16:21 81016] Checking CODEQL_TRACER_DB_ID 0000000000013C76_0000000000000001
[E 08:16:21 81016] Locking DB /Users/jie/Documents/workspace/lcmhalgen/LCMHalTest_DBS/DATABASE_FreeRTOSUART_Hyperterminal_IT/working/tags.db
[E 08:16:21 81016] Locked DB /Users/jie/Documents/workspace/lcmhalgen/LCMHalTest_DBS/DATABASE_FreeRTOSUART_Hyperterminal_IT/working/tags.db
[E 08:16:21 81016] Unlocking DB
[E 08:16:21 81016] Unlocked DB
[E 08:16:21 81016] Marking C compilation as attempted.
[E 08:16:21 81016] Setting tag c-compilation-attempted
[E 08:16:21 81016] Starting from CODEQL_TRACER_DB_ID 0000000000013C76_0000000000000001
[E 08:16:21 81016] Locking DB /Users/jie/Documents/workspace/lcmhalgen/LCMHalTest_DBS/DATABASE_FreeRTOSUART_Hyperterminal_IT/working/tags.db
[E 08:16:21 81016] Locked DB /Users/jie/Documents/workspace/lcmhalgen/LCMHalTest_DBS/DATABASE_FreeRTOSUART_Hyperterminal_IT/working/tags.db
[E 08:16:21 81016] Set tag for 0000000000013C76_0000000000000001
[E 08:16:21 81016] Set tag for 0000000000013C6C_0000000000000003
[E 08:16:21 81016] Set tag for 0000000000013C6C_0000000000000002
[E 08:16:21 81016] Set tag for 0000000000013C6C_0000000000000001
[E 08:16:21 81016] Set tag for 0000000000013827_0000000000000002
[E 08:16:21 81016] Set tag for 0000000000013827_0000000000000001
[E 08:16:21 81016] Set tag for 00000000000137DE_0000000000000003
[E 08:16:21 81016] Set tag for 00000000000137DE_0000000000000002
[E 08:16:21 81016] Set tag for root
[E 08:16:21 81016] Unlocking DB
[E 08:16:21 81016] Unlocked DB
[E 08:16:21 81016] Processed command line: /opt/homebrew/Caskroom/codeql/2.23.0/codeql/cpp/tools/osx64/extractor --trapfolder /Users/jie/Documents/workspace/lcmhalgen/LCMHalTest_DBS/DATABASE_FreeRTOSUART_Hyperterminal_IT/trap/cpp --src_archive /Users/jie/Documents/workspace/lcmhalgen/LCMHalTest_DBS/DATABASE_FreeRTOSUART_Hyperterminal_IT/src --object_filename /var/folders/b3/0hb7dhg16rd56bpwtd8bcnyc0000gn/T//cc7Bp3J2.s --no_warnings_and_discretionary_errors --error_limit 1000 --disable_system_macros --variadic_macros --incognito --c11 --gcc --gnu_version 140301 --target linux_i686 '-D__DBL_MIN_EXP__=(-1021)' -D__HQ_FBIT__=15 -D__UINT_LEAST16_MAX__=0xffff -D__ARM_SIZEOF_WCHAR_T=4 -D__WCHAR_MAX__=0xffffffffU -D__SFRACT_IBIT__=0 -D__ULFRACT_MIN__=0.0ULR -D__FLT_MIN__=1.1754943508222875e-38F -D__GCC_IEC_559_COMPLEX=0 -D__SIZEOF_LONG__=4 -D__UFRACT_MAX__=0XFFFFP-16UR '-D__UINT_LEAST8_TYPE__=unsigned char' -D__FLT_MAX_EXP__=128 -D__DQ_FBIT__=63 '-D__INTMAX_C(c)=c ## LL' -D__ARM_FEATURE_SAT=1 -D__ULFRACT_FBIT__=32 -D__CHAR_BIT__=8 -D__USQ_IBIT__=0 -D__UINT8_MAX__=0xff -D__ACCUM_FBIT__=15 -D__WINT_MAX__=0xffffffffU '-D__FLT32_MIN_EXP__=(-125)' -D__LONG_WIDTH__=32 -D__USFRACT_FBIT__=8 -D__ORDER_LITTLE_ENDIAN__=1234 -D__SIZE_MAX__=0xffffffffU -D__LACCUM_IBIT__=32 -D__GCC_HAVE_SYNC_COMPARE_AND_SWAP_1=1 -D__GCC_HAVE_SYNC_COMPARE_AND_SWAP_2=1 -D__GCC_HAVE_SYNC_COMPARE_AND_SWAP_4=1 '-D__DBL_DENORM_MIN__=((double)4.9406564584124654e-324L)' -D__GCC_ATOMIC_CHAR_LOCK_FREE=2 -D__GCC_IEC_559=0 -D__FLT32X_DECIMAL_DIG__=17 -D__FLT_EVAL_METHOD__=0 -D__TQ_IBIT__=0 -D__LLACCUM_MAX__=0X7FFFFFFFFFFFFFFFP-31LLK -D__FLT32_HAS_INFINITY__=1 -D__FLT64_DECIMAL_DIG__=17 -D__GCC_ATOMIC_CHAR32_T_LOCK_FREE=2 -D__INTPTR_WIDTH__=32 -D__SIG_ATOMIC_TYPE__=int '-D__DBL_MIN_10_EXP__=(-307)' -D__LFRACT_IBIT__=0 -D__FLT32_HAS_DENORM__=1 -D__USA_FBIT__=16 -D__UINT_FAST8_MAX__=0xffffffffU -D__FLT_HAS_QUIET_NAN__=1 '-D__INT8_C(c)=c' -D__INT_LEAST8_WIDTH__=8 -D__UINT_LEAST64_MAX__=0xffffffffffffffffULL -D__SA_FBIT__=15 -D__APCS_32__=1 -D__SHRT_MAX__=0x7fff '-D__LDBL_MAX__=1.7976931348623157e+308L' -D__FRACT_MAX__=0X7FFFP-15R -D__thumb2__=1 -D__LDBL_IS_IEC_60559__=1 -D__UFRACT_FBIT__=16 -D__ARM_FP=4 -D__UFRACT_MIN__=0.0UR -D__UINT_LEAST8_MAX__=0xff -D__GCC_ATOMIC_BOOL_LOCK_FREE=2 '-D__UINTMAX_TYPE__=long long unsigned int' -D__LLFRACT_EPSILON__=0x1P-63LLR -D__FLT_EVAL_METHOD_TS_18661_3__=0 -D__UINT32_MAX__=0xffffffffUL -D__ULFRACT_MAX__=0XFFFFFFFFP-32ULR -D__TA_IBIT__=64 -D__LDBL_MAX_EXP__=1024 -D__WINT_MIN__=0U -D__ARM_ASM_SYNTAX_UNIFIED__=1 -D__FLT32X_IS_IEC_60559__=1 -D__INT_LEAST16_WIDTH__=16 -D__ULLFRACT_MIN__=0.0ULLR -D__SCHAR_MAX__=0x7f -D__WCHAR_MIN__=0U '-D__INT64_C(c)=c ## LL' '-D__UINT16_C(c)=c' -D__GCC_ATOMIC_POINTER_LOCK_FREE=2 -D__ATOMIC_SEQ_CST=5 -D__FLT32X_MAX_EXP__=1024 -D__SIZEOF_INT__=4 -D__FLT32X_MANT_DIG__=53 -D__USACCUM_IBIT__=8 '-D__INT16_TYPE__=short int' -D__FLT_DIG__=6 '-D__LFRACT_MIN__=(-0.5LR-0.5LR)' -D__HA_IBIT__=8 -D__FLT_EPSILON__=1.1920928955078125e-7F -D__SHRT_WIDTH__=16 -D__FLT32_IS_IEC_60559__=1 -D__USFRACT_IBIT__=0 -D__LDBL_MIN__=2.2250738585072014e-308L -D__STDC_UTF_16__=1 '-D__FRACT_MIN__=(-0.5R-0.5R)' -D__DA_IBIT__=32 -D__ARM_SIZEOF_MINIMAL_ENUM=1 -D__FLT32X_HAS_INFINITY__=1 -D__UQQ_FBIT__=8 -D__UACCUM_MAX__=0XFFFFFFFFP-16UK -D__DECIMAL_DIG__=17 -D__LFRACT_EPSILON__=0x1P-31LR -D__FLT64_EPSILON__=2.2204460492503131e-16F64 -D__INT16_MAX__=0x7fff -D__ARM_PCS_VFP=1 -D__LDBL_HAS_QUIET_NAN__=1 -D__ULACCUM_IBIT__=32 -D__ARM_FEATURE_FMA=1 -D__FLT64_MANT_DIG__=53 -D__INT_LEAST16_MAX__=0x7fff -D__UACCUM_EPSILON__=0x1P-16UK -D__ULLACCUM_MAX__=0XFFFFFFFFFFFFFFFFP-32ULLK -D__HQ_IBIT__=0 -D__FLT_HAS_DENORM__=1 -D__SIZEOF_LONG_DOUBLE__=8 -D__SA_IBIT__=16 -D__BIGGEST_ALIGNMENT__=8 -D__ARM_FEATURE_IDIV=1 -D__INTPTR_TYPE__=int '-D__SIZE_TYPE__=unsigned int' -D__FLT64_MAX_10_EXP__=308 -D__DBL_DIG__=15 -D__ULLACCUM_FBIT__=32 -D__DBL_IS_IEC_60559__=1 -D__DQ_IBIT__=0 '-D__DBL_MAX__=((double)1.7976931348623157e+308L)' -D__ULFRACT_IBIT__=0 -D__INT_FAST32_MAX__=0x7fffffff -D__DBL_HAS_INFINITY__=1 -D__HAVE_SPECULATION_SAFE_VALUE=1 -D__ACCUM_IBIT__=16 -D__THUMB_INTERWORK__=1 -D__UINT_LEAST32_MAX__=0xffffffffUL -D__LACCUM_MAX__=0X7FFFFFFFFFFFFFFFP-31LK -D__FLT32X_HAS_DENORM__=1 -D__INT_FAST16_TYPE__=int -D__LDBL_HAS_DENORM__=1 -D__ARM_FEATURE_LDREX=7 -D__FLT32_DECIMAL_DIG__=9 -D__INT_LEAST32_MAX__=0x7fffffffL -D__ACCUM_MAX__=0X7FFFFFFFP-15K -D__DBL_MAX_EXP__=1024 -D__USACCUM_EPSILON__=0x1P-8UHK -D__WCHAR_WIDTH__=32 '-D__FLT32_MAX__=3.4028234663852886e+38F32' -D__SFRACT_MAX__=0X7FP-7HR -D__FRACT_IBIT__=0 -D__PTRDIFF_MAX__=0x7fffffff -D__UACCUM_MIN__=0.0UK -D__UACCUM_IBIT__=16 '-D__LLACCUM_MIN__=(-0X1P31LLK-0X1P31LLK)' -D__FLT32_HAS_QUIET_NAN__=1 -D__LONG_LONG_MAX__=0x7fffffffffffffffLL -D__ULACCUM_MAX__=0XFFFFFFFFFFFFFFFFP-32ULK -D__SIZEOF_WINT_T__=4 -D__ARM_FEATURE_UNALIGNED=1 -D__LONG_LONG_WIDTH__=64 -D__FLT32_MAX_EXP__=128 -D__ULLACCUM_MIN__=0.0ULLK -D__GXX_ABI_VERSION=1019 -D__UTA_FBIT__=64 -D__UFRACT_IBIT__=0 -D__FLT64_IS_IEC_60559__=1 -D__USQ_FBIT__=32 -D__ARM_FEATURE_QBIT=1 '-D__INT_FAST64_TYPE__=long long int' -D__FP_FAST_FMAF=1 -D__FLT64_DENORM_MIN__=4.9406564584124654e-324F64 '-D__DBL_MIN__=((double)2.2250738585072014e-308L)' -D__SIZEOF_POINTER__=4 -D__DBL_HAS_QUIET_NAN__=1 -D__FLT32X_EPSILON__=2.2204460492503131e-16F32x '-D__FLT64_MIN_EXP__=(-1021)' '-D__LACCUM_MIN__=(-0X1P31LK-0X1P31LK)' -D__FRACT_FBIT__=15 '-D__FLT64_MIN_10_EXP__=(-307)' -D__ULLFRACT_EPSILON__=0x1P-64ULLR -D__REGISTER_PREFIX__= -D__UINT16_MAX__=0xffff -D__DBL_HAS_DENORM__=1 '-D__ACCUM_MIN__=(-0X1P15K-0X1P15K)' -D__SQ_IBIT__=0 '-D__UINT8_TYPE__=unsigned char' -D__UHA_FBIT__=8 '-D__SFRACT_MIN__=(-0.5HR-0.5HR)' -D__UTQ_FBIT__=128 -D__DEC_EVAL_METHOD__=2 -D__FLT_MANT_DIG__=24 -D__LDBL_DECIMAL_DIG__=17 '-D__UINT64_C(c)=c ## ULL' -D__FRACT_EPSILON__=0x1P-15R -D__ULACCUM_MIN__=0.0ULK -D__UDA_FBIT__=32 -D__GCC_ATOMIC_INT_LOCK_FREE=2 '-D__FLT_MIN_EXP__=(-125)' -D__FLOAT_WORD_ORDER__=__ORDER_LITTLE_ENDIAN__ -D__USFRACT_MIN__=0.0UHR -D__FLT32_MANT_DIG__=24 -D__ULLFRACT_FBIT__=64 -D__UQQ_IBIT__=0 -D__SCHAR_WIDTH__=8 '-D__INT32_C(c)=c ## L' -D__ORDER_PDP_ENDIAN__=3412 -D__UHQ_FBIT__=16 -D__LLACCUM_FBIT__=31 -D__INT_FAST32_TYPE__=int '-D__UINT_LEAST16_TYPE__=short unsigned int' -D__UINT64_MAX__=0xffffffffffffffffULL -D__FLT_IS_IEC_60559__=1 -D__UDQ_FBIT__=64 -D__UINT_FAST64_MAX__=0xffffffffffffffffULL '-D__GNUC_WIDE_EXECUTION_CHARSET_NAME="UTF-32LE"' '-D__INT8_TYPE__=signed char' -D__thumb__=1 -D__ELF__=1 -D__SACCUM_EPSILON__=0x1P-7HK -D__ULFRACT_EPSILON__=0x1P-32ULR -D__LLFRACT_FBIT__=63 -D__FLT_RADIX__=2 '-D__INT_LEAST16_TYPE__=short int' -D__ARM_ARCH_PROFILE=77 -D__LDBL_EPSILON__=2.2204460492503131e-16L '-D__UINTMAX_C(c)=c ## ULL' -D__SACCUM_MAX__=0X7FFFP-7HK -D__FLT32X_MIN__=2.2250738585072014e-308F32x -D__SIG_ATOMIC_MAX__=0x7fffffff -D__UACCUM_FBIT__=16 -D__GCC_ATOMIC_WCHAR_T_LOCK_FREE=2 -D__USER_LABEL_PREFIX__= -D__VFP_FP__=1 -D__SIZEOF_PTRDIFF_T__=4 -D__ATOMIC_ACQUIRE=2 -D__INT_WIDTH__=32 -D__OPTIMIZE__=1 -D__LACCUM_EPSILON__=0x1P-31LK -D__LDBL_DIG__=15 '-D__FLT32X_MIN_EXP__=(-1021)' -D__INT_FAST16_MAX__=0x7fffffff -D__GCC_CONSTRUCTIVE_SIZE=64 -D__FLT64_DIG__=15 -D__UINT_FAST32_MAX__=0xffffffffU '-D__UINT_LEAST64_TYPE__=long long unsigned int' -D__SFRACT_EPSILON__=0x1P-7HR -D__GCC_ASM_FLAG_OUTPUTS__=1 -D__FLT_MAX_10_EXP__=38 -D__LONG_MAX__=0x7fffffffL -D__FINITE_MATH_ONLY__=0 -D__SIZEOF_SIZE_T__=4 -D__FLT_HAS_INFINITY__=1 '-D__GNUC_EXECUTION_CHARSET_NAME="UTF-8"' -D__CHAR_UNSIGNED__=1 '-D__UINT_FAST16_TYPE__=unsigned int' -D__ARM_32BIT_STATE=1 -D__INT_FAST32_WIDTH__=32 -D__PRAGMA_REDEFINE_EXTNAME=1 -D__ARMEL__=1 -D__SIZE_WIDTH__=32 -D__INT64_MAX__=0x7fffffffffffffffLL -D__SACCUM_FBIT__=7 -D__FLT32_DENORM_MIN__=1.4012984643248171e-45F32 -D__SIG_ATOMIC_WIDTH__=32 '-D__INT_LEAST64_TYPE__=long long int' -D__ARM_FEATURE_CLZ=1 '-D__INT_LEAST8_TYPE__=signed char' -D__SQ_FBIT__=31 -D__USFRACT_MAX__=0XFFP-8UHR -D__ARM_ARCH_ISA_THUMB=2 -D__INT_FAST8_MAX__=0x7fffffff -D__ARM_ARCH=7 -D__INTPTR_MAX__=0x7fffffff -D__QQ_FBIT__=7 -D__UTA_IBIT__=64 -D__FLT64_HAS_QUIET_NAN__=1 -D__FLT32X_DIG__=15 -D__PTRDIFF_WIDTH__=32 -D__LDBL_MANT_DIG__=53 -D__SFRACT_FBIT__=7 '-D__SACCUM_MIN__=(-0X1P7HK-0X1P7HK)' -D__FLT64_HAS_INFINITY__=1 '-D__SIG_ATOMIC_MIN__=(-__SIG_ATOMIC_MAX__ - 1)' -D__GCC_ATOMIC_LONG_LOCK_FREE=2 '-D__UINT16_TYPE__=short unsigned int' '-D__WCHAR_TYPE__=unsigned int' -D__SIZEOF_FLOAT__=4 -D__THUMBEL__=1 -D__TQ_FBIT__=127 -D__UINTPTR_MAX__=0xffffffffU -D__INT_FAST64_WIDTH__=64 -D__LDBL_HAS_INFINITY__=1 -D__ULLACCUM_IBIT__=32 -D__FLT32_MAX_10_EXP__=38 -D__INT_FAST64_MAX__=0x7fffffffffffffffLL -D__GCC_ATOMIC_TEST_AND_SET_TRUEVAL=1 '-D__FLT_NORM_MAX__=3.4028234663852886e+38F' '-D__UINT_FAST64_TYPE__=long long unsigned int' -D__LACCUM_FBIT__=31 -D__HA_FBIT__=7 -D__UHA_IBIT__=8 '-D__INT64_TYPE__=long long int' -D__UTQ_IBIT__=0 -D__DBL_MANT_DIG__=53 -D__INT_LEAST64_MAX__=0x7fffffffffffffffLL -D__GCC_ATOMIC_CHAR16_T_LOCK_FREE=2 -D__FP_FAST_FMAF32=1 '-D__WINT_TYPE__=unsigned int' '-D__UINT_LEAST32_TYPE__=long unsigned int' -D__SIZEOF_SHORT__=2 -D__ULLFRACT_IBIT__=0 '-D__FLT32_NORM_MAX__=3.4028234663852886e+38F32' '-D__LDBL_MIN_EXP__=(-1021)' -D__GXX_TYPEINFO_EQUALITY_INLINE=0 -D__INTMAX_MAX__=0x7fffffffffffffffLL -D__arm__=1 '-D__FLT64_MAX__=1.7976931348623157e+308F64' -D__UDA_IBIT__=32 -D__INT_MAX__=0x7fffffff -D__WINT_WIDTH__=32 -D__INT_LEAST8_MAX__=0x7f -D__INT_LEAST64_WIDTH__=64 -D__FLT32X_MAX_10_EXP__=308 -D__LLACCUM_EPSILON__=0x1P-31LLK -D__LFRACT_FBIT__=31 -D__LDBL_MAX_10_EXP__=308 -D__ATOMIC_RELAXED=0 '-D__DBL_EPSILON__=((double)2.2204460492503131e-16L)' '-D__INT_LEAST32_TYPE__=long int' -D__ARM_ARCH_7EM__=1 -D__ARM_FEATURE_SIMD32=1 '-D__UINT8_C(c)=c' -D__FLT64_MAX_EXP__=1024 -D__SIZEOF_WCHAR_T__=4 '-D__UINT64_TYPE__=long long unsigned int' -D__OPTIMIZE_SIZE__=1 -D__LLFRACT_MAX__=0X7FFFFFFFFFFFFFFFP-63LLR '-D__FLT64_NORM_MAX__=1.7976931348623157e+308F64' -D__INT_FAST8_TYPE__=int -D__ULLACCUM_EPSILON__=0x1P-32ULLK -D__USACCUM_MAX__=0XFFFFP-8UHK -D__UHQ_IBIT__=0 -D__ARM_FEATURE_COPROC=15 -D__LLACCUM_IBIT__=32 -D__FLT64_HAS_DENORM__=1 -D__FLT32_EPSILON__=1.1920928955078125e-7F32 -D__DBL_DECIMAL_DIG__=17 -D__STDC_UTF_32__=1 -D__INT_FAST8_WIDTH__=32 -D__BYTE_ORDER__=__ORDER_LITTLE_ENDIAN__ '-D__FLT32X_MAX__=1.7976931348623157e+308F32x' -D__TA_FBIT__=63 '-D__DBL_NORM_MAX__=((double)1.7976931348623157e+308L)' -D__USFRACT_EPSILON__=0x1P-8UHR -D__GCC_DESTRUCTIVE_SIZE=64 -D__UDQ_IBIT__=0 -D__INTMAX_WIDTH__=64 -D__ORDER_BIG_ENDIAN__=4321 -D__LFRACT_MAX__=0X7FFFFFFFP-31LR -D__ARM_FEATURE_DSP=1 -D__FLT32_DIG__=6 -D__ACCUM_EPSILON__=0x1P-15K '-D__UINT32_C(c)=c ## UL' -D__QQ_IBIT__=0 -D__LLFRACT_IBIT__=0 -D__INT8_MAX__=0x7f -D__INT32_MAX__=0x7fffffffL '-D__UINT_FAST32_TYPE__=unsigned int' '-D__FLT32X_NORM_MAX__=1.7976931348623157e+308F32x' '-D__FLT32_MIN_10_EXP__=(-37)' '-D__FLT_MAX__=3.4028234663852886e+38F' -D__USACCUM_FBIT__=8 '-D__INT32_TYPE__=long int' -D__SIZEOF_DOUBLE__=8 '-D__FLT_MIN_10_EXP__=(-37)' -D__UFRACT_EPSILON__=0x1P-16UR -D__FLT64_MIN__=2.2250738585072014e-308F64 -D__FLT_DENORM_MIN__=1.4012984643248171e-45F -D__INT_LEAST32_WIDTH__=32 '-D__INTMAX_TYPE__=long long int' -D__FLT32X_HAS_QUIET_NAN__=1 -D__ATOMIC_CONSUME=1 -D__INT_FAST16_WIDTH__=32 -D__UINTMAX_MAX__=0xffffffffffffffffULL -D__FLT32X_DENORM_MIN__=4.9406564584124654e-324F32x -D__ATOMIC_ACQ_REL=4 -D__DBL_MAX_10_EXP__=308 -D__LDBL_DENORM_MIN__=4.9406564584124654e-324L '-D__INT16_C(c)=c' -D__ATOMIC_RELEASE=3 -D__PTRDIFF_TYPE__=int '-D__LLFRACT_MIN__=(-0.5LLR-0.5LLR)' -D__USACCUM_MIN__=0.0UHK -D__FLT32_MIN__=1.1754943508222875e-38F32 -D__DA_FBIT__=31 '-D__UINT32_TYPE__=long unsigned int' '-D__FLT32X_MIN_10_EXP__=(-307)' -D__ARM_ARCH_EXT_IDIV__=1 '-D__UINTPTR_TYPE__=unsigned int' -D__USA_IBIT__=16 -D__ARM_EABI__=1 '-D__LDBL_MIN_10_EXP__=(-307)' -D__SIZEOF_LONG_LONG__=8 -D__ULACCUM_EPSILON__=0x1P-32ULK -D__SACCUM_IBIT__=8 -D__GCC_ATOMIC_LLONG_LOCK_FREE=1 -D__FLT_DECIMAL_DIG__=9 -D__UINT_FAST16_MAX__=0xffffffffU '-D__LDBL_NORM_MAX__=1.7976931348623157e+308L' -D__GCC_ATOMIC_SHORT_LOCK_FREE=2 -D__ULLFRACT_MAX__=0XFFFFFFFFFFFFFFFFP-64ULLR '-D__UINT_FAST8_TYPE__=unsigned int' -D__ULACCUM_FBIT__=32 -D__USES_INITFINI__ -DUSE_STM324xG_EVAL -DSTM32F407xx -DUSE_HAL_DRIVER -I../../Inc -I../../Drivers/CMSIS/Device/ST/STM32F4xx/Include -I../../Drivers/STM32F4xx_HAL_Driver/Inc -I../../Drivers/BSP/STM324xG_EVAL -I../../Drivers/CMSIS/Include -I/Users/jie/Documents/arm-gnu-toolchain-14.3.rel1-darwin-arm64-arm-none-eabi/bin/../arm-none-eabi/include/newlib-nano -I/Users/jie/Documents/arm-gnu-toolchain-14.3.rel1-darwin-arm64-arm-none-eabi/bin/../lib/gcc/arm-none-eabi/14.3.1/include -I/Users/jie/Documents/arm-gnu-toolchain-14.3.rel1-darwin-arm64-arm-none-eabi/bin/../lib/gcc/arm-none-eabi/14.3.1/include-fixed -I/Users/jie/Documents/arm-gnu-toolchain-14.3.rel1-darwin-arm64-arm-none-eabi/bin/../lib/gcc/arm-none-eabi/14.3.1/../../../../arm-none-eabi/include -- ../../Drivers/BSP/STM324xG_EVAL/stm324xg_eval_io.c
[E 08:16:21 81016] CODEQL_EXTRACTOR_CPP_TRAP_CACHING is not set
[E 08:16:21 81016] CODEQL_EXTRACTOR_CPP_OPTION_TRAP_CACHE_WRITE is not set
[E 08:16:21 81016] CODEQL_EXTRACTOR_CPP_OPTION_TRAP_CACHE_DIR is not set
[E 08:16:21 81016] Initialising TRAP cache at path: f7/1a1c/1c1eb9527c987b61b18e28744bde
[E 08:16:21 81016] Not using TRAP cache
[E 08:16:21 81016] TRAP cache miss
[E 08:16:21 81016] Starting compilation TRAP /Users/jie/Documents/workspace/lcmhalgen/LCMHalTest_DBS/DATABASE_FreeRTOSUART_Hyperterminal_IT/trap/cpp/compilations/7/16351216_0.trap.zst
[E 08:16:21 81016] Archiving /Users/jie/Documents/workspace/lcmhalgen/LCMHalTest_DBS/DATABASE_FreeRTOSUART_Hyperterminal_IT/src/Users/jie/Documents/workspace/lcmhalgen/posixGen_Demos/UART_Hyperterminal_IT/Drivers/BSP/STM324xG_EVAL/stm324xg_eval_io.c
[E 08:16:21 81016] Already archived /Users/jie/Documents/workspace/lcmhalgen/LCMHalTest_DBS/DATABASE_FreeRTOSUART_Hyperterminal_IT/src/Users/jie/Documents/workspace/lcmhalgen/posixGen_Demos/UART_Hyperterminal_IT/Drivers/BSP/STM324xG_EVAL/stm324xg_eval_io.h
[E 08:16:21 81016] Already archived /Users/jie/Documents/workspace/lcmhalgen/LCMHalTest_DBS/DATABASE_FreeRTOSUART_Hyperterminal_IT/src/Users/jie/Documents/workspace/lcmhalgen/posixGen_Demos/UART_Hyperterminal_IT/Drivers/BSP/STM324xG_EVAL/stm324xg_eval.h
[E 08:16:21 81016] Already archived /Users/jie/Documents/workspace/lcmhalgen/LCMHalTest_DBS/DATABASE_FreeRTOSUART_Hyperterminal_IT/src/Users/jie/Documents/workspace/lcmhalgen/posixGen_Demos/UART_Hyperterminal_IT/Drivers/STM32F4xx_HAL_Driver/Inc/stm32f4xx_hal.h
[E 08:16:21 81016] Already archived /Users/jie/Documents/workspace/lcmhalgen/LCMHalTest_DBS/DATABASE_FreeRTOSUART_Hyperterminal_IT/src/Users/jie/Documents/workspace/lcmhalgen/posixGen_Demos/UART_Hyperterminal_IT/Inc/stm32f4xx_hal_conf.h
[E 08:16:21 81016] Already archived /Users/jie/Documents/workspace/lcmhalgen/LCMHalTest_DBS/DATABASE_FreeRTOSUART_Hyperterminal_IT/src/Users/jie/Documents/workspace/lcmhalgen/posixGen_Demos/UART_Hyperterminal_IT/Drivers/STM32F4xx_HAL_Driver/Inc/stm32f4xx_hal_rcc.h
[E 08:16:21 81016] Already archived /Users/jie/Documents/workspace/lcmhalgen/LCMHalTest_DBS/DATABASE_FreeRTOSUART_Hyperterminal_IT/src/Users/jie/Documents/workspace/lcmhalgen/posixGen_Demos/UART_Hyperterminal_IT/Drivers/STM32F4xx_HAL_Driver/Inc/stm32f4xx_hal_def.h
[E 08:16:21 81016] Already archived /Users/jie/Documents/workspace/lcmhalgen/LCMHalTest_DBS/DATABASE_FreeRTOSUART_Hyperterminal_IT/src/Users/jie/Documents/workspace/lcmhalgen/posixGen_Demos/UART_Hyperterminal_IT/Drivers/CMSIS/Device/ST/STM32F4xx/Include/stm32f4xx.h
[E 08:16:21 81016] Already archived /Users/jie/Documents/workspace/lcmhalgen/LCMHalTest_DBS/DATABASE_FreeRTOSUART_Hyperterminal_IT/src/Users/jie/Documents/workspace/lcmhalgen/posixGen_Demos/UART_Hyperterminal_IT/Drivers/CMSIS/Device/ST/STM32F4xx/Include/stm32f407xx.h
[E 08:16:21 81016] Already archived /Users/jie/Documents/workspace/lcmhalgen/LCMHalTest_DBS/DATABASE_FreeRTOSUART_Hyperterminal_IT/src/Users/jie/Documents/workspace/lcmhalgen/posixGen_Demos/UART_Hyperterminal_IT/Drivers/CMSIS/Include/core_cm4.h
[E 08:16:21 81016] Already archived /Users/jie/Documents/workspace/lcmhalgen/LCMHalTest_DBS/DATABASE_FreeRTOSUART_Hyperterminal_IT/src/Users/jie/Documents/arm-gnu-toolchain-14.3.rel1-darwin-arm64-arm-none-eabi/lib/gcc/arm-none-eabi/14.3.1/include/stdint.h
[E 08:16:21 81016] Already archived /Users/jie/Documents/workspace/lcmhalgen/LCMHalTest_DBS/DATABASE_FreeRTOSUART_Hyperterminal_IT/src/Users/jie/Documents/arm-gnu-toolchain-14.3.rel1-darwin-arm64-arm-none-eabi/arm-none-eabi/include/stdint.h
[E 08:16:21 81016] Already archived /Users/jie/Documents/workspace/lcmhalgen/LCMHalTest_DBS/DATABASE_FreeRTOSUART_Hyperterminal_IT/src/Users/jie/Documents/arm-gnu-toolchain-14.3.rel1-darwin-arm64-arm-none-eabi/arm-none-eabi/include/machine/_default_types.h
[E 08:16:21 81016] Already archived /Users/jie/Documents/workspace/lcmhalgen/LCMHalTest_DBS/DATABASE_FreeRTOSUART_Hyperterminal_IT/src/Users/jie/Documents/arm-gnu-toolchain-14.3.rel1-darwin-arm64-arm-none-eabi/arm-none-eabi/include/sys/features.h
[E 08:16:21 81016] Already archived /Users/jie/Documents/workspace/lcmhalgen/LCMHalTest_DBS/DATABASE_FreeRTOSUART_Hyperterminal_IT/src/Users/jie/Documents/arm-gnu-toolchain-14.3.rel1-darwin-arm64-arm-none-eabi/arm-none-eabi/include/_newlib_version.h
[E 08:16:21 81016] Already archived /Users/jie/Documents/workspace/lcmhalgen/LCMHalTest_DBS/DATABASE_FreeRTOSUART_Hyperterminal_IT/src/Users/jie/Documents/arm-gnu-toolchain-14.3.rel1-darwin-arm64-arm-none-eabi/arm-none-eabi/include/sys/_intsup.h
[E 08:16:21 81016] Already archived /Users/jie/Documents/workspace/lcmhalgen/LCMHalTest_DBS/DATABASE_FreeRTOSUART_Hyperterminal_IT/src/Users/jie/Documents/arm-gnu-toolchain-14.3.rel1-darwin-arm64-arm-none-eabi/arm-none-eabi/include/sys/_stdint.h
[E 08:16:21 81016] Already archived /Users/jie/Documents/workspace/lcmhalgen/LCMHalTest_DBS/DATABASE_FreeRTOSUART_Hyperterminal_IT/src/Users/jie/Documents/workspace/lcmhalgen/posixGen_Demos/UART_Hyperterminal_IT/Drivers/CMSIS/Include/cmsis_version.h
[E 08:16:21 81016] Already archived /Users/jie/Documents/workspace/lcmhalgen/LCMHalTest_DBS/DATABASE_FreeRTOSUART_Hyperterminal_IT/src/Users/jie/Documents/workspace/lcmhalgen/posixGen_Demos/UART_Hyperterminal_IT/Drivers/CMSIS/Include/cmsis_compiler.h
[E 08:16:21 81016] Already archived /Users/jie/Documents/workspace/lcmhalgen/LCMHalTest_DBS/DATABASE_FreeRTOSUART_Hyperterminal_IT/src/Users/jie/Documents/workspace/lcmhalgen/posixGen_Demos/UART_Hyperterminal_IT/Drivers/CMSIS/Include/cmsis_gcc.h
[E 08:16:21 81016] Already archived /Users/jie/Documents/workspace/lcmhalgen/LCMHalTest_DBS/DATABASE_FreeRTOSUART_Hyperterminal_IT/src/Users/jie/Documents/workspace/lcmhalgen/posixGen_Demos/UART_Hyperterminal_IT/Drivers/CMSIS/Include/mpu_armv7.h
[E 08:16:21 81016] Already archived /Users/jie/Documents/workspace/lcmhalgen/LCMHalTest_DBS/DATABASE_FreeRTOSUART_Hyperterminal_IT/src/Users/jie/Documents/workspace/lcmhalgen/posixGen_Demos/UART_Hyperterminal_IT/Drivers/CMSIS/Device/ST/STM32F4xx/Include/system_stm32f4xx.h
[E 08:16:21 81016] Already archived /Users/jie/Documents/workspace/lcmhalgen/LCMHalTest_DBS/DATABASE_FreeRTOSUART_Hyperterminal_IT/src/Users/jie/Documents/workspace/lcmhalgen/posixGen_Demos/UART_Hyperterminal_IT/Drivers/STM32F4xx_HAL_Driver/Inc/stm32f4xx_hal.h
[E 08:16:21 81016] Already archived /Users/jie/Documents/workspace/lcmhalgen/LCMHalTest_DBS/DATABASE_FreeRTOSUART_Hyperterminal_IT/src/Users/jie/Documents/workspace/lcmhalgen/posixGen_Demos/UART_Hyperterminal_IT/Drivers/STM32F4xx_HAL_Driver/Inc/Legacy/stm32_hal_legacy.h
[E 08:16:21 81016] Already archived /Users/jie/Documents/workspace/lcmhalgen/LCMHalTest_DBS/DATABASE_FreeRTOSUART_Hyperterminal_IT/src/Users/jie/Documents/arm-gnu-toolchain-14.3.rel1-darwin-arm64-arm-none-eabi/lib/gcc/arm-none-eabi/14.3.1/include/stddef.h
[E 08:16:21 81016] Already archived /Users/jie/Documents/workspace/lcmhalgen/LCMHalTest_DBS/DATABASE_FreeRTOSUART_Hyperterminal_IT/src/Users/jie/Documents/workspace/lcmhalgen/posixGen_Demos/UART_Hyperterminal_IT/Drivers/STM32F4xx_HAL_Driver/Inc/stm32f4xx_hal_rcc_ex.h
[E 08:16:21 81016] Already archived /Users/jie/Documents/workspace/lcmhalgen/LCMHalTest_DBS/DATABASE_FreeRTOSUART_Hyperterminal_IT/src/Users/jie/Documents/workspace/lcmhalgen/posixGen_Demos/UART_Hyperterminal_IT/Drivers/STM32F4xx_HAL_Driver/Inc/stm32f4xx_hal_gpio.h
[E 08:16:21 81016] Already archived /Users/jie/Documents/workspace/lcmhalgen/LCMHalTest_DBS/DATABASE_FreeRTOSUART_Hyperterminal_IT/src/Users/jie/Documents/workspace/lcmhalgen/posixGen_Demos/UART_Hyperterminal_IT/Drivers/STM32F4xx_HAL_Driver/Inc/stm32f4xx_hal_gpio_ex.h
[E 08:16:21 81016] Already archived /Users/jie/Documents/workspace/lcmhalgen/LCMHalTest_DBS/DATABASE_FreeRTOSUART_Hyperterminal_IT/src/Users/jie/Documents/workspace/lcmhalgen/posixGen_Demos/UART_Hyperterminal_IT/Drivers/STM32F4xx_HAL_Driver/Inc/stm32f4xx_hal_dma.h
[E 08:16:21 81016] Already archived /Users/jie/Documents/workspace/lcmhalgen/LCMHalTest_DBS/DATABASE_FreeRTOSUART_Hyperterminal_IT/src/Users/jie/Documents/workspace/lcmhalgen/posixGen_Demos/UART_Hyperterminal_IT/Drivers/STM32F4xx_HAL_Driver/Inc/stm32f4xx_hal_dma_ex.h
[E 08:16:21 81016] Already archived /Users/jie/Documents/workspace/lcmhalgen/LCMHalTest_DBS/DATABASE_FreeRTOSUART_Hyperterminal_IT/src/Users/jie/Documents/workspace/lcmhalgen/posixGen_Demos/UART_Hyperterminal_IT/Drivers/STM32F4xx_HAL_Driver/Inc/stm32f4xx_hal_cortex.h
[E 08:16:21 81016] Already archived /Users/jie/Documents/workspace/lcmhalgen/LCMHalTest_DBS/DATABASE_FreeRTOSUART_Hyperterminal_IT/src/Users/jie/Documents/workspace/lcmhalgen/posixGen_Demos/UART_Hyperterminal_IT/Drivers/STM32F4xx_HAL_Driver/Inc/stm32f4xx_hal_flash.h
[E 08:16:21 81016] Already archived /Users/jie/Documents/workspace/lcmhalgen/LCMHalTest_DBS/DATABASE_FreeRTOSUART_Hyperterminal_IT/src/Users/jie/Documents/workspace/lcmhalgen/posixGen_Demos/UART_Hyperterminal_IT/Drivers/STM32F4xx_HAL_Driver/Inc/stm32f4xx_hal_flash_ex.h
[E 08:16:21 81016] Already archived /Users/jie/Documents/workspace/lcmhalgen/LCMHalTest_DBS/DATABASE_FreeRTOSUART_Hyperterminal_IT/src/Users/jie/Documents/workspace/lcmhalgen/posixGen_Demos/UART_Hyperterminal_IT/Drivers/STM32F4xx_HAL_Driver/Inc/stm32f4xx_hal_flash_ramfunc.h
[E 08:16:21 81016] Already archived /Users/jie/Documents/workspace/lcmhalgen/LCMHalTest_DBS/DATABASE_FreeRTOSUART_Hyperterminal_IT/src/Users/jie/Documents/workspace/lcmhalgen/posixGen_Demos/UART_Hyperterminal_IT/Drivers/STM32F4xx_HAL_Driver/Inc/stm32f4xx_hal_sram.h
[E 08:16:21 81016] Already archived /Users/jie/Documents/workspace/lcmhalgen/LCMHalTest_DBS/DATABASE_FreeRTOSUART_Hyperterminal_IT/src/Users/jie/Documents/workspace/lcmhalgen/posixGen_Demos/UART_Hyperterminal_IT/Drivers/STM32F4xx_HAL_Driver/Inc/stm32f4xx_ll_fsmc.h
[E 08:16:21 81016] Already archived /Users/jie/Documents/workspace/lcmhalgen/LCMHalTest_DBS/DATABASE_FreeRTOSUART_Hyperterminal_IT/src/Users/jie/Documents/workspace/lcmhalgen/posixGen_Demos/UART_Hyperterminal_IT/Drivers/STM32F4xx_HAL_Driver/Inc/stm32f4xx_hal_i2c.h
[E 08:16:21 81016] Already archived /Users/jie/Documents/workspace/lcmhalgen/LCMHalTest_DBS/DATABASE_FreeRTOSUART_Hyperterminal_IT/src/Users/jie/Documents/workspace/lcmhalgen/posixGen_Demos/UART_Hyperterminal_IT/Drivers/STM32F4xx_HAL_Driver/Inc/stm32f4xx_hal_i2c_ex.h
[E 08:16:21 81016] Already archived /Users/jie/Documents/workspace/lcmhalgen/LCMHalTest_DBS/DATABASE_FreeRTOSUART_Hyperterminal_IT/src/Users/jie/Documents/workspace/lcmhalgen/posixGen_Demos/UART_Hyperterminal_IT/Drivers/STM32F4xx_HAL_Driver/Inc/stm32f4xx_hal_pwr.h
[E 08:16:21 81016] Already archived /Users/jie/Documents/workspace/lcmhalgen/LCMHalTest_DBS/DATABASE_FreeRTOSUART_Hyperterminal_IT/src/Users/jie/Documents/workspace/lcmhalgen/posixGen_Demos/UART_Hyperterminal_IT/Drivers/STM32F4xx_HAL_Driver/Inc/stm32f4xx_hal_pwr_ex.h
[E 08:16:21 81016] Already archived /Users/jie/Documents/workspace/lcmhalgen/LCMHalTest_DBS/DATABASE_FreeRTOSUART_Hyperterminal_IT/src/Users/jie/Documents/workspace/lcmhalgen/posixGen_Demos/UART_Hyperterminal_IT/Drivers/STM32F4xx_HAL_Driver/Inc/stm32f4xx_hal_uart.h
[E 08:16:21 81016] Already archived /Users/jie/Documents/workspace/lcmhalgen/LCMHalTest_DBS/DATABASE_FreeRTOSUART_Hyperterminal_IT/src/Users/jie/Documents/workspace/lcmhalgen/posixGen_Demos/UART_Hyperterminal_IT/Drivers/BSP/Components/stmpe811/stmpe811.h
[E 08:16:21 81016] Already archived /Users/jie/Documents/workspace/lcmhalgen/LCMHalTest_DBS/DATABASE_FreeRTOSUART_Hyperterminal_IT/src/Users/jie/Documents/workspace/lcmhalgen/posixGen_Demos/UART_Hyperterminal_IT/Drivers/BSP/Components/Common/ts.h
[E 08:16:21 81016] Already archived /Users/jie/Documents/workspace/lcmhalgen/LCMHalTest_DBS/DATABASE_FreeRTOSUART_Hyperterminal_IT/src/Users/jie/Documents/workspace/lcmhalgen/posixGen_Demos/UART_Hyperterminal_IT/Drivers/BSP/Components/Common/io.h
[E 08:16:21 81016] Creating trap tarball /Users/jie/Documents/workspace/lcmhalgen/LCMHalTest_DBS/DATABASE_FreeRTOSUART_Hyperterminal_IT/trap/cpp/tarballs/Users/jie/Documents/workspace/lcmhalgen/posixGen_Demos/UART_Hyperterminal_IT/Drivers/BSP/STM324xG_EVAL/stm324xg_eval_io.c.e5187e1d_0.trap.tar.zst
[E 08:16:21 81016] Emitting trap files for ../../Drivers/BSP/STM324xG_EVAL/stm324xg_eval_io.c
[E 08:16:21 81016] Opening existencedb in /Users/jie/Documents/workspace/lcmhalgen/LCMHalTest_DBS/DATABASE_FreeRTOSUART_Hyperterminal_IT/working/existencedb/db
[E 08:16:21 81016] Wrote 1 files to /Users/jie/Documents/workspace/lcmhalgen/LCMHalTest_DBS/DATABASE_FreeRTOSUART_Hyperterminal_IT/trap/cpp/tarballs/Users/jie/Documents/workspace/lcmhalgen/posixGen_Demos/UART_Hyperterminal_IT/Drivers/BSP/STM324xG_EVAL/stm324xg_eval_io.c.e5187e1d_0.trap.tar.zst
[E 08:16:21 81016] Finished compilation TRAP /Users/jie/Documents/workspace/lcmhalgen/LCMHalTest_DBS/DATABASE_FreeRTOSUART_Hyperterminal_IT/trap/cpp/compilations/7/16351216_0.trap.zst
[E 08:16:21 81016] Marking C compilation as happened.
[E 08:16:21 81016] Setting tag c-compilation-happened
[E 08:16:21 81016] Starting from CODEQL_TRACER_DB_ID 0000000000013C76_0000000000000001
[E 08:16:21 81016] Locking DB /Users/jie/Documents/workspace/lcmhalgen/LCMHalTest_DBS/DATABASE_FreeRTOSUART_Hyperterminal_IT/working/tags.db
[E 08:16:21 81016] Locked DB /Users/jie/Documents/workspace/lcmhalgen/LCMHalTest_DBS/DATABASE_FreeRTOSUART_Hyperterminal_IT/working/tags.db
[E 08:16:21 81016] Set tag for 0000000000013C76_0000000000000001
[E 08:16:21 81016] Set tag for 0000000000013C6C_0000000000000003
[E 08:16:21 81016] Set tag for 0000000000013C6C_0000000000000002
[E 08:16:21 81016] Set tag for 0000000000013C6C_0000000000000001
[E 08:16:21 81016] Set tag for 0000000000013827_0000000000000002
[E 08:16:21 81016] Set tag for 0000000000013827_0000000000000001
[E 08:16:21 81016] Set tag for 00000000000137DE_0000000000000003
[E 08:16:21 81016] Set tag for 00000000000137DE_0000000000000002
[E 08:16:21 81016] Set tag for root
[E 08:16:21 81016] Unlocking DB
[E 08:16:21 81016] Unlocked DB
[E 08:16:21 81016] Extractor exited successfully
[T 08:16:21 81014] Extractor /opt/homebrew/Caskroom/codeql/2.23.0/codeql/cpp/tools/osx64/extractor terminated with exit code 0.
[T 08:16:21 81038] Initializing tracer.
[T 08:16:21 81038] Initializing tags.
[T 08:16:21 81038] ID set to 0000000000013C8E_0000000000000001 (parent 0000000000013C6C_0000000000000003)
[T 08:16:21 81038] ==== Candidate to intercept: /Users/jie/Documents/arm-gnu-toolchain-14.3.rel1-darwin-arm64-arm-none-eabi/bin/../lib/gcc/arm-none-eabi/14.3.1/../../../../arm-none-eabi/bin/as (canonical: /Users/jie/Documents/arm-gnu-toolchain-14.3.rel1-darwin-arm64-arm-none-eabi/arm-none-eabi/bin/as) ====
[T 08:16:21 81038] Lua: === Intercepted call to /users/jie/documents/arm-gnu-toolchain-14.3.rel1-darwin-arm64-arm-none-eabi/arm-none-eabi/bin/as ===
[T 08:16:21 81038] Executing the following tracer actions:
[T 08:16:21 81038] Tracer actions:
[T 08:16:21 81038] pre_invocations(0)
[T 08:16:21 81038] post_invocations(1)
[T 08:16:21 81038] invocation: /opt/homebrew/Caskroom/codeql/2.23.0/codeql/cpp/tools/osx64/extractor, args: [--assembler, --codeql-assembler-executable, /users/jie/documents/arm-gnu-toolchain-14.3.rel1-darwin-arm64-arm-none-eabi/arm-none-eabi/bin/as, -I, ../../Inc, -I, ../../Drivers/CMSIS/Device/ST/STM32F4xx/Include, -I, ../../Drivers/STM32F4xx_HAL_Driver/Inc, -I, ../../Drivers/BSP/STM324xG_EVAL, -I, ../../Drivers/CMSIS/Include, -march=armv7e-m+fp, -mfloat-abi=hard, -mfpu=fpv4-sp-d16, -meabi=5, -o, Drivers/BSP/STM324xG_EVAL/stm324xg_eval_io.o, /var/folders/b3/0hb7dhg16rd56bpwtd8bcnyc0000gn/T//cc7Bp3J2.s]
[T 08:16:21 81038] trace_languages(1): [cpp]
[T 08:16:21 81040] Attempting to switch stdout/stderr to 4...
[T 08:16:21 81040] Initializing tracer.
[T 08:16:21 81040] Initializing tags.
[T 08:16:21 81040] ID set to 0000000000013C90_0000000000000001 (parent 0000000000013C8E_0000000000000001)
[E 08:16:21 81040] CodeQL C/C++ Extractor 2.23.0
[E 08:16:21 81040] Current directory: /Users/jie/Documents/workspace/lcmhalgen/posixGen_Demos/UART_Hyperterminal_IT/STM32CubeIDE/Release
[E 08:16:21 81040] Command: /opt/homebrew/Caskroom/codeql/2.23.0/codeql/cpp/tools/osx64/extractor --assembler --codeql-assembler-executable /users/jie/documents/arm-gnu-toolchain-14.3.rel1-darwin-arm64-arm-none-eabi/arm-none-eabi/bin/as -I ../../Inc -I ../../Drivers/CMSIS/Device/ST/STM32F4xx/Include -I ../../Drivers/STM32F4xx_HAL_Driver/Inc -I ../../Drivers/BSP/STM324xG_EVAL -I ../../Drivers/CMSIS/Include '-march=armv7e-m+fp' -mfloat-abi=hard -mfpu=fpv4-sp-d16 -meabi=5 -o Drivers/BSP/STM324xG_EVAL/stm324xg_eval_io.o /var/folders/b3/0hb7dhg16rd56bpwtd8bcnyc0000gn/T//cc7Bp3J2.s
[E 08:16:21 81040] Extractor exited after mimicking assembler
[T 08:16:21 81038] Extractor /opt/homebrew/Caskroom/codeql/2.23.0/codeql/cpp/tools/osx64/extractor terminated with exit code 0.
[T 08:16:21 81041] Attempting to switch stdout/stderr to 4...
[T 08:16:21 81041] Initializing tracer.
[T 08:16:21 81041] Initializing tags.
[T 08:16:21 81041] ID set to 0000000000013C91_0000000000000001 (parent 0000000000013C6C_0000000000000003)
[E 08:16:21 81041] CodeQL C/C++ Extractor 2.23.0
[E 08:16:21 81041] Current directory: /Users/jie/Documents/workspace/lcmhalgen/posixGen_Demos/UART_Hyperterminal_IT/STM32CubeIDE/Release
[E 08:16:21 81041] Command: /opt/homebrew/Caskroom/codeql/2.23.0/codeql/cpp/tools/osx64/extractor --mimic /users/jie/documents/arm-gnu-toolchain-14.3.rel1-darwin-arm64-arm-none-eabi/bin/arm-none-eabi-gcc ../../Drivers/BSP/STM324xG_EVAL/stm324xg_eval_io.c -mcpu=cortex-m4 -std=gnu11 -DUSE_STM324xG_EVAL -DSTM32F407xx -DUSE_HAL_DRIVER -c -I../../Inc -I../../Drivers/CMSIS/Device/ST/STM32F4xx/Include -I../../Drivers/STM32F4xx_HAL_Driver/Inc -I../../Drivers/BSP/STM324xG_EVAL -I../../Drivers/CMSIS/Include -Os -ffunction-sections -fdata-sections -Wall -fstack-usage -MMD -MP -MFDrivers/BSP/STM324xG_EVAL/stm324xg_eval_io.d -MTDrivers/BSP/STM324xG_EVAL/stm324xg_eval_io.o --specs=nano.specs -mfpu=fpv4-sp-d16 -mfloat-abi=hard -mthumb -o Drivers/BSP/STM324xG_EVAL/stm324xg_eval_io.o
[E 08:16:21 81041] Warning: Unrecognized command line argument --specs=nano.specs
[E 08:16:21 81041] Checking whether C compilation already happened.
[E 08:16:21 81041] Checking for tag c-compilation-happened
[E 08:16:21 81041] Checking CODEQL_TRACER_DB_ID 0000000000013C6C_0000000000000003
[E 08:16:21 81041] Locking DB /Users/jie/Documents/workspace/lcmhalgen/LCMHalTest_DBS/DATABASE_FreeRTOSUART_Hyperterminal_IT/working/tags.db
[E 08:16:21 81041] Locked DB /Users/jie/Documents/workspace/lcmhalgen/LCMHalTest_DBS/DATABASE_FreeRTOSUART_Hyperterminal_IT/working/tags.db
[E 08:16:21 81041] Unlocking DB
[E 08:16:21 81041] Unlocked DB
[E 08:16:21 81041] Exiting as C compilation already happened.
[T 08:16:21 81004] Extractor /opt/homebrew/Caskroom/codeql/2.23.0/codeql/cpp/tools/osx64/extractor terminated with exit code 0.
[T 08:16:21 81042] Initializing tracer.
[T 08:16:21 81042] Initializing tags.
[T 08:16:21 81042] ID set to 0000000000013C92_0000000000000001 (parent 0000000000013827_0000000000000002)
[T 08:16:21 81042] ==== Candidate to intercept: /bin/sh (canonical: /bin/sh) ====
[T 08:16:21 81042] Executing the following tracer actions:
[T 08:16:21 81042] Tracer actions:
[T 08:16:21 81042] pre_invocations(0)
[T 08:16:21 81042] post_invocations(0)
[T 08:16:21 81042] trace_languages(1): [cpp]
[T 08:16:21 81042] Initializing tracer.
[T 08:16:21 81042] Initializing tags.
[T 08:16:21 81042] ID set to 0000000000013C92_0000000000000002 (parent 0000000000013C92_0000000000000001)
[T 08:16:21 81042] ==== Candidate to intercept: /bin/bash (canonical: /bin/bash) ====
[T 08:16:21 81042] Executing the following tracer actions:
[T 08:16:21 81042] Tracer actions:
[T 08:16:21 81042] pre_invocations(0)
[T 08:16:21 81042] post_invocations(0)
[T 08:16:21 81042] trace_languages(1): [cpp]
[T 08:16:21 81042] Initializing tracer.
[T 08:16:21 81042] Initializing tags.
[T 08:16:21 81042] ID set to 0000000000013C92_0000000000000003 (parent 0000000000013C92_0000000000000002)
[T 08:16:21 81042] ==== Candidate to intercept: /Users/jie/Documents/arm-gnu-toolchain-14.3.rel1-darwin-arm64-arm-none-eabi/bin/arm-none-eabi-gcc (canonical: /Users/jie/Documents/arm-gnu-toolchain-14.3.rel1-darwin-arm64-arm-none-eabi/bin/arm-none-eabi-gcc) ====
[T 08:16:21 81042] Lua: === Intercepted call to /users/jie/documents/arm-gnu-toolchain-14.3.rel1-darwin-arm64-arm-none-eabi/bin/arm-none-eabi-gcc ===
[T 08:16:21 81042] Executing the following tracer actions:
[T 08:16:21 81042] Tracer actions:
[T 08:16:21 81042] pre_invocations(0)
[T 08:16:21 81042] post_invocations(1)
[T 08:16:21 81042] invocation: /opt/homebrew/Caskroom/codeql/2.23.0/codeql/cpp/tools/osx64/extractor, args: [--mimic, /users/jie/documents/arm-gnu-toolchain-14.3.rel1-darwin-arm64-arm-none-eabi/bin/arm-none-eabi-gcc, ../../Drivers/BSP/Components/stmpe811/stmpe811.c, -mcpu=cortex-m4, -std=gnu11, -DUSE_STM324xG_EVAL, -DSTM32F407xx, -DUSE_HAL_DRIVER, -c, -I../../Inc, -I../../Drivers/CMSIS/Device/ST/STM32F4xx/Include, -I../../Drivers/STM32F4xx_HAL_Driver/Inc, -I../../Drivers/BSP/STM324xG_EVAL, -I../../Drivers/CMSIS/Include, -Os, -ffunction-sections, -fdata-sections, -Wall, -fstack-usage, -MMD, -MP, -MFDrivers/BSP/Components/stmpe811.d, -MTDrivers/BSP/Components/stmpe811.o, --specs=nano.specs, -mfpu=fpv4-sp-d16, -mfloat-abi=hard, -mthumb, -o, Drivers/BSP/Components/stmpe811.o]
[T 08:16:21 81042] trace_languages(1): [cpp]
[T 08:16:21 81044] Initializing tracer.
[T 08:16:21 81044] Initializing tags.
[T 08:16:21 81044] ID set to 0000000000013C94_0000000000000001 (parent 0000000000013C92_0000000000000003)
[T 08:16:21 81044] ==== Candidate to intercept: /Users/jie/Documents/arm-gnu-toolchain-14.3.rel1-darwin-arm64-arm-none-eabi/bin/../libexec/gcc/arm-none-eabi/14.3.1/cc1 (canonical: /Users/jie/Documents/arm-gnu-toolchain-14.3.rel1-darwin-arm64-arm-none-eabi/libexec/gcc/arm-none-eabi/14.3.1/cc1) ====
[T 08:16:21 81044] Lua: === Intercepted call to /users/jie/documents/arm-gnu-toolchain-14.3.rel1-darwin-arm64-arm-none-eabi/libexec/gcc/arm-none-eabi/14.3.1/cc1 ===
[T 08:16:21 81044] Executing the following tracer actions:
[T 08:16:21 81044] Tracer actions:
[T 08:16:21 81044] pre_invocations(0)
[T 08:16:21 81044] post_invocations(1)
[T 08:16:21 81044] invocation: /opt/homebrew/Caskroom/codeql/2.23.0/codeql/cpp/tools/osx64/extractor, args: [--mimic, /users/jie/documents/arm-gnu-toolchain-14.3.rel1-darwin-arm64-arm-none-eabi/libexec/gcc/arm-none-eabi/14.3.1/cc1, -isystem, =/include/newlib-nano, -quiet, -I, ../../Inc, -I, ../../Drivers/CMSIS/Device/ST/STM32F4xx/Include, -I, ../../Drivers/STM32F4xx_HAL_Driver/Inc, -I, ../../Drivers/BSP/STM324xG_EVAL, -I, ../../Drivers/CMSIS/Include, -imultilib, thumb/v7e-m+fp/hard, -iprefix, /Users/jie/Documents/arm-gnu-toolchain-14.3.rel1-darwin-arm64-arm-none-eabi/bin/../lib/gcc/arm-none-eabi/14.3.1/, -isysroot, /Users/jie/Documents/arm-gnu-toolchain-14.3.rel1-darwin-arm64-arm-none-eabi/bin/../arm-none-eabi, -MMD, Drivers/BSP/Components/stmpe811.d, -MF, Drivers/BSP/Components/stmpe811.d, -MP, -MT, Drivers/BSP/Components/stmpe811.o, -D__USES_INITFINI__, -D, USE_STM324xG_EVAL, -D, STM32F407xx, -D, USE_HAL_DRIVER, ../../Drivers/BSP/Components/stmpe811/stmpe811.c, -quiet, -dumpdir, Drivers/BSP/Components/, -dumpbase, stmpe811.c, -dumpbase-ext, .c, -mcpu=cortex-m4, -mfpu=fpv4-sp-d16, -mfloat-abi=hard, -mthumb, -mlibarch=armv7e-m+fp, -march=armv7e-m+fp, -Os, -Wall, -std=gnu11, -ffunction-sections, -fdata-sections, -fstack-usage, -o, /var/folders/b3/0hb7dhg16rd56bpwtd8bcnyc0000gn/T//ccTFIntp.s]
[T 08:16:21 81044] trace_languages(1): [cpp]
[T 08:16:21 81049] Attempting to switch stdout/stderr to 4...
[T 08:16:21 81049] Initializing tracer.
[T 08:16:21 81049] Initializing tags.
[T 08:16:21 81049] ID set to 0000000000013C99_0000000000000001 (parent 0000000000013C94_0000000000000001)
[E 08:16:21 81049] CodeQL C/C++ Extractor 2.23.0
[E 08:16:21 81049] Current directory: /Users/jie/Documents/workspace/lcmhalgen/posixGen_Demos/UART_Hyperterminal_IT/STM32CubeIDE/Release
[E 08:16:21 81049] Command: /opt/homebrew/Caskroom/codeql/2.23.0/codeql/cpp/tools/osx64/extractor --mimic /users/jie/documents/arm-gnu-toolchain-14.3.rel1-darwin-arm64-arm-none-eabi/libexec/gcc/arm-none-eabi/14.3.1/cc1 -isystem '=/include/newlib-nano' -quiet -I ../../Inc -I ../../Drivers/CMSIS/Device/ST/STM32F4xx/Include -I ../../Drivers/STM32F4xx_HAL_Driver/Inc -I ../../Drivers/BSP/STM324xG_EVAL -I ../../Drivers/CMSIS/Include -imultilib 'thumb/v7e-m+fp/hard' -iprefix /Users/jie/Documents/arm-gnu-toolchain-14.3.rel1-darwin-arm64-arm-none-eabi/bin/../lib/gcc/arm-none-eabi/14.3.1/ -isysroot /Users/jie/Documents/arm-gnu-toolchain-14.3.rel1-darwin-arm64-arm-none-eabi/bin/../arm-none-eabi -MMD Drivers/BSP/Components/stmpe811.d -MF Drivers/BSP/Components/stmpe811.d -MP -MT Drivers/BSP/Components/stmpe811.o -D__USES_INITFINI__ -D USE_STM324xG_EVAL -D STM32F407xx -D USE_HAL_DRIVER ../../Drivers/BSP/Components/stmpe811/stmpe811.c -quiet -dumpdir Drivers/BSP/Components/ -dumpbase stmpe811.c -dumpbase-ext .c -mcpu=cortex-m4 -mfpu=fpv4-sp-d16 -mfloat-abi=hard -mthumb '-mlibarch=armv7e-m+fp' '-march=armv7e-m+fp' -Os -Wall -std=gnu11 -ffunction-sections -fdata-sections -fstack-usage -o /var/folders/b3/0hb7dhg16rd56bpwtd8bcnyc0000gn/T//ccTFIntp.s
[E 08:16:21 81049] Checking whether C compilation already happened.
[E 08:16:21 81049] Checking for tag c-compilation-happened
[E 08:16:21 81049] Checking CODEQL_TRACER_DB_ID 0000000000013C94_0000000000000001
[E 08:16:21 81049] Locking DB /Users/jie/Documents/workspace/lcmhalgen/LCMHalTest_DBS/DATABASE_FreeRTOSUART_Hyperterminal_IT/working/tags.db
[E 08:16:21 81049] Locked DB /Users/jie/Documents/workspace/lcmhalgen/LCMHalTest_DBS/DATABASE_FreeRTOSUART_Hyperterminal_IT/working/tags.db
[E 08:16:21 81049] Unlocking DB
[E 08:16:21 81049] Unlocked DB
[E 08:16:21 81049] Looks like C compilation didn't already happen.
[E 08:16:21 81049] Checking whether C compilation has been attempted.
[E 08:16:21 81049] Checking for tag c-compilation-attempted
[E 08:16:21 81049] Checking CODEQL_TRACER_DB_ID 0000000000013C94_0000000000000001
[E 08:16:21 81049] Locking DB /Users/jie/Documents/workspace/lcmhalgen/LCMHalTest_DBS/DATABASE_FreeRTOSUART_Hyperterminal_IT/working/tags.db
[E 08:16:21 81049] Locked DB /Users/jie/Documents/workspace/lcmhalgen/LCMHalTest_DBS/DATABASE_FreeRTOSUART_Hyperterminal_IT/working/tags.db
[E 08:16:21 81049] Unlocking DB
[E 08:16:21 81049] Unlocked DB
[E 08:16:21 81049] Marking C compilation as attempted.
[E 08:16:21 81049] Setting tag c-compilation-attempted
[E 08:16:21 81049] Starting from CODEQL_TRACER_DB_ID 0000000000013C94_0000000000000001
[E 08:16:21 81049] Locking DB /Users/jie/Documents/workspace/lcmhalgen/LCMHalTest_DBS/DATABASE_FreeRTOSUART_Hyperterminal_IT/working/tags.db
[E 08:16:21 81049] Locked DB /Users/jie/Documents/workspace/lcmhalgen/LCMHalTest_DBS/DATABASE_FreeRTOSUART_Hyperterminal_IT/working/tags.db
[E 08:16:21 81049] Set tag for 0000000000013C94_0000000000000001
[E 08:16:21 81049] Set tag for 0000000000013C92_0000000000000003
[E 08:16:21 81049] Set tag for 0000000000013C92_0000000000000002
[E 08:16:21 81049] Set tag for 0000000000013C92_0000000000000001
[E 08:16:21 81049] Set tag for 0000000000013827_0000000000000002
[E 08:16:21 81049] Set tag for 0000000000013827_0000000000000001
[E 08:16:21 81049] Set tag for 00000000000137DE_0000000000000003
[E 08:16:21 81049] Set tag for 00000000000137DE_0000000000000002
[E 08:16:21 81049] Set tag for root
[E 08:16:21 81049] Unlocking DB
[E 08:16:21 81049] Unlocked DB
[E 08:16:21 81049] Processed command line: /opt/homebrew/Caskroom/codeql/2.23.0/codeql/cpp/tools/osx64/extractor --trapfolder /Users/jie/Documents/workspace/lcmhalgen/LCMHalTest_DBS/DATABASE_FreeRTOSUART_Hyperterminal_IT/trap/cpp --src_archive /Users/jie/Documents/workspace/lcmhalgen/LCMHalTest_DBS/DATABASE_FreeRTOSUART_Hyperterminal_IT/src --object_filename /var/folders/b3/0hb7dhg16rd56bpwtd8bcnyc0000gn/T//ccTFIntp.s --no_warnings_and_discretionary_errors --error_limit 1000 --disable_system_macros --variadic_macros --incognito --c11 --gcc --gnu_version 140301 --target linux_i686 '-D__DBL_MIN_EXP__=(-1021)' -D__HQ_FBIT__=15 -D__UINT_LEAST16_MAX__=0xffff -D__ARM_SIZEOF_WCHAR_T=4 -D__WCHAR_MAX__=0xffffffffU -D__SFRACT_IBIT__=0 -D__ULFRACT_MIN__=0.0ULR -D__FLT_MIN__=1.1754943508222875e-38F -D__GCC_IEC_559_COMPLEX=0 -D__SIZEOF_LONG__=4 -D__UFRACT_MAX__=0XFFFFP-16UR '-D__UINT_LEAST8_TYPE__=unsigned char' -D__FLT_MAX_EXP__=128 -D__DQ_FBIT__=63 '-D__INTMAX_C(c)=c ## LL' -D__ARM_FEATURE_SAT=1 -D__ULFRACT_FBIT__=32 -D__CHAR_BIT__=8 -D__USQ_IBIT__=0 -D__UINT8_MAX__=0xff -D__ACCUM_FBIT__=15 -D__WINT_MAX__=0xffffffffU '-D__FLT32_MIN_EXP__=(-125)' -D__LONG_WIDTH__=32 -D__USFRACT_FBIT__=8 -D__ORDER_LITTLE_ENDIAN__=1234 -D__SIZE_MAX__=0xffffffffU -D__LACCUM_IBIT__=32 -D__GCC_HAVE_SYNC_COMPARE_AND_SWAP_1=1 -D__GCC_HAVE_SYNC_COMPARE_AND_SWAP_2=1 -D__GCC_HAVE_SYNC_COMPARE_AND_SWAP_4=1 '-D__DBL_DENORM_MIN__=((double)4.9406564584124654e-324L)' -D__GCC_ATOMIC_CHAR_LOCK_FREE=2 -D__GCC_IEC_559=0 -D__FLT32X_DECIMAL_DIG__=17 -D__FLT_EVAL_METHOD__=0 -D__TQ_IBIT__=0 -D__LLACCUM_MAX__=0X7FFFFFFFFFFFFFFFP-31LLK -D__FLT32_HAS_INFINITY__=1 -D__FLT64_DECIMAL_DIG__=17 -D__GCC_ATOMIC_CHAR32_T_LOCK_FREE=2 -D__INTPTR_WIDTH__=32 -D__SIG_ATOMIC_TYPE__=int '-D__DBL_MIN_10_EXP__=(-307)' -D__LFRACT_IBIT__=0 -D__FLT32_HAS_DENORM__=1 -D__USA_FBIT__=16 -D__UINT_FAST8_MAX__=0xffffffffU -D__FLT_HAS_QUIET_NAN__=1 '-D__INT8_C(c)=c' -D__INT_LEAST8_WIDTH__=8 -D__UINT_LEAST64_MAX__=0xffffffffffffffffULL -D__SA_FBIT__=15 -D__APCS_32__=1 -D__SHRT_MAX__=0x7fff '-D__LDBL_MAX__=1.7976931348623157e+308L' -D__FRACT_MAX__=0X7FFFP-15R -D__thumb2__=1 -D__LDBL_IS_IEC_60559__=1 -D__UFRACT_FBIT__=16 -D__ARM_FP=4 -D__UFRACT_MIN__=0.0UR -D__UINT_LEAST8_MAX__=0xff -D__GCC_ATOMIC_BOOL_LOCK_FREE=2 '-D__UINTMAX_TYPE__=long long unsigned int' -D__LLFRACT_EPSILON__=0x1P-63LLR -D__FLT_EVAL_METHOD_TS_18661_3__=0 -D__UINT32_MAX__=0xffffffffUL -D__ULFRACT_MAX__=0XFFFFFFFFP-32ULR -D__TA_IBIT__=64 -D__LDBL_MAX_EXP__=1024 -D__WINT_MIN__=0U -D__ARM_ASM_SYNTAX_UNIFIED__=1 -D__FLT32X_IS_IEC_60559__=1 -D__INT_LEAST16_WIDTH__=16 -D__ULLFRACT_MIN__=0.0ULLR -D__SCHAR_MAX__=0x7f -D__WCHAR_MIN__=0U '-D__INT64_C(c)=c ## LL' '-D__UINT16_C(c)=c' -D__GCC_ATOMIC_POINTER_LOCK_FREE=2 -D__ATOMIC_SEQ_CST=5 -D__FLT32X_MAX_EXP__=1024 -D__SIZEOF_INT__=4 -D__FLT32X_MANT_DIG__=53 -D__USACCUM_IBIT__=8 '-D__INT16_TYPE__=short int' -D__FLT_DIG__=6 '-D__LFRACT_MIN__=(-0.5LR-0.5LR)' -D__HA_IBIT__=8 -D__FLT_EPSILON__=1.1920928955078125e-7F -D__SHRT_WIDTH__=16 -D__FLT32_IS_IEC_60559__=1 -D__USFRACT_IBIT__=0 -D__LDBL_MIN__=2.2250738585072014e-308L -D__STDC_UTF_16__=1 '-D__FRACT_MIN__=(-0.5R-0.5R)' -D__DA_IBIT__=32 -D__ARM_SIZEOF_MINIMAL_ENUM=1 -D__FLT32X_HAS_INFINITY__=1 -D__UQQ_FBIT__=8 -D__UACCUM_MAX__=0XFFFFFFFFP-16UK -D__DECIMAL_DIG__=17 -D__LFRACT_EPSILON__=0x1P-31LR -D__FLT64_EPSILON__=2.2204460492503131e-16F64 -D__INT16_MAX__=0x7fff -D__ARM_PCS_VFP=1 -D__LDBL_HAS_QUIET_NAN__=1 -D__ULACCUM_IBIT__=32 -D__ARM_FEATURE_FMA=1 -D__FLT64_MANT_DIG__=53 -D__INT_LEAST16_MAX__=0x7fff -D__UACCUM_EPSILON__=0x1P-16UK -D__ULLACCUM_MAX__=0XFFFFFFFFFFFFFFFFP-32ULLK -D__HQ_IBIT__=0 -D__FLT_HAS_DENORM__=1 -D__SIZEOF_LONG_DOUBLE__=8 -D__SA_IBIT__=16 -D__BIGGEST_ALIGNMENT__=8 -D__ARM_FEATURE_IDIV=1 -D__INTPTR_TYPE__=int '-D__SIZE_TYPE__=unsigned int' -D__FLT64_MAX_10_EXP__=308 -D__DBL_DIG__=15 -D__ULLACCUM_FBIT__=32 -D__DBL_IS_IEC_60559__=1 -D__DQ_IBIT__=0 '-D__DBL_MAX__=((double)1.7976931348623157e+308L)' -D__ULFRACT_IBIT__=0 -D__INT_FAST32_MAX__=0x7fffffff -D__DBL_HAS_INFINITY__=1 -D__HAVE_SPECULATION_SAFE_VALUE=1 -D__ACCUM_IBIT__=16 -D__THUMB_INTERWORK__=1 -D__UINT_LEAST32_MAX__=0xffffffffUL -D__LACCUM_MAX__=0X7FFFFFFFFFFFFFFFP-31LK -D__FLT32X_HAS_DENORM__=1 -D__INT_FAST16_TYPE__=int -D__LDBL_HAS_DENORM__=1 -D__ARM_FEATURE_LDREX=7 -D__FLT32_DECIMAL_DIG__=9 -D__INT_LEAST32_MAX__=0x7fffffffL -D__ACCUM_MAX__=0X7FFFFFFFP-15K -D__DBL_MAX_EXP__=1024 -D__USACCUM_EPSILON__=0x1P-8UHK -D__WCHAR_WIDTH__=32 '-D__FLT32_MAX__=3.4028234663852886e+38F32' -D__SFRACT_MAX__=0X7FP-7HR -D__FRACT_IBIT__=0 -D__PTRDIFF_MAX__=0x7fffffff -D__UACCUM_MIN__=0.0UK -D__UACCUM_IBIT__=16 '-D__LLACCUM_MIN__=(-0X1P31LLK-0X1P31LLK)' -D__FLT32_HAS_QUIET_NAN__=1 -D__LONG_LONG_MAX__=0x7fffffffffffffffLL -D__ULACCUM_MAX__=0XFFFFFFFFFFFFFFFFP-32ULK -D__SIZEOF_WINT_T__=4 -D__ARM_FEATURE_UNALIGNED=1 -D__LONG_LONG_WIDTH__=64 -D__FLT32_MAX_EXP__=128 -D__ULLACCUM_MIN__=0.0ULLK -D__GXX_ABI_VERSION=1019 -D__UTA_FBIT__=64 -D__UFRACT_IBIT__=0 -D__FLT64_IS_IEC_60559__=1 -D__USQ_FBIT__=32 -D__ARM_FEATURE_QBIT=1 '-D__INT_FAST64_TYPE__=long long int' -D__FP_FAST_FMAF=1 -D__FLT64_DENORM_MIN__=4.9406564584124654e-324F64 '-D__DBL_MIN__=((double)2.2250738585072014e-308L)' -D__SIZEOF_POINTER__=4 -D__DBL_HAS_QUIET_NAN__=1 -D__FLT32X_EPSILON__=2.2204460492503131e-16F32x '-D__FLT64_MIN_EXP__=(-1021)' '-D__LACCUM_MIN__=(-0X1P31LK-0X1P31LK)' -D__FRACT_FBIT__=15 '-D__FLT64_MIN_10_EXP__=(-307)' -D__ULLFRACT_EPSILON__=0x1P-64ULLR -D__REGISTER_PREFIX__= -D__UINT16_MAX__=0xffff -D__DBL_HAS_DENORM__=1 '-D__ACCUM_MIN__=(-0X1P15K-0X1P15K)' -D__SQ_IBIT__=0 '-D__UINT8_TYPE__=unsigned char' -D__UHA_FBIT__=8 '-D__SFRACT_MIN__=(-0.5HR-0.5HR)' -D__UTQ_FBIT__=128 -D__DEC_EVAL_METHOD__=2 -D__FLT_MANT_DIG__=24 -D__LDBL_DECIMAL_DIG__=17 '-D__UINT64_C(c)=c ## ULL' -D__FRACT_EPSILON__=0x1P-15R -D__ULACCUM_MIN__=0.0ULK -D__UDA_FBIT__=32 -D__GCC_ATOMIC_INT_LOCK_FREE=2 '-D__FLT_MIN_EXP__=(-125)' -D__FLOAT_WORD_ORDER__=__ORDER_LITTLE_ENDIAN__ -D__USFRACT_MIN__=0.0UHR -D__FLT32_MANT_DIG__=24 -D__ULLFRACT_FBIT__=64 -D__UQQ_IBIT__=0 -D__SCHAR_WIDTH__=8 '-D__INT32_C(c)=c ## L' -D__ORDER_PDP_ENDIAN__=3412 -D__UHQ_FBIT__=16 -D__LLACCUM_FBIT__=31 -D__INT_FAST32_TYPE__=int '-D__UINT_LEAST16_TYPE__=short unsigned int' -D__UINT64_MAX__=0xffffffffffffffffULL -D__FLT_IS_IEC_60559__=1 -D__UDQ_FBIT__=64 -D__UINT_FAST64_MAX__=0xffffffffffffffffULL '-D__GNUC_WIDE_EXECUTION_CHARSET_NAME="UTF-32LE"' '-D__INT8_TYPE__=signed char' -D__thumb__=1 -D__ELF__=1 -D__SACCUM_EPSILON__=0x1P-7HK -D__ULFRACT_EPSILON__=0x1P-32ULR -D__LLFRACT_FBIT__=63 -D__FLT_RADIX__=2 '-D__INT_LEAST16_TYPE__=short int' -D__ARM_ARCH_PROFILE=77 -D__LDBL_EPSILON__=2.2204460492503131e-16L '-D__UINTMAX_C(c)=c ## ULL' -D__SACCUM_MAX__=0X7FFFP-7HK -D__FLT32X_MIN__=2.2250738585072014e-308F32x -D__SIG_ATOMIC_MAX__=0x7fffffff -D__UACCUM_FBIT__=16 -D__GCC_ATOMIC_WCHAR_T_LOCK_FREE=2 -D__USER_LABEL_PREFIX__= -D__VFP_FP__=1 -D__SIZEOF_PTRDIFF_T__=4 -D__ATOMIC_ACQUIRE=2 -D__INT_WIDTH__=32 -D__OPTIMIZE__=1 -D__LACCUM_EPSILON__=0x1P-31LK -D__LDBL_DIG__=15 '-D__FLT32X_MIN_EXP__=(-1021)' -D__INT_FAST16_MAX__=0x7fffffff -D__GCC_CONSTRUCTIVE_SIZE=64 -D__FLT64_DIG__=15 -D__UINT_FAST32_MAX__=0xffffffffU '-D__UINT_LEAST64_TYPE__=long long unsigned int' -D__SFRACT_EPSILON__=0x1P-7HR -D__GCC_ASM_FLAG_OUTPUTS__=1 -D__FLT_MAX_10_EXP__=38 -D__LONG_MAX__=0x7fffffffL -D__FINITE_MATH_ONLY__=0 -D__SIZEOF_SIZE_T__=4 -D__FLT_HAS_INFINITY__=1 '-D__GNUC_EXECUTION_CHARSET_NAME="UTF-8"' -D__CHAR_UNSIGNED__=1 '-D__UINT_FAST16_TYPE__=unsigned int' -D__ARM_32BIT_STATE=1 -D__INT_FAST32_WIDTH__=32 -D__PRAGMA_REDEFINE_EXTNAME=1 -D__ARMEL__=1 -D__SIZE_WIDTH__=32 -D__INT64_MAX__=0x7fffffffffffffffLL -D__SACCUM_FBIT__=7 -D__FLT32_DENORM_MIN__=1.4012984643248171e-45F32 -D__SIG_ATOMIC_WIDTH__=32 '-D__INT_LEAST64_TYPE__=long long int' -D__ARM_FEATURE_CLZ=1 '-D__INT_LEAST8_TYPE__=signed char' -D__SQ_FBIT__=31 -D__USFRACT_MAX__=0XFFP-8UHR -D__ARM_ARCH_ISA_THUMB=2 -D__INT_FAST8_MAX__=0x7fffffff -D__ARM_ARCH=7 -D__INTPTR_MAX__=0x7fffffff -D__QQ_FBIT__=7 -D__UTA_IBIT__=64 -D__FLT64_HAS_QUIET_NAN__=1 -D__FLT32X_DIG__=15 -D__PTRDIFF_WIDTH__=32 -D__LDBL_MANT_DIG__=53 -D__SFRACT_FBIT__=7 '-D__SACCUM_MIN__=(-0X1P7HK-0X1P7HK)' -D__FLT64_HAS_INFINITY__=1 '-D__SIG_ATOMIC_MIN__=(-__SIG_ATOMIC_MAX__ - 1)' -D__GCC_ATOMIC_LONG_LOCK_FREE=2 '-D__UINT16_TYPE__=short unsigned int' '-D__WCHAR_TYPE__=unsigned int' -D__SIZEOF_FLOAT__=4 -D__THUMBEL__=1 -D__TQ_FBIT__=127 -D__UINTPTR_MAX__=0xffffffffU -D__INT_FAST64_WIDTH__=64 -D__LDBL_HAS_INFINITY__=1 -D__ULLACCUM_IBIT__=32 -D__FLT32_MAX_10_EXP__=38 -D__INT_FAST64_MAX__=0x7fffffffffffffffLL -D__GCC_ATOMIC_TEST_AND_SET_TRUEVAL=1 '-D__FLT_NORM_MAX__=3.4028234663852886e+38F' '-D__UINT_FAST64_TYPE__=long long unsigned int' -D__LACCUM_FBIT__=31 -D__HA_FBIT__=7 -D__UHA_IBIT__=8 '-D__INT64_TYPE__=long long int' -D__UTQ_IBIT__=0 -D__DBL_MANT_DIG__=53 -D__INT_LEAST64_MAX__=0x7fffffffffffffffLL -D__GCC_ATOMIC_CHAR16_T_LOCK_FREE=2 -D__FP_FAST_FMAF32=1 '-D__WINT_TYPE__=unsigned int' '-D__UINT_LEAST32_TYPE__=long unsigned int' -D__SIZEOF_SHORT__=2 -D__ULLFRACT_IBIT__=0 '-D__FLT32_NORM_MAX__=3.4028234663852886e+38F32' '-D__LDBL_MIN_EXP__=(-1021)' -D__GXX_TYPEINFO_EQUALITY_INLINE=0 -D__INTMAX_MAX__=0x7fffffffffffffffLL -D__arm__=1 '-D__FLT64_MAX__=1.7976931348623157e+308F64' -D__UDA_IBIT__=32 -D__INT_MAX__=0x7fffffff -D__WINT_WIDTH__=32 -D__INT_LEAST8_MAX__=0x7f -D__INT_LEAST64_WIDTH__=64 -D__FLT32X_MAX_10_EXP__=308 -D__LLACCUM_EPSILON__=0x1P-31LLK -D__LFRACT_FBIT__=31 -D__LDBL_MAX_10_EXP__=308 -D__ATOMIC_RELAXED=0 '-D__DBL_EPSILON__=((double)2.2204460492503131e-16L)' '-D__INT_LEAST32_TYPE__=long int' -D__ARM_ARCH_7EM__=1 -D__ARM_FEATURE_SIMD32=1 '-D__UINT8_C(c)=c' -D__FLT64_MAX_EXP__=1024 -D__SIZEOF_WCHAR_T__=4 '-D__UINT64_TYPE__=long long unsigned int' -D__OPTIMIZE_SIZE__=1 -D__LLFRACT_MAX__=0X7FFFFFFFFFFFFFFFP-63LLR '-D__FLT64_NORM_MAX__=1.7976931348623157e+308F64' -D__INT_FAST8_TYPE__=int -D__ULLACCUM_EPSILON__=0x1P-32ULLK -D__USACCUM_MAX__=0XFFFFP-8UHK -D__UHQ_IBIT__=0 -D__ARM_FEATURE_COPROC=15 -D__LLACCUM_IBIT__=32 -D__FLT64_HAS_DENORM__=1 -D__FLT32_EPSILON__=1.1920928955078125e-7F32 -D__DBL_DECIMAL_DIG__=17 -D__STDC_UTF_32__=1 -D__INT_FAST8_WIDTH__=32 -D__BYTE_ORDER__=__ORDER_LITTLE_ENDIAN__ '-D__FLT32X_MAX__=1.7976931348623157e+308F32x' -D__TA_FBIT__=63 '-D__DBL_NORM_MAX__=((double)1.7976931348623157e+308L)' -D__USFRACT_EPSILON__=0x1P-8UHR -D__GCC_DESTRUCTIVE_SIZE=64 -D__UDQ_IBIT__=0 -D__INTMAX_WIDTH__=64 -D__ORDER_BIG_ENDIAN__=4321 -D__LFRACT_MAX__=0X7FFFFFFFP-31LR -D__ARM_FEATURE_DSP=1 -D__FLT32_DIG__=6 -D__ACCUM_EPSILON__=0x1P-15K '-D__UINT32_C(c)=c ## UL' -D__QQ_IBIT__=0 -D__LLFRACT_IBIT__=0 -D__INT8_MAX__=0x7f -D__INT32_MAX__=0x7fffffffL '-D__UINT_FAST32_TYPE__=unsigned int' '-D__FLT32X_NORM_MAX__=1.7976931348623157e+308F32x' '-D__FLT32_MIN_10_EXP__=(-37)' '-D__FLT_MAX__=3.4028234663852886e+38F' -D__USACCUM_FBIT__=8 '-D__INT32_TYPE__=long int' -D__SIZEOF_DOUBLE__=8 '-D__FLT_MIN_10_EXP__=(-37)' -D__UFRACT_EPSILON__=0x1P-16UR -D__FLT64_MIN__=2.2250738585072014e-308F64 -D__FLT_DENORM_MIN__=1.4012984643248171e-45F -D__INT_LEAST32_WIDTH__=32 '-D__INTMAX_TYPE__=long long int' -D__FLT32X_HAS_QUIET_NAN__=1 -D__ATOMIC_CONSUME=1 -D__INT_FAST16_WIDTH__=32 -D__UINTMAX_MAX__=0xffffffffffffffffULL -D__FLT32X_DENORM_MIN__=4.9406564584124654e-324F32x -D__ATOMIC_ACQ_REL=4 -D__DBL_MAX_10_EXP__=308 -D__LDBL_DENORM_MIN__=4.9406564584124654e-324L '-D__INT16_C(c)=c' -D__ATOMIC_RELEASE=3 -D__PTRDIFF_TYPE__=int '-D__LLFRACT_MIN__=(-0.5LLR-0.5LLR)' -D__USACCUM_MIN__=0.0UHK -D__FLT32_MIN__=1.1754943508222875e-38F32 -D__DA_FBIT__=31 '-D__UINT32_TYPE__=long unsigned int' '-D__FLT32X_MIN_10_EXP__=(-307)' -D__ARM_ARCH_EXT_IDIV__=1 '-D__UINTPTR_TYPE__=unsigned int' -D__USA_IBIT__=16 -D__ARM_EABI__=1 '-D__LDBL_MIN_10_EXP__=(-307)' -D__SIZEOF_LONG_LONG__=8 -D__ULACCUM_EPSILON__=0x1P-32ULK -D__SACCUM_IBIT__=8 -D__GCC_ATOMIC_LLONG_LOCK_FREE=1 -D__FLT_DECIMAL_DIG__=9 -D__UINT_FAST16_MAX__=0xffffffffU '-D__LDBL_NORM_MAX__=1.7976931348623157e+308L' -D__GCC_ATOMIC_SHORT_LOCK_FREE=2 -D__ULLFRACT_MAX__=0XFFFFFFFFFFFFFFFFP-64ULLR '-D__UINT_FAST8_TYPE__=unsigned int' -D__ULACCUM_FBIT__=32 -D__USES_INITFINI__ -DUSE_STM324xG_EVAL -DSTM32F407xx -DUSE_HAL_DRIVER -I../../Inc -I../../Drivers/CMSIS/Device/ST/STM32F4xx/Include -I../../Drivers/STM32F4xx_HAL_Driver/Inc -I../../Drivers/BSP/STM324xG_EVAL -I../../Drivers/CMSIS/Include -I/Users/jie/Documents/arm-gnu-toolchain-14.3.rel1-darwin-arm64-arm-none-eabi/bin/../arm-none-eabi/include/newlib-nano -I/Users/jie/Documents/arm-gnu-toolchain-14.3.rel1-darwin-arm64-arm-none-eabi/bin/../lib/gcc/arm-none-eabi/14.3.1/include -I/Users/jie/Documents/arm-gnu-toolchain-14.3.rel1-darwin-arm64-arm-none-eabi/bin/../lib/gcc/arm-none-eabi/14.3.1/include-fixed -I/Users/jie/Documents/arm-gnu-toolchain-14.3.rel1-darwin-arm64-arm-none-eabi/bin/../lib/gcc/arm-none-eabi/14.3.1/../../../../arm-none-eabi/include -- ../../Drivers/BSP/Components/stmpe811/stmpe811.c
[E 08:16:21 81049] CODEQL_EXTRACTOR_CPP_TRAP_CACHING is not set
[E 08:16:21 81049] CODEQL_EXTRACTOR_CPP_OPTION_TRAP_CACHE_WRITE is not set
[E 08:16:21 81049] CODEQL_EXTRACTOR_CPP_OPTION_TRAP_CACHE_DIR is not set
[E 08:16:21 81049] Initialising TRAP cache at path: b0/6db5/b5207ab22a19d1a932108011e59a
[E 08:16:21 81049] Not using TRAP cache
[E 08:16:21 81049] TRAP cache miss
[E 08:16:21 81049] Starting compilation TRAP /Users/jie/Documents/workspace/lcmhalgen/LCMHalTest_DBS/DATABASE_FreeRTOSUART_Hyperterminal_IT/trap/cpp/compilations/56/29661031_0.trap.zst
[E 08:16:21 81049] Archiving /Users/jie/Documents/workspace/lcmhalgen/LCMHalTest_DBS/DATABASE_FreeRTOSUART_Hyperterminal_IT/src/Users/jie/Documents/workspace/lcmhalgen/posixGen_Demos/UART_Hyperterminal_IT/Drivers/BSP/Components/stmpe811/stmpe811.c
[E 08:16:21 81049] Already archived /Users/jie/Documents/workspace/lcmhalgen/LCMHalTest_DBS/DATABASE_FreeRTOSUART_Hyperterminal_IT/src/Users/jie/Documents/workspace/lcmhalgen/posixGen_Demos/UART_Hyperterminal_IT/Drivers/BSP/Components/stmpe811/stmpe811.h
[E 08:16:21 81049] Already archived /Users/jie/Documents/workspace/lcmhalgen/LCMHalTest_DBS/DATABASE_FreeRTOSUART_Hyperterminal_IT/src/Users/jie/Documents/workspace/lcmhalgen/posixGen_Demos/UART_Hyperterminal_IT/Drivers/BSP/Components/Common/ts.h
[E 08:16:21 81049] Already archived /Users/jie/Documents/workspace/lcmhalgen/LCMHalTest_DBS/DATABASE_FreeRTOSUART_Hyperterminal_IT/src/Users/jie/Documents/arm-gnu-toolchain-14.3.rel1-darwin-arm64-arm-none-eabi/lib/gcc/arm-none-eabi/14.3.1/include/stdint.h
[E 08:16:21 81049] Already archived /Users/jie/Documents/workspace/lcmhalgen/LCMHalTest_DBS/DATABASE_FreeRTOSUART_Hyperterminal_IT/src/Users/jie/Documents/arm-gnu-toolchain-14.3.rel1-darwin-arm64-arm-none-eabi/arm-none-eabi/include/stdint.h
[E 08:16:21 81049] Already archived /Users/jie/Documents/workspace/lcmhalgen/LCMHalTest_DBS/DATABASE_FreeRTOSUART_Hyperterminal_IT/src/Users/jie/Documents/arm-gnu-toolchain-14.3.rel1-darwin-arm64-arm-none-eabi/arm-none-eabi/include/machine/_default_types.h
[E 08:16:21 81049] Already archived /Users/jie/Documents/workspace/lcmhalgen/LCMHalTest_DBS/DATABASE_FreeRTOSUART_Hyperterminal_IT/src/Users/jie/Documents/arm-gnu-toolchain-14.3.rel1-darwin-arm64-arm-none-eabi/arm-none-eabi/include/sys/features.h
[E 08:16:21 81049] Already archived /Users/jie/Documents/workspace/lcmhalgen/LCMHalTest_DBS/DATABASE_FreeRTOSUART_Hyperterminal_IT/src/Users/jie/Documents/arm-gnu-toolchain-14.3.rel1-darwin-arm64-arm-none-eabi/arm-none-eabi/include/_newlib_version.h
[E 08:16:21 81049] Already archived /Users/jie/Documents/workspace/lcmhalgen/LCMHalTest_DBS/DATABASE_FreeRTOSUART_Hyperterminal_IT/src/Users/jie/Documents/arm-gnu-toolchain-14.3.rel1-darwin-arm64-arm-none-eabi/arm-none-eabi/include/sys/_intsup.h
[E 08:16:21 81049] Already archived /Users/jie/Documents/workspace/lcmhalgen/LCMHalTest_DBS/DATABASE_FreeRTOSUART_Hyperterminal_IT/src/Users/jie/Documents/arm-gnu-toolchain-14.3.rel1-darwin-arm64-arm-none-eabi/arm-none-eabi/include/sys/_stdint.h
[E 08:16:21 81049] Already archived /Users/jie/Documents/workspace/lcmhalgen/LCMHalTest_DBS/DATABASE_FreeRTOSUART_Hyperterminal_IT/src/Users/jie/Documents/workspace/lcmhalgen/posixGen_Demos/UART_Hyperterminal_IT/Drivers/BSP/Components/Common/io.h
[E 08:16:21 81049] Creating trap tarball /Users/jie/Documents/workspace/lcmhalgen/LCMHalTest_DBS/DATABASE_FreeRTOSUART_Hyperterminal_IT/trap/cpp/tarballs/Users/jie/Documents/workspace/lcmhalgen/posixGen_Demos/UART_Hyperterminal_IT/Drivers/BSP/Components/stmpe811/stmpe811.c.9080551f_0.trap.tar.zst
[E 08:16:21 81049] Emitting trap files for ../../Drivers/BSP/Components/stmpe811/stmpe811.c
[E 08:16:21 81049] Opening existencedb in /Users/jie/Documents/workspace/lcmhalgen/LCMHalTest_DBS/DATABASE_FreeRTOSUART_Hyperterminal_IT/working/existencedb/db
[E 08:16:21 81049] Wrote 2 files to /Users/jie/Documents/workspace/lcmhalgen/LCMHalTest_DBS/DATABASE_FreeRTOSUART_Hyperterminal_IT/trap/cpp/tarballs/Users/jie/Documents/workspace/lcmhalgen/posixGen_Demos/UART_Hyperterminal_IT/Drivers/BSP/Components/stmpe811/stmpe811.c.9080551f_0.trap.tar.zst
[E 08:16:21 81049] Finished compilation TRAP /Users/jie/Documents/workspace/lcmhalgen/LCMHalTest_DBS/DATABASE_FreeRTOSUART_Hyperterminal_IT/trap/cpp/compilations/56/29661031_0.trap.zst
[E 08:16:21 81049] Marking C compilation as happened.
[E 08:16:21 81049] Setting tag c-compilation-happened
[E 08:16:21 81049] Starting from CODEQL_TRACER_DB_ID 0000000000013C94_0000000000000001
[E 08:16:21 81049] Locking DB /Users/jie/Documents/workspace/lcmhalgen/LCMHalTest_DBS/DATABASE_FreeRTOSUART_Hyperterminal_IT/working/tags.db
[E 08:16:21 81049] Locked DB /Users/jie/Documents/workspace/lcmhalgen/LCMHalTest_DBS/DATABASE_FreeRTOSUART_Hyperterminal_IT/working/tags.db
[E 08:16:21 81049] Set tag for 0000000000013C94_0000000000000001
[E 08:16:21 81049] Set tag for 0000000000013C92_0000000000000003
[E 08:16:21 81049] Set tag for 0000000000013C92_0000000000000002
[E 08:16:21 81049] Set tag for 0000000000013C92_0000000000000001
[E 08:16:21 81049] Set tag for 0000000000013827_0000000000000002
[E 08:16:21 81049] Set tag for 0000000000013827_0000000000000001
[E 08:16:21 81049] Set tag for 00000000000137DE_0000000000000003
[E 08:16:21 81049] Set tag for 00000000000137DE_0000000000000002
[E 08:16:21 81049] Set tag for root
[E 08:16:21 81049] Unlocking DB
[E 08:16:21 81049] Unlocked DB
[E 08:16:21 81049] Extractor exited successfully
[T 08:16:21 81044] Extractor /opt/homebrew/Caskroom/codeql/2.23.0/codeql/cpp/tools/osx64/extractor terminated with exit code 0.
[T 08:16:21 81051] Initializing tracer.
[T 08:16:21 81051] Initializing tags.
[T 08:16:21 81051] ID set to 0000000000013C9B_0000000000000001 (parent 0000000000013C92_0000000000000003)
[T 08:16:21 81051] ==== Candidate to intercept: /Users/jie/Documents/arm-gnu-toolchain-14.3.rel1-darwin-arm64-arm-none-eabi/bin/../lib/gcc/arm-none-eabi/14.3.1/../../../../arm-none-eabi/bin/as (canonical: /Users/jie/Documents/arm-gnu-toolchain-14.3.rel1-darwin-arm64-arm-none-eabi/arm-none-eabi/bin/as) ====
[T 08:16:21 81051] Lua: === Intercepted call to /users/jie/documents/arm-gnu-toolchain-14.3.rel1-darwin-arm64-arm-none-eabi/arm-none-eabi/bin/as ===
[T 08:16:21 81051] Executing the following tracer actions:
[T 08:16:21 81051] Tracer actions:
[T 08:16:21 81051] pre_invocations(0)
[T 08:16:21 81051] post_invocations(1)
[T 08:16:21 81051] invocation: /opt/homebrew/Caskroom/codeql/2.23.0/codeql/cpp/tools/osx64/extractor, args: [--assembler, --codeql-assembler-executable, /users/jie/documents/arm-gnu-toolchain-14.3.rel1-darwin-arm64-arm-none-eabi/arm-none-eabi/bin/as, -I, ../../Inc, -I, ../../Drivers/CMSIS/Device/ST/STM32F4xx/Include, -I, ../../Drivers/STM32F4xx_HAL_Driver/Inc, -I, ../../Drivers/BSP/STM324xG_EVAL, -I, ../../Drivers/CMSIS/Include, -march=armv7e-m+fp, -mfloat-abi=hard, -mfpu=fpv4-sp-d16, -meabi=5, -o, Drivers/BSP/Components/stmpe811.o, /var/folders/b3/0hb7dhg16rd56bpwtd8bcnyc0000gn/T//ccTFIntp.s]
[T 08:16:21 81051] trace_languages(1): [cpp]
[T 08:16:21 81053] Attempting to switch stdout/stderr to 4...
[T 08:16:21 81053] Initializing tracer.
[T 08:16:21 81053] Initializing tags.
[T 08:16:21 81053] ID set to 0000000000013C9D_0000000000000001 (parent 0000000000013C9B_0000000000000001)
[E 08:16:21 81053] CodeQL C/C++ Extractor 2.23.0
[E 08:16:21 81053] Current directory: /Users/jie/Documents/workspace/lcmhalgen/posixGen_Demos/UART_Hyperterminal_IT/STM32CubeIDE/Release
[E 08:16:21 81053] Command: /opt/homebrew/Caskroom/codeql/2.23.0/codeql/cpp/tools/osx64/extractor --assembler --codeql-assembler-executable /users/jie/documents/arm-gnu-toolchain-14.3.rel1-darwin-arm64-arm-none-eabi/arm-none-eabi/bin/as -I ../../Inc -I ../../Drivers/CMSIS/Device/ST/STM32F4xx/Include -I ../../Drivers/STM32F4xx_HAL_Driver/Inc -I ../../Drivers/BSP/STM324xG_EVAL -I ../../Drivers/CMSIS/Include '-march=armv7e-m+fp' -mfloat-abi=hard -mfpu=fpv4-sp-d16 -meabi=5 -o Drivers/BSP/Components/stmpe811.o /var/folders/b3/0hb7dhg16rd56bpwtd8bcnyc0000gn/T//ccTFIntp.s
[E 08:16:21 81053] Extractor exited after mimicking assembler
[T 08:16:21 81051] Extractor /opt/homebrew/Caskroom/codeql/2.23.0/codeql/cpp/tools/osx64/extractor terminated with exit code 0.
[T 08:16:21 81060] Attempting to switch stdout/stderr to 4...
[T 08:16:21 81060] Initializing tracer.
[T 08:16:21 81060] Initializing tags.
[T 08:16:21 81060] ID set to 0000000000013CA4_0000000000000001 (parent 0000000000013C92_0000000000000003)
[E 08:16:21 81060] CodeQL C/C++ Extractor 2.23.0
[E 08:16:21 81060] Current directory: /Users/jie/Documents/workspace/lcmhalgen/posixGen_Demos/UART_Hyperterminal_IT/STM32CubeIDE/Release
[E 08:16:21 81060] Command: /opt/homebrew/Caskroom/codeql/2.23.0/codeql/cpp/tools/osx64/extractor --mimic /users/jie/documents/arm-gnu-toolchain-14.3.rel1-darwin-arm64-arm-none-eabi/bin/arm-none-eabi-gcc ../../Drivers/BSP/Components/stmpe811/stmpe811.c -mcpu=cortex-m4 -std=gnu11 -DUSE_STM324xG_EVAL -DSTM32F407xx -DUSE_HAL_DRIVER -c -I../../Inc -I../../Drivers/CMSIS/Device/ST/STM32F4xx/Include -I../../Drivers/STM32F4xx_HAL_Driver/Inc -I../../Drivers/BSP/STM324xG_EVAL -I../../Drivers/CMSIS/Include -Os -ffunction-sections -fdata-sections -Wall -fstack-usage -MMD -MP -MFDrivers/BSP/Components/stmpe811.d -MTDrivers/BSP/Components/stmpe811.o --specs=nano.specs -mfpu=fpv4-sp-d16 -mfloat-abi=hard -mthumb -o Drivers/BSP/Components/stmpe811.o
[E 08:16:21 81060] Warning: Unrecognized command line argument --specs=nano.specs
[E 08:16:21 81060] Checking whether C compilation already happened.
[E 08:16:21 81060] Checking for tag c-compilation-happened
[E 08:16:21 81060] Checking CODEQL_TRACER_DB_ID 0000000000013C92_0000000000000003
[E 08:16:21 81060] Locking DB /Users/jie/Documents/workspace/lcmhalgen/LCMHalTest_DBS/DATABASE_FreeRTOSUART_Hyperterminal_IT/working/tags.db
[E 08:16:21 81060] Locked DB /Users/jie/Documents/workspace/lcmhalgen/LCMHalTest_DBS/DATABASE_FreeRTOSUART_Hyperterminal_IT/working/tags.db
[E 08:16:21 81060] Unlocking DB
[E 08:16:21 81060] Unlocked DB
[E 08:16:21 81060] Exiting as C compilation already happened.
[T 08:16:21 81042] Extractor /opt/homebrew/Caskroom/codeql/2.23.0/codeql/cpp/tools/osx64/extractor terminated with exit code 0.
[T 08:16:21 81061] Initializing tracer.
[T 08:16:21 81061] Initializing tags.
[T 08:16:21 81061] ID set to 0000000000013CA5_0000000000000001 (parent 0000000000013827_0000000000000002)
[T 08:16:21 81061] ==== Candidate to intercept: /bin/sh (canonical: /bin/sh) ====
[T 08:16:21 81061] Executing the following tracer actions:
[T 08:16:21 81061] Tracer actions:
[T 08:16:21 81061] pre_invocations(0)
[T 08:16:21 81061] post_invocations(0)
[T 08:16:21 81061] trace_languages(1): [cpp]
[T 08:16:21 81061] Initializing tracer.
[T 08:16:21 81061] Initializing tags.
[T 08:16:21 81061] ID set to 0000000000013CA5_0000000000000002 (parent 0000000000013CA5_0000000000000001)
[T 08:16:21 81061] ==== Candidate to intercept: /bin/bash (canonical: /bin/bash) ====
[T 08:16:21 81061] Executing the following tracer actions:
[T 08:16:21 81061] Tracer actions:
[T 08:16:21 81061] pre_invocations(0)
[T 08:16:21 81061] post_invocations(0)
[T 08:16:21 81061] trace_languages(1): [cpp]
[T 08:16:21 81061] Initializing tracer.
[T 08:16:21 81061] Initializing tags.
[T 08:16:21 81061] ID set to 0000000000013CA5_0000000000000003 (parent 0000000000013CA5_0000000000000002)
[T 08:16:21 81061] ==== Candidate to intercept: /Users/jie/Documents/arm-gnu-toolchain-14.3.rel1-darwin-arm64-arm-none-eabi/bin/arm-none-eabi-gcc (canonical: /Users/jie/Documents/arm-gnu-toolchain-14.3.rel1-darwin-arm64-arm-none-eabi/bin/arm-none-eabi-gcc) ====
[T 08:16:21 81061] Lua: === Intercepted call to /users/jie/documents/arm-gnu-toolchain-14.3.rel1-darwin-arm64-arm-none-eabi/bin/arm-none-eabi-gcc ===
[T 08:16:21 81061] Executing the following tracer actions:
[T 08:16:21 81061] Tracer actions:
[T 08:16:21 81061] pre_invocations(0)
[T 08:16:21 81061] post_invocations(1)
[T 08:16:21 81061] invocation: /opt/homebrew/Caskroom/codeql/2.23.0/codeql/cpp/tools/osx64/extractor, args: [--mimic, /users/jie/documents/arm-gnu-toolchain-14.3.rel1-darwin-arm64-arm-none-eabi/bin/arm-none-eabi-gcc, -o, UART_Hyperterminal_IT.elf, @objects.list, -mcpu=cortex-m4, -T../../STM32CubeIDE/STM32F407IGHX_FLASH.ld, --specs=nosys.specs, -Wl,-Map=UART_Hyperterminal_IT.map, -Wl,--gc-sections, -static, --specs=nano.specs, -mfpu=fpv4-sp-d16, -mfloat-abi=hard, -mthumb, -Wl,--start-group, -lc, -lm, -Wl,--end-group]
[T 08:16:21 81061] trace_languages(1): [cpp]
[T 08:16:21 81063] Attempting to switch stdout/stderr to 3...
/Users/jie/Documents/workspace/lcmhalgen/LCMHalTest_DBS/DATABASE_FreeRTOSUART_Hyperterminal_IT/working/copy-root/000001F5/Users/jie/Documents/arm-gnu-toolchain-14.3.rel1-darwin-arm64-arm-none-eabi/bin/../libexec/gcc/arm-none-eabi/14.3.1/collect2.semmle.00013CA6.38DD6368.slice.arm64: replacing existing signature
[T 08:16:22 81074] Initializing tracer.
[T 08:16:22 81074] Initializing tags.
[T 08:16:22 81074] ID set to 0000000000013CB2_0000000000000001 (parent 0000000000013CA5_0000000000000003)
[T 08:16:22 81074] ==== Candidate to intercept: /Users/jie/Documents/arm-gnu-toolchain-14.3.rel1-darwin-arm64-arm-none-eabi/bin/../libexec/gcc/arm-none-eabi/14.3.1/collect2 (canonical: /Users/jie/Documents/arm-gnu-toolchain-14.3.rel1-darwin-arm64-arm-none-eabi/libexec/gcc/arm-none-eabi/14.3.1/collect2) ====
[T 08:16:22 81074] Lua: === Intercepted call to /users/jie/documents/arm-gnu-toolchain-14.3.rel1-darwin-arm64-arm-none-eabi/libexec/gcc/arm-none-eabi/14.3.1/collect2 ===
[T 08:16:22 81074] Executing the following tracer actions:
[T 08:16:22 81074] Tracer actions:
[T 08:16:22 81074] pre_invocations(0)
[T 08:16:22 81074] post_invocations(1)
[T 08:16:22 81074] invocation: /opt/homebrew/Caskroom/codeql/2.23.0/codeql/cpp/tools/osx64/extractor, args: [--linker, --semmle-linker-executable, /users/jie/documents/arm-gnu-toolchain-14.3.rel1-darwin-arm64-arm-none-eabi/libexec/gcc/arm-none-eabi/14.3.1/collect2, -plugin, /Users/jie/Documents/arm-gnu-toolchain-14.3.rel1-darwin-arm64-arm-none-eabi/bin/../libexec/gcc/arm-none-eabi/14.3.1/liblto_plugin.so, -plugin-opt=/Users/jie/Documents/arm-gnu-toolchain-14.3.rel1-darwin-arm64-arm-none-eabi/bin/../libexec/gcc/arm-none-eabi/14.3.1/lto-wrapper, -plugin-opt=-fresolution=/var/folders/b3/0hb7dhg16rd56bpwtd8bcnyc0000gn/T//cczmMC73.res, -plugin-opt=-pass-through=-lgcc, -plugin-opt=-pass-through=-lc_nano, -plugin-opt=-pass-through=-lgcc, -plugin-opt=-pass-through=-lc_nano, -plugin-opt=-pass-through=-lnosys, -plugin-opt=-pass-through=-lgcc, -plugin-opt=-pass-through=-lc_nano, -plugin-opt=-pass-through=-lnosys, --sysroot=/Users/jie/Documents/arm-gnu-toolchain-14.3.rel1-darwin-arm64-arm-none-eabi/bin/../arm-none-eabi, -Bstatic, -X, -o, UART_Hyperterminal_IT.elf, /Users/jie/Documents/arm-gnu-toolchain-14.3.rel1-darwin-arm64-arm-none-eabi/bin/../lib/gcc/arm-none-eabi/14.3.1/thumb/v7e-m+fp/hard/crti.o, /Users/jie/Documents/arm-gnu-toolchain-14.3.rel1-darwin-arm64-arm-none-eabi/bin/../lib/gcc/arm-none-eabi/14.3.1/thumb/v7e-m+fp/hard/crtbegin.o, /Users/jie/Documents/arm-gnu-toolchain-14.3.rel1-darwin-arm64-arm-none-eabi/bin/../lib/gcc/arm-none-eabi/14.3.1/../../../../arm-none-eabi/lib/thumb/v7e-m+fp/hard/crt0.o, -L/Users/jie/Documents/arm-gnu-toolchain-14.3.rel1-darwin-arm64-arm-none-eabi/bin/../lib/gcc/arm-none-eabi/14.3.1/thumb/v7e-m+fp/hard, -L/Users/jie/Documents/arm-gnu-toolchain-14.3.rel1-darwin-arm64-arm-none-eabi/bin/../lib/gcc/arm-none-eabi/14.3.1/../../../../arm-none-eabi/lib/thumb/v7e-m+fp/hard, -L/Users/jie/Documents/arm-gnu-toolchain-14.3.rel1-darwin-arm64-arm-none-eabi/bin/../arm-none-eabi/lib/thumb/v7e-m+fp/hard, -L/Users/jie/Documents/arm-gnu-toolchain-14.3.rel1-darwin-arm64-arm-none-eabi/bin/../lib/gcc/arm-none-eabi/14.3.1, -L/Users/jie/Documents/arm-gnu-toolchain-14.3.rel1-darwin-arm64-arm-none-eabi/bin/../lib/gcc, -L/Users/jie/Documents/arm-gnu-toolchain-14.3.rel1-darwin-arm64-arm-none-eabi/bin/../lib/gcc/arm-none-eabi/14.3.1/../../../../arm-none-eabi/lib, -L/Users/jie/Documents/arm-gnu-toolchain-14.3.rel1-darwin-arm64-arm-none-eabi/bin/../arm-none-eabi/lib, @/var/folders/b3/0hb7dhg16rd56bpwtd8bcnyc0000gn/T//ccduWSXm, --start-group, -lgcc, -lc_nano, --end-group, --start-group, -lgcc, -lc_nano, -lnosys, --end-group, --start-group, -lgcc, -lc_nano, -lnosys, --end-group, /Users/jie/Documents/arm-gnu-toolchain-14.3.rel1-darwin-arm64-arm-none-eabi/bin/../lib/gcc/arm-none-eabi/14.3.1/thumb/v7e-m+fp/hard/crtend.o, /Users/jie/Documents/arm-gnu-toolchain-14.3.rel1-darwin-arm64-arm-none-eabi/bin/../lib/gcc/arm-none-eabi/14.3.1/thumb/v7e-m+fp/hard/crtn.o, -T, ../../STM32CubeIDE/STM32F407IGHX_FLASH.ld]
[T 08:16:22 81074] trace_languages(1): [cpp]
[T 08:16:22 81102] Attempting to switch stdout/stderr to 3...
/Users/jie/Documents/workspace/lcmhalgen/LCMHalTest_DBS/DATABASE_FreeRTOSUART_Hyperterminal_IT/working/copy-root/000001F5/Users/jie/Documents/arm-gnu-toolchain-14.3.rel1-darwin-arm64-arm-none-eabi/bin/../lib/gcc/arm-none-eabi/14.3.1/../../../../arm-none-eabi/bin/ld.semmle.00013CCD.15902FF8.slice.arm64: replacing existing signature
[T 08:16:22 81105] Initializing tracer.
[T 08:16:22 81105] Initializing tags.
[T 08:16:22 81105] ID set to 0000000000013CD1_0000000000000001 (parent 0000000000013CB2_0000000000000001)
[T 08:16:22 81105] ==== Candidate to intercept: /Users/jie/Documents/arm-gnu-toolchain-14.3.rel1-darwin-arm64-arm-none-eabi/bin/../lib/gcc/arm-none-eabi/14.3.1/../../../../arm-none-eabi/bin/ld (canonical: /Users/jie/Documents/arm-gnu-toolchain-14.3.rel1-darwin-arm64-arm-none-eabi/arm-none-eabi/bin/ld) ====
[T 08:16:22 81105] Lua: === Intercepted call to /users/jie/documents/arm-gnu-toolchain-14.3.rel1-darwin-arm64-arm-none-eabi/arm-none-eabi/bin/ld ===
[T 08:16:22 81105] Executing the following tracer actions:
[T 08:16:22 81105] Tracer actions:
[T 08:16:22 81105] pre_invocations(0)
[T 08:16:22 81105] post_invocations(1)
[T 08:16:22 81105] invocation: /opt/homebrew/Caskroom/codeql/2.23.0/codeql/cpp/tools/osx64/extractor, args: [--linker, --semmle-linker-executable, /users/jie/documents/arm-gnu-toolchain-14.3.rel1-darwin-arm64-arm-none-eabi/arm-none-eabi/bin/ld, @/var/folders/b3/0hb7dhg16rd56bpwtd8bcnyc0000gn/T//ccnL2nlL]
[T 08:16:22 81105] trace_languages(1): [cpp]
[T 08:16:22 81108] Attempting to switch stdout/stderr to 4...
[T 08:16:22 81108] Initializing tracer.
[T 08:16:22 81108] Initializing tags.
[T 08:16:22 81108] ID set to 0000000000013CD4_0000000000000001 (parent 0000000000013CD1_0000000000000001)
[E 08:16:22 81108] CodeQL C/C++ Extractor 2.23.0
[E 08:16:22 81108] Current directory: /Users/jie/Documents/workspace/lcmhalgen/posixGen_Demos/UART_Hyperterminal_IT/STM32CubeIDE/Release
[E 08:16:22 81108] Command: /opt/homebrew/Caskroom/codeql/2.23.0/codeql/cpp/tools/osx64/extractor --linker --semmle-linker-executable /users/jie/documents/arm-gnu-toolchain-14.3.rel1-darwin-arm64-arm-none-eabi/arm-none-eabi/bin/ld @/var/folders/b3/0hb7dhg16rd56bpwtd8bcnyc0000gn/T//ccnL2nlL
[E 08:16:22 81108] Warning: Unrecognized command line argument -Map=UART_Hyperterminal_IT.map
[E 08:16:22 81108] Extractor exited after mimicking linker
[T 08:16:22 81105] Extractor /opt/homebrew/Caskroom/codeql/2.23.0/codeql/cpp/tools/osx64/extractor terminated with exit code 0.
[T 08:16:22 81110] Attempting to switch stdout/stderr to 4...
[T 08:16:22 81110] Initializing tracer.
[T 08:16:22 81110] Initializing tags.
[T 08:16:22 81110] ID set to 0000000000013CD6_0000000000000001 (parent 0000000000013CB2_0000000000000001)
[E 08:16:22 81110] CodeQL C/C++ Extractor 2.23.0
[E 08:16:22 81110] Current directory: /Users/jie/Documents/workspace/lcmhalgen/posixGen_Demos/UART_Hyperterminal_IT/STM32CubeIDE/Release
[E 08:16:22 81110] Command: /opt/homebrew/Caskroom/codeql/2.23.0/codeql/cpp/tools/osx64/extractor --linker --semmle-linker-executable /users/jie/documents/arm-gnu-toolchain-14.3.rel1-darwin-arm64-arm-none-eabi/libexec/gcc/arm-none-eabi/14.3.1/collect2 -plugin /Users/jie/Documents/arm-gnu-toolchain-14.3.rel1-darwin-arm64-arm-none-eabi/bin/../libexec/gcc/arm-none-eabi/14.3.1/liblto_plugin.so -plugin-opt=/Users/jie/Documents/arm-gnu-toolchain-14.3.rel1-darwin-arm64-arm-none-eabi/bin/../libexec/gcc/arm-none-eabi/14.3.1/lto-wrapper -plugin-opt=-fresolution=/var/folders/b3/0hb7dhg16rd56bpwtd8bcnyc0000gn/T//cczmMC73.res -plugin-opt=-pass-through=-lgcc -plugin-opt=-pass-through=-lc_nano -plugin-opt=-pass-through=-lgcc -plugin-opt=-pass-through=-lc_nano -plugin-opt=-pass-through=-lnosys -plugin-opt=-pass-through=-lgcc -plugin-opt=-pass-through=-lc_nano -plugin-opt=-pass-through=-lnosys --sysroot=/Users/jie/Documents/arm-gnu-toolchain-14.3.rel1-darwin-arm64-arm-none-eabi/bin/../arm-none-eabi -Bstatic -X -o UART_Hyperterminal_IT.elf '/Users/jie/Documents/arm-gnu-toolchain-14.3.rel1-darwin-arm64-arm-none-eabi/bin/../lib/gcc/arm-none-eabi/14.3.1/thumb/v7e-m+fp/hard/crti.o' '/Users/jie/Documents/arm-gnu-toolchain-14.3.rel1-darwin-arm64-arm-none-eabi/bin/../lib/gcc/arm-none-eabi/14.3.1/thumb/v7e-m+fp/hard/crtbegin.o' '/Users/jie/Documents/arm-gnu-toolchain-14.3.rel1-darwin-arm64-arm-none-eabi/bin/../lib/gcc/arm-none-eabi/14.3.1/../../../../arm-none-eabi/lib/thumb/v7e-m+fp/hard/crt0.o' '-L/Users/jie/Documents/arm-gnu-toolchain-14.3.rel1-darwin-arm64-arm-none-eabi/bin/../lib/gcc/arm-none-eabi/14.3.1/thumb/v7e-m+fp/hard' '-L/Users/jie/Documents/arm-gnu-toolchain-14.3.rel1-darwin-arm64-arm-none-eabi/bin/../lib/gcc/arm-none-eabi/14.3.1/../../../../arm-none-eabi/lib/thumb/v7e-m+fp/hard' '-L/Users/jie/Documents/arm-gnu-toolchain-14.3.rel1-darwin-arm64-arm-none-eabi/bin/../arm-none-eabi/lib/thumb/v7e-m+fp/hard' -L/Users/jie/Documents/arm-gnu-toolchain-14.3.rel1-darwin-arm64-arm-none-eabi/bin/../lib/gcc/arm-none-eabi/14.3.1 -L/Users/jie/Documents/arm-gnu-toolchain-14.3.rel1-darwin-arm64-arm-none-eabi/bin/../lib/gcc -L/Users/jie/Documents/arm-gnu-toolchain-14.3.rel1-darwin-arm64-arm-none-eabi/bin/../lib/gcc/arm-none-eabi/14.3.1/../../../../arm-none-eabi/lib -L/Users/jie/Documents/arm-gnu-toolchain-14.3.rel1-darwin-arm64-arm-none-eabi/bin/../arm-none-eabi/lib @/var/folders/b3/0hb7dhg16rd56bpwtd8bcnyc0000gn/T//ccduWSXm --start-group -lgcc -lc_nano --end-group --start-group -lgcc -lc_nano -lnosys --end-group --start-group -lgcc -lc_nano -lnosys --end-group '/Users/jie/Documents/arm-gnu-toolchain-14.3.rel1-darwin-arm64-arm-none-eabi/bin/../lib/gcc/arm-none-eabi/14.3.1/thumb/v7e-m+fp/hard/crtend.o' '/Users/jie/Documents/arm-gnu-toolchain-14.3.rel1-darwin-arm64-arm-none-eabi/bin/../lib/gcc/arm-none-eabi/14.3.1/thumb/v7e-m+fp/hard/crtn.o' -T ../../STM32CubeIDE/STM32F407IGHX_FLASH.ld
[E 08:16:22 81110] Warning: Unrecognized command line argument -Map=UART_Hyperterminal_IT.map
Error: Could not write to source/Users/jie/Documents/workspace/lcmhalgen/posixGen_Demos/UART_Hyperterminal_IT/STM32CubeIDE/Release/UART_Hyperterminal_IT.elf.trap.zst.
[E 08:16:22 81110] Extractor exited after mimicking linker
[T 08:16:22 81074] Extractor /opt/homebrew/Caskroom/codeql/2.23.0/codeql/cpp/tools/osx64/extractor terminated with exit code 0.
[T 08:16:22 81111] Attempting to switch stdout/stderr to 4...
[T 08:16:22 81111] Initializing tracer.
[T 08:16:22 81111] Initializing tags.
[T 08:16:22 81111] ID set to 0000000000013CD7_0000000000000001 (parent 0000000000013CA5_0000000000000003)
[E 08:16:22 81111] CodeQL C/C++ Extractor 2.23.0
[E 08:16:22 81111] Current directory: /Users/jie/Documents/workspace/lcmhalgen/posixGen_Demos/UART_Hyperterminal_IT/STM32CubeIDE/Release
[E 08:16:22 81111] Command: /opt/homebrew/Caskroom/codeql/2.23.0/codeql/cpp/tools/osx64/extractor --mimic /users/jie/documents/arm-gnu-toolchain-14.3.rel1-darwin-arm64-arm-none-eabi/bin/arm-none-eabi-gcc -o UART_Hyperterminal_IT.elf @objects.list -mcpu=cortex-m4 -T../../STM32CubeIDE/STM32F407IGHX_FLASH.ld --specs=nosys.specs -Wl,-Map=UART_Hyperterminal_IT.map -Wl,--gc-sections -static --specs=nano.specs -mfpu=fpv4-sp-d16 -mfloat-abi=hard -mthumb -Wl,--start-group -lc -lm -Wl,--end-group
[E 08:16:22 81111] Warning: Unrecognized command line argument --specs=nosys.specs
[E 08:16:22 81111] Warning: Unrecognized command line argument --specs=nano.specs
[E 08:16:22 81111] Checking whether C compilation already happened.
[E 08:16:22 81111] Checking for tag c-compilation-happened
[E 08:16:22 81111] Checking CODEQL_TRACER_DB_ID 0000000000013CA5_0000000000000003
[E 08:16:22 81111] Locking DB /Users/jie/Documents/workspace/lcmhalgen/LCMHalTest_DBS/DATABASE_FreeRTOSUART_Hyperterminal_IT/working/tags.db
[E 08:16:22 81111] Locked DB /Users/jie/Documents/workspace/lcmhalgen/LCMHalTest_DBS/DATABASE_FreeRTOSUART_Hyperterminal_IT/working/tags.db
[E 08:16:22 81111] Unlocking DB
[E 08:16:22 81111] Unlocked DB
[E 08:16:22 81111] Looks like C compilation didn't already happen.
[E 08:16:22 81111] Checking whether C compilation has been attempted.
[E 08:16:22 81111] Checking for tag c-compilation-attempted
[E 08:16:22 81111] Checking CODEQL_TRACER_DB_ID 0000000000013CA5_0000000000000003
[E 08:16:22 81111] Locking DB /Users/jie/Documents/workspace/lcmhalgen/LCMHalTest_DBS/DATABASE_FreeRTOSUART_Hyperterminal_IT/working/tags.db
[E 08:16:22 81111] Locked DB /Users/jie/Documents/workspace/lcmhalgen/LCMHalTest_DBS/DATABASE_FreeRTOSUART_Hyperterminal_IT/working/tags.db
[E 08:16:22 81111] Unlocking DB
[E 08:16:22 81111] Unlocked DB
[E 08:16:22 81111] Marking C compilation as attempted.
[E 08:16:22 81111] Setting tag c-compilation-attempted
[E 08:16:22 81111] Starting from CODEQL_TRACER_DB_ID 0000000000013CA5_0000000000000003
[E 08:16:22 81111] Locking DB /Users/jie/Documents/workspace/lcmhalgen/LCMHalTest_DBS/DATABASE_FreeRTOSUART_Hyperterminal_IT/working/tags.db
[E 08:16:22 81111] Locked DB /Users/jie/Documents/workspace/lcmhalgen/LCMHalTest_DBS/DATABASE_FreeRTOSUART_Hyperterminal_IT/working/tags.db
[E 08:16:22 81111] Set tag for 0000000000013CA5_0000000000000003
[E 08:16:22 81111] Set tag for 0000000000013CA5_0000000000000002
[E 08:16:22 81111] Set tag for 0000000000013CA5_0000000000000001
[E 08:16:22 81111] Set tag for 0000000000013827_0000000000000002
[E 08:16:22 81111] Set tag for 0000000000013827_0000000000000001
[E 08:16:22 81111] Set tag for 00000000000137DE_0000000000000003
[E 08:16:22 81111] Set tag for 00000000000137DE_0000000000000002
[E 08:16:22 81111] Set tag for root
[E 08:16:22 81111] Unlocking DB
[E 08:16:22 81111] Unlocked DB
Excluded ./Drivers/BSP/Components/stmpe811.o because it is an object
Excluded ./Drivers/BSP/STM324xG_EVAL/stm324xg_eval.o because it is an object
Excluded ./Drivers/BSP/STM324xG_EVAL/stm324xg_eval_io.o because it is an object
Excluded ./Drivers/CMSIS/system_stm32f4xx.o because it is an object
Excluded ./Drivers/STM32F4xx_HAL_Driver/stm32f4xx_hal.o because it is an object
Excluded ./Drivers/STM32F4xx_HAL_Driver/stm32f4xx_hal_cortex.o because it is an object
Excluded ./Drivers/STM32F4xx_HAL_Driver/stm32f4xx_hal_dma.o because it is an object
Excluded ./Drivers/STM32F4xx_HAL_Driver/stm32f4xx_hal_flash.o because it is an object
Excluded ./Drivers/STM32F4xx_HAL_Driver/stm32f4xx_hal_flash_ex.o because it is an object
Excluded ./Drivers/STM32F4xx_HAL_Driver/stm32f4xx_hal_gpio.o because it is an object
Excluded ./Drivers/STM32F4xx_HAL_Driver/stm32f4xx_hal_i2c.o because it is an object
Excluded ./Drivers/STM32F4xx_HAL_Driver/stm32f4xx_hal_rcc.o because it is an object
Excluded ./Drivers/STM32F4xx_HAL_Driver/stm32f4xx_hal_sram.o because it is an object
Excluded ./Drivers/STM32F4xx_HAL_Driver/stm32f4xx_hal_uart.o because it is an object
Excluded ./Drivers/STM32F4xx_HAL_Driver/stm32f4xx_ll_fsmc.o because it is an object
Excluded ./Example/Startup/startup_stm32f407ighx.o because it is an object
Excluded ./Example/User/main.o because it is an object
Excluded ./Example/User/stm32f4xx_hal_msp.o because it is an object
Excluded ./Example/User/stm32f4xx_it.o because it is an object
Excluded ./Example/User/syscalls.o because it is an object
Excluded ./Example/User/sysmem.o because it is an object
[E 08:16:22 81111] 0 file groups; exiting.
[T 08:16:22 81061] Extractor /opt/homebrew/Caskroom/codeql/2.23.0/codeql/cpp/tools/osx64/extractor terminated with exit code 0.
[T 08:16:22 81113] Attempting to switch stdout/stderr to 4...
/Users/jie/Documents/workspace/lcmhalgen/LCMHalTest_DBS/DATABASE_FreeRTOSUART_Hyperterminal_IT/working/copy-root/000001F5/bin/echo.semmle.00013827.36AADB98.slice.x86_64: replacing existing signature
[T 08:16:23 81116] Initializing tracer.
[T 08:16:23 81116] Initializing tags.
[T 08:16:23 81116] ID set to 0000000000013CDC_0000000000000001 (parent 0000000000013827_0000000000000002)
[T 08:16:23 81116] ==== Candidate to intercept: /bin/echo (canonical: /bin/echo) ====
[T 08:16:23 81116] Executing the following tracer actions:
[T 08:16:23 81116] Tracer actions:
[T 08:16:23 81116] pre_invocations(0)
[T 08:16:23 81116] post_invocations(0)
[T 08:16:23 81116] trace_languages(1): [cpp]
[T 08:16:23 81134] Initializing tracer.
[T 08:16:23 81134] Initializing tags.
[T 08:16:23 81134] ID set to 0000000000013CEE_0000000000000001 (parent 0000000000013827_0000000000000002)
[T 08:16:23 81134] ==== Candidate to intercept: /bin/echo (canonical: /bin/echo) ====
[T 08:16:23 81134] Executing the following tracer actions:
[T 08:16:23 81134] Tracer actions:
[T 08:16:23 81134] pre_invocations(0)
[T 08:16:23 81134] post_invocations(0)
[T 08:16:23 81134] trace_languages(1): [cpp]
[T 08:16:23 81135] Attempting to switch stdout/stderr to 4...
/Users/jie/Documents/workspace/lcmhalgen/LCMHalTest_DBS/DATABASE_FreeRTOSUART_Hyperterminal_IT/working/copy-root/000001F5/Users/jie/Documents/arm-gnu-toolchain-14.3.rel1-darwin-arm64-arm-none-eabi/bin/arm-none-eabi-size.semmle.00013827.1C781600.slice.arm64: replacing existing signature
[T 08:16:23 81138] Initializing tracer.
[T 08:16:23 81138] Initializing tags.
[T 08:16:23 81138] ID set to 0000000000013CF2_0000000000000001 (parent 0000000000013827_0000000000000002)
[T 08:16:23 81138] ==== Candidate to intercept: /Users/jie/Documents/arm-gnu-toolchain-14.3.rel1-darwin-arm64-arm-none-eabi/bin/arm-none-eabi-size (canonical: /Users/jie/Documents/arm-gnu-toolchain-14.3.rel1-darwin-arm64-arm-none-eabi/bin/arm-none-eabi-size) ====
[T 08:16:23 81138] Executing the following tracer actions:
[T 08:16:23 81138] Tracer actions:
[T 08:16:23 81138] pre_invocations(0)
[T 08:16:23 81138] post_invocations(0)
[T 08:16:23 81138] trace_languages(1): [cpp]
[T 08:16:23 81144] Initializing tracer.
[T 08:16:23 81144] Initializing tags.
[T 08:16:23 81144] ID set to 0000000000013CF8_0000000000000001 (parent 0000000000013827_0000000000000002)
[T 08:16:23 81144] ==== Candidate to intercept: /bin/echo (canonical: /bin/echo) ====
[T 08:16:23 81144] Executing the following tracer actions:
[T 08:16:23 81144] Tracer actions:
[T 08:16:23 81144] pre_invocations(0)
[T 08:16:23 81144] post_invocations(0)
[T 08:16:23 81144] trace_languages(1): [cpp]
[T 08:16:23 81145] Initializing tracer.
[T 08:16:23 81145] Initializing tags.
[T 08:16:23 81145] ID set to 0000000000013CF9_0000000000000001 (parent 0000000000013827_0000000000000002)
[T 08:16:23 81145] ==== Candidate to intercept: /bin/echo (canonical: /bin/echo) ====
[T 08:16:23 81145] Executing the following tracer actions:
[T 08:16:23 81145] Tracer actions:
[T 08:16:23 81145] pre_invocations(0)
[T 08:16:23 81145] post_invocations(0)
[T 08:16:23 81145] trace_languages(1): [cpp]
[T 08:16:23 81146] Initializing tracer.
[T 08:16:23 81146] Initializing tags.
[T 08:16:23 81146] ID set to 0000000000013CFA_0000000000000001 (parent 0000000000013827_0000000000000002)
[T 08:16:23 81146] ==== Candidate to intercept: /bin/sh (canonical: /bin/sh) ====
[T 08:16:23 81146] Executing the following tracer actions:
[T 08:16:23 81146] Tracer actions:
[T 08:16:23 81146] pre_invocations(0)
[T 08:16:23 81146] post_invocations(0)
[T 08:16:23 81146] trace_languages(1): [cpp]
[T 08:16:23 81146] Initializing tracer.
[T 08:16:23 81146] Initializing tags.
[T 08:16:23 81146] ID set to 0000000000013CFA_0000000000000002 (parent 0000000000013CFA_0000000000000001)
[T 08:16:23 81146] ==== Candidate to intercept: /bin/bash (canonical: /bin/bash) ====
[T 08:16:23 81146] Executing the following tracer actions:
[T 08:16:23 81146] Tracer actions:
[T 08:16:23 81146] pre_invocations(0)
[T 08:16:23 81146] post_invocations(0)
[T 08:16:23 81146] trace_languages(1): [cpp]
[T 08:16:24 81148] Attempting to switch stdout/stderr to 3...
/Users/jie/Documents/workspace/lcmhalgen/LCMHalTest_DBS/DATABASE_FreeRTOSUART_Hyperterminal_IT/working/copy-root/000001F5/Users/jie/Documents/arm-gnu-toolchain-14.3.rel1-darwin-arm64-arm-none-eabi/bin/arm-none-eabi-objdump.semmle.00013CFB.000612B0.slice.arm64: replacing existing signature
[T 08:16:24 81147] Initializing tracer.
[T 08:16:24 81147] Initializing tags.
[T 08:16:24 81147] ID set to 0000000000013CFB_0000000000000001 (parent 0000000000013CFA_0000000000000002)
[T 08:16:24 81147] ==== Candidate to intercept: /Users/jie/Documents/arm-gnu-toolchain-14.3.rel1-darwin-arm64-arm-none-eabi/bin/arm-none-eabi-objdump (canonical: /Users/jie/Documents/arm-gnu-toolchain-14.3.rel1-darwin-arm64-arm-none-eabi/bin/arm-none-eabi-objdump) ====
[T 08:16:24 81147] Executing the following tracer actions:
[T 08:16:24 81147] Tracer actions:
[T 08:16:24 81147] pre_invocations(0)
[T 08:16:24 81147] post_invocations(0)
[T 08:16:24 81147] trace_languages(1): [cpp]
[T 08:16:24 81159] Initializing tracer.
[T 08:16:24 81159] Initializing tags.
[T 08:16:24 81159] ID set to 0000000000013D07_0000000000000001 (parent 0000000000013827_0000000000000002)
[T 08:16:24 81159] ==== Candidate to intercept: /bin/echo (canonical: /bin/echo) ====
[T 08:16:24 81159] Executing the following tracer actions:
[T 08:16:24 81159] Tracer actions:
[T 08:16:24 81159] pre_invocations(0)
[T 08:16:24 81159] post_invocations(0)
[T 08:16:24 81159] trace_languages(1): [cpp]
[T 08:16:24 81160] Initializing tracer.
[T 08:16:24 81160] Initializing tags.
[T 08:16:24 81160] ID set to 0000000000013D08_0000000000000001 (parent 0000000000013827_0000000000000002)
[T 08:16:24 81160] ==== Candidate to intercept: /bin/echo (canonical: /bin/echo) ====
[T 08:16:24 81160] Executing the following tracer actions:
[T 08:16:24 81160] Tracer actions:
[T 08:16:24 81160] pre_invocations(0)
[T 08:16:24 81160] post_invocations(0)
[T 08:16:24 81160] trace_languages(1): [cpp]
[T 08:16:24 81162] Attempting to switch stdout/stderr to 3...
/Users/jie/Documents/workspace/lcmhalgen/LCMHalTest_DBS/DATABASE_FreeRTOSUART_Hyperterminal_IT/working/copy-root/000001F5/bin/mv.semmle.00013D09.1D7F9AF0.slice.x86_64: replacing existing signature
[T 08:16:24 81161] Initializing tracer.
[T 08:16:24 81161] Initializing tags.
[T 08:16:24 81161] ID set to 0000000000013D09_0000000000000001 (parent 00000000000137DE_0000000000000003)
[T 08:16:24 81161] ==== Candidate to intercept: /bin/mv (canonical: /bin/mv) ====
[T 08:16:25 81161] Executing the following tracer actions:
[T 08:16:25 81161] Tracer actions:
[T 08:16:25 81161] pre_invocations(0)
[T 08:16:25 81161] post_invocations(0)
[T 08:16:25 81161] trace_languages(1): [cpp]
