[2025-12-05 07:41:03] This is codeql database create /Users/jie/Documents/workspace/lcmhalgen/LCMHalTest_DBS/DATABASE_NXP_FreeRTOSHTTPSrv_macbook --language=cpp --command=bash build.sh
[2025-12-05 07:41:03] Log file was started late.
[2025-12-05 07:41:03] [PROGRESS] database create> Initializing database at /Users/jie/Documents/workspace/lcmhalgen/LCMHalTest_DBS/DATABASE_NXP_FreeRTOSHTTPSrv_macbook.
[2025-12-05 07:41:03] Running plumbing command: codeql database init --language=cpp --extractor-options-verbosity=1 --qlconfig-file=/Users/jie/Documents/workspace/lcmhalgen/LCMHalMCPServer/testcases/macbook/nxp_freertos_httpsrv/qlconfig.yml --source-root=/Users/jie/Documents/workspace/lcmhalgen/LCMHalMCPServer/testcases/macbook/nxp_freertos_httpsrv --allow-missing-source-root=false --allow-already-existing -- /Users/jie/Documents/workspace/lcmhalgen/LCMHalTest_DBS/DATABASE_NXP_FreeRTOSHTTPSrv_macbook
[2025-12-05 07:41:03] Calling plumbing command: codeql resolve languages --extractor-options-verbosity=1 --format=betterjson
[2025-12-05 07:41:03] [DETAILS] resolve languages> Scanning for [codeql-extractor.yml] from /opt/homebrew/Caskroom/codeql/2.23.0/codeql/.codeqlmanifest.json
[2025-12-05 07:41:03] [DETAILS] resolve languages> Parsing /opt/homebrew/Caskroom/codeql/2.23.0/codeql/go/codeql-extractor.yml.
[2025-12-05 07:41:03] [DETAILS] resolve languages> Parsing /opt/homebrew/Caskroom/codeql/2.23.0/codeql/python/codeql-extractor.yml.
[2025-12-05 07:41:03] [DETAILS] resolve languages> Parsing /opt/homebrew/Caskroom/codeql/2.23.0/codeql/rust/codeql-extractor.yml.
[2025-12-05 07:41:03] [DETAILS] resolve languages> Parsing /opt/homebrew/Caskroom/codeql/2.23.0/codeql/java/codeql-extractor.yml.
[2025-12-05 07:41:03] [DETAILS] resolve languages> Parsing /opt/homebrew/Caskroom/codeql/2.23.0/codeql/html/codeql-extractor.yml.
[2025-12-05 07:41:03] [DETAILS] resolve languages> Parsing /opt/homebrew/Caskroom/codeql/2.23.0/codeql/xml/codeql-extractor.yml.
[2025-12-05 07:41:03] [DETAILS] resolve languages> Parsing /opt/homebrew/Caskroom/codeql/2.23.0/codeql/properties/codeql-extractor.yml.
[2025-12-05 07:41:03] [DETAILS] resolve languages> Parsing /opt/homebrew/Caskroom/codeql/2.23.0/codeql/cpp/codeql-extractor.yml.
[2025-12-05 07:41:03] [DETAILS] resolve languages> Parsing /opt/homebrew/Caskroom/codeql/2.23.0/codeql/swift/codeql-extractor.yml.
[2025-12-05 07:41:03] [DETAILS] resolve languages> Parsing /opt/homebrew/Caskroom/codeql/2.23.0/codeql/csv/codeql-extractor.yml.
[2025-12-05 07:41:03] [DETAILS] resolve languages> Parsing /opt/homebrew/Caskroom/codeql/2.23.0/codeql/actions/codeql-extractor.yml.
[2025-12-05 07:41:04] [DETAILS] resolve languages> Parsing /opt/homebrew/Caskroom/codeql/2.23.0/codeql/yaml/codeql-extractor.yml.
[2025-12-05 07:41:04] [DETAILS] resolve languages> Parsing /opt/homebrew/Caskroom/codeql/2.23.0/codeql/csharp/codeql-extractor.yml.
[2025-12-05 07:41:04] [DETAILS] resolve languages> Parsing /opt/homebrew/Caskroom/codeql/2.23.0/codeql/javascript/codeql-extractor.yml.
[2025-12-05 07:41:04] [DETAILS] resolve languages> Parsing /opt/homebrew/Caskroom/codeql/2.23.0/codeql/ruby/codeql-extractor.yml.
[2025-12-05 07:41:04] Plumbing command codeql resolve languages completed:
                      {
                        "aliases" : {
                          "c" : "cpp",
                          "c++" : "cpp",
                          "c-c++" : "cpp",
                          "c-cpp" : "cpp",
                          "c#" : "csharp",
                          "java-kotlin" : "java",
                          "kotlin" : "java",
                          "javascript-typescript" : "javascript",
                          "typescript" : "javascript"
                        },
                        "extractors" : {
                          "go" : [
                            {
                              "extractor_root" : "/opt/homebrew/Caskroom/codeql/2.23.0/codeql/go",
                              "extractor_options" : {
                                "extract_tests" : {
                                  "title" : "Whether to include Go test files in the CodeQL database.",
                                  "description" : "A value indicating whether Go test files should be included in the CodeQL database. The default is 'false'.\n",
                                  "type" : "string",
                                  "pattern" : "^(false|true)$"
                                },
                                "extract_vendor_dirs" : {
                                  "title" : "Whether to include Go vendor directories in the CodeQL database.",
                                  "description" : "A value indicating whether Go vendor directories should be included in the CodeQL database. The default is 'false'.\n",
                                  "type" : "string",
                                  "pattern" : "^(false|true)$"
                                }
                              }
                            }
                          ],
                          "python" : [
                            {
                              "extractor_root" : "/opt/homebrew/Caskroom/codeql/2.23.0/codeql/python",
                              "extractor_options" : {
                                "logging" : {
                                  "title" : "Options pertaining to logging.",
                                  "description" : "Options pertaining to logging.",
                                  "type" : "object",
                                  "properties" : {
                                    "verbosity" : {
                                      "title" : "Python extractor logging verbosity level.",
                                      "description" : "Controls the level of verbosity of the CodeQL Python extractor.\nThe supported levels are (in order of increasing verbosity):\n\n  - off\n  - errors\n  - warnings\n  - info or progress\n  - debug or progress+\n  - trace or progress++\n  - progress+++\n",
                                      "type" : "string",
                                      "pattern" : "^(off|errors|warnings|(info|progress)|(debug|progress\\+)|(trace|progress\\+\\+)|progress\\+\\+\\+)$"
                                    }
                                  }
                                },
                                "python_executable_name" : {
                                  "title" : "Controls the name of the Python executable used by the Python extractor.",
                                  "description" : "The Python extractor uses platform-dependent heuristics to determine the name of the Python executable to use. Specifying a value for this option overrides the name of the Python executable used by the extractor. Accepted values are py, python and python3. Use this setting with caution, the Python extractor requires Python 3 to run.\n",
                                  "type" : "string",
                                  "pattern" : "^(py|python|python3)$"
                                }
                              }
                            }
                          ],
                          "rust" : [
                            {
                              "extractor_root" : "/opt/homebrew/Caskroom/codeql/2.23.0/codeql/rust",
                              "extractor_options" : {
                                "trap" : {
                                  "title" : "Options pertaining to TRAP.",
                                  "description" : "Options pertaining to TRAP.",
                                  "type" : "object",
                                  "properties" : {
                                    "compression" : {
                                      "title" : "Controls compression for the TRAP files written by the extractor.",
                                      "description" : "This option is only intended for use in debugging the extractor. Accepted values are 'gzip' (to write gzip-compressed TRAP) 'zstd' (to write Zstandard-compressed TRAP) and 'none' (the default, to write uncompressed TRAP).\n",
                                      "type" : "string",
                                      "pattern" : "^(none|gzip|zstd)$"
                                    }
                                  }
                                },
                                "cargo_target_dir" : {
                                  "title" : "Directory to use for cargo output files.",
                                  "description" : "This value is an optional path to use as `CARGO_TARGET_DIR` for the internal cargo commands the extractor uses. Pointing it to a persistent directory may reduce execution time of consecutive extractor runs. By default, a new scratch directory is used for each run.\n",
                                  "type" : "string"
                                },
                                "cargo_target" : {
                                  "title" : "Target architecture",
                                  "description" : "Target architecture to use for analysis, analogous to `cargo --target`. By default the host architecture is used.\n",
                                  "type" : "string"
                                },
                                "cargo_features" : {
                                  "title" : "Cargo features to turn on",
                                  "description" : "Comma-separated list of features to turn on. By default all features are enabled. If any features are specified, then only those features are enabled. The `default` feature must be explicitly specified if only default features are desired. Can be repeated.\n",
                                  "type" : "array"
                                },
                                "cargo_cfg_overrides" : {
                                  "title" : "Cargo cfg overrides",
                                  "description" : "Comma-separated list of cfg settings to enable, or disable if prefixed with `-`. Can be repeated.\n",
                                  "type" : "array"
                                },
                                "logging" : {
                                  "title" : "Options pertaining to logging.",
                                  "description" : "Options pertaining to logging.",
                                  "type" : "object",
                                  "properties" : {
                                    "verbosity" : {
                                      "title" : "Extractor logging verbosity level.",
                                      "description" : "Controls the level of verbosity of the extractor. The supported levels are (in order of increasing verbosity):\n  - off\n  - errors\n  - warnings\n  - info or progress\n  - debug or progress+\n  - trace or progress++\n  - progress+++\n",
                                      "type" : "string",
                                      "pattern" : "^(off|errors|warnings|(info|progress)|(debug|progress\\+)|(trace|progress\\+\\+)|progress\\+\\+\\+)$"
                                    },
                                    "flamegraph" : {
                                      "title" : "[Experimental] File path for write flame graph log",
                                      "description" : "Collect flame graph data using the `tracing-flame` crate. To render a flame graph or chart, run the `inferno-flamegraph` command. See also: https://crates.io/crates/tracing-flame\n",
                                      "type" : "string"
                                    }
                                  }
                                },
                                "extract_dependencies_as_source" : {
                                  "title" : "Extract dependencies as source code",
                                  "description" : "Extract the full source code of dependencies instead of only extracting signatures.\n",
                                  "type" : "string",
                                  "pattern" : "^(false|true)$"
                                }
                              }
                            }
                          ],
                          "java" : [
                            {
                              "extractor_root" : "/opt/homebrew/Caskroom/codeql/2.23.0/codeql/java",
                              "extractor_options" : {
                                "exclude" : {
                                  "title" : "A glob excluding files from analysis.",
                                  "description" : "A glob indicating what files to exclude from the analysis. This accepts glob patterns that are supported by Java's 'getPathMatcher' implementation.\n",
                                  "type" : "string"
                                },
                                "add_prefer_source" : {
                                  "title" : "Whether to always prefer source files over class files.",
                                  "description" : "A value indicating whether source files should be preferred over class files. If set to 'true', the extraction adds '-Xprefer:source' to the javac command line. If set to 'false', the extraction uses the default javac behavior ('-Xprefer:newer'). The default is 'true'.\n",
                                  "type" : "string",
                                  "pattern" : "^(false|true)$"
                                },
                                "buildless" : {
                                  "title" : "Whether to use buildless (standalone) extraction (experimental).",
                                  "description" : "A value indicating, which type of extraction the autobuilder should perform. If 'true', then the standalone extractor will be used, otherwise tracing extraction will be performed. The default is 'false'. Note that buildless extraction will generally yield less accurate analysis results, and should only be used in cases where it is not possible to build the code (for example if it uses inaccessible dependencies).\n",
                                  "type" : "string",
                                  "pattern" : "^(false|true)$"
                                },
                                "buildless_dependency_dir" : {
                                  "title" : "The path where buildless (standalone) extraction should keep dependencies.",
                                  "description" : "If set, the buildless (standalone) extractor will store dependencies in this directory.\n",
                                  "type" : "string"
                                },
                                "minimize_dependency_jars" : {
                                  "title" : "Whether to rewrite and minimize downloaded JAR dependencies (experimental).",
                                  "description" : "If 'true', JAR dependencies downloaded during extraction will be rewritten to remove unneeded data, such as method bodies. The default is 'false'.\n",
                                  "type" : "string",
                                  "pattern" : "^(false|true)$"
                                }
                              }
                            }
                          ],
                          "html" : [
                            {
                              "extractor_root" : "/opt/homebrew/Caskroom/codeql/2.23.0/codeql/html"
                            }
                          ],
                          "xml" : [
                            {
                              "extractor_root" : "/opt/homebrew/Caskroom/codeql/2.23.0/codeql/xml"
                            }
                          ],
                          "properties" : [
                            {
                              "extractor_root" : "/opt/homebrew/Caskroom/codeql/2.23.0/codeql/properties"
                            }
                          ],
                          "cpp" : [
                            {
                              "extractor_root" : "/opt/homebrew/Caskroom/codeql/2.23.0/codeql/cpp",
                              "extractor_options" : {
                                "scale_timeouts" : {
                                  "title" : "Value to scale compiler introspection timeouts with",
                                  "description" : "The extractor attempts to determine what compiler the source code being extracted is compiled with. To this end the extractor makes additional calls to the compiler, some of which are expected to return within a certain fixed time (either 10s or 15s). On some systems that are under high load this time might be too short, and can be scaled up using this option.\n",
                                  "type" : "string",
                                  "pattern" : "[0-9]+"
                                },
                                "log_verbosity" : {
                                  "title" : "Verbosity of the extractor logging",
                                  "description" : "Set the verbosity of the extractor logging to 'quiet' (0), 'normal' (1), 'chatty' (2), or 'noisy' (3). The default is 'normal'.\n",
                                  "type" : "string",
                                  "pattern" : "[0-3]"
                                }
                              }
                            }
                          ],
                          "swift" : [
                            {
                              "extractor_root" : "/opt/homebrew/Caskroom/codeql/2.23.0/codeql/swift"
                            }
                          ],
                          "csv" : [
                            {
                              "extractor_root" : "/opt/homebrew/Caskroom/codeql/2.23.0/codeql/csv"
                            }
                          ],
                          "actions" : [
                            {
                              "extractor_root" : "/opt/homebrew/Caskroom/codeql/2.23.0/codeql/actions",
                              "extractor_options" : { }
                            }
                          ],
                          "yaml" : [
                            {
                              "extractor_root" : "/opt/homebrew/Caskroom/codeql/2.23.0/codeql/yaml"
                            }
                          ],
                          "csharp" : [
                            {
                              "extractor_root" : "/opt/homebrew/Caskroom/codeql/2.23.0/codeql/csharp",
                              "extractor_options" : {
                                "trap" : {
                                  "title" : "Options pertaining to TRAP.",
                                  "description" : "Options pertaining to TRAP.",
                                  "type" : "object",
                                  "properties" : {
                                    "compression" : {
                                      "title" : "Controls compression for the TRAP files written by the extractor.",
                                      "description" : "This option is only intended for use in debugging the extractor. Accepted values are 'brotli' (the default, to write brotli-compressed TRAP), 'gzip', and 'none' (to write uncompressed TRAP).\n",
                                      "type" : "string",
                                      "pattern" : "^(none|gzip|brotli)$"
                                    }
                                  }
                                },
                                "buildless" : {
                                  "title" : "DEPRECATED - Whether to use buildless (standalone) extraction.",
                                  "description" : "DEPRECATED: Use `--build-mode none` instead.\nA value indicating, which type of extraction the autobuilder should perform. If 'true', then the standalone extractor will be used, otherwise tracing extraction will be performed. The default is 'false'. Note that buildless extraction will generally yield less accurate analysis results, and should only be used in cases where it is not possible to build the code (for example if it uses inaccessible dependencies).\n",
                                  "type" : "string",
                                  "pattern" : "^(false|true)$"
                                },
                                "logging" : {
                                  "title" : "Options pertaining to logging.",
                                  "description" : "Options pertaining to logging.",
                                  "type" : "object",
                                  "properties" : {
                                    "verbosity" : {
                                      "title" : "Extractor logging verbosity level.",
                                      "description" : "Controls the level of verbosity of the extractor. The supported levels are (in order of increasing verbosity):\n  - off\n  - errors\n  - warnings\n  - info or progress\n  - debug or progress+\n  - trace or progress++\n  - progress+++\n",
                                      "type" : "string",
                                      "pattern" : "^(off|errors|warnings|(info|progress)|(debug|progress\\+)|(trace|progress\\+\\+)|progress\\+\\+\\+)$"
                                    }
                                  }
                                },
                                "binlog" : {
                                  "title" : "Binlog",
                                  "description" : "[EXPERIMENTAL] The value is a path to the MsBuild binary log file that should be extracted. This option only works when `--build-mode none` is also specified.\n",
                                  "type" : "array"
                                }
                              }
                            }
                          ],
                          "javascript" : [
                            {
                              "extractor_root" : "/opt/homebrew/Caskroom/codeql/2.23.0/codeql/javascript",
                              "extractor_options" : {
                                "skip_types" : {
                                  "title" : "Skip type extraction for TypeScript",
                                  "description" : "Whether to skip the extraction of types in a TypeScript application",
                                  "type" : "string",
                                  "pattern" : "^(false|true)$"
                                }
                              }
                            }
                          ],
                          "ruby" : [
                            {
                              "extractor_root" : "/opt/homebrew/Caskroom/codeql/2.23.0/codeql/ruby",
                              "extractor_options" : {
                                "trap" : {
                                  "title" : "Options pertaining to TRAP.",
                                  "description" : "Options pertaining to TRAP.",
                                  "type" : "object",
                                  "properties" : {
                                    "compression" : {
                                      "title" : "Controls compression for the TRAP files written by the extractor.",
                                      "description" : "This option is only intended for use in debugging the extractor. Accepted values are 'gzip' (the default, to write gzip-compressed TRAP) 'zstd' (to write Zstandard-compressed TRAP) and 'none' (to write uncompressed TRAP).\n",
                                      "type" : "string",
                                      "pattern" : "^(none|gzip|zstd)$"
                                    }
                                  }
                                }
                              }
                            }
                          ]
                        }
                      }
[2025-12-05 07:41:04] [PROGRESS] database init> Calculating baseline information in /Users/jie/Documents/workspace/lcmhalgen/LCMHalMCPServer/testcases/macbook/nxp_freertos_httpsrv
[2025-12-05 07:41:04] [SPAMMY] database init> Ignoring the following directories when processing baseline information: .git, .hg, .svn.
[2025-12-05 07:41:04] [DETAILS] database init> Running command in /Users/jie/Documents/workspace/lcmhalgen/LCMHalMCPServer/testcases/macbook/nxp_freertos_httpsrv: /opt/homebrew/Caskroom/codeql/2.23.0/codeql/tools/osx64/scc --by-file --exclude-dir .git,.hg,.svn --format json --no-large --no-min .
[2025-12-05 07:41:04] [PROGRESS] database init> Calculated baseline information for languages:  (64ms).
[2025-12-05 07:41:04] [PROGRESS] database init> Resolving extractor cpp.
[2025-12-05 07:41:04] [DETAILS] database init> Found candidate extractor root for cpp: /opt/homebrew/Caskroom/codeql/2.23.0/codeql/cpp.
[2025-12-05 07:41:04] [PROGRESS] database init> Successfully loaded extractor C/C++ (cpp) from /opt/homebrew/Caskroom/codeql/2.23.0/codeql/cpp.
[2025-12-05 07:41:04] [SPAMMY] database init> Determining macOS System Integrity Protection status...
[2025-12-05 07:41:04] [SPAMMY] database init> Running command [/usr/bin/csrutil, status].
[2025-12-05 07:41:04] [SPAMMY] database init> SIP is enabled.
[2025-12-05 07:41:04] [PROGRESS] database init> Created skeleton CodeQL database at /Users/jie/Documents/workspace/lcmhalgen/LCMHalTest_DBS/DATABASE_NXP_FreeRTOSHTTPSrv_macbook. This in-progress database is ready to be populated by an extractor.
[2025-12-05 07:41:04] Plumbing command codeql database init completed.
[2025-12-05 07:41:04] [PROGRESS] database create> Running build command: [bash, build.sh]
[2025-12-05 07:41:04] Running plumbing command: codeql database trace-command --working-dir=/Users/jie/Documents/workspace/lcmhalgen/LCMHalMCPServer/testcases/macbook/nxp_freertos_httpsrv --index-traceless-dbs --no-db-cluster -- /Users/jie/Documents/workspace/lcmhalgen/LCMHalTest_DBS/DATABASE_NXP_FreeRTOSHTTPSrv_macbook bash build.sh
[2025-12-05 07:41:04] [PROGRESS] database trace-command> Running command in /Users/jie/Documents/workspace/lcmhalgen/LCMHalMCPServer/testcases/macbook/nxp_freertos_httpsrv: [bash, build.sh]
[2025-12-05 07:41:05] [build-stdout] 切换到构建目录: /Users/jie/mcuxpresso-sdk/mcuxsdk
[2025-12-05 07:41:05] [build-stdout] 开始编译项目...
[2025-12-05 07:41:08] [build-stdout] === generating a build system
[2025-12-05 07:41:08] [build-stdout] --- Build the default target flash_debug
[2025-12-05 07:41:10] [build-stdout] -- CMake version: 3.30.0
[2025-12-05 07:41:11] [build-stdout] -- Found Python3: /Users/jie/mcuxpresso-sdk/mcuxsdk/.venv/bin/python (found suitable version "3.13.7", minimum required is "3.8") found components: Interpreter
[2025-12-05 07:41:11] [build-stdout] -- Found Ruby: ruby 2.6.10p210 (2022-04-12 revision 67958) [universal.x86_64-darwin24]
[2025-12-05 07:41:11] [build-stdout] -- Build toolchain: armgcc
[2025-12-05 07:41:19] [build-stdout] -- The C compiler identification is GNU 14.3.1
[2025-12-05 07:41:23] [build-stdout] -- The CXX compiler identification is GNU 14.3.1
[2025-12-05 07:41:23] [build-stdout] -- The ASM compiler identification is GNU
[2025-12-05 07:41:23] [build-stdout] -- Found assembler: /Users/jie/Documents/arm-gnu-toolchain-14.3.rel1-darwin-arm64-arm-none-eabi/bin/arm-none-eabi-gcc
[2025-12-05 07:41:23] [build-stdout] -- CMake Generator: Ninja
[2025-12-05 07:41:23] [build-stdout] -- CMake Generator location: /Users/jie/.mcuxpressotools/ninja-1.12.1/ninja
[2025-12-05 07:41:23] [build-stdout] -- Ninja version: 1.12.1
[2025-12-05 07:41:24] [build-stdout] -- Final prj.conf dir is /Users/jie/mcuxpresso-sdk/mcuxsdk/examples/_boards/frdmrw612/lwip_examples/lwip_httpsrv/freertos
[2025-12-05 07:41:24] [build-stdout] Parsing /Users/jie/mcuxpresso-sdk/mcuxsdk/Kconfig
[2025-12-05 07:41:24] [build-stdout] Loaded configuration '/Users/jie/mcuxpresso-sdk/mcuxsdk/devices/prj.conf'
[2025-12-05 07:41:24] [build-stdout] Merged configuration '/Users/jie/mcuxpresso-sdk/mcuxsdk/devices/Wireless/RW/RW612/prj.conf'
[2025-12-05 07:41:24] [build-stdout] Merged configuration '/Users/jie/mcuxpresso-sdk/mcuxsdk/examples/prj.conf'
[2025-12-05 07:41:24] [build-stdout] Merged configuration '/Users/jie/mcuxpresso-sdk/mcuxsdk/examples/_boards/frdmrw612/prj.conf'
[2025-12-05 07:41:24] [build-stdout] Merged configuration '/Users/jie/mcuxpresso-sdk/mcuxsdk/examples/lwip_examples/lwip_httpsrv/freertos/prj.conf'
[2025-12-05 07:41:24] [build-stdout] Merged configuration '/Users/jie/mcuxpresso-sdk/mcuxsdk/examples/_boards/frdmrw612/lwip_examples/prj.conf'
[2025-12-05 07:41:24] [build-stdout] Merged configuration '/Users/jie/mcuxpresso-sdk/mcuxsdk/examples/_boards/frdmrw612/lwip_examples/lwip_httpsrv/freertos/prj.conf'
[2025-12-05 07:41:24] [build-stdout] Configuration saved to '/Users/jie/mcuxpresso-sdk/mcuxsdk/build/.config'
[2025-12-05 07:41:24] [build-stdout] Kconfig header saved to '/Users/jie/mcuxpresso-sdk/mcuxsdk/build/mcux_config.h'
[2025-12-05 07:41:24] [build-stdout] Kconfig header saved to '/Users/jie/mcuxpresso-sdk/mcuxsdk/build/fsl_debug_console_conf.h'
[2025-12-05 07:41:24] [build-stdout] Kconfig header saved to '/Users/jie/mcuxpresso-sdk/mcuxsdk/build/lwipopts_gen.h'
[2025-12-05 07:41:24] [build-stdout] Kconfig header saved to '/Users/jie/mcuxpresso-sdk/mcuxsdk/build/FreeRTOSConfig_Gen.h'
[2025-12-05 07:41:25] [build-stdout] -- Generated /Users/jie/mcuxpresso-sdk/mcuxsdk/build/mcuxsdk_version.h
[2025-12-05 07:41:27] [build-stdout] -- Configuring done (17.3s)
[2025-12-05 07:41:28] [build-stdout] -- Generating done (0.7s)
[2025-12-05 07:41:28] [build-stdout] -- Build files have been written to: /Users/jie/mcuxpresso-sdk/mcuxsdk/build
[2025-12-05 07:41:28] [build-stdout] === building application
[2025-12-05 07:41:29] [build-stdout] [1/165] Building ASM object CMakeFiles/lwip_httpsrv_freertos.dir/Users/jie/mcuxpresso-sdk/mcuxsdk/devices/Wireless/RW/RW612/gcc/startup_RW612.S.obj
[2025-12-05 07:41:32] [build-stdout] [2/165] Building C object CMakeFiles/lwip_httpsrv_freertos.dir/Users/jie/mcuxpresso-sdk/mcuxsdk/devices/Wireless/RW/RW612/system_RW612.c.obj
[2025-12-05 07:41:32] [build-stdout] [3/165] Building C object CMakeFiles/lwip_httpsrv_freertos.dir/Users/jie/mcuxpresso-sdk/mcuxsdk/examples/_boards/frdmrw612/flash_config/flash_config.c.obj
[2025-12-05 07:41:32] [build-stdout] [4/165] Building C object CMakeFiles/lwip_httpsrv_freertos.dir/Users/jie/mcuxpresso-sdk/mcuxsdk/examples/_boards/frdmrw612/clock_config.c.obj
[2025-12-05 07:41:32] [build-stdout] [5/165] Building C object CMakeFiles/lwip_httpsrv_freertos.dir/Users/jie/mcuxpresso-sdk/mcuxsdk/devices/Wireless/RW/RW612/drivers/fsl_ocotp.c.obj
[2025-12-05 07:41:32] [build-stdout] [6/165] Building C object CMakeFiles/lwip_httpsrv_freertos.dir/Users/jie/mcuxpresso-sdk/mcuxsdk/devices/Wireless/RW/RW612/drivers/fsl_i2s_bridge.c.obj
[2025-12-05 07:41:32] [build-stdout] [7/165] Building C object CMakeFiles/lwip_httpsrv_freertos.dir/Users/jie/mcuxpresso-sdk/mcuxsdk/examples/_boards/frdmrw612/lwip_examples/lwip_httpsrv/freertos/pin_mux.c.obj
[2025-12-05 07:41:32] [build-stdout] [8/165] Building C object CMakeFiles/lwip_httpsrv_freertos.dir/Users/jie/mcuxpresso-sdk/mcuxsdk/devices/Wireless/RW/RW612/drivers/fsl_iped.c.obj
[2025-12-05 07:41:32] [build-stdout] [9/165] Building C object CMakeFiles/lwip_httpsrv_freertos.dir/Users/jie/mcuxpresso-sdk/mcuxsdk/devices/Wireless/RW/RW612/drivers/fsl_reset.c.obj
[2025-12-05 07:41:32] [build-stdout] [10/165] Building C object CMakeFiles/lwip_httpsrv_freertos.dir/Users/jie/mcuxpresso-sdk/mcuxsdk/devices/Wireless/RW/RW612/drivers/fsl_power.c.obj
[2025-12-05 07:41:32] [build-stdout] [11/165] Building C object CMakeFiles/lwip_httpsrv_freertos.dir/Users/jie/mcuxpresso-sdk/mcuxsdk/devices/Wireless/RW/RW612/drivers/fsl_clock.c.obj
[2025-12-05 07:41:33] [build-stdout] [12/165] Building C object CMakeFiles/lwip_httpsrv_freertos.dir/Users/jie/mcuxpresso-sdk/mcuxsdk/examples/_boards/frdmrw612/lwip_examples/lwip_httpsrv/freertos/hardware_init.c.obj
[2025-12-05 07:41:33] [build-stdout] [13/165] Building C object CMakeFiles/lwip_httpsrv_freertos.dir/Users/jie/mcuxpresso-sdk/mcuxsdk/examples/_boards/frdmrw612/board.c.obj
[2025-12-05 07:41:34] [build-stdout] [14/165] Building C object CMakeFiles/lwip_httpsrv_freertos.dir/Users/jie/mcuxpresso-sdk/mcuxsdk/drivers/common/fsl_common_arm.c.obj
[2025-12-05 07:41:34] [build-stdout] [15/165] Building C object CMakeFiles/lwip_httpsrv_freertos.dir/Users/jie/mcuxpresso-sdk/mcuxsdk/drivers/flexcomm/fsl_flexcomm.c.obj
[2025-12-05 07:41:34] [build-stdout] [16/165] Building C object CMakeFiles/lwip_httpsrv_freertos.dir/Users/jie/mcuxpresso-sdk/mcuxsdk/drivers/lpc_gpio/fsl_gpio.c.obj
[2025-12-05 07:41:34] [build-stdout] [17/165] Building C object CMakeFiles/lwip_httpsrv_freertos.dir/Users/jie/mcuxpresso-sdk/mcuxsdk/drivers/common/fsl_common.c.obj
[2025-12-05 07:41:34] [build-stdout] [18/165] Building C object CMakeFiles/lwip_httpsrv_freertos.dir/Users/jie/mcuxpresso-sdk/mcuxsdk/drivers/inputmux/fsl_inputmux.c.obj
[2025-12-05 07:41:34] [build-stdout] [19/165] Building C object CMakeFiles/lwip_httpsrv_freertos.dir/Users/jie/mcuxpresso-sdk/mcuxsdk/drivers/cache/cache64/fsl_cache.c.obj
[2025-12-05 07:41:34] [build-stdout] [20/165] Building C object CMakeFiles/lwip_httpsrv_freertos.dir/Users/jie/mcuxpresso-sdk/mcuxsdk/drivers/pint/fsl_pint.c.obj
[2025-12-05 07:41:34] [build-stdout] [21/165] Building C object CMakeFiles/lwip_httpsrv_freertos.dir/Users/jie/mcuxpresso-sdk/mcuxsdk/drivers/flexspi/fsl_flexspi.c.obj
[2025-12-05 07:41:34] [build-stdout] [22/165] Building C object CMakeFiles/lwip_httpsrv_freertos.dir/Users/jie/mcuxpresso-sdk/mcuxsdk/drivers/enet/fsl_enet.c.obj
[2025-12-05 07:41:34] [build-stdout] [23/165] Building C object CMakeFiles/lwip_httpsrv_freertos.dir/Users/jie/mcuxpresso-sdk/mcuxsdk/drivers/flexcomm/usart/fsl_usart.c.obj
[2025-12-05 07:41:34] [build-stdout] [24/165] Building ASM object CMakeFiles/lwip_httpsrv_freertos.dir/Users/jie/mcuxpresso-sdk/mcuxsdk/components/misc_utilities/fsl_memcpy.S.obj
[2025-12-05 07:41:35] [build-stdout] [25/165] Building C object CMakeFiles/lwip_httpsrv_freertos.dir/Users/jie/mcuxpresso-sdk/mcuxsdk/components/misc_utilities/fsl_syscall_stub.c.obj
[2025-12-05 07:41:35] [build-stdout] [26/165] Building C object CMakeFiles/lwip_httpsrv_freertos.dir/Users/jie/mcuxpresso-sdk/mcuxsdk/components/misc_utilities/fsl_sbrk.c.obj
[2025-12-05 07:41:35] [build-stdout] [27/165] Building C object CMakeFiles/lwip_httpsrv_freertos.dir/Users/jie/mcuxpresso-sdk/mcuxsdk/components/assert/fsl_assert.c.obj
[2025-12-05 07:41:35] [build-stdout] [28/165] Building C object CMakeFiles/lwip_httpsrv_freertos.dir/Users/jie/mcuxpresso-sdk/mcuxsdk/components/debug_console/fsl_debug_console.c.obj
[2025-12-05 07:41:36] [build-stdout] [29/165] Building C object CMakeFiles/lwip_httpsrv_freertos.dir/Users/jie/mcuxpresso-sdk/mcuxsdk/components/lists/fsl_component_generic_list.c.obj
[2025-12-05 07:41:36] [build-stdout] [30/165] Building C object CMakeFiles/lwip_httpsrv_freertos.dir/Users/jie/mcuxpresso-sdk/mcuxsdk/components/serial_manager/fsl_component_serial_manager.c.obj
[2025-12-05 07:41:36] [build-stdout] [31/165] Building C object CMakeFiles/lwip_httpsrv_freertos.dir/Users/jie/mcuxpresso-sdk/mcuxsdk/components/gpio/fsl_adapter_lpc_gpio.c.obj
[2025-12-05 07:41:36] [build-stdout] [32/165] Building C object CMakeFiles/lwip_httpsrv_freertos.dir/Users/jie/mcuxpresso-sdk/mcuxsdk/components/serial_manager/fsl_component_serial_port_uart.c.obj
[2025-12-05 07:41:36] [build-stdout] [33/165] Building C object CMakeFiles/lwip_httpsrv_freertos.dir/Users/jie/mcuxpresso-sdk/mcuxsdk/components/silicon_id/fsl_silicon_id.c.obj
[2025-12-05 07:41:36] [build-stdout] [34/165] Building C object CMakeFiles/lwip_httpsrv_freertos.dir/Users/jie/mcuxpresso-sdk/mcuxsdk/components/phy/device/phyksz8081/fsl_phyksz8081.c.obj
[2025-12-05 07:41:37] [build-stdout] [35/165] Building C object CMakeFiles/lwip_httpsrv_freertos.dir/Users/jie/mcuxpresso-sdk/mcuxsdk/components/silicon_id/socs/rw610/fsl_silicon_id_soc.c.obj
[2025-12-05 07:41:37] [build-stdout] [36/165] Building C object CMakeFiles/lwip_httpsrv_freertos.dir/Users/jie/mcuxpresso-sdk/mcuxsdk/components/str/fsl_str.c.obj
[2025-12-05 07:41:37] [build-stdout] [37/165] Building C object CMakeFiles/lwip_httpsrv_freertos.dir/Users/jie/mcuxpresso-sdk/mcuxsdk/components/uart/fsl_adapter_usart.c.obj
[2025-12-05 07:41:37] [build-stdout] [38/165] Building C object CMakeFiles/lwip_httpsrv_freertos.dir/Users/jie/mcuxpresso-sdk/mcuxsdk/components/els_pkc/src/comps/mcuxClBuffer/src/mcuxClBuffer.c.obj
[2025-12-05 07:41:37] [build-stdout] [39/165] Building C object CMakeFiles/lwip_httpsrv_freertos.dir/Users/jie/mcuxpresso-sdk/mcuxsdk/components/els_pkc/src/comps/mcuxCsslMemory/src/mcuxCsslMemory_Compare.c.obj
[2025-12-05 07:41:37] [build-stdout] [40/165] Building C object CMakeFiles/lwip_httpsrv_freertos.dir/Users/jie/mcuxpresso-sdk/mcuxsdk/components/els_pkc/src/comps/mcuxCsslMemory/src/mcuxCsslMemory_Clear.c.obj
[2025-12-05 07:41:37] [build-stdout] [41/165] Building C object CMakeFiles/lwip_httpsrv_freertos.dir/Users/jie/mcuxpresso-sdk/mcuxsdk/components/els_pkc/src/comps/mcuxCsslParamIntegrity/src/mcuxCsslParamIntegrity32.c.obj
[2025-12-05 07:41:37] [build-stdout] [42/165] Building C object CMakeFiles/lwip_httpsrv_freertos.dir/Users/jie/mcuxpresso-sdk/mcuxsdk/rtos/freertos/freertos-kernel/croutine.c.obj
[2025-12-05 07:41:37] [build-stdout] [43/165] Building C object CMakeFiles/lwip_httpsrv_freertos.dir/Users/jie/mcuxpresso-sdk/mcuxsdk/rtos/freertos/freertos-kernel/list.c.obj
[2025-12-05 07:41:37] [build-stdout] [44/165] Building C object CMakeFiles/lwip_httpsrv_freertos.dir/Users/jie/mcuxpresso-sdk/mcuxsdk/rtos/freertos/freertos-kernel/event_groups.c.obj
[2025-12-05 07:41:37] [build-stdout] [45/165] Building C object CMakeFiles/lwip_httpsrv_freertos.dir/Users/jie/mcuxpresso-sdk/mcuxsdk/components/els_pkc/src/comps/mcuxCsslMemory/src/mcuxCsslMemory_Copy.c.obj
[2025-12-05 07:41:37] [build-stdout] [46/165] Building C object CMakeFiles/lwip_httpsrv_freertos.dir/Users/jie/mcuxpresso-sdk/mcuxsdk/components/els_pkc/src/comps/mcuxCsslMemory/src/mcuxCsslMemory_Set.c.obj
[2025-12-05 07:41:38] [build-stdout] [47/165] Building C object CMakeFiles/lwip_httpsrv_freertos.dir/Users/jie/mcuxpresso-sdk/mcuxsdk/components/els_pkc/src/comps/mcuxClEls/src/mcuxClEls_GlitchDetector.c.obj
[2025-12-05 07:41:38] [build-stdout] [48/165] Building C object CMakeFiles/lwip_httpsrv_freertos.dir/Users/jie/mcuxpresso-sdk/mcuxsdk/rtos/freertos/freertos-kernel/portable/GCC/ARM_CM33_NTZ/non_secure/portasm.c.obj
[2025-12-05 07:41:38] [build-stdout] [49/165] Building C object CMakeFiles/lwip_httpsrv_freertos.dir/Users/jie/mcuxpresso-sdk/mcuxsdk/rtos/freertos/freertos-kernel/portable/GCC/ARM_CM33_NTZ/non_secure/mpu_wrappers_v2_asm.c.obj
[2025-12-05 07:41:38] [build-stdout] [50/165] Building C object CMakeFiles/lwip_httpsrv_freertos.dir/Users/jie/mcuxpresso-sdk/mcuxsdk/rtos/freertos/freertos-kernel/stream_buffer.c.obj
[2025-12-05 07:41:38] [build-stdout] [51/165] Building C object CMakeFiles/lwip_httpsrv_freertos.dir/Users/jie/mcuxpresso-sdk/mcuxsdk/rtos/freertos/freertos-kernel/queue.c.obj
[2025-12-05 07:41:38] [build-stdout] [52/165] Building C object CMakeFiles/lwip_httpsrv_freertos.dir/Users/jie/mcuxpresso-sdk/mcuxsdk/rtos/freertos/freertos-kernel/portable/GCC/ARM_CM33_NTZ/non_secure/port.c.obj
[2025-12-05 07:41:38] [build-stdout] [53/165] Building C object CMakeFiles/lwip_httpsrv_freertos.dir/Users/jie/mcuxpresso-sdk/mcuxsdk/rtos/freertos/freertos-kernel/timers.c.obj
[2025-12-05 07:41:38] [build-stdout] [54/165] Building C object CMakeFiles/lwip_httpsrv_freertos.dir/Users/jie/mcuxpresso-sdk/mcuxsdk/rtos/freertos/freertos-kernel/portable/MemMang/heap_3.c.obj
[2025-12-05 07:41:38] [build-stdout] [55/165] Building C object CMakeFiles/lwip_httpsrv_freertos.dir/Users/jie/mcuxpresso-sdk/mcuxsdk/rtos/freertos/freertos-kernel/tasks.c.obj
[2025-12-05 07:41:39] [build-stdout] [56/165] Building C object CMakeFiles/lwip_httpsrv_freertos.dir/Users/jie/mcuxpresso-sdk/mcuxsdk/components/els_pkc/src/comps/mcuxClMemory/src/mcuxClMemory.c.obj
[2025-12-05 07:41:39] [build-stdout] [57/165] Building C object CMakeFiles/lwip_httpsrv_freertos.dir/Users/jie/mcuxpresso-sdk/mcuxsdk/components/els_pkc/src/comps/mcuxClEls/src/mcuxClEls_Common.c.obj
[2025-12-05 07:41:40] [build-stdout] [58/165] Building C object CMakeFiles/lwip_httpsrv_freertos.dir/Users/jie/mcuxpresso-sdk/mcuxsdk/middleware/lwip/src/api/err.c.obj
[2025-12-05 07:41:40] [build-stdout] [59/165] Building C object CMakeFiles/lwip_httpsrv_freertos.dir/Users/jie/mcuxpresso-sdk/mcuxsdk/middleware/lwip/src/api/netdb.c.obj
[2025-12-05 07:41:40] [build-stdout] [60/165] Building C object CMakeFiles/lwip_httpsrv_freertos.dir/Users/jie/mcuxpresso-sdk/mcuxsdk/middleware/lwip/port/sys_arch/dynamic/sys_arch.c.obj
[2025-12-05 07:41:41] [build-stdout] [61/165] Building C object CMakeFiles/lwip_httpsrv_freertos.dir/Users/jie/mcuxpresso-sdk/mcuxsdk/middleware/lwip/src/api/netbuf.c.obj
[2025-12-05 07:41:41] [build-stdout] [62/165] Building C object CMakeFiles/lwip_httpsrv_freertos.dir/Users/jie/mcuxpresso-sdk/mcuxsdk/middleware/lwip/src/api/netifapi.c.obj
[2025-12-05 07:41:41] [build-stdout] [63/165] Building C object CMakeFiles/lwip_httpsrv_freertos.dir/Users/jie/mcuxpresso-sdk/mcuxsdk/middleware/lwip/src/api/api_lib.c.obj
[2025-12-05 07:41:41] [build-stdout] [64/165] Building C object CMakeFiles/lwip_httpsrv_freertos.dir/Users/jie/mcuxpresso-sdk/mcuxsdk/middleware/lwip/src/api/if_api.c.obj
[2025-12-05 07:41:41] [build-stdout] [65/165] Building C object CMakeFiles/lwip_httpsrv_freertos.dir/Users/jie/mcuxpresso-sdk/mcuxsdk/middleware/lwip/src/api/tcpip.c.obj
[2025-12-05 07:41:41] [build-stdout] [66/165] Building C object CMakeFiles/lwip_httpsrv_freertos.dir/Users/jie/mcuxpresso-sdk/mcuxsdk/middleware/lwip/src/api/api_msg.c.obj
[2025-12-05 07:41:41] [build-stdout] [67/165] Building C object CMakeFiles/lwip_httpsrv_freertos.dir/Users/jie/mcuxpresso-sdk/mcuxsdk/middleware/lwip/src/core/altcp_alloc.c.obj
[2025-12-05 07:41:41] [build-stdout] [68/165] Building C object CMakeFiles/lwip_httpsrv_freertos.dir/Users/jie/mcuxpresso-sdk/mcuxsdk/middleware/lwip/src/core/altcp.c.obj
[2025-12-05 07:41:42] [build-stdout] [69/165] Building C object CMakeFiles/lwip_httpsrv_freertos.dir/Users/jie/mcuxpresso-sdk/mcuxsdk/middleware/lwip/src/api/sockets.c.obj
[2025-12-05 07:41:43] [build-stdout] [70/165] Building C object CMakeFiles/lwip_httpsrv_freertos.dir/Users/jie/mcuxpresso-sdk/mcuxsdk/middleware/lwip/src/core/altcp_tcp.c.obj
[2025-12-05 07:41:43] [build-stdout] [71/165] Building C object CMakeFiles/lwip_httpsrv_freertos.dir/Users/jie/mcuxpresso-sdk/mcuxsdk/middleware/lwip/src/core/dns.c.obj
[2025-12-05 07:41:43] [build-stdout] [72/165] Building C object CMakeFiles/lwip_httpsrv_freertos.dir/Users/jie/mcuxpresso-sdk/mcuxsdk/middleware/lwip/src/core/def.c.obj
[2025-12-05 07:41:43] [build-stdout] [73/165] Building C object CMakeFiles/lwip_httpsrv_freertos.dir/Users/jie/mcuxpresso-sdk/mcuxsdk/middleware/lwip/src/core/inet_chksum.c.obj
[2025-12-05 07:41:44] [build-stdout] [74/165] Building C object CMakeFiles/lwip_httpsrv_freertos.dir/Users/jie/mcuxpresso-sdk/mcuxsdk/middleware/lwip/src/core/mem.c.obj
[2025-12-05 07:41:44] [build-stdout] [75/165] Building C object CMakeFiles/lwip_httpsrv_freertos.dir/Users/jie/mcuxpresso-sdk/mcuxsdk/middleware/lwip/src/core/ip.c.obj
[2025-12-05 07:41:44] [build-stdout] [76/165] Building C object CMakeFiles/lwip_httpsrv_freertos.dir/Users/jie/mcuxpresso-sdk/mcuxsdk/middleware/lwip/src/core/raw.c.obj
[2025-12-05 07:41:44] [build-stdout] [77/165] Building C object CMakeFiles/lwip_httpsrv_freertos.dir/Users/jie/mcuxpresso-sdk/mcuxsdk/middleware/lwip/src/core/stats.c.obj
[2025-12-05 07:41:44] [build-stdout] [78/165] Building C object CMakeFiles/lwip_httpsrv_freertos.dir/Users/jie/mcuxpresso-sdk/mcuxsdk/middleware/lwip/src/core/pbuf.c.obj
[2025-12-05 07:41:45] [build-stdout] [79/165] Building C object CMakeFiles/lwip_httpsrv_freertos.dir/Users/jie/mcuxpresso-sdk/mcuxsdk/middleware/lwip/src/core/init.c.obj
[2025-12-05 07:41:45] [build-stdout] [80/165] Building C object CMakeFiles/lwip_httpsrv_freertos.dir/Users/jie/mcuxpresso-sdk/mcuxsdk/middleware/lwip/src/core/memp.c.obj
[2025-12-05 07:41:45] [build-stdout] [81/165] Building C object CMakeFiles/lwip_httpsrv_freertos.dir/Users/jie/mcuxpresso-sdk/mcuxsdk/middleware/lwip/src/core/netif.c.obj
[2025-12-05 07:41:45] [build-stdout] [82/165] Building C object CMakeFiles/lwip_httpsrv_freertos.dir/Users/jie/mcuxpresso-sdk/mcuxsdk/middleware/lwip/src/core/sys.c.obj
[2025-12-05 07:41:46] [build-stdout] [83/165] Building C object CMakeFiles/lwip_httpsrv_freertos.dir/Users/jie/mcuxpresso-sdk/mcuxsdk/middleware/lwip/src/core/tcp_in.c.obj
[2025-12-05 07:41:46] [build-stdout] [84/165] Building C object CMakeFiles/lwip_httpsrv_freertos.dir/Users/jie/mcuxpresso-sdk/mcuxsdk/middleware/lwip/src/core/tcp.c.obj
[2025-12-05 07:41:46] [build-stdout] [85/165] Building C object CMakeFiles/lwip_httpsrv_freertos.dir/Users/jie/mcuxpresso-sdk/mcuxsdk/middleware/lwip/src/core/ipv4/acd.c.obj
[2025-12-05 07:41:46] [build-stdout] [86/165] Building C object CMakeFiles/lwip_httpsrv_freertos.dir/Users/jie/mcuxpresso-sdk/mcuxsdk/middleware/lwip/src/core/ipv4/autoip.c.obj
[2025-12-05 07:41:47] [build-stdout] [87/165] Building C object CMakeFiles/lwip_httpsrv_freertos.dir/Users/jie/mcuxpresso-sdk/mcuxsdk/middleware/lwip/src/core/tcp_out.c.obj
[2025-12-05 07:41:47] [build-stdout] [88/165] Building C object CMakeFiles/lwip_httpsrv_freertos.dir/Users/jie/mcuxpresso-sdk/mcuxsdk/middleware/lwip/src/core/udp.c.obj
[2025-12-05 07:41:47] [build-stdout] [89/165] Building C object CMakeFiles/lwip_httpsrv_freertos.dir/Users/jie/mcuxpresso-sdk/mcuxsdk/middleware/lwip/src/core/timeouts.c.obj
[2025-12-05 07:41:47] [build-stdout] [90/165] Building C object CMakeFiles/lwip_httpsrv_freertos.dir/Users/jie/mcuxpresso-sdk/mcuxsdk/middleware/lwip/src/core/ipv4/icmp.c.obj
[2025-12-05 07:41:47] [build-stdout] [91/165] Building C object CMakeFiles/lwip_httpsrv_freertos.dir/Users/jie/mcuxpresso-sdk/mcuxsdk/middleware/lwip/src/core/ipv4/etharp.c.obj
[2025-12-05 07:41:47] [build-stdout] [92/165] Building C object CMakeFiles/lwip_httpsrv_freertos.dir/Users/jie/mcuxpresso-sdk/mcuxsdk/middleware/lwip/src/core/ipv4/dhcp.c.obj
[2025-12-05 07:41:48] [build-stdout] [93/165] Building C object CMakeFiles/lwip_httpsrv_freertos.dir/Users/jie/mcuxpresso-sdk/mcuxsdk/middleware/lwip/src/core/ipv4/igmp.c.obj
[2025-12-05 07:41:48] [build-stdout] [94/165] Building C object CMakeFiles/lwip_httpsrv_freertos.dir/Users/jie/mcuxpresso-sdk/mcuxsdk/middleware/lwip/src/core/ipv4/ip4.c.obj
[2025-12-05 07:41:48] [build-stdout] [95/165] Building C object CMakeFiles/lwip_httpsrv_freertos.dir/Users/jie/mcuxpresso-sdk/mcuxsdk/middleware/lwip/src/core/ipv6/dhcp6.c.obj
[2025-12-05 07:41:48] [build-stdout] [96/165] Building C object CMakeFiles/lwip_httpsrv_freertos.dir/Users/jie/mcuxpresso-sdk/mcuxsdk/middleware/lwip/src/core/ipv4/ip4_addr.c.obj
[2025-12-05 07:41:49] [build-stdout] [97/165] Building C object CMakeFiles/lwip_httpsrv_freertos.dir/Users/jie/mcuxpresso-sdk/mcuxsdk/middleware/lwip/src/core/ipv4/ip4_frag.c.obj
[2025-12-05 07:41:49] [build-stdout] [98/165] Building C object CMakeFiles/lwip_httpsrv_freertos.dir/Users/jie/mcuxpresso-sdk/mcuxsdk/middleware/lwip/src/core/ipv6/inet6.c.obj
[2025-12-05 07:41:49] [build-stdout] [99/165] Building C object CMakeFiles/lwip_httpsrv_freertos.dir/Users/jie/mcuxpresso-sdk/mcuxsdk/middleware/lwip/src/core/ipv6/ethip6.c.obj
[2025-12-05 07:41:49] [build-stdout] [100/165] Building C object CMakeFiles/lwip_httpsrv_freertos.dir/Users/jie/mcuxpresso-sdk/mcuxsdk/middleware/lwip/src/core/ipv6/icmp6.c.obj
[2025-12-05 07:41:50] [build-stdout] [101/165] Building C object CMakeFiles/lwip_httpsrv_freertos.dir/Users/jie/mcuxpresso-sdk/mcuxsdk/middleware/lwip/src/core/ipv6/ip6_addr.c.obj
[2025-12-05 07:41:50] [build-stdout] [102/165] Building C object CMakeFiles/lwip_httpsrv_freertos.dir/Users/jie/mcuxpresso-sdk/mcuxsdk/middleware/lwip/src/core/ipv6/ip6_frag.c.obj
[2025-12-05 07:41:50] [build-stdout] [103/165] Building C object CMakeFiles/lwip_httpsrv_freertos.dir/Users/jie/mcuxpresso-sdk/mcuxsdk/middleware/lwip/src/core/ipv6/ip6.c.obj
[2025-12-05 07:41:50] [build-stdout] [104/165] Building C object CMakeFiles/lwip_httpsrv_freertos.dir/Users/jie/mcuxpresso-sdk/mcuxsdk/middleware/lwip/src/core/ipv6/mld6.c.obj
[2025-12-05 07:41:50] [build-stdout] [105/165] Building C object CMakeFiles/lwip_httpsrv_freertos.dir/Users/jie/mcuxpresso-sdk/mcuxsdk/middleware/lwip/src/core/ipv6/nd6.c.obj
[2025-12-05 07:41:50] [build-stdout] [106/165] Building C object CMakeFiles/lwip_httpsrv_freertos.dir/Users/jie/mcuxpresso-sdk/mcuxsdk/middleware/lwip/src/netif/bridgeif.c.obj
[2025-12-05 07:41:50] [build-stdout] [107/165] Building C object CMakeFiles/lwip_httpsrv_freertos.dir/Users/jie/mcuxpresso-sdk/mcuxsdk/middleware/lwip/src/netif/bridgeif_fdb.c.obj
[2025-12-05 07:41:51] [build-stdout] [108/165] Building C object CMakeFiles/lwip_httpsrv_freertos.dir/Users/jie/mcuxpresso-sdk/mcuxsdk/middleware/lwip/src/netif/ethernet.c.obj
[2025-12-05 07:41:51] [build-stdout] [109/165] Building C object CMakeFiles/lwip_httpsrv_freertos.dir/Users/jie/mcuxpresso-sdk/mcuxsdk/middleware/lwip/src/netif/lowpan6.c.obj
[2025-12-05 07:41:51] [build-stdout] [110/165] Building C object CMakeFiles/lwip_httpsrv_freertos.dir/Users/jie/mcuxpresso-sdk/mcuxsdk/middleware/lwip/src/netif/lowpan6_ble.c.obj
[2025-12-05 07:41:51] [build-stdout] [111/165] Building C object CMakeFiles/lwip_httpsrv_freertos.dir/Users/jie/mcuxpresso-sdk/mcuxsdk/middleware/lwip/src/netif/slipif.c.obj
[2025-12-05 07:41:52] [build-stdout] [112/165] Building C object CMakeFiles/lwip_httpsrv_freertos.dir/Users/jie/mcuxpresso-sdk/mcuxsdk/middleware/lwip/src/netif/lowpan6_common.c.obj
[2025-12-05 07:41:52] [build-stdout] [113/165] Building C object CMakeFiles/lwip_httpsrv_freertos.dir/Users/jie/mcuxpresso-sdk/mcuxsdk/middleware/lwip/src/netif/ppp/auth.c.obj
[2025-12-05 07:41:52] [build-stdout] [114/165] Building C object CMakeFiles/lwip_httpsrv_freertos.dir/Users/jie/mcuxpresso-sdk/mcuxsdk/middleware/lwip/src/netif/ppp/chap-md5.c.obj
[2025-12-05 07:41:52] [build-stdout] [115/165] Building C object CMakeFiles/lwip_httpsrv_freertos.dir/Users/jie/mcuxpresso-sdk/mcuxsdk/middleware/lwip/src/netif/ppp/ccp.c.obj
[2025-12-05 07:41:52] [build-stdout] [116/165] Building C object CMakeFiles/lwip_httpsrv_freertos.dir/Users/jie/mcuxpresso-sdk/mcuxsdk/middleware/lwip/src/netif/zepif.c.obj
[2025-12-05 07:41:53] [build-stdout] [117/165] Building C object CMakeFiles/lwip_httpsrv_freertos.dir/Users/jie/mcuxpresso-sdk/mcuxsdk/middleware/lwip/src/netif/ppp/demand.c.obj
[2025-12-05 07:41:53] [build-stdout] [118/165] Building C object CMakeFiles/lwip_httpsrv_freertos.dir/Users/jie/mcuxpresso-sdk/mcuxsdk/middleware/lwip/src/netif/ppp/chap-new.c.obj
[2025-12-05 07:41:53] [build-stdout] [119/165] Building C object CMakeFiles/lwip_httpsrv_freertos.dir/Users/jie/mcuxpresso-sdk/mcuxsdk/middleware/lwip/src/netif/ppp/chap_ms.c.obj
[2025-12-05 07:41:53] [build-stdout] [120/165] Building C object CMakeFiles/lwip_httpsrv_freertos.dir/Users/jie/mcuxpresso-sdk/mcuxsdk/middleware/lwip/src/netif/ppp/eap.c.obj
[2025-12-05 07:41:54] [build-stdout] [121/165] Building C object CMakeFiles/lwip_httpsrv_freertos.dir/Users/jie/mcuxpresso-sdk/mcuxsdk/middleware/lwip/src/netif/ppp/eui64.c.obj
[2025-12-05 07:41:54] [build-stdout] [122/165] Building C object CMakeFiles/lwip_httpsrv_freertos.dir/Users/jie/mcuxpresso-sdk/mcuxsdk/middleware/lwip/src/netif/ppp/ecp.c.obj
[2025-12-05 07:41:54] [build-stdout] [123/165] Building C object CMakeFiles/lwip_httpsrv_freertos.dir/Users/jie/mcuxpresso-sdk/mcuxsdk/middleware/lwip/src/netif/ppp/fsm.c.obj
[2025-12-05 07:41:54] [build-stdout] [124/165] Building C object CMakeFiles/lwip_httpsrv_freertos.dir/Users/jie/mcuxpresso-sdk/mcuxsdk/middleware/lwip/src/netif/ppp/ipcp.c.obj
[2025-12-05 07:41:54] [build-stdout] [125/165] Building C object CMakeFiles/lwip_httpsrv_freertos.dir/Users/jie/mcuxpresso-sdk/mcuxsdk/middleware/lwip/src/netif/ppp/ipv6cp.c.obj
[2025-12-05 07:41:55] [build-stdout] [126/165] Building C object CMakeFiles/lwip_httpsrv_freertos.dir/Users/jie/mcuxpresso-sdk/mcuxsdk/middleware/lwip/src/netif/ppp/magic.c.obj
[2025-12-05 07:41:55] [build-stdout] [127/165] Building C object CMakeFiles/lwip_httpsrv_freertos.dir/Users/jie/mcuxpresso-sdk/mcuxsdk/middleware/lwip/src/netif/ppp/lcp.c.obj
[2025-12-05 07:41:55] [build-stdout] [128/165] Building C object CMakeFiles/lwip_httpsrv_freertos.dir/Users/jie/mcuxpresso-sdk/mcuxsdk/middleware/lwip/src/netif/ppp/mppe.c.obj
[2025-12-05 07:41:55] [build-stdout] [129/165] Building C object CMakeFiles/lwip_httpsrv_freertos.dir/Users/jie/mcuxpresso-sdk/mcuxsdk/middleware/lwip/src/netif/ppp/multilink.c.obj
[2025-12-05 07:41:55] [build-stdout] [130/165] Building C object CMakeFiles/lwip_httpsrv_freertos.dir/Users/jie/mcuxpresso-sdk/mcuxsdk/middleware/lwip/src/netif/ppp/pppapi.c.obj
[2025-12-05 07:41:55] [build-stdout] [131/165] Building C object CMakeFiles/lwip_httpsrv_freertos.dir/Users/jie/mcuxpresso-sdk/mcuxsdk/middleware/lwip/src/netif/ppp/ppp.c.obj
[2025-12-05 07:41:55] [build-stdout] [132/165] Building C object CMakeFiles/lwip_httpsrv_freertos.dir/Users/jie/mcuxpresso-sdk/mcuxsdk/middleware/lwip/src/netif/ppp/pppcrypt.c.obj
[2025-12-05 07:41:56] [build-stdout] [133/165] Building C object CMakeFiles/lwip_httpsrv_freertos.dir/Users/jie/mcuxpresso-sdk/mcuxsdk/middleware/lwip/src/netif/ppp/pppoe.c.obj
[2025-12-05 07:41:56] [build-stdout] [134/165] Building C object CMakeFiles/lwip_httpsrv_freertos.dir/Users/jie/mcuxpresso-sdk/mcuxsdk/middleware/lwip/src/netif/ppp/pppol2tp.c.obj
[2025-12-05 07:41:56] [build-stdout] [135/165] Building C object CMakeFiles/lwip_httpsrv_freertos.dir/Users/jie/mcuxpresso-sdk/mcuxsdk/middleware/lwip/src/netif/ppp/pppos.c.obj
[2025-12-05 07:41:56] [build-stdout] [136/165] Building C object CMakeFiles/lwip_httpsrv_freertos.dir/Users/jie/mcuxpresso-sdk/mcuxsdk/middleware/lwip/src/netif/ppp/upap.c.obj
[2025-12-05 07:41:56] [build-stdout] [137/165] Building C object CMakeFiles/lwip_httpsrv_freertos.dir/Users/jie/mcuxpresso-sdk/mcuxsdk/middleware/lwip/src/apps/httpsrv/httpsrv_fs.c.obj
[2025-12-05 07:41:56] [build-stdout] [138/165] Building C object CMakeFiles/lwip_httpsrv_freertos.dir/Users/jie/mcuxpresso-sdk/mcuxsdk/middleware/lwip/src/netif/ppp/utils.c.obj
[2025-12-05 07:41:56] [build-stdout] [139/165] Building C object CMakeFiles/lwip_httpsrv_freertos.dir/Users/jie/mcuxpresso-sdk/mcuxsdk/middleware/lwip/src/apps/httpsrv/httpsrv_sha1.c.obj
[2025-12-05 07:41:57] [build-stdout] [140/165] Building C object CMakeFiles/lwip_httpsrv_freertos.dir/Users/jie/mcuxpresso-sdk/mcuxsdk/middleware/lwip/src/netif/ppp/polarssl/arc4.c.obj
[2025-12-05 07:41:57] [build-stdout] [141/165] Building C object CMakeFiles/lwip_httpsrv_freertos.dir/Users/jie/mcuxpresso-sdk/mcuxsdk/middleware/lwip/src/netif/ppp/vj.c.obj
[2025-12-05 07:41:57] [build-stdout] [142/165] Building C object CMakeFiles/lwip_httpsrv_freertos.dir/Users/jie/mcuxpresso-sdk/mcuxsdk/middleware/lwip/src/netif/ppp/polarssl/md4.c.obj
[2025-12-05 07:41:57] [build-stdout] [143/165] Building C object CMakeFiles/lwip_httpsrv_freertos.dir/Users/jie/mcuxpresso-sdk/mcuxsdk/middleware/lwip/src/netif/ppp/polarssl/sha1.c.obj
[2025-12-05 07:41:57] [build-stdout] [144/165] Building C object CMakeFiles/lwip_httpsrv_freertos.dir/Users/jie/mcuxpresso-sdk/mcuxsdk/middleware/lwip/src/netif/ppp/polarssl/des.c.obj
[2025-12-05 07:41:57] [build-stdout] [145/165] Building C object CMakeFiles/lwip_httpsrv_freertos.dir/Users/jie/mcuxpresso-sdk/mcuxsdk/middleware/lwip/src/apps/httpsrv/httpsrv_utf8.c.obj
[2025-12-05 07:41:57] [build-stdout] [146/165] Building C object CMakeFiles/lwip_httpsrv_freertos.dir/Users/jie/mcuxpresso-sdk/mcuxsdk/middleware/lwip/src/netif/ppp/polarssl/md5.c.obj
[2025-12-05 07:41:58] [build-stdout] [147/165] Building C object CMakeFiles/lwip_httpsrv_freertos.dir/Users/jie/mcuxpresso-sdk/mcuxsdk/middleware/lwip/src/apps/httpsrv/httpsrv_base64.c.obj
[2025-12-05 07:41:58] [build-stdout] [148/165] Building C object CMakeFiles/lwip_httpsrv_freertos.dir/Users/jie/mcuxpresso-sdk/mcuxsdk/middleware/lwip/src/apps/httpsrv/httpsrv.c.obj
[2025-12-05 07:41:59] [build-stdout] [149/165] Building C object CMakeFiles/lwip_httpsrv_freertos.dir/Users/jie/mcuxpresso-sdk/mcuxsdk/middleware/lwip/src/apps/httpsrv/httpsrv_script.c.obj
[2025-12-05 07:41:59] [build-stdout] [150/165] Building C object CMakeFiles/lwip_httpsrv_freertos.dir/Users/jie/mcuxpresso-sdk/mcuxsdk/middleware/lwip/src/apps/httpsrv/httpsrv_task.c.obj
[2025-12-05 07:41:59] [build-stdout] [151/165] Building C object CMakeFiles/lwip_httpsrv_freertos.dir/Users/jie/mcuxpresso-sdk/mcuxsdk/middleware/lwip/src/apps/httpsrv/httpsrv_supp.c.obj
[2025-12-05 07:41:59] [build-stdout] [152/165] Building C object CMakeFiles/lwip_httpsrv_freertos.dir/Users/jie/mcuxpresso-sdk/mcuxsdk/middleware/lwip/src/apps/httpsrv/httpsrv_tls.c.obj
[2025-12-05 07:41:59] [build-stdout] [153/165] Building C object CMakeFiles/lwip_httpsrv_freertos.dir/Users/jie/mcuxpresso-sdk/mcuxsdk/examples/lwip_examples/httpsrv_common/fs_data/httpsrv_fs_data.c.obj
[2025-12-05 07:41:59] [build-stdout] [154/165] Building C object CMakeFiles/lwip_httpsrv_freertos.dir/Users/jie/mcuxpresso-sdk/mcuxsdk/middleware/lwip/src/apps/httpsrv/httpsrv_ws.c.obj
[2025-12-05 07:41:59] [build-stdout] [155/165] Building C object CMakeFiles/lwip_httpsrv_freertos.dir/Users/jie/mcuxpresso-sdk/mcuxsdk/middleware/lwip/src/apps/httpsrv/httpsrv_ws_api.c.obj
[2025-12-05 07:41:59] [build-stdout] [156/165] Building C object CMakeFiles/lwip_httpsrv_freertos.dir/Users/jie/mcuxpresso-sdk/mcuxsdk/middleware/lwip/port/enet_ethernetif.c.obj
[2025-12-05 07:42:00] [build-stdout] [157/165] Building C object CMakeFiles/lwip_httpsrv_freertos.dir/Users/jie/mcuxpresso-sdk/mcuxsdk/middleware/lwip/src/apps/mdns/mdns_domain.c.obj
[2025-12-05 07:42:00] [build-stdout] [158/165] Building C object CMakeFiles/lwip_httpsrv_freertos.dir/Users/jie/mcuxpresso-sdk/mcuxsdk/middleware/lwip/src/apps/mdns/mdns_out.c.obj
[2025-12-05 07:42:00] [build-stdout] [159/165] Building C object CMakeFiles/lwip_httpsrv_freertos.dir/Users/jie/mcuxpresso-sdk/mcuxsdk/middleware/lwip/src/apps/mdns/mdns.c.obj
[2025-12-05 07:42:00] [build-stdout] [160/165] Building C object CMakeFiles/lwip_httpsrv_freertos.dir/Users/jie/mcuxpresso-sdk/mcuxsdk/middleware/lwip/port/ethernetif_mmac.c.obj
[2025-12-05 07:42:00] [build-stdout] [161/165] Building C object CMakeFiles/lwip_httpsrv_freertos.dir/Users/jie/mcuxpresso-sdk/mcuxsdk/middleware/lwip/port/ethernetif.c.obj
[2025-12-05 07:42:00] [build-stdout] [162/165] Building C object CMakeFiles/lwip_httpsrv_freertos.dir/Users/jie/mcuxpresso-sdk/mcuxsdk/middleware/lwip/port/enet_ethernetif_kinetis.c.obj
[2025-12-05 07:42:00] [build-stdout] [163/165] Building C object CMakeFiles/lwip_httpsrv_freertos.dir/Users/jie/mcuxpresso-sdk/mcuxsdk/examples/lwip_examples/httpsrv_common/freertos/httpsrv_freertos.c.obj
[2025-12-05 07:42:01] [build-stdout] [164/165] Building C object CMakeFiles/lwip_httpsrv_freertos.dir/lwip_httpsrv_freertos.c.obj
[2025-12-05 07:42:02] [build-stdout] [165/165] Linking C executable lwip_httpsrv_freertos.elf
[2025-12-05 07:42:02] [build-stdout] Memory region         Used Size  Region Size  %age Used
[2025-12-05 07:42:02] [build-stdout]   m_flash_config:          4 KB         4 KB    100.00%
[2025-12-05 07:42:02] [build-stdout]     m_interrupts:         640 B        640 B    100.00%
[2025-12-05 07:42:02] [build-stdout]           m_text:      286712 B    2092416 B     13.70%
[2025-12-05 07:42:02] [build-stdout]           m_data:      128368 B      1216 KB     10.31%
[2025-12-05 07:42:02] [build-stdout] 编译成功完成!
[2025-12-05 07:42:02] Plumbing command codeql database trace-command completed.
[2025-12-05 07:42:02] [PROGRESS] database create> Finalizing database at /Users/jie/Documents/workspace/lcmhalgen/LCMHalTest_DBS/DATABASE_NXP_FreeRTOSHTTPSrv_macbook.
[2025-12-05 07:42:02] Running plumbing command: codeql database finalize --no-db-cluster -- /Users/jie/Documents/workspace/lcmhalgen/LCMHalTest_DBS/DATABASE_NXP_FreeRTOSHTTPSrv_macbook
[2025-12-05 07:42:02] Using pre-finalize script /opt/homebrew/Caskroom/codeql/2.23.0/codeql/cpp/tools/pre-finalize.sh.
[2025-12-05 07:42:02] [PROGRESS] database finalize> Running pre-finalize script /opt/homebrew/Caskroom/codeql/2.23.0/codeql/cpp/tools/pre-finalize.sh in /Users/jie/Documents/workspace/lcmhalgen/LCMHalMCPServer/testcases/macbook/nxp_freertos_httpsrv.
[2025-12-05 07:42:02] Running plumbing command: codeql database trace-command --working-dir=/Users/jie/Documents/workspace/lcmhalgen/LCMHalMCPServer/testcases/macbook/nxp_freertos_httpsrv --no-tracing -- /Users/jie/Documents/workspace/lcmhalgen/LCMHalTest_DBS/DATABASE_NXP_FreeRTOSHTTPSrv_macbook /opt/homebrew/Caskroom/codeql/2.23.0/codeql/cpp/tools/pre-finalize.sh
[2025-12-05 07:42:02] [PROGRESS] database trace-command> Running command in /Users/jie/Documents/workspace/lcmhalgen/LCMHalMCPServer/testcases/macbook/nxp_freertos_httpsrv: [/opt/homebrew/Caskroom/codeql/2.23.0/codeql/cpp/tools/pre-finalize.sh]
[2025-12-05 07:42:02] Plumbing command codeql database trace-command completed.
[2025-12-05 07:42:02] [PROGRESS] database finalize> Pre-finalize script /opt/homebrew/Caskroom/codeql/2.23.0/codeql/cpp/tools/pre-finalize.sh completed in 63 ms.
[2025-12-05 07:42:02] [PROGRESS] database finalize> Running TRAP import for CodeQL database at /Users/jie/Documents/workspace/lcmhalgen/LCMHalTest_DBS/DATABASE_NXP_FreeRTOSHTTPSrv_macbook...
[2025-12-05 07:42:02] Running plumbing command: codeql dataset import --dbscheme=/opt/homebrew/Caskroom/codeql/2.23.0/codeql/cpp/semmlecode.cpp.dbscheme -- /Users/jie/Documents/workspace/lcmhalgen/LCMHalTest_DBS/DATABASE_NXP_FreeRTOSHTTPSrv_macbook/db-cpp /Users/jie/Documents/workspace/lcmhalgen/LCMHalTest_DBS/DATABASE_NXP_FreeRTOSHTTPSrv_macbook/trap/cpp
[2025-12-05 07:42:03] Clearing disk cache since the version file /Users/jie/Documents/workspace/lcmhalgen/LCMHalTest_DBS/DATABASE_NXP_FreeRTOSHTTPSrv_macbook/db-cpp/default/cache/version does not exist
[2025-12-05 07:42:03] Tuple pool not found. Clearing relations with cached strings
[2025-12-05 07:42:03] Trimming disk cache at /Users/jie/Documents/workspace/lcmhalgen/LCMHalTest_DBS/DATABASE_NXP_FreeRTOSHTTPSrv_macbook/db-cpp/default/cache in mode clear.
[2025-12-05 07:42:03] Sequence stamp origin is -5973733762310912492
[2025-12-05 07:42:03] Pausing evaluation to hard-clear memory at sequence stamp o+0
[2025-12-05 07:42:03] Unpausing evaluation
[2025-12-05 07:42:03] Pausing evaluation to quickly trim disk at sequence stamp o+1
[2025-12-05 07:42:03] Unpausing evaluation
[2025-12-05 07:42:03] Pausing evaluation to zealously trim disk at sequence stamp o+2
[2025-12-05 07:42:03] Unpausing evaluation
[2025-12-05 07:42:03] Trimming completed (5ms): Purged everything.
[2025-12-05 07:42:03] Scanning for files in /Users/jie/Documents/workspace/lcmhalgen/LCMHalTest_DBS/DATABASE_NXP_FreeRTOSHTTPSrv_macbook/trap/cpp
[2025-12-05 07:42:03] Found 336 files on disk containing 782 TRAP files (34.82 MiB)
[2025-12-05 07:42:03] [PROGRESS] dataset import> Grouping TRAP files by link target
[2025-12-05 07:42:03] [PROGRESS] dataset import> Grouping unlinked TRAP files together
[2025-12-05 07:42:03] [PROGRESS] dataset import> Scanning TRAP files
[2025-12-05 07:42:03] Scanning cpp_predefined.5653aa5f.trap (CMakeCCompilerId.c.a8a74968_0.trap.tar.zst) (1 of 782)
[2025-12-05 07:42:03] Scanning CMakeCCompilerId.c.a8a74968.trap (CMakeCCompilerId.c.a8a74968_0.trap.tar.zst) (2 of 782)
[2025-12-05 07:42:03] Scanning CMakeCXXCompilerId.cpp.01fbf508.trap (CMakeCXXCompilerId.cpp.01fbf508_0.trap.tar.zst) (3 of 782)
[2025-12-05 07:42:03] Scanning fsl_assert.h.465591eb.trap (fsl_assert.c.3ec5c591_0.trap.tar.zst) (4 of 782)
[2025-12-05 07:42:03] Scanning fsl_assert.c.3ec5c591.trap (fsl_assert.c.3ec5c591_0.trap.tar.zst) (5 of 782)
[2025-12-05 07:42:03] Scanning stddef.h.341541cc.trap (fsl_debug_console.c.e9fee999_0.trap.tar.zst) (6 of 782)
[2025-12-05 07:42:03] Scanning stddef.h.1f3cff50.trap (fsl_debug_console.c.e9fee999_0.trap.tar.zst) (7 of 782)
[2025-12-05 07:42:03] Scanning fsl_debug_console_conf.h.f8ac58a9.trap (fsl_debug_console.c.e9fee999_0.trap.tar.zst) (8 of 782)
[2025-12-05 07:42:03] Scanning fsl_str.h.44157ed5.trap (fsl_debug_console.c.e9fee999_0.trap.tar.zst) (9 of 782)
[2025-12-05 07:42:03] Scanning list.h.b67ecc40.trap (fsl_debug_console.c.e9fee999_0.trap.tar.zst) (10 of 782)
[2025-12-05 07:42:03] Scanning task.h.a0dab5c2.trap (fsl_debug_console.c.e9fee999_0.trap.tar.zst) (11 of 782)
[2025-12-05 07:42:03] Scanning queue.h.f45abf81.trap (fsl_debug_console.c.e9fee999_0.trap.tar.zst) (12 of 782)
[2025-12-05 07:42:03] Scanning semphr.h.d43df8ba.trap (fsl_debug_console.c.e9fee999_0.trap.tar.zst) (13 of 782)
[2025-12-05 07:42:03] Scanning fsl_debug_console.c.e9fee999.trap (fsl_debug_console.c.e9fee999_0.trap.tar.zst) (14 of 782)
[2025-12-05 07:42:03] Scanning mcuxClToolchain.h.943da113.trap (mcuxClBuffer.c.f6361aeb_0.trap.tar.zst) (15 of 782)
[2025-12-05 07:42:03] Scanning mcuxClCore_Platform.h.0ceee52e.trap (mcuxClBuffer.c.f6361aeb_0.trap.tar.zst) (16 of 782)
[2025-12-05 07:42:03] Scanning mcuxClBuffer_Constants.h.be74b304.trap (mcuxClBuffer.c.f6361aeb_0.trap.tar.zst) (17 of 782)
[2025-12-05 07:42:03] Scanning mcuxClBuffer_Cfg.h.a2e6c61e.trap (mcuxClBuffer.c.f6361aeb_0.trap.tar.zst) (18 of 782)
[2025-12-05 07:42:03] Scanning mcuxClBuffer_Pointer.h.f8771137.trap (mcuxClBuffer.c.f6361aeb_0.trap.tar.zst) (19 of 782)
[2025-12-05 07:42:03] Scanning mcuxClBuffer_Impl.h.0302e85c.trap (mcuxClBuffer.c.f6361aeb_0.trap.tar.zst) (20 of 782)
[2025-12-05 07:42:03] Scanning mcuxClBuffer.h.24182abd.trap (mcuxClBuffer.c.f6361aeb_0.trap.tar.zst) (21 of 782)
[2025-12-05 07:42:03] Scanning mcuxCsslDataIntegrity_Cfg.h.f8ac58a9.trap (mcuxClBuffer.c.f6361aeb_0.trap.tar.zst) (22 of 782)
[2025-12-05 07:42:03] Scanning mcuxCsslDataIntegrity_None.h.f8ac58a9.trap (mcuxClBuffer.c.f6361aeb_0.trap.tar.zst) (23 of 782)
[2025-12-05 07:42:03] Scanning mcuxCsslDataIntegrity_Impl.h.949082ab.trap (mcuxClBuffer.c.f6361aeb_0.trap.tar.zst) (24 of 782)
[2025-12-05 07:42:03] Scanning mcuxCsslDataIntegrity.h.2e4101fb.trap (mcuxClBuffer.c.f6361aeb_0.trap.tar.zst) (25 of 782)
[2025-12-05 07:42:03] Scanning mcuxCsslMemory_Types.h.d85a4e96.trap (mcuxClBuffer.c.f6361aeb_0.trap.tar.zst) (26 of 782)
[2025-12-05 07:42:03] Scanning mcuxCsslMemory_Constants.h.542629e6.trap (mcuxClBuffer.c.f6361aeb_0.trap.tar.zst) (27 of 782)
[2025-12-05 07:42:03] Scanning mcuxCsslFlowProtection_FunctionIdentifiers.h.f8ac58a9.trap (mcuxClBuffer.c.f6361aeb_0.trap.tar.zst) (28 of 782)
[2025-12-05 07:42:03] Scanning mcuxCsslParamIntegrity.h.a596d2a6.trap (mcuxClBuffer.c.f6361aeb_0.trap.tar.zst) (29 of 782)
[2025-12-05 07:42:03] Scanning mcuxCsslMemory_Compare.h.f1815526.trap (mcuxClBuffer.c.f6361aeb_0.trap.tar.zst) (30 of 782)
[2025-12-05 07:42:03] Scanning mcuxCsslMemory_Clear.h.1582fdb2.trap (mcuxClBuffer.c.f6361aeb_0.trap.tar.zst) (31 of 782)
[2025-12-05 07:42:03] Scanning mcuxCsslMemory_Copy.h.3466bb57.trap (mcuxClBuffer.c.f6361aeb_0.trap.tar.zst) (32 of 782)
[2025-12-05 07:42:03] Scanning mcuxCsslMemory_Set.h.6cf6e10d.trap (mcuxClBuffer.c.f6361aeb_0.trap.tar.zst) (33 of 782)
[2025-12-05 07:42:03] Scanning mcuxCsslMemory.h.16ffa280.trap (mcuxClBuffer.c.f6361aeb_0.trap.tar.zst) (34 of 782)
[2025-12-05 07:42:03] Scanning mcuxClMemory_Types.h.646fcc62.trap (mcuxClBuffer.c.f6361aeb_0.trap.tar.zst) (35 of 782)
[2025-12-05 07:42:03] Scanning mcuxClMemory_Copy.h.6e737c1a.trap (mcuxClBuffer.c.f6361aeb_0.trap.tar.zst) (36 of 782)
[2025-12-05 07:42:03] Scanning mcuxClMemory_Copy_Reversed.h.1fd11870.trap (mcuxClBuffer.c.f6361aeb_0.trap.tar.zst) (37 of 782)
[2025-12-05 07:42:03] Scanning mcuxClBuffer_Internal_Pointer.h.0b654d96.trap (mcuxClBuffer.c.f6361aeb_0.trap.tar.zst) (38 of 782)
[2025-12-05 07:42:03] Scanning mcuxClBuffer_Internal.h.b870c55e.trap (mcuxClBuffer.c.f6361aeb_0.trap.tar.zst) (39 of 782)
[2025-12-05 07:42:03] Scanning mcuxClBuffer.c.f6361aeb.trap (mcuxClBuffer.c.f6361aeb_0.trap.tar.zst) (40 of 782)
[2025-12-05 07:42:03] Scanning mcuxClEls_Internal_Common.h.5ad94018.trap (mcuxClEls_Common.c.51efefac_0.trap.tar.zst) (41 of 782)
[2025-12-05 07:42:03] Scanning mcuxClEls_Common.c.51efefac.trap (mcuxClEls_Common.c.51efefac_0.trap.tar.zst) (42 of 782)
[2025-12-05 07:42:03] Scanning ip_platform.h.67766ae3.trap (mcuxClEls_GlitchDetector.c.309f7a9c_0.trap.tar.zst) (43 of 782)
[2025-12-05 07:42:03] Scanning ip_css_constants.h.df407816.trap (mcuxClEls_GlitchDetector.c.309f7a9c_0.trap.tar.zst) (44 of 782)
[2025-12-05 07:42:03] Scanning ip_css_design_configuration.h.f8ac58a9.trap (mcuxClEls_GlitchDetector.c.309f7a9c_0.trap.tar.zst) (45 of 782)
[2025-12-05 07:42:03] Scanning platform_specific_headers.h.e9d4ab18.trap (mcuxClEls_GlitchDetector.c.309f7a9c_0.trap.tar.zst) (46 of 782)
[2025-12-05 07:42:03] Scanning mcuxClEls_Internal_mapping.h.2f464016.trap (mcuxClEls_GlitchDetector.c.309f7a9c_0.trap.tar.zst) (47 of 782)
[2025-12-05 07:42:03] Scanning mcuxClEls_SfrAccess.h.25f10086.trap (mcuxClEls_GlitchDetector.c.309f7a9c_0.trap.tar.zst) (48 of 782)
[2025-12-05 07:42:03] Scanning mcuxClEls_Internal.h.88d418c0.trap (mcuxClEls_GlitchDetector.c.309f7a9c_0.trap.tar.zst) (49 of 782)
[2025-12-05 07:42:03] Scanning mcuxClEls_GlitchDetector.c.309f7a9c.trap (mcuxClEls_GlitchDetector.c.309f7a9c_0.trap.tar.zst) (50 of 782)
[2025-12-05 07:42:03] Scanning mcuxClMemory_Constants.h.f8ac58a9.trap (mcuxClMemory.c.b67bc092_0.trap.tar.zst) (51 of 782)
[2025-12-05 07:42:03] Scanning mcuxClMemory_Endianness.h.c9cd3154.trap (mcuxClMemory.c.b67bc092_0.trap.tar.zst) (52 of 782)
[2025-12-05 07:42:03] Scanning mcuxClMemory_Clear.h.d47b4493.trap (mcuxClMemory.c.b67bc092_0.trap.tar.zst) (53 of 782)
[2025-12-05 07:42:03] Scanning mcuxClMemory_Set.h.34be3782.trap (mcuxClMemory.c.b67bc092_0.trap.tar.zst) (54 of 782)
[2025-12-05 07:42:03] Scanning mcuxClMemory_Xor.h.5cdf2730.trap (mcuxClMemory.c.b67bc092_0.trap.tar.zst) (55 of 782)
[2025-12-05 07:42:03] Scanning mcuxClMemory.h.95236e86.trap (mcuxClMemory.c.b67bc092_0.trap.tar.zst) (56 of 782)
[2025-12-05 07:42:03] Scanning mcuxClMemory.c.b67bc092.trap (mcuxClMemory.c.b67bc092_0.trap.tar.zst) (57 of 782)
[2025-12-05 07:42:03] Scanning mcuxCsslMemory_Clear.c.357afced.trap (mcuxCsslMemory_Clear.c.357afced_0.trap.tar.zst) (58 of 782)
[2025-12-05 07:42:03] Scanning mcuxCsslMemory_Internal_Compare_asm.h.0931b034.trap (mcuxCsslMemory_Compare.c.dc6b6bfc_0.trap.tar.zst) (59 of 782)
[2025-12-05 07:42:03] Scanning mcuxCsslMemory_Compare.c.dc6b6bfc.trap (mcuxCsslMemory_Compare.c.dc6b6bfc_0.trap.tar.zst) (60 of 782)
[2025-12-05 07:42:03] Scanning mcuxCsslMemory_Copy.c.1b26bf39.trap (mcuxCsslMemory_Copy.c.1b26bf39_0.trap.tar.zst) (61 of 782)
[2025-12-05 07:42:03] Scanning mcuxCsslMemory_Set.c.4853801f.trap (mcuxCsslMemory_Set.c.4853801f_0.trap.tar.zst) (62 of 782)
[2025-12-05 07:42:03] Scanning mcuxCsslParamIntegrity32.c.770cd4d6.trap (mcuxCsslParamIntegrity32.c.770cd4d6_0.trap.tar.zst) (63 of 782)
[2025-12-05 07:42:03] Scanning fsl_adapter_gpio.h.ef063789.trap (fsl_adapter_lpc_gpio.c.cf278db3_0.trap.tar.zst) (64 of 782)
[2025-12-05 07:42:03] Scanning fsl_adapter_lpc_gpio.c.cf278db3.trap (fsl_adapter_lpc_gpio.c.cf278db3_0.trap.tar.zst) (65 of 782)
[2025-12-05 07:42:03] Scanning fsl_component_generic_list.h.5bd7fbcb.trap (fsl_component_generic_list.c.52755f4f_0.trap.tar.zst) (66 of 782)
[2025-12-05 07:42:03] Scanning fsl_component_generic_list.c.52755f4f.trap (fsl_component_generic_list.c.52755f4f_0.trap.tar.zst) (67 of 782)
[2025-12-05 07:42:03] Scanning errno.h.67f8c585.trap (fsl_sbrk.c.1666a548_0.trap.tar.zst) (68 of 782)
[2025-12-05 07:42:03] Scanning errno.h.1382b31e.trap (fsl_sbrk.c.1666a548_0.trap.tar.zst) (69 of 782)
[2025-12-05 07:42:03] Scanning fsl_sbrk.c.1666a548.trap (fsl_sbrk.c.1666a548_0.trap.tar.zst) (70 of 782)
[2025-12-05 07:42:03] Scanning stddef.h.efe1efb9.trap (fsl_syscall_stub.c.8f15cbaa_0.trap.tar.zst) (71 of 782)
[2025-12-05 07:42:03] Scanning time.h.1059d7dc.trap (fsl_syscall_stub.c.8f15cbaa_0.trap.tar.zst) (72 of 782)
[2025-12-05 07:42:03] Scanning _pthreadtypes.h.7d7c726d.trap (fsl_syscall_stub.c.8f15cbaa_0.trap.tar.zst) (73 of 782)
[2025-12-05 07:42:03] Scanning types.h.7e74887b.trap (fsl_syscall_stub.c.8f15cbaa_0.trap.tar.zst) (74 of 782)
[2025-12-05 07:42:03] Scanning types.h.5a3e205c.trap (fsl_syscall_stub.c.8f15cbaa_0.trap.tar.zst) (75 of 782)
[2025-12-05 07:42:03] Scanning _timespec.h.b5f6c1d7.trap (fsl_syscall_stub.c.8f15cbaa_0.trap.tar.zst) (76 of 782)
[2025-12-05 07:42:03] Scanning timespec.h.7200b013.trap (fsl_syscall_stub.c.8f15cbaa_0.trap.tar.zst) (77 of 782)
[2025-12-05 07:42:03] Scanning time.h.b4dc3fb2.trap (fsl_syscall_stub.c.8f15cbaa_0.trap.tar.zst) (78 of 782)
[2025-12-05 07:42:03] Scanning stat.h.eb33456d.trap (fsl_syscall_stub.c.8f15cbaa_0.trap.tar.zst) (79 of 782)
[2025-12-05 07:42:03] Scanning fsl_syscall_stub.c.8f15cbaa.trap (fsl_syscall_stub.c.8f15cbaa_0.trap.tar.zst) (80 of 782)
[2025-12-05 07:42:03] Scanning fsl_phyksz8081.c.6367a9be.trap (fsl_phyksz8081.c.6367a9be_0.trap.tar.zst) (81 of 782)
[2025-12-05 07:42:03] Scanning fsl_component_serial_port_internal.h.4534fa25.trap (fsl_component_serial_manager.c.def1eedb_0.trap.tar.zst) (82 of 782)
[2025-12-05 07:42:03] Scanning fsl_component_serial_manager.c.def1eedb.trap (fsl_component_serial_manager.c.def1eedb_0.trap.tar.zst) (83 of 782)
[2025-12-05 07:42:03] Scanning fsl_component_serial_port_uart.c.610d48af.trap (fsl_component_serial_port_uart.c.610d48af_0.trap.tar.zst) (84 of 782)
[2025-12-05 07:42:03] Scanning fsl_silicon_id.h.96fafee6.trap (fsl_silicon_id.c.c54c8a85_0.trap.tar.zst) (85 of 782)
[2025-12-05 07:42:03] Scanning fsl_silicon_id.c.c54c8a85.trap (fsl_silicon_id.c.c54c8a85_0.trap.tar.zst) (86 of 782)
[2025-12-05 07:42:03] Scanning fsl_silicon_id_soc.h.ef2bb8a0.trap (fsl_silicon_id_soc.c.50bddaef_0.trap.tar.zst) (87 of 782)
[2025-12-05 07:42:03] Scanning fsl_silicon_id_soc.c.50bddaef.trap (fsl_silicon_id_soc.c.50bddaef_0.trap.tar.zst) (88 of 782)
[2025-12-05 07:42:03] Scanning math.h.50d8f1bd.trap (fsl_str.c.76daef7f_0.trap.tar.zst) (89 of 782)
[2025-12-05 07:42:03] Scanning fsl_str.c.76daef7f.trap (fsl_str.c.76daef7f_0.trap.tar.zst) (90 of 782)
[2025-12-05 07:42:03] Scanning fsl_adapter_uart.h.7f66fa9f.trap (fsl_adapter_usart.c.db3f7cc7_0.trap.tar.zst) (91 of 782)
[2025-12-05 07:42:03] Scanning fsl_adapter_usart.c.db3f7cc7.trap (fsl_adapter_usart.c.db3f7cc7_0.trap.tar.zst) (92 of 782)
[2025-12-05 07:42:03] Scanning fsl_clock.h.24a3775b.trap (fsl_clock.c.801fa3f6_0.trap.tar.zst) (93 of 782)
[2025-12-05 07:42:03] Scanning fsl_clock.c.801fa3f6.trap (fsl_clock.c.801fa3f6_0.trap.tar.zst) (94 of 782)
[2025-12-05 07:42:04] Scanning newlib.h.ddb2ccae.trap (fsl_i2s_bridge.c.d1757282_0.trap.tar.zst) (95 of 782)
[2025-12-05 07:42:04] Scanning ieeefp.h.39ca931e.trap (fsl_i2s_bridge.c.d1757282_0.trap.tar.zst) (96 of 782)
[2025-12-05 07:42:04] Scanning stddef.h.515bcd9a.trap (fsl_i2s_bridge.c.d1757282_0.trap.tar.zst) (97 of 782)
[2025-12-05 07:42:04] Scanning _types.h.b82519ba.trap (fsl_i2s_bridge.c.d1757282_0.trap.tar.zst) (98 of 782)
[2025-12-05 07:42:04] Scanning _types.h.064575c4.trap (fsl_i2s_bridge.c.d1757282_0.trap.tar.zst) (99 of 782)
[2025-12-05 07:42:04] Scanning lock.h.8082f88d.trap (fsl_i2s_bridge.c.d1757282_0.trap.tar.zst) (100 of 782)
[2025-12-05 07:42:04] Scanning assert.h.d4aa2ebd.trap (fsl_i2s_bridge.c.d1757282_0.trap.tar.zst) (101 of 782)
[2025-12-05 07:42:04] Scanning reent.h.64208b16.trap (fsl_i2s_bridge.c.d1757282_0.trap.tar.zst) (102 of 782)
[2025-12-05 07:42:04] Scanning stddef.h.666378d9.trap (fsl_i2s_bridge.c.d1757282_0.trap.tar.zst) (103 of 782)
[2025-12-05 07:42:04] Scanning string.h.891737e2.trap (fsl_i2s_bridge.c.d1757282_0.trap.tar.zst) (104 of 782)
[2025-12-05 07:42:04] Scanning ieeefp.h.5de631e4.trap (fsl_i2s_bridge.c.d1757282_0.trap.tar.zst) (105 of 782)
[2025-12-05 07:42:04] Scanning stddef.h.f7851385.trap (fsl_i2s_bridge.c.d1757282_0.trap.tar.zst) (106 of 782)
[2025-12-05 07:42:04] Scanning stdlib.h.f8ac58a9.trap (fsl_i2s_bridge.c.d1757282_0.trap.tar.zst) (107 of 782)
[2025-12-05 07:42:04] Scanning alloca.h.c1e9039f.trap (fsl_i2s_bridge.c.d1757282_0.trap.tar.zst) (108 of 782)
[2025-12-05 07:42:04] Scanning PERI_BLEAPU.h.230ca141.trap (fsl_i2s_bridge.c.d1757282_0.trap.tar.zst) (109 of 782)
[2025-12-05 07:42:04] Scanning PERI_BUCK11.h.6589e72c.trap (fsl_i2s_bridge.c.d1757282_0.trap.tar.zst) (110 of 782)
[2025-12-05 07:42:04] Scanning PERI_BUCK18.h.c3c56293.trap (fsl_i2s_bridge.c.d1757282_0.trap.tar.zst) (111 of 782)
[2025-12-05 07:42:04] Scanning PERI_CACHE64_CTRL.h.06d2dce5.trap (fsl_i2s_bridge.c.d1757282_0.trap.tar.zst) (112 of 782)
[2025-12-05 07:42:04] Scanning PERI_CACHE64_POLSEL.h.500ca473.trap (fsl_i2s_bridge.c.d1757282_0.trap.tar.zst) (113 of 782)
[2025-12-05 07:42:04] Scanning PERI_CAU.h.ecebd139.trap (fsl_i2s_bridge.c.d1757282_0.trap.tar.zst) (114 of 782)
[2025-12-05 07:42:04] Scanning PERI_CDOG.h.33266d85.trap (fsl_i2s_bridge.c.d1757282_0.trap.tar.zst) (115 of 782)
[2025-12-05 07:42:04] Scanning PERI_CIU1.h.428ea5aa.trap (fsl_i2s_bridge.c.d1757282_0.trap.tar.zst) (116 of 782)
[2025-12-05 07:42:04] Scanning PERI_RSTCTL0.h.75de1b9f.trap (fsl_i2s_bridge.c.d1757282_0.trap.tar.zst) (117 of 782)
[2025-12-05 07:42:04] Scanning PERI_RSTCTL1.h.15a3b5a6.trap (fsl_i2s_bridge.c.d1757282_0.trap.tar.zst) (118 of 782)
[2025-12-05 07:42:04] Scanning PERI_SDU_FN_CARD.h.954a46d7.trap (fsl_i2s_bridge.c.d1757282_0.trap.tar.zst) (119 of 782)
[2025-12-05 07:42:04] Scanning PERI_SYSCTL2.h.30e98517.trap (fsl_i2s_bridge.c.d1757282_0.trap.tar.zst) (120 of 782)
[2025-12-05 07:42:04] Scanning PERI_SYSPLL_T3.h.3063b4c4.trap (fsl_i2s_bridge.c.d1757282_0.trap.tar.zst) (121 of 782)
[2025-12-05 07:42:04] Scanning PERI_TRNG.h.6986c959.trap (fsl_i2s_bridge.c.d1757282_0.trap.tar.zst) (122 of 782)
[2025-12-05 07:42:04] Scanning PERI_USART.h.424601ad.trap (fsl_i2s_bridge.c.d1757282_0.trap.tar.zst) (123 of 782)
[2025-12-05 07:42:04] Scanning PERI_USBC.h.dc3d6252.trap (fsl_i2s_bridge.c.d1757282_0.trap.tar.zst) (124 of 782)
[2025-12-05 07:42:04] Scanning fsl_i2s_bridge.h.5218915f.trap (fsl_i2s_bridge.c.d1757282_0.trap.tar.zst) (125 of 782)
[2025-12-05 07:42:04] Scanning fsl_i2s_bridge.c.d1757282.trap (fsl_i2s_bridge.c.d1757282_0.trap.tar.zst) (126 of 782)
[2025-12-05 07:42:04] Scanning PERI_SOCCIU.h.49ca894a.trap (fsl_iped.c.d06d2737_0.trap.tar.zst) (127 of 782)
[2025-12-05 07:42:04] Scanning fsl_clock.h.c383b978.trap (fsl_iped.c.d06d2737_0.trap.tar.zst) (128 of 782)
[2025-12-05 07:42:04] Scanning fsl_iped.h.1e24dbf7.trap (fsl_iped.c.d06d2737_0.trap.tar.zst) (129 of 782)
[2025-12-05 07:42:04] Scanning fsl_iped.c.d06d2737.trap (fsl_iped.c.d06d2737_0.trap.tar.zst) (130 of 782)
[2025-12-05 07:42:04] Scanning PERI_PMU.h.1fb9b18e.trap (fsl_ocotp.c.7dab0763_0.trap.tar.zst) (131 of 782)
[2025-12-05 07:42:04] Scanning PERI_POWERQUAD.h.be654c01.trap (fsl_ocotp.c.7dab0763_0.trap.tar.zst) (132 of 782)
[2025-12-05 07:42:04] Scanning PERI_PUF.h.541d4cd5.trap (fsl_ocotp.c.7dab0763_0.trap.tar.zst) (133 of 782)
[2025-12-05 07:42:04] Scanning PERI_SDU_FN0_CARD.h.26865796.trap (fsl_ocotp.c.7dab0763_0.trap.tar.zst) (134 of 782)
[2025-12-05 07:42:04] Scanning fsl_ocotp.h.55cf3dfc.trap (fsl_ocotp.c.7dab0763_0.trap.tar.zst) (135 of 782)
[2025-12-05 07:42:04] Scanning fsl_ocotp.c.7dab0763.trap (fsl_ocotp.c.7dab0763_0.trap.tar.zst) (136 of 782)
[2025-12-05 07:42:04] Scanning PERI_RTC.h.09c55682.trap (fsl_power.c.c9142d9a_0.trap.tar.zst) (137 of 782)
[2025-12-05 07:42:04] Scanning PERI_SCT.h.ce7aa639.trap (fsl_power.c.c9142d9a_0.trap.tar.zst) (138 of 782)
[2025-12-05 07:42:04] Scanning PERI_SDU_FBR_CARD.h.514bd083.trap (fsl_power.c.c9142d9a_0.trap.tar.zst) (139 of 782)
[2025-12-05 07:42:04] Scanning PERI_SENSOR_CTRL.h.bf3c4f86.trap (fsl_power.c.c9142d9a_0.trap.tar.zst) (140 of 782)
[2025-12-05 07:42:04] Scanning PERI_SOC_OTP_CTRL.h.3cca84f6.trap (fsl_power.c.c9142d9a_0.trap.tar.zst) (141 of 782)
[2025-12-05 07:42:04] Scanning PERI_SPI.h.4c3e0bdf.trap (fsl_power.c.c9142d9a_0.trap.tar.zst) (142 of 782)
[2025-12-05 07:42:04] Scanning fsl_power.h.9f31f956.trap (fsl_power.c.c9142d9a_0.trap.tar.zst) (143 of 782)
[2025-12-05 07:42:04] Scanning fsl_power.c.c9142d9a.trap (fsl_power.c.c9142d9a_0.trap.tar.zst) (144 of 782)
[2025-12-05 07:42:04] Scanning fsl_reset.c.062756dc.trap (fsl_reset.c.062756dc_0.trap.tar.zst) (145 of 782)
[2025-12-05 07:42:04] Scanning mcux_config.h.f8ac58a9.trap (system_RW612.c.113e4b3c_0.trap.tar.zst) (146 of 782)
[2025-12-05 07:42:04] Scanning mcuxsdk_version.h.f8ac58a9.trap (system_RW612.c.113e4b3c_0.trap.tar.zst) (147 of 782)
[2025-12-05 07:42:04] Scanning _newlib_version.h.f8ac58a9.trap (system_RW612.c.113e4b3c_0.trap.tar.zst) (148 of 782)
[2025-12-05 07:42:04] Scanning features.h.0343a7ec.trap (system_RW612.c.113e4b3c_0.trap.tar.zst) (149 of 782)
[2025-12-05 07:42:04] Scanning _default_types.h.e0846752.trap (system_RW612.c.113e4b3c_0.trap.tar.zst) (150 of 782)
[2025-12-05 07:42:04] Scanning _intsup.h.91fb5201.trap (system_RW612.c.113e4b3c_0.trap.tar.zst) (151 of 782)
[2025-12-05 07:42:04] Scanning _stdint.h.e7feafc7.trap (system_RW612.c.113e4b3c_0.trap.tar.zst) (152 of 782)
[2025-12-05 07:42:04] Scanning stdint.h.5c81f0f6.trap (system_RW612.c.113e4b3c_0.trap.tar.zst) (153 of 782)
[2025-12-05 07:42:04] Scanning stdint.h.97700d79.trap (system_RW612.c.113e4b3c_0.trap.tar.zst) (154 of 782)
[2025-12-05 07:42:04] Scanning cmsis_version.h.1937d4e2.trap (system_RW612.c.113e4b3c_0.trap.tar.zst) (155 of 782)
[2025-12-05 07:42:04] Scanning arm_acle.h.20821f14.trap (system_RW612.c.113e4b3c_0.trap.tar.zst) (156 of 782)
[2025-12-05 07:42:04] Scanning cmsis_gcc_m.h.13d0826b.trap (system_RW612.c.113e4b3c_0.trap.tar.zst) (157 of 782)
[2025-12-05 07:42:04] Scanning cmsis_gcc.h.3795de6f.trap (system_RW612.c.113e4b3c_0.trap.tar.zst) (158 of 782)
[2025-12-05 07:42:04] Scanning cmsis_compiler.h.6b0ae06e.trap (system_RW612.c.113e4b3c_0.trap.tar.zst) (159 of 782)
[2025-12-05 07:42:04] Scanning armv8m_mpu.h.c6262df1.trap (system_RW612.c.113e4b3c_0.trap.tar.zst) (160 of 782)
[2025-12-05 07:42:04] Scanning core_cm33.h.1d72cccd.trap (system_RW612.c.113e4b3c_0.trap.tar.zst) (161 of 782)
[2025-12-05 07:42:04] Scanning system_RW612.h.3a0f63fc.trap (system_RW612.c.113e4b3c_0.trap.tar.zst) (162 of 782)
[2025-12-05 07:42:04] Scanning RW612_features.h.f8ac58a9.trap (system_RW612.c.113e4b3c_0.trap.tar.zst) (163 of 782)
[2025-12-05 07:42:04] Scanning RW612_COMMON.h.69101038.trap (system_RW612.c.113e4b3c_0.trap.tar.zst) (164 of 782)
[2025-12-05 07:42:04] Scanning PERI_ACOMP.h.214f0b66.trap (system_RW612.c.113e4b3c_0.trap.tar.zst) (165 of 782)
[2025-12-05 07:42:04] Scanning PERI_ADC.h.f21bc2f2.trap (system_RW612.c.113e4b3c_0.trap.tar.zst) (166 of 782)
[2025-12-05 07:42:04] Scanning PERI_AHB_SECURE_CTRL.h.8ef2ec00.trap (system_RW612.c.113e4b3c_0.trap.tar.zst) (167 of 782)
[2025-12-05 07:42:04] Scanning PERI_AON_SOC_CIU.h.f2e6f677.trap (system_RW612.c.113e4b3c_0.trap.tar.zst) (168 of 782)
[2025-12-05 07:42:04] Scanning PERI_APU.h.9bcca7d4.trap (system_RW612.c.113e4b3c_0.trap.tar.zst) (169 of 782)
[2025-12-05 07:42:04] Scanning PERI_BG.h.2a4d8b2a.trap (system_RW612.c.113e4b3c_0.trap.tar.zst) (170 of 782)
[2025-12-05 07:42:04] Scanning PERI_CIU2.h.953cce62.trap (system_RW612.c.113e4b3c_0.trap.tar.zst) (171 of 782)
[2025-12-05 07:42:04] Scanning PERI_DMIC.h.9575bfd9.trap (system_RW612.c.113e4b3c_0.trap.tar.zst) (172 of 782)
[2025-12-05 07:42:04] Scanning PERI_ELS.h.1d950350.trap (system_RW612.c.113e4b3c_0.trap.tar.zst) (173 of 782)
[2025-12-05 07:42:04] Scanning PERI_ENET.h.2990bf46.trap (system_RW612.c.113e4b3c_0.trap.tar.zst) (174 of 782)
[2025-12-05 07:42:04] Scanning PERI_FLEXCOMM.h.5c3b8ffc.trap (system_RW612.c.113e4b3c_0.trap.tar.zst) (175 of 782)
[2025-12-05 07:42:04] Scanning PERI_FLEXSPI.h.b5a064df.trap (system_RW612.c.113e4b3c_0.trap.tar.zst) (176 of 782)
[2025-12-05 07:42:04] Scanning PERI_OCOTP.h.0306eb52.trap (system_RW612.c.113e4b3c_0.trap.tar.zst) (177 of 782)
[2025-12-05 07:42:04] Scanning PERI_OSTIMER.h.f25adae1.trap (system_RW612.c.113e4b3c_0.trap.tar.zst) (178 of 782)
[2025-12-05 07:42:04] Scanning PERI_PINT.h.49140311.trap (system_RW612.c.113e4b3c_0.trap.tar.zst) (179 of 782)
[2025-12-05 07:42:04] Scanning PERI_SYSCTL0.h.28b2d078.trap (system_RW612.c.113e4b3c_0.trap.tar.zst) (180 of 782)
[2025-12-05 07:42:04] Scanning PERI_SYSCTL1.h.548a94fa.trap (system_RW612.c.113e4b3c_0.trap.tar.zst) (181 of 782)
[2025-12-05 07:42:04] Scanning PERI_SYSPLL_TCPU.h.8f03e1fd.trap (system_RW612.c.113e4b3c_0.trap.tar.zst) (182 of 782)
[2025-12-05 07:42:04] Scanning PERI_SYSPLL_TDDR.h.5afcdf35.trap (system_RW612.c.113e4b3c_0.trap.tar.zst) (183 of 782)
[2025-12-05 07:42:04] Scanning PERI_USIM.h.ea4b2959.trap (system_RW612.c.113e4b3c_0.trap.tar.zst) (184 of 782)
[2025-12-05 07:42:04] Scanning system_RW612.c.113e4b3c.trap (system_RW612.c.113e4b3c_0.trap.tar.zst) (185 of 782)
[2025-12-05 07:42:04] Scanning fsl_cache.c.bde42cad.trap (fsl_cache.c.bde42cad_0.trap.tar.zst) (186 of 782)
[2025-12-05 07:42:04] Scanning fsl_common.c.407b4eb5.trap (fsl_common.c.407b4eb5_0.trap.tar.zst) (187 of 782)
[2025-12-05 07:42:04] Scanning fsl_common_arm.c.c4f7a96e.trap (fsl_common_arm.c.c4f7a96e_0.trap.tar.zst) (188 of 782)
[2025-12-05 07:42:04] Scanning fsl_enet.c.bbc152f9.trap (fsl_enet.c.bbc152f9_0.trap.tar.zst) (189 of 782)
[2025-12-05 07:42:04] Scanning fsl_flexcomm.h.a3f7135b.trap (fsl_flexcomm.c.864d859c_0.trap.tar.zst) (190 of 782)
[2025-12-05 07:42:04] Scanning fsl_flexcomm.c.864d859c.trap (fsl_flexcomm.c.864d859c_0.trap.tar.zst) (191 of 782)
[2025-12-05 07:42:04] Scanning fsl_usart.h.32636bbc.trap (fsl_usart.c.f430c764_0.trap.tar.zst) (192 of 782)
[2025-12-05 07:42:04] Scanning fsl_usart.c.f430c764.trap (fsl_usart.c.f430c764_0.trap.tar.zst) (193 of 782)
[2025-12-05 07:42:04] Scanning fsl_flexspi.c.9c1e14a1.trap (fsl_flexspi.c.9c1e14a1_0.trap.tar.zst) (194 of 782)
[2025-12-05 07:42:04] Scanning fsl_inputmux_connections.h.f78b4bf6.trap (fsl_inputmux.c.7c264e33_0.trap.tar.zst) (195 of 782)
[2025-12-05 07:42:04] Scanning fsl_inputmux.h.27f0f544.trap (fsl_inputmux.c.7c264e33_0.trap.tar.zst) (196 of 782)
[2025-12-05 07:42:04] Scanning fsl_inputmux.c.7c264e33.trap (fsl_inputmux.c.7c264e33_0.trap.tar.zst) (197 of 782)
[2025-12-05 07:42:04] Scanning fsl_gpio.c.16d9c418.trap (fsl_gpio.c.16d9c418_0.trap.tar.zst) (198 of 782)
[2025-12-05 07:42:04] Scanning fsl_pint.h.0f8ab1d8.trap (fsl_pint.c.898e2640_0.trap.tar.zst) (199 of 782)
[2025-12-05 07:42:04] Scanning fsl_pint.c.898e2640.trap (fsl_pint.c.898e2640_0.trap.tar.zst) (200 of 782)
[2025-12-05 07:42:04] Scanning FreeRTOSConfig_Gen.h.f8ac58a9.trap (board.c.c0ff3ca2_0.trap.tar.zst) (201 of 782)
[2025-12-05 07:42:04] Scanning FreeRTOSConfig.h.dba70e77.trap (board.c.c0ff3ca2_0.trap.tar.zst) (202 of 782)
[2025-12-05 07:42:04] Scanning projdefs.h.b488fdc0.trap (board.c.c0ff3ca2_0.trap.tar.zst) (203 of 782)
[2025-12-05 07:42:04] Scanning deprecated_definitions.h.951851ad.trap (board.c.c0ff3ca2_0.trap.tar.zst) (204 of 782)
[2025-12-05 07:42:04] Scanning portmacrocommon.h.9894f83c.trap (board.c.c0ff3ca2_0.trap.tar.zst) (205 of 782)
[2025-12-05 07:42:04] Scanning portmacro.h.6aedf19b.trap (board.c.c0ff3ca2_0.trap.tar.zst) (206 of 782)
[2025-12-05 07:42:04] Scanning mpu_wrappers.h.29c9fb14.trap (board.c.c0ff3ca2_0.trap.tar.zst) (207 of 782)
[2025-12-05 07:42:04] Scanning portable.h.86d1411a.trap (board.c.c0ff3ca2_0.trap.tar.zst) (208 of 782)
[2025-12-05 07:42:04] Scanning FreeRTOS.h.7aa622d2.trap (board.c.c0ff3ca2_0.trap.tar.zst) (209 of 782)
[2025-12-05 07:42:04] Scanning fsl_adapter_uart.h.43e27046.trap (board.c.c0ff3ca2_0.trap.tar.zst) (210 of 782)
[2025-12-05 07:42:04] Scanning fsl_component_serial_port_uart.h.705a7d15.trap (board.c.c0ff3ca2_0.trap.tar.zst) (211 of 782)
[2025-12-05 07:42:04] Scanning fsl_component_serial_manager.h.e754ba5e.trap (board.c.c0ff3ca2_0.trap.tar.zst) (212 of 782)
[2025-12-05 07:42:04] Scanning stdarg.h.e8438700.trap (board.c.c0ff3ca2_0.trap.tar.zst) (213 of 782)
[2025-12-05 07:42:04] Scanning fsl_debug_console.h.1e331dbc.trap (board.c.c0ff3ca2_0.trap.tar.zst) (214 of 782)
[2025-12-05 07:42:04] Scanning board.h.f107b1f1.trap (board.c.c0ff3ca2_0.trap.tar.zst) (215 of 782)
[2025-12-05 07:42:04] Scanning fsl_flexspi.h.2e09fff6.trap (board.c.c0ff3ca2_0.trap.tar.zst) (216 of 782)
[2025-12-05 07:42:04] Scanning fsl_cache.h.79df277b.trap (board.c.c0ff3ca2_0.trap.tar.zst) (217 of 782)
[2025-12-05 07:42:04] Scanning mcuxClConfig.h.f8ac58a9.trap (board.c.c0ff3ca2_0.trap.tar.zst) (218 of 782)
[2025-12-05 07:42:04] Scanning mcuxCsslAnalysis.h.ddd233d9.trap (board.c.c0ff3ca2_0.trap.tar.zst) (219 of 782)
[2025-12-05 07:42:04] Scanning mcuxCsslFlowProtection_Cfg.h.f8ac58a9.trap (board.c.c0ff3ca2_0.trap.tar.zst) (220 of 782)
[2025-12-05 07:42:04] Scanning mcuxCsslSecureCounter_Cfg.h.f8ac58a9.trap (board.c.c0ff3ca2_0.trap.tar.zst) (221 of 782)
[2025-12-05 07:42:04] Scanning mcuxCsslCPreProcessor.h.f8ac58a9.trap (board.c.c0ff3ca2_0.trap.tar.zst) (222 of 782)
[2025-12-05 07:42:04] Scanning mcuxCsslSecureCounter_SW_Local.h.f8ac58a9.trap (board.c.c0ff3ca2_0.trap.tar.zst) (223 of 782)
[2025-12-05 07:42:04] Scanning mcuxCsslSecureCounter_Impl.h.b54a2301.trap (board.c.c0ff3ca2_0.trap.tar.zst) (224 of 782)
[2025-12-05 07:42:04] Scanning mcuxCsslSecureCounter.h.752e95f7.trap (board.c.c0ff3ca2_0.trap.tar.zst) (225 of 782)
[2025-12-05 07:42:04] Scanning mcuxCsslFlowProtection_SecureCounter_Common.h.6274c0f0.trap (board.c.c0ff3ca2_0.trap.tar.zst) (226 of 782)
[2025-12-05 07:42:04] Scanning mcuxCsslFlowProtection_SecureCounter_Local.h.01ea6b42.trap (board.c.c0ff3ca2_0.trap.tar.zst) (227 of 782)
[2025-12-05 07:42:04] Scanning mcuxCsslFlowProtection_Impl.h.722fbfa3.trap (board.c.c0ff3ca2_0.trap.tar.zst) (228 of 782)
[2025-12-05 07:42:04] Scanning mcuxCsslFlowProtection.h.afb012e9.trap (board.c.c0ff3ca2_0.trap.tar.zst) (229 of 782)
[2025-12-05 07:42:04] Scanning mcuxClEls_mapping.h.6fa704be.trap (board.c.c0ff3ca2_0.trap.tar.zst) (230 of 782)
[2025-12-05 07:42:04] Scanning mcuxClEls_Types.h.00b7c440.trap (board.c.c0ff3ca2_0.trap.tar.zst) (231 of 782)
[2025-12-05 07:42:04] Scanning mcuxClCore_FunctionIdentifiers.h.91c90ec1.trap (board.c.c0ff3ca2_0.trap.tar.zst) (232 of 782)
[2025-12-05 07:42:04] Scanning mcuxClEls_Common.h.e889e530.trap (board.c.c0ff3ca2_0.trap.tar.zst) (233 of 782)
[2025-12-05 07:42:04] Scanning mcuxClEls_Hash.h.fa37e6bb.trap (board.c.c0ff3ca2_0.trap.tar.zst) (234 of 782)
[2025-12-05 07:42:04] Scanning mcuxClEls_Hmac.h.3c05ae96.trap (board.c.c0ff3ca2_0.trap.tar.zst) (235 of 782)
[2025-12-05 07:42:04] Scanning mcuxClEls_Cmac.h.e51d405a.trap (board.c.c0ff3ca2_0.trap.tar.zst) (236 of 782)
[2025-12-05 07:42:04] Scanning mcuxClEls_Cipher.h.eb31f291.trap (board.c.c0ff3ca2_0.trap.tar.zst) (237 of 782)
[2025-12-05 07:42:04] Scanning mcuxClEls_Aead.h.7f1853bb.trap (board.c.c0ff3ca2_0.trap.tar.zst) (238 of 782)
[2025-12-05 07:42:04] Scanning mcuxClEls_KeyManagement.h.aee82196.trap (board.c.c0ff3ca2_0.trap.tar.zst) (239 of 782)
[2025-12-05 07:42:04] Scanning mcuxClEls_Rng.h.2705a868.trap (board.c.c0ff3ca2_0.trap.tar.zst) (240 of 782)
[2025-12-05 07:42:04] Scanning mcuxClEls_Ecc.h.bf4f77e9.trap (board.c.c0ff3ca2_0.trap.tar.zst) (241 of 782)
[2025-12-05 07:42:04] Scanning mcuxClEls_Kdf.h.a9c8f0a3.trap (board.c.c0ff3ca2_0.trap.tar.zst) (242 of 782)
[2025-12-05 07:42:04] Scanning mcuxClEls_GlitchDetector.h.91d23785.trap (board.c.c0ff3ca2_0.trap.tar.zst) (243 of 782)
[2025-12-05 07:42:04] Scanning mcuxClEls.h.10322022.trap (board.c.c0ff3ca2_0.trap.tar.zst) (244 of 782)
[2025-12-05 07:42:04] Scanning board.c.c0ff3ca2.trap (board.c.c0ff3ca2_0.trap.tar.zst) (245 of 782)
[2025-12-05 07:42:04] Scanning PERI_RF_SYSCON.h.7d5a389f.trap (clock_config.c.724c9aaf_0.trap.tar.zst) (246 of 782)
[2025-12-05 07:42:04] Scanning PERI_ROMCP.h.f0ecf306.trap (clock_config.c.724c9aaf_0.trap.tar.zst) (247 of 782)
[2025-12-05 07:42:04] Scanning PERI_UTICK.h.02c5825f.trap (clock_config.c.724c9aaf_0.trap.tar.zst) (248 of 782)
[2025-12-05 07:42:04] Scanning PERI_WLAPU.h.d7641619.trap (clock_config.c.724c9aaf_0.trap.tar.zst) (249 of 782)
[2025-12-05 07:42:04] Scanning PERI_WWDT.h.eef0d706.trap (clock_config.c.724c9aaf_0.trap.tar.zst) (250 of 782)
[2025-12-05 07:42:04] Scanning RW612.h.95b057a2.trap (clock_config.c.724c9aaf_0.trap.tar.zst) (251 of 782)
[2025-12-05 07:42:04] Scanning fsl_device_registers.h.6809d069.trap (clock_config.c.724c9aaf_0.trap.tar.zst) (252 of 782)
[2025-12-05 07:42:04] Scanning fsl_common.h.d59118d4.trap (clock_config.c.724c9aaf_0.trap.tar.zst) (253 of 782)
[2025-12-05 07:42:04] Scanning fsl_reset.h.8f10a824.trap (clock_config.c.724c9aaf_0.trap.tar.zst) (254 of 782)
[2025-12-05 07:42:04] Scanning clock_config.h.8d2434b6.trap (clock_config.c.724c9aaf_0.trap.tar.zst) (255 of 782)
[2025-12-05 07:42:04] Scanning clock_config.c.724c9aaf.trap (clock_config.c.724c9aaf_0.trap.tar.zst) (256 of 782)
[2025-12-05 07:42:04] Scanning fsl_common_arm.h.6742e5a5.trap (flash_config.c.c06bb9eb_0.trap.tar.zst) (257 of 782)
[2025-12-05 07:42:04] Scanning fsl_common.h.750b4e24.trap (flash_config.c.c06bb9eb_0.trap.tar.zst) (258 of 782)
[2025-12-05 07:42:04] Scanning flash_config.h.5f8ac260.trap (flash_config.c.c06bb9eb_0.trap.tar.zst) (259 of 782)
[2025-12-05 07:42:04] Scanning flash_config.c.c06bb9eb.trap (flash_config.c.c06bb9eb_0.trap.tar.zst) (260 of 782)
[2025-12-05 07:42:04] Scanning fsl_memory.h.e872e908.trap (hardware_init.c.5ecd39bf_0.trap.tar.zst) (261 of 782)
[2025-12-05 07:42:04] Scanning fsl_enet.h.d0c58d0e.trap (hardware_init.c.5ecd39bf_0.trap.tar.zst) (262 of 782)
[2025-12-05 07:42:04] Scanning fsl_phy.h.cebe74af.trap (hardware_init.c.5ecd39bf_0.trap.tar.zst) (263 of 782)
[2025-12-05 07:42:04] Scanning fsl_phyksz8081.h.de8f983b.trap (hardware_init.c.5ecd39bf_0.trap.tar.zst) (264 of 782)
[2025-12-05 07:42:04] Scanning app.h.1b4f9edb.trap (hardware_init.c.5ecd39bf_0.trap.tar.zst) (265 of 782)
[2025-12-05 07:42:04] Scanning hardware_init.c.5ecd39bf.trap (hardware_init.c.5ecd39bf_0.trap.tar.zst) (266 of 782)
[2025-12-05 07:42:04] Scanning config.h.e9ee264c.trap (pin_mux.c.98d867bc_0.trap.tar.zst) (267 of 782)
[2025-12-05 07:42:04] Scanning _ansi.h.4982ac1d.trap (pin_mux.c.98d867bc_0.trap.tar.zst) (268 of 782)
[2025-12-05 07:42:04] Scanning assert.h.0ba3fcad.trap (pin_mux.c.98d867bc_0.trap.tar.zst) (269 of 782)
[2025-12-05 07:42:04] Scanning stdbool.h.b61aac9b.trap (pin_mux.c.98d867bc_0.trap.tar.zst) (270 of 782)
[2025-12-05 07:42:04] Scanning stddef.h.b62ab7f4.trap (pin_mux.c.98d867bc_0.trap.tar.zst) (271 of 782)
[2025-12-05 07:42:04] Scanning stddef.h.110c767b.trap (pin_mux.c.98d867bc_0.trap.tar.zst) (272 of 782)
[2025-12-05 07:42:04] Scanning cdefs.h.19aac22d.trap (pin_mux.c.98d867bc_0.trap.tar.zst) (273 of 782)
[2025-12-05 07:42:04] Scanning string.h.a35e01e6.trap (pin_mux.c.98d867bc_0.trap.tar.zst) (274 of 782)
[2025-12-05 07:42:04] Scanning stdlib.h.aea25826.trap (pin_mux.c.98d867bc_0.trap.tar.zst) (275 of 782)
[2025-12-05 07:42:04] Scanning armv8m_mpu.h.2e905ff9.trap (pin_mux.c.98d867bc_0.trap.tar.zst) (276 of 782)
[2025-12-05 07:42:04] Scanning PERI_CLKCTL0.h.a6f0f0ed.trap (pin_mux.c.98d867bc_0.trap.tar.zst) (277 of 782)
[2025-12-05 07:42:04] Scanning PERI_CLKCTL1.h.c2ceed37.trap (pin_mux.c.98d867bc_0.trap.tar.zst) (278 of 782)
[2025-12-05 07:42:04] Scanning PERI_CRC.h.88f13d16.trap (pin_mux.c.98d867bc_0.trap.tar.zst) (279 of 782)
[2025-12-05 07:42:04] Scanning PERI_CTIMER.h.32cf573f.trap (pin_mux.c.98d867bc_0.trap.tar.zst) (280 of 782)
[2025-12-05 07:42:04] Scanning PERI_DAC.h.b5bb2d5d.trap (pin_mux.c.98d867bc_0.trap.tar.zst) (281 of 782)
[2025-12-05 07:42:04] Scanning PERI_DBGMAILBOX.h.90832fcc.trap (pin_mux.c.98d867bc_0.trap.tar.zst) (282 of 782)
[2025-12-05 07:42:04] Scanning PERI_DMA.h.7d73e75c.trap (pin_mux.c.98d867bc_0.trap.tar.zst) (283 of 782)
[2025-12-05 07:42:04] Scanning PERI_FREQME.h.5515476f.trap (pin_mux.c.98d867bc_0.trap.tar.zst) (284 of 782)
[2025-12-05 07:42:04] Scanning PERI_GDMA.h.55d8c05d.trap (pin_mux.c.98d867bc_0.trap.tar.zst) (285 of 782)
[2025-12-05 07:42:04] Scanning PERI_GPIO.h.934c314a.trap (pin_mux.c.98d867bc_0.trap.tar.zst) (286 of 782)
[2025-12-05 07:42:04] Scanning PERI_I2C.h.3370bc9f.trap (pin_mux.c.98d867bc_0.trap.tar.zst) (287 of 782)
[2025-12-05 07:42:04] Scanning PERI_I2S.h.424d80cc.trap (pin_mux.c.98d867bc_0.trap.tar.zst) (288 of 782)
[2025-12-05 07:42:04] Scanning PERI_INPUTMUX.h.eb7fa53e.trap (pin_mux.c.98d867bc_0.trap.tar.zst) (289 of 782)
[2025-12-05 07:42:04] Scanning PERI_ITRC.h.5ca246d7.trap (pin_mux.c.98d867bc_0.trap.tar.zst) (290 of 782)
[2025-12-05 07:42:04] Scanning PERI_LCDIC.h.60308212.trap (pin_mux.c.98d867bc_0.trap.tar.zst) (291 of 782)
[2025-12-05 07:42:04] Scanning PERI_MCI_IO_MUX.h.86ef9930.trap (pin_mux.c.98d867bc_0.trap.tar.zst) (292 of 782)
[2025-12-05 07:42:04] Scanning PERI_MRT.h.0a614911.trap (pin_mux.c.98d867bc_0.trap.tar.zst) (293 of 782)
[2025-12-05 07:42:04] Scanning PERI_PKC.h.0bba0a20.trap (pin_mux.c.98d867bc_0.trap.tar.zst) (294 of 782)
[2025-12-05 07:42:04] Scanning fsl_gpio.h.5cf1a5f7.trap (pin_mux.c.98d867bc_0.trap.tar.zst) (295 of 782)
[2025-12-05 07:42:04] Scanning fsl_io_mux.h.5aee63df.trap (pin_mux.c.98d867bc_0.trap.tar.zst) (296 of 782)
[2025-12-05 07:42:04] Scanning pin_mux.h.8d5a1999.trap (pin_mux.c.98d867bc_0.trap.tar.zst) (297 of 782)
[2025-12-05 07:42:04] Scanning pin_mux.c.98d867bc.trap (pin_mux.c.98d867bc_0.trap.tar.zst) (298 of 782)
[2025-12-05 07:42:04] Scanning httpsrv_freertos.h.87c0992d.trap (httpsrv_freertos.c.6980e2c9_0.trap.tar.zst) (299 of 782)
[2025-12-05 07:42:04] Scanning mdns.h.16d5b0fe.trap (httpsrv_freertos.c.6980e2c9_0.trap.tar.zst) (300 of 782)
[2025-12-05 07:42:04] Scanning httpsrv_freertos.c.6980e2c9.trap (httpsrv_freertos.c.6980e2c9_0.trap.tar.zst) (301 of 782)
[2025-12-05 07:42:04] Scanning httpsrv_fs_data.c.50e94f08.trap (httpsrv_fs_data.c.50e94f08_0.trap.tar.zst) (302 of 782)
[2025-12-05 07:42:04] Scanning lwip_httpsrv_freertos.c.ff35641a.trap (lwip_httpsrv_freertos.c.ff35641a_0.trap.tar.zst) (303 of 782)
[2025-12-05 07:42:04] Scanning ethernetif.h.f6636b42.trap (enet_ethernetif.c.a0a154ab_0.trap.tar.zst) (304 of 782)
[2025-12-05 07:42:04] Scanning ethernetif_mmac.h.336f91e6.trap (enet_ethernetif.c.a0a154ab_0.trap.tar.zst) (305 of 782)
[2025-12-05 07:42:04] Scanning ethernetif_priv.h.5d1d49c7.trap (enet_ethernetif.c.a0a154ab_0.trap.tar.zst) (306 of 782)
[2025-12-05 07:42:04] Scanning enet_ethernetif.c.a0a154ab.trap (enet_ethernetif.c.a0a154ab_0.trap.tar.zst) (307 of 782)
[2025-12-05 07:42:04] Scanning ethernetif_priv.h.8a0a152b.trap (enet_ethernetif_kinetis.c.adddbd70_0.trap.tar.zst) (308 of 782)
[2025-12-05 07:42:04] Scanning kinetis_configchecks.h.45b8fb5a.trap (enet_ethernetif_kinetis.c.adddbd70_0.trap.tar.zst) (309 of 782)
[2025-12-05 07:42:04] Scanning enet_ethernetif_kinetis.c.adddbd70.trap (enet_ethernetif_kinetis.c.adddbd70_0.trap.tar.zst) (310 of 782)
[2025-12-05 07:42:04] Scanning etharp.h.a76c1c4d.trap (ethernetif.c.3fac8ac7_0.trap.tar.zst) (311 of 782)
[2025-12-05 07:42:04] Scanning pppoe.h.d55f5b72.trap (ethernetif.c.3fac8ac7_0.trap.tar.zst) (312 of 782)
[2025-12-05 07:42:04] Scanning ethernetif.c.3fac8ac7.trap (ethernetif.c.3fac8ac7_0.trap.tar.zst) (313 of 782)
[2025-12-05 07:42:04] Scanning ethernetif_mmac.c.1960f895.trap (ethernetif_mmac.c.1960f895_0.trap.tar.zst) (314 of 782)
[2025-12-05 07:42:04] Scanning sys_arch.h.e42220de.trap (sys_arch.c.82191e81_0.trap.tar.zst) (315 of 782)
[2025-12-05 07:42:04] Scanning mem.h.80978171.trap (sys_arch.c.82191e81_0.trap.tar.zst) (316 of 782)
[2025-12-05 07:42:04] Scanning memp_std.h.41ec398d.trap (sys_arch.c.82191e81_0.trap.tar.zst) (317 of 782)
[2025-12-05 07:42:04] Scanning memp_std.h.995f070d.trap (sys_arch.c.82191e81_0.trap.tar.zst) (318 of 782)
[2025-12-05 07:42:04] Scanning mem_priv.h.7346568c.trap (sys_arch.c.82191e81_0.trap.tar.zst) (319 of 782)
[2025-12-05 07:42:04] Scanning memp_priv.h.9c8911b0.trap (sys_arch.c.82191e81_0.trap.tar.zst) (320 of 782)
[2025-12-05 07:42:04] Scanning stats.h.58285f24.trap (sys_arch.c.82191e81_0.trap.tar.zst) (321 of 782)
[2025-12-05 07:42:04] Scanning memp.h.c57f0548.trap (sys_arch.c.82191e81_0.trap.tar.zst) (322 of 782)
[2025-12-05 07:42:04] Scanning stats.h.f7905e33.trap (sys_arch.c.82191e81_0.trap.tar.zst) (323 of 782)
[2025-12-05 07:42:04] Scanning timeouts.h.64a51c29.trap (sys_arch.c.82191e81_0.trap.tar.zst) (324 of 782)
[2025-12-05 07:42:04] Scanning ip4_addr.h.4cc75761.trap (sys_arch.c.82191e81_0.trap.tar.zst) (325 of 782)
[2025-12-05 07:42:04] Scanning ip6_zone.h.f008d9a2.trap (sys_arch.c.82191e81_0.trap.tar.zst) (326 of 782)
[2025-12-05 07:42:04] Scanning ip6_addr.h.6ece440c.trap (sys_arch.c.82191e81_0.trap.tar.zst) (327 of 782)
[2025-12-05 07:42:04] Scanning ip_addr.h.292d6ba8.trap (sys_arch.c.82191e81_0.trap.tar.zst) (328 of 782)
[2025-12-05 07:42:04] Scanning pbuf.h.9b97d3cd.trap (sys_arch.c.82191e81_0.trap.tar.zst) (329 of 782)
[2025-12-05 07:42:04] Scanning netif.h.e86d5d6a.trap (sys_arch.c.82191e81_0.trap.tar.zst) (330 of 782)
[2025-12-05 07:42:04] Scanning tcpip.h.94b178a4.trap (sys_arch.c.82191e81_0.trap.tar.zst) (331 of 782)
[2025-12-05 07:42:04] Scanning sys_arch.c.82191e81.trap (sys_arch.c.82191e81_0.trap.tar.zst) (332 of 782)
[2025-12-05 07:42:04] Scanning pbuf.h.11dea87e.trap (api_lib.c.02cc68bb_0.trap.tar.zst) (333 of 782)
[2025-12-05 07:42:04] Scanning api.h.cb58bb9f.trap (api_lib.c.02cc68bb_0.trap.tar.zst) (334 of 782)
[2025-12-05 07:42:04] Scanning netif.h.0f193824.trap (api_lib.c.02cc68bb_0.trap.tar.zst) (335 of 782)
[2025-12-05 07:42:04] Scanning ip4.h.cafce720.trap (api_lib.c.02cc68bb_0.trap.tar.zst) (336 of 782)
[2025-12-05 07:42:04] Scanning ip4.h.2132589d.trap (api_lib.c.02cc68bb_0.trap.tar.zst) (337 of 782)
[2025-12-05 07:42:04] Scanning ip6.h.6ded4fd0.trap (api_lib.c.02cc68bb_0.trap.tar.zst) (338 of 782)
[2025-12-05 07:42:04] Scanning ip6.h.78646248.trap (api_lib.c.02cc68bb_0.trap.tar.zst) (339 of 782)
[2025-12-05 07:42:04] Scanning ip.h.f01bf6cb.trap (api_lib.c.02cc68bb_0.trap.tar.zst) (340 of 782)
[2025-12-05 07:42:04] Scanning ip.h.9aa8c89b.trap (api_lib.c.02cc68bb_0.trap.tar.zst) (341 of 782)
[2025-12-05 07:42:04] Scanning raw.h.6946291e.trap (api_lib.c.02cc68bb_0.trap.tar.zst) (342 of 782)
[2025-12-05 07:42:04] Scanning udp.h.50604fda.trap (api_lib.c.02cc68bb_0.trap.tar.zst) (343 of 782)
[2025-12-05 07:42:04] Scanning udp.h.307edcdf.trap (api_lib.c.02cc68bb_0.trap.tar.zst) (344 of 782)
[2025-12-05 07:42:04] Scanning igmp.h.4dfd6077.trap (api_lib.c.02cc68bb_0.trap.tar.zst) (345 of 782)
[2025-12-05 07:42:04] Scanning tcpip_priv.h.d8559699.trap (api_lib.c.02cc68bb_0.trap.tar.zst) (346 of 782)
[2025-12-05 07:42:04] Scanning api_msg.h.085e9cb9.trap (api_lib.c.02cc68bb_0.trap.tar.zst) (347 of 782)
[2025-12-05 07:42:04] Scanning tcpbase.h.cbd432e8.trap (api_lib.c.02cc68bb_0.trap.tar.zst) (348 of 782)
[2025-12-05 07:42:04] Scanning icmp.h.5e165f30.trap (api_lib.c.02cc68bb_0.trap.tar.zst) (349 of 782)
[2025-12-05 07:42:04] Scanning icmp6.h.68194420.trap (api_lib.c.02cc68bb_0.trap.tar.zst) (350 of 782)
[2025-12-05 07:42:04] Scanning icmp6.h.45150b87.trap (api_lib.c.02cc68bb_0.trap.tar.zst) (351 of 782)
[2025-12-05 07:42:04] Scanning icmp.h.3b6d709c.trap (api_lib.c.02cc68bb_0.trap.tar.zst) (352 of 782)
[2025-12-05 07:42:04] Scanning tcp.h.06811aef.trap (api_lib.c.02cc68bb_0.trap.tar.zst) (353 of 782)
[2025-12-05 07:42:04] Scanning tcp.h.4438d113.trap (api_lib.c.02cc68bb_0.trap.tar.zst) (354 of 782)
[2025-12-05 07:42:04] Scanning tcp_priv.h.7c174e5d.trap (api_lib.c.02cc68bb_0.trap.tar.zst) (355 of 782)
[2025-12-05 07:42:04] Scanning api_lib.c.02cc68bb.trap (api_lib.c.02cc68bb_0.trap.tar.zst) (356 of 782)
[2025-12-05 07:42:04] Scanning tcp.h.1f13657b.trap (api_msg.c.f34d6a6a_0.trap.tar.zst) (357 of 782)
[2025-12-05 07:42:04] Scanning dns.h.efeadcc5.trap (api_msg.c.f34d6a6a_0.trap.tar.zst) (358 of 782)
[2025-12-05 07:42:04] Scanning mld6.h.3caefa55.trap (api_msg.c.f34d6a6a_0.trap.tar.zst) (359 of 782)
[2025-12-05 07:42:04] Scanning api_msg.c.f34d6a6a.trap (api_msg.c.f34d6a6a_0.trap.tar.zst) (360 of 782)
[2025-12-05 07:42:04] Scanning lwipopts_gen.h.f8ac58a9.trap (err.c.5e85f5b1_0.trap.tar.zst) (361 of 782)
[2025-12-05 07:42:04] Scanning lwipopts.h.421c6181.trap (err.c.5e85f5b1_0.trap.tar.zst) (362 of 782)
[2025-12-05 07:42:04] Scanning reent.h.a81b0094.trap (err.c.5e85f5b1_0.trap.tar.zst) (363 of 782)
[2025-12-05 07:42:04] Scanning _timeval.h.5a68ed63.trap (err.c.5e85f5b1_0.trap.tar.zst) (364 of 782)
[2025-12-05 07:42:04] Scanning types.h.0cb4a773.trap (err.c.5e85f5b1_0.trap.tar.zst) (365 of 782)
[2025-12-05 07:42:04] Scanning _timespec.h.aca235ad.trap (err.c.5e85f5b1_0.trap.tar.zst) (366 of 782)
[2025-12-05 07:42:04] Scanning _time.h.e5dfdb3e.trap (err.c.5e85f5b1_0.trap.tar.zst) (367 of 782)
[2025-12-05 07:42:04] Scanning time.h.d8e1c5ad.trap (err.c.5e85f5b1_0.trap.tar.zst) (368 of 782)
[2025-12-05 07:42:04] Scanning opt.h.4726bf6a.trap (err.c.5e85f5b1_0.trap.tar.zst) (369 of 782)
[2025-12-05 07:42:04] Scanning cc.h.212d8402.trap (err.c.5e85f5b1_0.trap.tar.zst) (370 of 782)
[2025-12-05 07:42:04] Scanning sys_arch.h.1544fdd4.trap (err.c.5e85f5b1_0.trap.tar.zst) (371 of 782)
[2025-12-05 07:42:04] Scanning cc.h.9bc4ec48.trap (err.c.5e85f5b1_0.trap.tar.zst) (372 of 782)
[2025-12-05 07:42:04] Scanning stddef.h.8e345ba0.trap (err.c.5e85f5b1_0.trap.tar.zst) (373 of 782)
[2025-12-05 07:42:04] Scanning inttypes.h.d64f9298.trap (err.c.5e85f5b1_0.trap.tar.zst) (374 of 782)
[2025-12-05 07:42:04] Scanning syslimits.h.0d85dab2.trap (err.c.5e85f5b1_0.trap.tar.zst) (375 of 782)
[2025-12-05 07:42:04] Scanning limits.h.0b374315.trap (err.c.5e85f5b1_0.trap.tar.zst) (376 of 782)
[2025-12-05 07:42:04] Scanning limits.h.8266ffe7.trap (err.c.5e85f5b1_0.trap.tar.zst) (377 of 782)
[2025-12-05 07:42:04] Scanning syslimits.h.d94b117a.trap (err.c.5e85f5b1_0.trap.tar.zst) (378 of 782)
[2025-12-05 07:42:04] Scanning limits.h.93afc8d7.trap (err.c.5e85f5b1_0.trap.tar.zst) (379 of 782)
[2025-12-05 07:42:04] Scanning ctype.h.7396fe7e.trap (err.c.5e85f5b1_0.trap.tar.zst) (380 of 782)
[2025-12-05 07:42:04] Scanning arch.h.05fa9065.trap (err.c.5e85f5b1_0.trap.tar.zst) (381 of 782)
[2025-12-05 07:42:04] Scanning debug.h.edafa073.trap (err.c.5e85f5b1_0.trap.tar.zst) (382 of 782)
[2025-12-05 07:42:04] Scanning opt.h.108bf399.trap (err.c.5e85f5b1_0.trap.tar.zst) (383 of 782)
[2025-12-05 07:42:04] Scanning err.h.5cbe3605.trap (err.c.5e85f5b1_0.trap.tar.zst) (384 of 782)
[2025-12-05 07:42:04] Scanning def.h.1c1a0a86.trap (err.c.5e85f5b1_0.trap.tar.zst) (385 of 782)
[2025-12-05 07:42:04] Scanning sys.h.0da9767a.trap (err.c.5e85f5b1_0.trap.tar.zst) (386 of 782)
[2025-12-05 07:42:04] Scanning errno.h.b599ed5e.trap (err.c.5e85f5b1_0.trap.tar.zst) (387 of 782)
[2025-12-05 07:42:04] Scanning err.c.5e85f5b1.trap (err.c.5e85f5b1_0.trap.tar.zst) (388 of 782)
[2025-12-05 07:42:04] Scanning if_api.h.00cbb6fb.trap (if_api.c.61294e56_0.trap.tar.zst) (389 of 782)
[2025-12-05 07:42:04] Scanning ip.h.1c1c50a2.trap (if_api.c.61294e56_0.trap.tar.zst) (390 of 782)
[2025-12-05 07:42:04] Scanning udp.h.6db868fa.trap (if_api.c.61294e56_0.trap.tar.zst) (391 of 782)
[2025-12-05 07:42:04] Scanning dhcp.h.75f13386.trap (if_api.c.61294e56_0.trap.tar.zst) (392 of 782)
[2025-12-05 07:42:04] Scanning autoip.h.d8580585.trap (if_api.c.61294e56_0.trap.tar.zst) (393 of 782)
[2025-12-05 07:42:04] Scanning inet.h.9c96e803.trap (if_api.c.61294e56_0.trap.tar.zst) (394 of 782)
[2025-12-05 07:42:04] Scanning sockets.h.62dc539b.trap (if_api.c.61294e56_0.trap.tar.zst) (395 of 782)
[2025-12-05 07:42:04] Scanning sockets_priv.h.9911a78b.trap (if_api.c.61294e56_0.trap.tar.zst) (396 of 782)
[2025-12-05 07:42:04] Scanning if_api.c.61294e56.trap (if_api.c.61294e56_0.trap.tar.zst) (397 of 782)
[2025-12-05 07:42:04] Scanning pbuf.h.6ce5e68a.trap (netbuf.c.3f88459c_0.trap.tar.zst) (398 of 782)
[2025-12-05 07:42:04] Scanning ip4_addr.h.85819d9b.trap (netbuf.c.3f88459c_0.trap.tar.zst) (399 of 782)
[2025-12-05 07:42:04] Scanning netbuf.h.ee04d41a.trap (netbuf.c.3f88459c_0.trap.tar.zst) (400 of 782)
[2025-12-05 07:42:04] Scanning memp_std.h.7cb0d800.trap (netbuf.c.3f88459c_0.trap.tar.zst) (401 of 782)
[2025-12-05 07:42:04] Scanning memp_std.h.198c3ade.trap (netbuf.c.3f88459c_0.trap.tar.zst) (402 of 782)
[2025-12-05 07:42:04] Scanning memp.h.a7a808a0.trap (netbuf.c.3f88459c_0.trap.tar.zst) (403 of 782)
[2025-12-05 07:42:04] Scanning netbuf.c.3f88459c.trap (netbuf.c.3f88459c_0.trap.tar.zst) (404 of 782)
[2025-12-05 07:42:04] Scanning netdb.h.e3c07bd4.trap (netdb.c.0006e72b_0.trap.tar.zst) (405 of 782)
[2025-12-05 07:42:04] Scanning netdb.c.0006e72b.trap (netdb.c.0006e72b_0.trap.tar.zst) (406 of 782)
[2025-12-05 07:42:04] Scanning ieee.h.31bca106.trap (netifapi.c.65acfe95_0.trap.tar.zst) (407 of 782)
[2025-12-05 07:42:04] Scanning ethernet.h.fcefd5da.trap (netifapi.c.65acfe95_0.trap.tar.zst) (408 of 782)
[2025-12-05 07:42:04] Scanning etharp.h.9a762696.trap (netifapi.c.65acfe95_0.trap.tar.zst) (409 of 782)
[2025-12-05 07:42:04] Scanning etharp.h.83963a91.trap (netifapi.c.65acfe95_0.trap.tar.zst) (410 of 782)
[2025-12-05 07:42:04] Scanning api.h.15ac0fc8.trap (netifapi.c.65acfe95_0.trap.tar.zst) (411 of 782)
[2025-12-05 07:42:04] Scanning netifapi.h.549c20eb.trap (netifapi.c.65acfe95_0.trap.tar.zst) (412 of 782)
[2025-12-05 07:42:04] Scanning netifapi.c.65acfe95.trap (netifapi.c.65acfe95_0.trap.tar.zst) (413 of 782)
[2025-12-05 07:42:04] Scanning sockets_priv.h.60a0556e.trap (sockets.c.1ae5a7fb_0.trap.tar.zst) (414 of 782)
[2025-12-05 07:42:04] Scanning netbuf.h.17c32172.trap (sockets.c.1ae5a7fb_0.trap.tar.zst) (415 of 782)
[2025-12-05 07:42:04] Scanning api.h.b0cb448e.trap (sockets.c.1ae5a7fb_0.trap.tar.zst) (416 of 782)
[2025-12-05 07:42:04] Scanning tcp.h.2bd59880.trap (sockets.c.1ae5a7fb_0.trap.tar.zst) (417 of 782)
[2025-12-05 07:42:04] Scanning udp.h.8914c9db.trap (sockets.c.1ae5a7fb_0.trap.tar.zst) (418 of 782)
[2025-12-05 07:42:04] Scanning sockets.c.1ae5a7fb.trap (sockets.c.1ae5a7fb_0.trap.tar.zst) (419 of 782)
[2025-12-05 07:42:04] Scanning init.h.d3bdbc51.trap (tcpip.c.d537267d_0.trap.tar.zst) (420 of 782)
[2025-12-05 07:42:04] Scanning ip.h.3d55ccd6.trap (tcpip.c.d537267d_0.trap.tar.zst) (421 of 782)
[2025-12-05 07:42:04] Scanning ethernet.h.a52758fb.trap (tcpip.c.d537267d_0.trap.tar.zst) (422 of 782)
[2025-12-05 07:42:04] Scanning tcpip.c.d537267d.trap (tcpip.c.d537267d_0.trap.tar.zst) (423 of 782)
[2025-12-05 07:42:04] Scanning httpsrv_config.h.a0b0bfeb.trap (httpsrv.c.8605704f_0.trap.tar.zst) (424 of 782)
[2025-12-05 07:42:04] Scanning httpsrv.h.0d7454be.trap (httpsrv.c.8605704f_0.trap.tar.zst) (425 of 782)
[2025-12-05 07:42:04] Scanning httpsrv_ws.h.26b40e74.trap (httpsrv.c.8605704f_0.trap.tar.zst) (426 of 782)
[2025-12-05 07:42:04] Scanning httpsrv.h.fe4ce25f.trap (httpsrv.c.8605704f_0.trap.tar.zst) (427 of 782)
[2025-12-05 07:42:04] Scanning httpsrv_ws_prv.h.308230c7.trap (httpsrv.c.8605704f_0.trap.tar.zst) (428 of 782)
[2025-12-05 07:42:04] Scanning httpsrv_tls.h.0b983bd3.trap (httpsrv.c.8605704f_0.trap.tar.zst) (429 of 782)
[2025-12-05 07:42:04] Scanning httpsrv_prv.h.08b8e02e.trap (httpsrv.c.8605704f_0.trap.tar.zst) (430 of 782)
[2025-12-05 07:42:04] Scanning httpsrv_supp.h.1017ad2c.trap (httpsrv.c.8605704f_0.trap.tar.zst) (431 of 782)
[2025-12-05 07:42:04] Scanning httpsrv.c.8605704f.trap (httpsrv.c.8605704f_0.trap.tar.zst) (432 of 782)
[2025-12-05 07:42:04] Scanning httpsrv_base64.h.7b20e643.trap (httpsrv_base64.c.e9d96f5e_0.trap.tar.zst) (433 of 782)
[2025-12-05 07:42:04] Scanning httpsrv_base64.c.e9d96f5e.trap (httpsrv_base64.c.e9d96f5e_0.trap.tar.zst) (434 of 782)
[2025-12-05 07:42:04] Scanning httpsrv_fs.h.200cf3b9.trap (httpsrv_fs.c.2927f969_0.trap.tar.zst) (435 of 782)
[2025-12-05 07:42:04] Scanning httpsrv_port.h.54320f42.trap (httpsrv_fs.c.2927f969_0.trap.tar.zst) (436 of 782)
[2025-12-05 07:42:04] Scanning httpsrv_fs.c.2927f969.trap (httpsrv_fs.c.2927f969_0.trap.tar.zst) (437 of 782)
[2025-12-05 07:42:04] Scanning httpsrv_script.h.bf8450e9.trap (httpsrv_script.c.591edfbc_0.trap.tar.zst) (438 of 782)
[2025-12-05 07:42:04] Scanning httpsrv_script.c.591edfbc.trap (httpsrv_script.c.591edfbc_0.trap.tar.zst) (439 of 782)
[2025-12-05 07:42:04] Scanning stddef.h.4d0af823.trap (httpsrv_sha1.c.63b2630d_0.trap.tar.zst) (440 of 782)
[2025-12-05 07:42:04] Scanning stddef.h.a559445c.trap (httpsrv_sha1.c.63b2630d_0.trap.tar.zst) (441 of 782)
[2025-12-05 07:42:04] Scanning httpsrv_sha1.h.508e65fa.trap (httpsrv_sha1.c.63b2630d_0.trap.tar.zst) (442 of 782)
[2025-12-05 07:42:04] Scanning httpsrv_sha1.c.63b2630d.trap (httpsrv_sha1.c.63b2630d_0.trap.tar.zst) (443 of 782)
[2025-12-05 07:42:04] Scanning limits.h.1c768f39.trap (httpsrv_supp.c.b78b5c6c_0.trap.tar.zst) (444 of 782)
[2025-12-05 07:42:04] Scanning httpsrv_supp.c.b78b5c6c.trap (httpsrv_supp.c.b78b5c6c_0.trap.tar.zst) (445 of 782)
[2025-12-05 07:42:04] Scanning httpsrv_task.c.95470f57.trap (httpsrv_task.c.95470f57_0.trap.tar.zst) (446 of 782)
[2025-12-05 07:42:04] Scanning httpsrv_tls.c.54d03faf.trap (httpsrv_tls.c.54d03faf_0.trap.tar.zst) (447 of 782)
[2025-12-05 07:42:04] Scanning httpsrv_utf8.h.7f16e11e.trap (httpsrv_utf8.c.9f0c993e_0.trap.tar.zst) (448 of 782)
[2025-12-05 07:42:04] Scanning httpsrv_utf8.c.9f0c993e.trap (httpsrv_utf8.c.9f0c993e_0.trap.tar.zst) (449 of 782)
[2025-12-05 07:42:04] Scanning httpsrv_ws.c.7f5aceca.trap (httpsrv_ws.c.7f5aceca_0.trap.tar.zst) (450 of 782)
[2025-12-05 07:42:04] Scanning httpsrv_ws_prv.h.92cfc9b7.trap (httpsrv_ws_api.c.1cb33d2e_0.trap.tar.zst) (451 of 782)
[2025-12-05 07:42:04] Scanning httpsrv_ws_api.c.1cb33d2e.trap (httpsrv_ws_api.c.1cb33d2e_0.trap.tar.zst) (452 of 782)
[2025-12-05 07:42:04] Scanning mdns.c.19845553.trap (mdns.c.19845553_0.trap.tar.zst) (453 of 782)
[2025-12-05 07:42:04] Scanning mdns_opts.h.48e1955f.trap (mdns_domain.c.a46ed3c7_0.trap.tar.zst) (454 of 782)
[2025-12-05 07:42:04] Scanning mdns.h.ad2a34d8.trap (mdns_domain.c.a46ed3c7_0.trap.tar.zst) (455 of 782)
[2025-12-05 07:42:04] Scanning mdns_priv.h.b98d5b41.trap (mdns_domain.c.a46ed3c7_0.trap.tar.zst) (456 of 782)
[2025-12-05 07:42:04] Scanning mdns_domain.h.01ec7fc9.trap (mdns_domain.c.a46ed3c7_0.trap.tar.zst) (457 of 782)
[2025-12-05 07:42:04] Scanning dns.h.ccf5de4a.trap (mdns_domain.c.a46ed3c7_0.trap.tar.zst) (458 of 782)
[2025-12-05 07:42:04] Scanning mdns_domain.c.a46ed3c7.trap (mdns_domain.c.a46ed3c7_0.trap.tar.zst) (459 of 782)
[2025-12-05 07:42:04] Scanning mdns_priv.h.bbeeb18f.trap (mdns_out.c.05a48cd7_0.trap.tar.zst) (460 of 782)
[2025-12-05 07:42:04] Scanning mdns_out.h.010ff005.trap (mdns_out.c.05a48cd7_0.trap.tar.zst) (461 of 782)
[2025-12-05 07:42:04] Scanning mdns_out.c.05a48cd7.trap (mdns_out.c.05a48cd7_0.trap.tar.zst) (462 of 782)
[2025-12-05 07:42:04] Scanning altcp.c.64e67c8e.trap (altcp.c.64e67c8e_0.trap.tar.zst) (463 of 782)
[2025-12-05 07:42:04] Scanning altcp_alloc.c.33e23538.trap (altcp_alloc.c.33e23538_0.trap.tar.zst) (464 of 782)
[2025-12-05 07:42:04] Scanning altcp_tcp.c.afcf8bd6.trap (altcp_tcp.c.afcf8bd6_0.trap.tar.zst) (465 of 782)
[2025-12-05 07:42:04] Scanning def.c.3567ed68.trap (def.c.3567ed68_0.trap.tar.zst) (466 of 782)
[2025-12-05 07:42:04] Scanning dns.c.4df6a4ad.trap (dns.c.4df6a4ad_0.trap.tar.zst) (467 of 782)
[2025-12-05 07:42:04] Scanning inet_chksum.h.22a1e833.trap (inet_chksum.c.a8575c00_0.trap.tar.zst) (468 of 782)
[2025-12-05 07:42:04] Scanning inet_chksum.c.a8575c00.trap (inet_chksum.c.a8575c00_0.trap.tar.zst) (469 of 782)
[2025-12-05 07:42:04] Scanning udp.h.c64e55f6.trap (init.c.b3759d16_0.trap.tar.zst) (470 of 782)
[2025-12-05 07:42:04] Scanning tcp.h.608e3d3a.trap (init.c.b3759d16_0.trap.tar.zst) (471 of 782)
[2025-12-05 07:42:04] Scanning nd6.h.e879f437.trap (init.c.b3759d16_0.trap.tar.zst) (472 of 782)
[2025-12-05 07:42:04] Scanning api.h.64265df4.trap (init.c.b3759d16_0.trap.tar.zst) (473 of 782)
[2025-12-05 07:42:04] Scanning ppp_opts.h.1bd39ce2.trap (init.c.b3759d16_0.trap.tar.zst) (474 of 782)
[2025-12-05 07:42:04] Scanning ppp_impl.h.459e187d.trap (init.c.b3759d16_0.trap.tar.zst) (475 of 782)
[2025-12-05 07:42:04] Scanning init.c.b3759d16.trap (init.c.b3759d16_0.trap.tar.zst) (476 of 782)
[2025-12-05 07:42:04] Scanning netif.h.3d8eb1c7.trap (ip.c.0f9fab3a_0.trap.tar.zst) (477 of 782)
[2025-12-05 07:42:04] Scanning ip.c.0f9fab3a.trap (ip.c.0f9fab3a_0.trap.tar.zst) (478 of 782)
[2025-12-05 07:42:04] Scanning acd.c.bcf9c043.trap (acd.c.bcf9c043_0.trap.tar.zst) (479 of 782)
[2025-12-05 07:42:04] Scanning autoip.c.bc582c95.trap (autoip.c.bc582c95_0.trap.tar.zst) (480 of 782)
[2025-12-05 07:42:04] Scanning dhcp.h.626f7ea3.trap (dhcp.c.c8ff519e_0.trap.tar.zst) (481 of 782)
[2025-12-05 07:42:04] Scanning dhcp.c.c8ff519e.trap (dhcp.c.c8ff519e_0.trap.tar.zst) (482 of 782)
[2025-12-05 07:42:04] Scanning iana.h.2cbab457.trap (etharp.c.74899340_0.trap.tar.zst) (483 of 782)
[2025-12-05 07:42:04] Scanning etharp.c.74899340.trap (etharp.c.74899340_0.trap.tar.zst) (484 of 782)
[2025-12-05 07:42:04] Scanning icmp.c.5893dbac.trap (icmp.c.5893dbac_0.trap.tar.zst) (485 of 782)
[2025-12-05 07:42:04] Scanning igmp.h.a75ffc05.trap (igmp.c.aef4a4ae_0.trap.tar.zst) (486 of 782)
[2025-12-05 07:42:04] Scanning igmp.c.aef4a4ae.trap (igmp.c.aef4a4ae_0.trap.tar.zst) (487 of 782)
[2025-12-05 07:42:04] Scanning ip4.c.c806e1ee.trap (ip4.c.c806e1ee_0.trap.tar.zst) (488 of 782)
[2025-12-05 07:42:04] Scanning ip4_addr.c.bed8252f.trap (ip4_addr.c.bed8252f_0.trap.tar.zst) (489 of 782)
[2025-12-05 07:42:04] Scanning ip4_frag.c.fe6c97c5.trap (ip4_frag.c.fe6c97c5_0.trap.tar.zst) (490 of 782)
[2025-12-05 07:42:04] Scanning dhcp6.c.21c4582f.trap (dhcp6.c.21c4582f_0.trap.tar.zst) (491 of 782)
[2025-12-05 07:42:04] Scanning ethip6.h.0177aa84.trap (ethip6.c.2dd5ad97_0.trap.tar.zst) (492 of 782)
[2025-12-05 07:42:04] Scanning ethip6.c.2dd5ad97.trap (ethip6.c.2dd5ad97_0.trap.tar.zst) (493 of 782)
[2025-12-05 07:42:04] Scanning icmp6.c.db2a51a2.trap (icmp6.c.db2a51a2_0.trap.tar.zst) (494 of 782)
[2025-12-05 07:42:04] Scanning inet6.c.a8b341e5.trap (inet6.c.a8b341e5_0.trap.tar.zst) (495 of 782)
[2025-12-05 07:42:04] Scanning ip6.c.9bdac76b.trap (ip6.c.9bdac76b_0.trap.tar.zst) (496 of 782)
[2025-12-05 07:42:04] Scanning ip6_addr.c.d3cdee4f.trap (ip6_addr.c.d3cdee4f_0.trap.tar.zst) (497 of 782)
[2025-12-05 07:42:04] Scanning ip6_frag.h.66abbf99.trap (ip6_frag.c.87da3f9d_0.trap.tar.zst) (498 of 782)
[2025-12-05 07:42:04] Scanning ip6_frag.c.87da3f9d.trap (ip6_frag.c.87da3f9d_0.trap.tar.zst) (499 of 782)
[2025-12-05 07:42:04] Scanning mld6.h.ec0fd293.trap (mld6.c.3898fb97_0.trap.tar.zst) (500 of 782)
[2025-12-05 07:42:04] Scanning mld6.c.3898fb97.trap (mld6.c.3898fb97_0.trap.tar.zst) (501 of 782)
[2025-12-05 07:42:04] Scanning pbuf.h.798f1266.trap (nd6.c.b4de7f0c_0.trap.tar.zst) (502 of 782)
[2025-12-05 07:42:04] Scanning netif.h.fc20966f.trap (nd6.c.b4de7f0c_0.trap.tar.zst) (503 of 782)
[2025-12-05 07:42:04] Scanning nd6.h.03c4f938.trap (nd6.c.b4de7f0c_0.trap.tar.zst) (504 of 782)
[2025-12-05 07:42:04] Scanning nd6.c.b4de7f0c.trap (nd6.c.b4de7f0c_0.trap.tar.zst) (505 of 782)
[2025-12-05 07:42:04] Scanning stdio.h.803036d7.trap (mem.c.84ec0c36_0.trap.tar.zst) (506 of 782)
[2025-12-05 07:42:04] Scanning mem.c.84ec0c36.trap (mem.c.84ec0c36_0.trap.tar.zst) (507 of 782)
[2025-12-05 07:42:04] Scanning tcp.h.53cc0a35.trap (memp.c.e8617787_0.trap.tar.zst) (508 of 782)
[2025-12-05 07:42:04] Scanning altcp.h.5c3f9dcb.trap (memp.c.e8617787_0.trap.tar.zst) (509 of 782)
[2025-12-05 07:42:04] Scanning ip4_frag.h.ab077d5f.trap (memp.c.e8617787_0.trap.tar.zst) (510 of 782)
[2025-12-05 07:42:04] Scanning nd6_priv.h.fbb34d30.trap (memp.c.e8617787_0.trap.tar.zst) (511 of 782)
[2025-12-05 07:42:04] Scanning ip6_frag.h.39e57548.trap (memp.c.e8617787_0.trap.tar.zst) (512 of 782)
[2025-12-05 07:42:04] Scanning memp_std.h.2b83b563.trap (memp.c.e8617787_0.trap.tar.zst) (513 of 782)
[2025-12-05 07:42:04] Scanning memp_std.h.ba267ca8.trap (memp.c.e8617787_0.trap.tar.zst) (514 of 782)
[2025-12-05 07:42:04] Scanning memp.c.e8617787.trap (memp.c.e8617787_0.trap.tar.zst) (515 of 782)
[2025-12-05 07:42:04] Scanning tcp.h.0e4da9c4.trap (netif.c.9584bc8b_0.trap.tar.zst) (516 of 782)
[2025-12-05 07:42:04] Scanning raw_priv.h.6946291e.trap (netif.c.9584bc8b_0.trap.tar.zst) (517 of 782)
[2025-12-05 07:42:04] Scanning snmp.h.bb704de4.trap (netif.c.9584bc8b_0.trap.tar.zst) (518 of 782)
[2025-12-05 07:42:04] Scanning netif.c.9584bc8b.trap (netif.c.9584bc8b_0.trap.tar.zst) (519 of 782)
[2025-12-05 07:42:04] Scanning pbuf.c.057f4768.trap (pbuf.c.057f4768_0.trap.tar.zst) (520 of 782)
[2025-12-05 07:42:04] Scanning raw.c.06f241a7.trap (raw.c.06f241a7_0.trap.tar.zst) (521 of 782)
[2025-12-05 07:42:04] Scanning stats.c.1d280039.trap (stats.c.1d280039_0.trap.tar.zst) (522 of 782)
[2025-12-05 07:42:04] Scanning sys.c.f8ddfb1d.trap (sys.c.f8ddfb1d_0.trap.tar.zst) (523 of 782)
[2025-12-05 07:42:04] Scanning tcp.c.bd053973.trap (tcp.c.bd053973_0.trap.tar.zst) (524 of 782)
[2025-12-05 07:42:04] Scanning tcp_in.c.3e94268a.trap (tcp_in.c.3e94268a_0.trap.tar.zst) (525 of 782)
[2025-12-05 07:42:04] Scanning tcp_out.c.97fe3d24.trap (tcp_out.c.97fe3d24_0.trap.tar.zst) (526 of 782)
[2025-12-05 07:42:04] Scanning pbuf.h.73de7255.trap (timeouts.c.10a3ed2b_0.trap.tar.zst) (527 of 782)
[2025-12-05 07:42:04] Scanning netif.h.8cdb588b.trap (timeouts.c.10a3ed2b_0.trap.tar.zst) (528 of 782)
[2025-12-05 07:42:04] Scanning udp.h.f47d6b24.trap (timeouts.c.10a3ed2b_0.trap.tar.zst) (529 of 782)
[2025-12-05 07:42:04] Scanning acd.h.dc398f68.trap (timeouts.c.10a3ed2b_0.trap.tar.zst) (530 of 782)
[2025-12-05 07:42:04] Scanning dhcp6.h.829e8c3e.trap (timeouts.c.10a3ed2b_0.trap.tar.zst) (531 of 782)
[2025-12-05 07:42:04] Scanning timeouts.c.10a3ed2b.trap (timeouts.c.10a3ed2b_0.trap.tar.zst) (532 of 782)
[2025-12-05 07:42:04] Scanning udp.c.891c432d.trap (udp.c.891c432d_0.trap.tar.zst) (533 of 782)
[2025-12-05 07:42:04] Scanning bridgeif_opts.h.edd4f583.trap (bridgeif.c.9dc35bb3_0.trap.tar.zst) (534 of 782)
[2025-12-05 07:42:04] Scanning netif.h.e48c318d.trap (bridgeif.c.9dc35bb3_0.trap.tar.zst) (535 of 782)
[2025-12-05 07:42:04] Scanning bridgeif.h.7d37f2d0.trap (bridgeif.c.9dc35bb3_0.trap.tar.zst) (536 of 782)
[2025-12-05 07:42:04] Scanning snmp.h.9b76ee3b.trap (bridgeif.c.9dc35bb3_0.trap.tar.zst) (537 of 782)
[2025-12-05 07:42:04] Scanning bridgeif.c.9dc35bb3.trap (bridgeif.c.9dc35bb3_0.trap.tar.zst) (538 of 782)
[2025-12-05 07:42:04] Scanning netif.h.3c278604.trap (bridgeif_fdb.c.3aed1dd8_0.trap.tar.zst) (539 of 782)
[2025-12-05 07:42:04] Scanning bridgeif_fdb.c.3aed1dd8.trap (bridgeif_fdb.c.3aed1dd8_0.trap.tar.zst) (540 of 782)
[2025-12-05 07:42:04] Scanning ethernet.c.8c51caef.trap (ethernet.c.8c51caef_0.trap.tar.zst) (541 of 782)
[2025-12-05 07:42:04] Scanning lowpan6_opts.h.522b43aa.trap (lowpan6.c.48af3a93_0.trap.tar.zst) (542 of 782)
[2025-12-05 07:42:04] Scanning lowpan6_common.h.f255f462.trap (lowpan6.c.48af3a93_0.trap.tar.zst) (543 of 782)
[2025-12-05 07:42:04] Scanning lowpan6.h.663e920c.trap (lowpan6.c.48af3a93_0.trap.tar.zst) (544 of 782)
[2025-12-05 07:42:04] Scanning ieee802154.h.44974a8f.trap (lowpan6.c.48af3a93_0.trap.tar.zst) (545 of 782)
[2025-12-05 07:42:04] Scanning lowpan6.c.48af3a93.trap (lowpan6.c.48af3a93_0.trap.tar.zst) (546 of 782)
[2025-12-05 07:42:04] Scanning lowpan6_ble.h.41b88e28.trap (lowpan6_ble.c.bb703ab0_0.trap.tar.zst) (547 of 782)
[2025-12-05 07:42:04] Scanning lowpan6_ble.c.bb703ab0.trap (lowpan6_ble.c.bb703ab0_0.trap.tar.zst) (548 of 782)
[2025-12-05 07:42:04] Scanning lowpan6_common.c.23e78576.trap (lowpan6_common.c.23e78576_0.trap.tar.zst) (549 of 782)
[2025-12-05 07:42:04] Scanning auth.c.fc47b643.trap (auth.c.fc47b643_0.trap.tar.zst) (550 of 782)
[2025-12-05 07:42:04] Scanning ccp.c.c35203bb.trap (ccp.c.c35203bb_0.trap.tar.zst) (551 of 782)
[2025-12-05 07:42:04] Scanning chap-md5.c.cd18bc3f.trap (chap-md5.c.cd18bc3f_0.trap.tar.zst) (552 of 782)
[2025-12-05 07:42:04] Scanning chap-new.c.563f74a7.trap (chap-new.c.563f74a7_0.trap.tar.zst) (553 of 782)
[2025-12-05 07:42:04] Scanning chap_ms.c.f37dbad9.trap (chap_ms.c.f37dbad9_0.trap.tar.zst) (554 of 782)
[2025-12-05 07:42:04] Scanning demand.c.423b8773.trap (demand.c.423b8773_0.trap.tar.zst) (555 of 782)
[2025-12-05 07:42:04] Scanning eap.c.1fb9b3d6.trap (eap.c.1fb9b3d6_0.trap.tar.zst) (556 of 782)
[2025-12-05 07:42:04] Scanning ecp.c.9579e4b6.trap (ecp.c.9579e4b6_0.trap.tar.zst) (557 of 782)
[2025-12-05 07:42:04] Scanning eui64.c.c309e502.trap (eui64.c.c309e502_0.trap.tar.zst) (558 of 782)
[2025-12-05 07:42:04] Scanning fsm.c.ffb08798.trap (fsm.c.ffb08798_0.trap.tar.zst) (559 of 782)
[2025-12-05 07:42:04] Scanning ipcp.c.18da530b.trap (ipcp.c.18da530b_0.trap.tar.zst) (560 of 782)
[2025-12-05 07:42:04] Scanning ipv6cp.c.d4d8a37d.trap (ipv6cp.c.d4d8a37d_0.trap.tar.zst) (561 of 782)
[2025-12-05 07:42:04] Scanning lcp.c.62a8adf6.trap (lcp.c.62a8adf6_0.trap.tar.zst) (562 of 782)
[2025-12-05 07:42:04] Scanning magic.c.04814a79.trap (magic.c.04814a79_0.trap.tar.zst) (563 of 782)
[2025-12-05 07:42:04] Scanning mppe.c.cca238f7.trap (mppe.c.cca238f7_0.trap.tar.zst) (564 of 782)
[2025-12-05 07:42:04] Scanning multilink.c.8d76505c.trap (multilink.c.8d76505c_0.trap.tar.zst) (565 of 782)
[2025-12-05 07:42:04] Scanning arc4.c.e3029f77.trap (arc4.c.e3029f77_0.trap.tar.zst) (566 of 782)
[2025-12-05 07:42:04] Scanning des.c.310c7bb1.trap (des.c.310c7bb1_0.trap.tar.zst) (567 of 782)
[2025-12-05 07:42:04] Scanning md4.c.1ca86465.trap (md4.c.1ca86465_0.trap.tar.zst) (568 of 782)
[2025-12-05 07:42:04] Scanning md5.c.d4fc0148.trap (md5.c.d4fc0148_0.trap.tar.zst) (569 of 782)
[2025-12-05 07:42:04] Scanning sha1.c.ee10ae2f.trap (sha1.c.ee10ae2f_0.trap.tar.zst) (570 of 782)
[2025-12-05 07:42:04] Scanning ppp.c.0f549ba4.trap (ppp.c.0f549ba4_0.trap.tar.zst) (571 of 782)
[2025-12-05 07:42:04] Scanning pppapi.c.e1615773.trap (pppapi.c.e1615773_0.trap.tar.zst) (572 of 782)
[2025-12-05 07:42:04] Scanning pppcrypt.c.1d4867da.trap (pppcrypt.c.1d4867da_0.trap.tar.zst) (573 of 782)
[2025-12-05 07:42:04] Scanning pppoe.c.de52e544.trap (pppoe.c.de52e544_0.trap.tar.zst) (574 of 782)
[2025-12-05 07:42:04] Scanning pppol2tp.c.82e9d13e.trap (pppol2tp.c.82e9d13e_0.trap.tar.zst) (575 of 782)
[2025-12-05 07:42:04] Scanning pppos.c.62e3995d.trap (pppos.c.62e3995d_0.trap.tar.zst) (576 of 782)
[2025-12-05 07:42:04] Scanning upap.c.f24cefe5.trap (upap.c.f24cefe5_0.trap.tar.zst) (577 of 782)
[2025-12-05 07:42:04] Scanning utils.c.1cb66ad1.trap (utils.c.1cb66ad1_0.trap.tar.zst) (578 of 782)
[2025-12-05 07:42:04] Scanning vj.c.eb3f8bad.trap (vj.c.eb3f8bad_0.trap.tar.zst) (579 of 782)
[2025-12-05 07:42:04] Scanning slipif.h.6c07c56d.trap (slipif.c.19c2b8c6_0.trap.tar.zst) (580 of 782)
[2025-12-05 07:42:04] Scanning slipif.c.19c2b8c6.trap (slipif.c.19c2b8c6_0.trap.tar.zst) (581 of 782)
[2025-12-05 07:42:04] Scanning zepif.h.964546a6.trap (zepif.c.16af628d_0.trap.tar.zst) (582 of 782)
[2025-12-05 07:42:04] Scanning zepif.c.16af628d.trap (zepif.c.16af628d_0.trap.tar.zst) (583 of 782)
[2025-12-05 07:42:04] Scanning croutine.h.092d1f74.trap (croutine.c.e610d980_0.trap.tar.zst) (584 of 782)
[2025-12-05 07:42:04] Scanning croutine.c.e610d980.trap (croutine.c.e610d980_0.trap.tar.zst) (585 of 782)
[2025-12-05 07:42:04] Scanning timers.h.9c586c83.trap (event_groups.c.0037ccfe_0.trap.tar.zst) (586 of 782)
[2025-12-05 07:42:04] Scanning event_groups.h.b2d98639.trap (event_groups.c.0037ccfe_0.trap.tar.zst) (587 of 782)
[2025-12-05 07:42:04] Scanning event_groups.c.0037ccfe.trap (event_groups.c.0037ccfe_0.trap.tar.zst) (588 of 782)
[2025-12-05 07:42:04] Scanning list.c.e860299a.trap (list.c.e860299a_0.trap.tar.zst) (589 of 782)
[2025-12-05 07:42:04] Scanning event_groups.h.a7b492a3.trap (mpu_wrappers_v2_asm.c.178f324f_0.trap.tar.zst) (590 of 782)
[2025-12-05 07:42:04] Scanning stream_buffer.h.07b61075.trap (mpu_wrappers_v2_asm.c.178f324f_0.trap.tar.zst) (591 of 782)
[2025-12-05 07:42:04] Scanning mpu_prototypes.h.7e95f32a.trap (mpu_wrappers_v2_asm.c.178f324f_0.trap.tar.zst) (592 of 782)
[2025-12-05 07:42:04] Scanning mpu_syscall_numbers.h.f8ac58a9.trap (mpu_wrappers_v2_asm.c.178f324f_0.trap.tar.zst) (593 of 782)
[2025-12-05 07:42:04] Scanning mpu_wrappers_v2_asm.c.178f324f.trap (mpu_wrappers_v2_asm.c.178f324f_0.trap.tar.zst) (594 of 782)
[2025-12-05 07:42:04] Scanning port.c.55de4e1c.trap (port.c.55de4e1c_0.trap.tar.zst) (595 of 782)
[2025-12-05 07:42:04] Scanning portasm.h.43c4ce67.trap (portasm.c.d26631b1_0.trap.tar.zst) (596 of 782)
[2025-12-05 07:42:04] Scanning portasm.c.d26631b1.trap (portasm.c.d26631b1_0.trap.tar.zst) (597 of 782)
[2025-12-05 07:42:04] Scanning heap_3.c.132fea54.trap (heap_3.c.132fea54_0.trap.tar.zst) (598 of 782)
[2025-12-05 07:42:04] Scanning queue.h.bbf08bcf.trap (queue.c.340e4bf6_0.trap.tar.zst) (599 of 782)
[2025-12-05 07:42:04] Scanning queue.c.340e4bf6.trap (queue.c.340e4bf6_0.trap.tar.zst) (600 of 782)
[2025-12-05 07:42:04] Scanning stream_buffer.h.c1a26245.trap (stream_buffer.c.c173509f_0.trap.tar.zst) (601 of 782)
[2025-12-05 07:42:04] Scanning stream_buffer.c.c173509f.trap (stream_buffer.c.c173509f_0.trap.tar.zst) (602 of 782)
[2025-12-05 07:42:04] Scanning task.h.d3b8ef16.trap (tasks.c.2610e9ad_0.trap.tar.zst) (603 of 782)
[2025-12-05 07:42:04] Scanning stack_macros.h.8743b952.trap (tasks.c.2610e9ad_0.trap.tar.zst) (604 of 782)
[2025-12-05 07:42:04] Scanning stddef.h.3a9173b9.trap (tasks.c.2610e9ad_0.trap.tar.zst) (605 of 782)
[2025-12-05 07:42:04] Scanning stdarg.h.a9bd73fc.trap (tasks.c.2610e9ad_0.trap.tar.zst) (606 of 782)
[2025-12-05 07:42:04] Scanning stdio.h.ded90bc6.trap (tasks.c.2610e9ad_0.trap.tar.zst) (607 of 782)
[2025-12-05 07:42:04] Scanning stdio.h.c13ba0c2.trap (tasks.c.2610e9ad_0.trap.tar.zst) (608 of 782)
[2025-12-05 07:42:04] Scanning freertos_tasks_c_additions.h.ac78db11.trap (tasks.c.2610e9ad_0.trap.tar.zst) (609 of 782)
[2025-12-05 07:42:04] Scanning tasks.c.2610e9ad.trap (tasks.c.2610e9ad_0.trap.tar.zst) (610 of 782)
[2025-12-05 07:42:04] Scanning timers.h.66497b9e.trap (timers.c.843f2197_0.trap.tar.zst) (611 of 782)
[2025-12-05 07:42:04] Scanning timers.c.843f2197.trap (timers.c.843f2197_0.trap.tar.zst) (612 of 782)
[2025-12-05 07:42:04] Scanning 23646593_0.trap.zst (613 of 782)
[2025-12-05 07:42:04] Scanning 25031891_0.trap.zst (614 of 782)
[2025-12-05 07:42:04] Scanning 54573727_0.trap.zst (615 of 782)
[2025-12-05 07:42:04] Scanning 43571681_0.trap.zst (616 of 782)
[2025-12-05 07:42:04] Scanning 8584147_0.trap.zst (617 of 782)
[2025-12-05 07:42:04] Scanning 35702647_0.trap.zst (618 of 782)
[2025-12-05 07:42:04] Scanning 43377141_0.trap.zst (619 of 782)
[2025-12-05 07:42:04] Scanning 65448347_0.trap.zst (620 of 782)
[2025-12-05 07:42:04] Scanning 15252126_0.trap.zst (621 of 782)
[2025-12-05 07:42:04] Scanning 23554614_0.trap.zst (622 of 782)
[2025-12-05 07:42:04] Scanning 62566574_0.trap.zst (623 of 782)
[2025-12-05 07:42:04] Scanning 65479524_0.trap.zst (624 of 782)
[2025-12-05 07:42:04] Scanning 1096845_0.trap.zst (625 of 782)
[2025-12-05 07:42:04] Scanning 24203242_0.trap.zst (626 of 782)
[2025-12-05 07:42:04] Scanning 55489171_0.trap.zst (627 of 782)
[2025-12-05 07:42:04] Scanning 63011386_0.trap.zst (628 of 782)
[2025-12-05 07:42:04] Scanning 66925056_0.trap.zst (629 of 782)
[2025-12-05 07:42:04] Scanning 6846103_0.trap.zst (630 of 782)
[2025-12-05 07:42:04] Scanning 44269569_0.trap.zst (631 of 782)
[2025-12-05 07:42:04] Scanning 53400330_0.trap.zst (632 of 782)
[2025-12-05 07:42:04] Scanning 54714081_0.trap.zst (633 of 782)
[2025-12-05 07:42:04] Scanning 25779675_0.trap.zst (634 of 782)
[2025-12-05 07:42:04] Scanning 53164683_0.trap.zst (635 of 782)
[2025-12-05 07:42:04] Scanning 59889250_0.trap.zst (636 of 782)
[2025-12-05 07:42:04] Scanning 18378597_0.trap.zst (637 of 782)
[2025-12-05 07:42:04] Scanning 1893595_0.trap.zst (638 of 782)
[2025-12-05 07:42:04] Scanning 19998757_0.trap.zst (639 of 782)
[2025-12-05 07:42:04] Scanning 25240521_0.trap.zst (640 of 782)
[2025-12-05 07:42:04] Scanning 16932347_0.trap.zst (641 of 782)
[2025-12-05 07:42:04] Scanning 17884914_0.trap.zst (642 of 782)
[2025-12-05 07:42:04] Scanning 51503236_0.trap.zst (643 of 782)
[2025-12-05 07:42:04] Scanning 58758922_0.trap.zst (644 of 782)
[2025-12-05 07:42:04] Scanning 55408740_0.trap.zst (645 of 782)
[2025-12-05 07:42:04] Scanning 11160272_0.trap.zst (646 of 782)
[2025-12-05 07:42:04] Scanning 38268106_0.trap.zst (647 of 782)
[2025-12-05 07:42:04] Scanning 59315639_0.trap.zst (648 of 782)
[2025-12-05 07:42:04] Scanning 64160408_0.trap.zst (649 of 782)
[2025-12-05 07:42:04] Scanning 66961725_0.trap.zst (650 of 782)
[2025-12-05 07:42:04] Scanning 2881693_0.trap.zst (651 of 782)
[2025-12-05 07:42:04] Scanning 31987628_0.trap.zst (652 of 782)
[2025-12-05 07:42:04] Scanning 44087199_0.trap.zst (653 of 782)
[2025-12-05 07:42:04] Scanning 53438263_0.trap.zst (654 of 782)
[2025-12-05 07:42:04] Scanning 54691967_0.trap.zst (655 of 782)
[2025-12-05 07:42:04] Scanning 58780598_0.trap.zst (656 of 782)
[2025-12-05 07:42:04] Scanning 8872774_0.trap.zst (657 of 782)
[2025-12-05 07:42:04] Scanning 11294630_0.trap.zst (658 of 782)
[2025-12-05 07:42:04] Scanning 17886422_0.trap.zst (659 of 782)
[2025-12-05 07:42:04] Scanning 17985397_0.trap.zst (660 of 782)
[2025-12-05 07:42:04] Scanning 43820973_0.trap.zst (661 of 782)
[2025-12-05 07:42:04] Scanning 4416179_0.trap.zst (662 of 782)
[2025-12-05 07:42:04] Scanning 1931760_0.trap.zst (663 of 782)
[2025-12-05 07:42:04] Scanning 5043370_0.trap.zst (664 of 782)
[2025-12-05 07:42:04] Scanning 59148924_0.trap.zst (665 of 782)
[2025-12-05 07:42:04] Scanning 37701470_0.trap.zst (666 of 782)
[2025-12-05 07:42:04] Scanning 4680295_0.trap.zst (667 of 782)
[2025-12-05 07:42:04] Scanning 21478187_0.trap.zst (668 of 782)
[2025-12-05 07:42:04] Scanning 24394106_0.trap.zst (669 of 782)
[2025-12-05 07:42:04] Scanning 56586006_0.trap.zst (670 of 782)
[2025-12-05 07:42:04] Scanning 22470903_0.trap.zst (671 of 782)
[2025-12-05 07:42:04] Scanning 57388731_0.trap.zst (672 of 782)
[2025-12-05 07:42:04] Scanning 28013339_0.trap.zst (673 of 782)
[2025-12-05 07:42:04] Scanning 30844153_0.trap.zst (674 of 782)
[2025-12-05 07:42:04] Scanning 51084897_0.trap.zst (675 of 782)
[2025-12-05 07:42:04] Scanning 65095818_0.trap.zst (676 of 782)
[2025-12-05 07:42:04] Scanning 30283204_0.trap.zst (677 of 782)
[2025-12-05 07:42:04] Scanning 4310380_0.trap.zst (678 of 782)
[2025-12-05 07:42:04] Scanning 57252955_0.trap.zst (679 of 782)
[2025-12-05 07:42:04] Scanning 19310604_0.trap.zst (680 of 782)
[2025-12-05 07:42:04] Scanning 1953589_0.trap.zst (681 of 782)
[2025-12-05 07:42:04] Scanning 20812572_0.trap.zst (682 of 782)
[2025-12-05 07:42:04] Scanning 9465270_0.trap.zst (683 of 782)
[2025-12-05 07:42:04] Scanning 26289751_0.trap.zst (684 of 782)
[2025-12-05 07:42:04] Scanning 54337429_0.trap.zst (685 of 782)
[2025-12-05 07:42:04] Scanning 17284764_0.trap.zst (686 of 782)
[2025-12-05 07:42:04] Scanning 25192255_0.trap.zst (687 of 782)
[2025-12-05 07:42:04] Scanning 40296308_0.trap.zst (688 of 782)
[2025-12-05 07:42:04] Scanning 20779721_0.trap.zst (689 of 782)
[2025-12-05 07:42:04] Scanning 65492490_0.trap.zst (690 of 782)
[2025-12-05 07:42:04] Scanning 44201538_0.trap.zst (691 of 782)
[2025-12-05 07:42:04] Scanning 18404857_0.trap.zst (692 of 782)
[2025-12-05 07:42:04] Scanning 40376386_0.trap.zst (693 of 782)
[2025-12-05 07:42:04] Scanning 54739515_0.trap.zst (694 of 782)
[2025-12-05 07:42:04] Scanning 10128256_0.trap.zst (695 of 782)
[2025-12-05 07:42:04] Scanning 40310064_0.trap.zst (696 of 782)
[2025-12-05 07:42:04] Scanning 53645297_0.trap.zst (697 of 782)
[2025-12-05 07:42:04] Scanning 60691498_0.trap.zst (698 of 782)
[2025-12-05 07:42:04] Scanning 58080945_0.trap.zst (699 of 782)
[2025-12-05 07:42:04] Scanning 6821150_0.trap.zst (700 of 782)
[2025-12-05 07:42:04] Scanning 16326382_0.trap.zst (701 of 782)
[2025-12-05 07:42:04] Scanning 29425566_0.trap.zst (702 of 782)
[2025-12-05 07:42:04] Scanning 49077407_0.trap.zst (703 of 782)
[2025-12-05 07:42:04] Scanning 49175754_0.trap.zst (704 of 782)
[2025-12-05 07:42:04] Scanning 64270090_0.trap.zst (705 of 782)
[2025-12-05 07:42:04] Scanning 2566655_0.trap.zst (706 of 782)
[2025-12-05 07:42:04] Scanning 19882063_0.trap.zst (707 of 782)
[2025-12-05 07:42:04] Scanning 3531483_0.trap.zst (708 of 782)
[2025-12-05 07:42:04] Scanning 28373043_0.trap.zst (709 of 782)
[2025-12-05 07:42:04] Scanning 56448553_0.trap.zst (710 of 782)
[2025-12-05 07:42:04] Scanning 6436298_0.trap.zst (711 of 782)
[2025-12-05 07:42:04] Scanning 29502115_0.trap.zst (712 of 782)
[2025-12-05 07:42:04] Scanning 37695543_0.trap.zst (713 of 782)
[2025-12-05 07:42:04] Scanning 10337560_0.trap.zst (714 of 782)
[2025-12-05 07:42:04] Scanning 10372043_0.trap.zst (715 of 782)
[2025-12-05 07:42:04] Scanning 27763387_0.trap.zst (716 of 782)
[2025-12-05 07:42:04] Scanning 66970810_0.trap.zst (717 of 782)
[2025-12-05 07:42:04] Scanning 19337932_0.trap.zst (718 of 782)
[2025-12-05 07:42:04] Scanning 7569617_0.trap.zst (719 of 782)
[2025-12-05 07:42:04] Scanning 25499982_0.trap.zst (720 of 782)
[2025-12-05 07:42:04] Scanning 24513121_0.trap.zst (721 of 782)
[2025-12-05 07:42:04] Scanning 62160316_0.trap.zst (722 of 782)
[2025-12-05 07:42:04] Scanning 10075166_0.trap.zst (723 of 782)
[2025-12-05 07:42:04] Scanning 23837524_0.trap.zst (724 of 782)
[2025-12-05 07:42:04] Scanning 29822495_0.trap.zst (725 of 782)
[2025-12-05 07:42:04] Scanning 44649493_0.trap.zst (726 of 782)
[2025-12-05 07:42:04] Scanning 52862141_0.trap.zst (727 of 782)
[2025-12-05 07:42:04] Scanning 21410310_0.trap.zst (728 of 782)
[2025-12-05 07:42:04] Scanning 61543452_0.trap.zst (729 of 782)
[2025-12-05 07:42:04] Scanning 64406526_0.trap.zst (730 of 782)
[2025-12-05 07:42:04] Scanning 34841678_0.trap.zst (731 of 782)
[2025-12-05 07:42:04] Scanning 60023049_0.trap.zst (732 of 782)
[2025-12-05 07:42:04] Scanning 61669560_0.trap.zst (733 of 782)
[2025-12-05 07:42:04] Scanning 66004105_0.trap.zst (734 of 782)
[2025-12-05 07:42:04] Scanning 33171284_0.trap.zst (735 of 782)
[2025-12-05 07:42:04] Scanning 46876065_0.trap.zst (736 of 782)
[2025-12-05 07:42:04] Scanning 52454295_0.trap.zst (737 of 782)
[2025-12-05 07:42:04] Scanning 18853763_0.trap.zst (738 of 782)
[2025-12-05 07:42:04] Scanning 45592908_0.trap.zst (739 of 782)
[2025-12-05 07:42:04] Scanning 13947803_0.trap.zst (740 of 782)
[2025-12-05 07:42:04] Scanning 14203047_0.trap.zst (741 of 782)
[2025-12-05 07:42:04] Scanning 31545815_0.trap.zst (742 of 782)
[2025-12-05 07:42:04] Scanning 35989015_0.trap.zst (743 of 782)
[2025-12-05 07:42:04] Scanning 17766496_0.trap.zst (744 of 782)
[2025-12-05 07:42:04] Scanning 359233_0.trap.zst (745 of 782)
[2025-12-05 07:42:04] Scanning 41768568_0.trap.zst (746 of 782)
[2025-12-05 07:42:04] Scanning 62981249_0.trap.zst (747 of 782)
[2025-12-05 07:42:04] Scanning 15120717_0.trap.zst (748 of 782)
[2025-12-05 07:42:04] Scanning 14371920_0.trap.zst (749 of 782)
[2025-12-05 07:42:04] Scanning 41508524_0.trap.zst (750 of 782)
[2025-12-05 07:42:04] Scanning 6539923_0.trap.zst (751 of 782)
[2025-12-05 07:42:04] Scanning 20403930_0.trap.zst (752 of 782)
[2025-12-05 07:42:04] Scanning 34549241_0.trap.zst (753 of 782)
[2025-12-05 07:42:04] Scanning 46385597_0.trap.zst (754 of 782)
[2025-12-05 07:42:04] Scanning 11708014_0.trap.zst (755 of 782)
[2025-12-05 07:42:04] Scanning 39007436_0.trap.zst (756 of 782)
[2025-12-05 07:42:04] Scanning 22123172_0.trap.zst (757 of 782)
[2025-12-05 07:42:04] Scanning 606637_0.trap.zst (758 of 782)
[2025-12-05 07:42:04] Scanning 63995801_0.trap.zst (759 of 782)
[2025-12-05 07:42:04] Scanning 44021972_0.trap.zst (760 of 782)
[2025-12-05 07:42:04] Scanning 57760261_0.trap.zst (761 of 782)
[2025-12-05 07:42:04] Scanning 21629247_0.trap.zst (762 of 782)
[2025-12-05 07:42:04] Scanning 28673699_0.trap.zst (763 of 782)
[2025-12-05 07:42:04] Scanning 30098971_0.trap.zst (764 of 782)
[2025-12-05 07:42:04] Scanning 52819803_0.trap.zst (765 of 782)
[2025-12-05 07:42:04] Scanning 56538686_0.trap.zst (766 of 782)
[2025-12-05 07:42:04] Scanning 5749059_0.trap.zst (767 of 782)
[2025-12-05 07:42:04] Scanning 59822553_0.trap.zst (768 of 782)
[2025-12-05 07:42:04] Scanning 22515666_0.trap.zst (769 of 782)
[2025-12-05 07:42:04] Scanning 6309276_0.trap.zst (770 of 782)
[2025-12-05 07:42:04] Scanning 45193436_0.trap.zst (771 of 782)
[2025-12-05 07:42:05] Scanning 48339905_0.trap.zst (772 of 782)
[2025-12-05 07:42:05] Scanning 58029459_0.trap.zst (773 of 782)
[2025-12-05 07:42:05] Scanning 32082289_0.trap.zst (774 of 782)
[2025-12-05 07:42:05] Scanning 49686561_0.trap.zst (775 of 782)
[2025-12-05 07:42:05] Scanning 3339009_0.trap.zst (776 of 782)
[2025-12-05 07:42:05] Scanning 41998679_0.trap.zst (777 of 782)
[2025-12-05 07:42:05] Scanning 61571886_0.trap.zst (778 of 782)
[2025-12-05 07:42:05] Scanning metadata.trap.gz (779 of 782)
[2025-12-05 07:42:05] Scanning a.out.trap.zst (780 of 782)
[2025-12-05 07:42:05] Scanning a.out.trap.zst (781 of 782)
[2025-12-05 07:42:05] Scanning lwip_httpsrv_freertos.elf.trap.zst (782 of 782)
[2025-12-05 07:42:05] [PROGRESS] dataset import> Importing TRAP files
[2025-12-05 07:42:05] Importing cpp_predefined.5653aa5f.trap (CMakeCCompilerId.c.a8a74968_0.trap.tar.zst) for no link target (1 of 782)
[2025-12-05 07:42:05] Importing CMakeCCompilerId.c.a8a74968.trap (CMakeCCompilerId.c.a8a74968_0.trap.tar.zst) for a.out.link (2 of 782)
[2025-12-05 07:42:05] Importing CMakeCXXCompilerId.cpp.01fbf508.trap (CMakeCXXCompilerId.cpp.01fbf508_0.trap.tar.zst) for a.out.link (3 of 782)
[2025-12-05 07:42:05] Importing fsl_assert.h.465591eb.trap (fsl_assert.c.3ec5c591_0.trap.tar.zst) for lwip_httpsrv_freertos.elf.link (4 of 782)
[2025-12-05 07:42:05] Importing fsl_assert.c.3ec5c591.trap (fsl_assert.c.3ec5c591_0.trap.tar.zst) for lwip_httpsrv_freertos.elf.link (5 of 782)
[2025-12-05 07:42:05] Importing stddef.h.341541cc.trap (fsl_debug_console.c.e9fee999_0.trap.tar.zst) for lwip_httpsrv_freertos.elf.link (6 of 782)
[2025-12-05 07:42:05] Importing stddef.h.1f3cff50.trap (fsl_debug_console.c.e9fee999_0.trap.tar.zst) for lwip_httpsrv_freertos.elf.link (7 of 782)
[2025-12-05 07:42:05] Importing fsl_debug_console_conf.h.f8ac58a9.trap (fsl_debug_console.c.e9fee999_0.trap.tar.zst) for lwip_httpsrv_freertos.elf.link (8 of 782)
[2025-12-05 07:42:05] Importing fsl_str.h.44157ed5.trap (fsl_debug_console.c.e9fee999_0.trap.tar.zst) for lwip_httpsrv_freertos.elf.link (9 of 782)
[2025-12-05 07:42:05] Importing list.h.b67ecc40.trap (fsl_debug_console.c.e9fee999_0.trap.tar.zst) for lwip_httpsrv_freertos.elf.link (10 of 782)
[2025-12-05 07:42:05] Importing task.h.a0dab5c2.trap (fsl_debug_console.c.e9fee999_0.trap.tar.zst) for lwip_httpsrv_freertos.elf.link (11 of 782)
[2025-12-05 07:42:05] Importing queue.h.f45abf81.trap (fsl_debug_console.c.e9fee999_0.trap.tar.zst) for lwip_httpsrv_freertos.elf.link (12 of 782)
[2025-12-05 07:42:05] Importing semphr.h.d43df8ba.trap (fsl_debug_console.c.e9fee999_0.trap.tar.zst) for lwip_httpsrv_freertos.elf.link (13 of 782)
[2025-12-05 07:42:05] Importing fsl_debug_console.c.e9fee999.trap (fsl_debug_console.c.e9fee999_0.trap.tar.zst) for lwip_httpsrv_freertos.elf.link (14 of 782)
[2025-12-05 07:42:05] Importing mcuxClToolchain.h.943da113.trap (mcuxClBuffer.c.f6361aeb_0.trap.tar.zst) for lwip_httpsrv_freertos.elf.link (15 of 782)
[2025-12-05 07:42:05] Importing mcuxClCore_Platform.h.0ceee52e.trap (mcuxClBuffer.c.f6361aeb_0.trap.tar.zst) for lwip_httpsrv_freertos.elf.link (16 of 782)
[2025-12-05 07:42:05] Importing mcuxClBuffer_Constants.h.be74b304.trap (mcuxClBuffer.c.f6361aeb_0.trap.tar.zst) for lwip_httpsrv_freertos.elf.link (17 of 782)
[2025-12-05 07:42:05] Importing mcuxClBuffer_Cfg.h.a2e6c61e.trap (mcuxClBuffer.c.f6361aeb_0.trap.tar.zst) for lwip_httpsrv_freertos.elf.link (18 of 782)
[2025-12-05 07:42:05] Importing mcuxClBuffer_Pointer.h.f8771137.trap (mcuxClBuffer.c.f6361aeb_0.trap.tar.zst) for lwip_httpsrv_freertos.elf.link (19 of 782)
[2025-12-05 07:42:05] Importing mcuxClBuffer_Impl.h.0302e85c.trap (mcuxClBuffer.c.f6361aeb_0.trap.tar.zst) for lwip_httpsrv_freertos.elf.link (20 of 782)
[2025-12-05 07:42:05] Importing mcuxClBuffer.h.24182abd.trap (mcuxClBuffer.c.f6361aeb_0.trap.tar.zst) for lwip_httpsrv_freertos.elf.link (21 of 782)
[2025-12-05 07:42:05] Importing mcuxCsslDataIntegrity_Cfg.h.f8ac58a9.trap (mcuxClBuffer.c.f6361aeb_0.trap.tar.zst) for lwip_httpsrv_freertos.elf.link (22 of 782)
[2025-12-05 07:42:05] Importing mcuxCsslDataIntegrity_None.h.f8ac58a9.trap (mcuxClBuffer.c.f6361aeb_0.trap.tar.zst) for lwip_httpsrv_freertos.elf.link (23 of 782)
[2025-12-05 07:42:05] Importing mcuxCsslDataIntegrity_Impl.h.949082ab.trap (mcuxClBuffer.c.f6361aeb_0.trap.tar.zst) for lwip_httpsrv_freertos.elf.link (24 of 782)
[2025-12-05 07:42:05] Importing mcuxCsslDataIntegrity.h.2e4101fb.trap (mcuxClBuffer.c.f6361aeb_0.trap.tar.zst) for lwip_httpsrv_freertos.elf.link (25 of 782)
[2025-12-05 07:42:05] Importing mcuxCsslMemory_Types.h.d85a4e96.trap (mcuxClBuffer.c.f6361aeb_0.trap.tar.zst) for lwip_httpsrv_freertos.elf.link (26 of 782)
[2025-12-05 07:42:05] Importing mcuxCsslMemory_Constants.h.542629e6.trap (mcuxClBuffer.c.f6361aeb_0.trap.tar.zst) for lwip_httpsrv_freertos.elf.link (27 of 782)
[2025-12-05 07:42:05] Importing mcuxCsslFlowProtection_FunctionIdentifiers.h.f8ac58a9.trap (mcuxClBuffer.c.f6361aeb_0.trap.tar.zst) for lwip_httpsrv_freertos.elf.link (28 of 782)
[2025-12-05 07:42:05] Importing mcuxCsslParamIntegrity.h.a596d2a6.trap (mcuxClBuffer.c.f6361aeb_0.trap.tar.zst) for lwip_httpsrv_freertos.elf.link (29 of 782)
[2025-12-05 07:42:05] Importing mcuxCsslMemory_Compare.h.f1815526.trap (mcuxClBuffer.c.f6361aeb_0.trap.tar.zst) for lwip_httpsrv_freertos.elf.link (30 of 782)
[2025-12-05 07:42:05] Importing mcuxCsslMemory_Clear.h.1582fdb2.trap (mcuxClBuffer.c.f6361aeb_0.trap.tar.zst) for lwip_httpsrv_freertos.elf.link (31 of 782)
[2025-12-05 07:42:05] Importing mcuxCsslMemory_Copy.h.3466bb57.trap (mcuxClBuffer.c.f6361aeb_0.trap.tar.zst) for lwip_httpsrv_freertos.elf.link (32 of 782)
[2025-12-05 07:42:05] Importing mcuxCsslMemory_Set.h.6cf6e10d.trap (mcuxClBuffer.c.f6361aeb_0.trap.tar.zst) for lwip_httpsrv_freertos.elf.link (33 of 782)
[2025-12-05 07:42:05] Importing mcuxCsslMemory.h.16ffa280.trap (mcuxClBuffer.c.f6361aeb_0.trap.tar.zst) for lwip_httpsrv_freertos.elf.link (34 of 782)
[2025-12-05 07:42:05] Importing mcuxClMemory_Types.h.646fcc62.trap (mcuxClBuffer.c.f6361aeb_0.trap.tar.zst) for lwip_httpsrv_freertos.elf.link (35 of 782)
[2025-12-05 07:42:05] Importing mcuxClMemory_Copy.h.6e737c1a.trap (mcuxClBuffer.c.f6361aeb_0.trap.tar.zst) for lwip_httpsrv_freertos.elf.link (36 of 782)
[2025-12-05 07:42:05] Importing mcuxClMemory_Copy_Reversed.h.1fd11870.trap (mcuxClBuffer.c.f6361aeb_0.trap.tar.zst) for lwip_httpsrv_freertos.elf.link (37 of 782)
[2025-12-05 07:42:05] Importing mcuxClBuffer_Internal_Pointer.h.0b654d96.trap (mcuxClBuffer.c.f6361aeb_0.trap.tar.zst) for lwip_httpsrv_freertos.elf.link (38 of 782)
[2025-12-05 07:42:05] Importing mcuxClBuffer_Internal.h.b870c55e.trap (mcuxClBuffer.c.f6361aeb_0.trap.tar.zst) for lwip_httpsrv_freertos.elf.link (39 of 782)
[2025-12-05 07:42:05] Importing mcuxClBuffer.c.f6361aeb.trap (mcuxClBuffer.c.f6361aeb_0.trap.tar.zst) for lwip_httpsrv_freertos.elf.link (40 of 782)
[2025-12-05 07:42:05] Importing mcuxClEls_Internal_Common.h.5ad94018.trap (mcuxClEls_Common.c.51efefac_0.trap.tar.zst) for lwip_httpsrv_freertos.elf.link (41 of 782)
[2025-12-05 07:42:05] Importing mcuxClEls_Common.c.51efefac.trap (mcuxClEls_Common.c.51efefac_0.trap.tar.zst) for lwip_httpsrv_freertos.elf.link (42 of 782)
[2025-12-05 07:42:05] Importing ip_platform.h.67766ae3.trap (mcuxClEls_GlitchDetector.c.309f7a9c_0.trap.tar.zst) for lwip_httpsrv_freertos.elf.link (43 of 782)
[2025-12-05 07:42:05] Importing ip_css_constants.h.df407816.trap (mcuxClEls_GlitchDetector.c.309f7a9c_0.trap.tar.zst) for lwip_httpsrv_freertos.elf.link (44 of 782)
[2025-12-05 07:42:05] Importing ip_css_design_configuration.h.f8ac58a9.trap (mcuxClEls_GlitchDetector.c.309f7a9c_0.trap.tar.zst) for lwip_httpsrv_freertos.elf.link (45 of 782)
[2025-12-05 07:42:05] Importing platform_specific_headers.h.e9d4ab18.trap (mcuxClEls_GlitchDetector.c.309f7a9c_0.trap.tar.zst) for lwip_httpsrv_freertos.elf.link (46 of 782)
[2025-12-05 07:42:05] Importing mcuxClEls_Internal_mapping.h.2f464016.trap (mcuxClEls_GlitchDetector.c.309f7a9c_0.trap.tar.zst) for lwip_httpsrv_freertos.elf.link (47 of 782)
[2025-12-05 07:42:05] Importing mcuxClEls_SfrAccess.h.25f10086.trap (mcuxClEls_GlitchDetector.c.309f7a9c_0.trap.tar.zst) for lwip_httpsrv_freertos.elf.link (48 of 782)
[2025-12-05 07:42:05] Importing mcuxClEls_Internal.h.88d418c0.trap (mcuxClEls_GlitchDetector.c.309f7a9c_0.trap.tar.zst) for lwip_httpsrv_freertos.elf.link (49 of 782)
[2025-12-05 07:42:05] Importing mcuxClEls_GlitchDetector.c.309f7a9c.trap (mcuxClEls_GlitchDetector.c.309f7a9c_0.trap.tar.zst) for lwip_httpsrv_freertos.elf.link (50 of 782)
[2025-12-05 07:42:05] Importing mcuxClMemory_Constants.h.f8ac58a9.trap (mcuxClMemory.c.b67bc092_0.trap.tar.zst) for lwip_httpsrv_freertos.elf.link (51 of 782)
[2025-12-05 07:42:05] Importing mcuxClMemory_Endianness.h.c9cd3154.trap (mcuxClMemory.c.b67bc092_0.trap.tar.zst) for lwip_httpsrv_freertos.elf.link (52 of 782)
[2025-12-05 07:42:05] Importing mcuxClMemory_Clear.h.d47b4493.trap (mcuxClMemory.c.b67bc092_0.trap.tar.zst) for lwip_httpsrv_freertos.elf.link (53 of 782)
[2025-12-05 07:42:05] Importing mcuxClMemory_Set.h.34be3782.trap (mcuxClMemory.c.b67bc092_0.trap.tar.zst) for lwip_httpsrv_freertos.elf.link (54 of 782)
[2025-12-05 07:42:05] Importing mcuxClMemory_Xor.h.5cdf2730.trap (mcuxClMemory.c.b67bc092_0.trap.tar.zst) for lwip_httpsrv_freertos.elf.link (55 of 782)
[2025-12-05 07:42:05] Importing mcuxClMemory.h.95236e86.trap (mcuxClMemory.c.b67bc092_0.trap.tar.zst) for lwip_httpsrv_freertos.elf.link (56 of 782)
[2025-12-05 07:42:05] Importing mcuxClMemory.c.b67bc092.trap (mcuxClMemory.c.b67bc092_0.trap.tar.zst) for lwip_httpsrv_freertos.elf.link (57 of 782)
[2025-12-05 07:42:06] Importing mcuxCsslMemory_Clear.c.357afced.trap (mcuxCsslMemory_Clear.c.357afced_0.trap.tar.zst) for lwip_httpsrv_freertos.elf.link (58 of 782)
[2025-12-05 07:42:06] Importing mcuxCsslMemory_Internal_Compare_asm.h.0931b034.trap (mcuxCsslMemory_Compare.c.dc6b6bfc_0.trap.tar.zst) for lwip_httpsrv_freertos.elf.link (59 of 782)
[2025-12-05 07:42:06] Importing mcuxCsslMemory_Compare.c.dc6b6bfc.trap (mcuxCsslMemory_Compare.c.dc6b6bfc_0.trap.tar.zst) for lwip_httpsrv_freertos.elf.link (60 of 782)
[2025-12-05 07:42:06] Importing mcuxCsslMemory_Copy.c.1b26bf39.trap (mcuxCsslMemory_Copy.c.1b26bf39_0.trap.tar.zst) for lwip_httpsrv_freertos.elf.link (61 of 782)
[2025-12-05 07:42:06] Importing mcuxCsslMemory_Set.c.4853801f.trap (mcuxCsslMemory_Set.c.4853801f_0.trap.tar.zst) for lwip_httpsrv_freertos.elf.link (62 of 782)
[2025-12-05 07:42:06] Importing mcuxCsslParamIntegrity32.c.770cd4d6.trap (mcuxCsslParamIntegrity32.c.770cd4d6_0.trap.tar.zst) for lwip_httpsrv_freertos.elf.link (63 of 782)
[2025-12-05 07:42:06] Importing fsl_adapter_gpio.h.ef063789.trap (fsl_adapter_lpc_gpio.c.cf278db3_0.trap.tar.zst) for lwip_httpsrv_freertos.elf.link (64 of 782)
[2025-12-05 07:42:06] Importing fsl_adapter_lpc_gpio.c.cf278db3.trap (fsl_adapter_lpc_gpio.c.cf278db3_0.trap.tar.zst) for lwip_httpsrv_freertos.elf.link (65 of 782)
[2025-12-05 07:42:06] Importing fsl_component_generic_list.h.5bd7fbcb.trap (fsl_component_generic_list.c.52755f4f_0.trap.tar.zst) for lwip_httpsrv_freertos.elf.link (66 of 782)
[2025-12-05 07:42:06] Importing fsl_component_generic_list.c.52755f4f.trap (fsl_component_generic_list.c.52755f4f_0.trap.tar.zst) for lwip_httpsrv_freertos.elf.link (67 of 782)
[2025-12-05 07:42:06] Importing errno.h.67f8c585.trap (fsl_sbrk.c.1666a548_0.trap.tar.zst) for lwip_httpsrv_freertos.elf.link (68 of 782)
[2025-12-05 07:42:06] Importing errno.h.1382b31e.trap (fsl_sbrk.c.1666a548_0.trap.tar.zst) for lwip_httpsrv_freertos.elf.link (69 of 782)
[2025-12-05 07:42:06] Importing fsl_sbrk.c.1666a548.trap (fsl_sbrk.c.1666a548_0.trap.tar.zst) for lwip_httpsrv_freertos.elf.link (70 of 782)
[2025-12-05 07:42:06] Importing stddef.h.efe1efb9.trap (fsl_syscall_stub.c.8f15cbaa_0.trap.tar.zst) for lwip_httpsrv_freertos.elf.link (71 of 782)
[2025-12-05 07:42:06] Importing time.h.1059d7dc.trap (fsl_syscall_stub.c.8f15cbaa_0.trap.tar.zst) for lwip_httpsrv_freertos.elf.link (72 of 782)
[2025-12-05 07:42:06] Importing _pthreadtypes.h.7d7c726d.trap (fsl_syscall_stub.c.8f15cbaa_0.trap.tar.zst) for lwip_httpsrv_freertos.elf.link (73 of 782)
[2025-12-05 07:42:06] Importing types.h.7e74887b.trap (fsl_syscall_stub.c.8f15cbaa_0.trap.tar.zst) for lwip_httpsrv_freertos.elf.link (74 of 782)
[2025-12-05 07:42:06] Importing types.h.5a3e205c.trap (fsl_syscall_stub.c.8f15cbaa_0.trap.tar.zst) for lwip_httpsrv_freertos.elf.link (75 of 782)
[2025-12-05 07:42:06] Importing _timespec.h.b5f6c1d7.trap (fsl_syscall_stub.c.8f15cbaa_0.trap.tar.zst) for lwip_httpsrv_freertos.elf.link (76 of 782)
[2025-12-05 07:42:06] Importing timespec.h.7200b013.trap (fsl_syscall_stub.c.8f15cbaa_0.trap.tar.zst) for lwip_httpsrv_freertos.elf.link (77 of 782)
[2025-12-05 07:42:06] Importing time.h.b4dc3fb2.trap (fsl_syscall_stub.c.8f15cbaa_0.trap.tar.zst) for lwip_httpsrv_freertos.elf.link (78 of 782)
[2025-12-05 07:42:06] Importing stat.h.eb33456d.trap (fsl_syscall_stub.c.8f15cbaa_0.trap.tar.zst) for lwip_httpsrv_freertos.elf.link (79 of 782)
[2025-12-05 07:42:06] Importing fsl_syscall_stub.c.8f15cbaa.trap (fsl_syscall_stub.c.8f15cbaa_0.trap.tar.zst) for lwip_httpsrv_freertos.elf.link (80 of 782)
[2025-12-05 07:42:06] Importing fsl_phyksz8081.c.6367a9be.trap (fsl_phyksz8081.c.6367a9be_0.trap.tar.zst) for lwip_httpsrv_freertos.elf.link (81 of 782)
[2025-12-05 07:42:06] Importing fsl_component_serial_port_internal.h.4534fa25.trap (fsl_component_serial_manager.c.def1eedb_0.trap.tar.zst) for lwip_httpsrv_freertos.elf.link (82 of 782)
[2025-12-05 07:42:06] Importing fsl_component_serial_manager.c.def1eedb.trap (fsl_component_serial_manager.c.def1eedb_0.trap.tar.zst) for lwip_httpsrv_freertos.elf.link (83 of 782)
[2025-12-05 07:42:06] Importing fsl_component_serial_port_uart.c.610d48af.trap (fsl_component_serial_port_uart.c.610d48af_0.trap.tar.zst) for lwip_httpsrv_freertos.elf.link (84 of 782)
[2025-12-05 07:42:06] Importing fsl_silicon_id.h.96fafee6.trap (fsl_silicon_id.c.c54c8a85_0.trap.tar.zst) for lwip_httpsrv_freertos.elf.link (85 of 782)
[2025-12-05 07:42:06] Importing fsl_silicon_id.c.c54c8a85.trap (fsl_silicon_id.c.c54c8a85_0.trap.tar.zst) for lwip_httpsrv_freertos.elf.link (86 of 782)
[2025-12-05 07:42:06] Importing fsl_silicon_id_soc.h.ef2bb8a0.trap (fsl_silicon_id_soc.c.50bddaef_0.trap.tar.zst) for lwip_httpsrv_freertos.elf.link (87 of 782)
[2025-12-05 07:42:06] Importing fsl_silicon_id_soc.c.50bddaef.trap (fsl_silicon_id_soc.c.50bddaef_0.trap.tar.zst) for lwip_httpsrv_freertos.elf.link (88 of 782)
[2025-12-05 07:42:06] Importing math.h.50d8f1bd.trap (fsl_str.c.76daef7f_0.trap.tar.zst) for lwip_httpsrv_freertos.elf.link (89 of 782)
[2025-12-05 07:42:06] Importing fsl_str.c.76daef7f.trap (fsl_str.c.76daef7f_0.trap.tar.zst) for lwip_httpsrv_freertos.elf.link (90 of 782)
[2025-12-05 07:42:06] Importing fsl_adapter_uart.h.7f66fa9f.trap (fsl_adapter_usart.c.db3f7cc7_0.trap.tar.zst) for lwip_httpsrv_freertos.elf.link (91 of 782)
[2025-12-05 07:42:06] Importing fsl_adapter_usart.c.db3f7cc7.trap (fsl_adapter_usart.c.db3f7cc7_0.trap.tar.zst) for lwip_httpsrv_freertos.elf.link (92 of 782)
[2025-12-05 07:42:06] Importing fsl_clock.h.24a3775b.trap (fsl_clock.c.801fa3f6_0.trap.tar.zst) for lwip_httpsrv_freertos.elf.link (93 of 782)
[2025-12-05 07:42:06] Importing fsl_clock.c.801fa3f6.trap (fsl_clock.c.801fa3f6_0.trap.tar.zst) for lwip_httpsrv_freertos.elf.link (94 of 782)
[2025-12-05 07:42:06] Importing newlib.h.ddb2ccae.trap (fsl_i2s_bridge.c.d1757282_0.trap.tar.zst) for lwip_httpsrv_freertos.elf.link (95 of 782)
[2025-12-05 07:42:06] Importing ieeefp.h.39ca931e.trap (fsl_i2s_bridge.c.d1757282_0.trap.tar.zst) for lwip_httpsrv_freertos.elf.link (96 of 782)
[2025-12-05 07:42:06] Importing stddef.h.515bcd9a.trap (fsl_i2s_bridge.c.d1757282_0.trap.tar.zst) for lwip_httpsrv_freertos.elf.link (97 of 782)
[2025-12-05 07:42:06] Importing _types.h.b82519ba.trap (fsl_i2s_bridge.c.d1757282_0.trap.tar.zst) for lwip_httpsrv_freertos.elf.link (98 of 782)
[2025-12-05 07:42:06] Importing _types.h.064575c4.trap (fsl_i2s_bridge.c.d1757282_0.trap.tar.zst) for lwip_httpsrv_freertos.elf.link (99 of 782)
[2025-12-05 07:42:06] Importing lock.h.8082f88d.trap (fsl_i2s_bridge.c.d1757282_0.trap.tar.zst) for lwip_httpsrv_freertos.elf.link (100 of 782)
[2025-12-05 07:42:06] Importing assert.h.d4aa2ebd.trap (fsl_i2s_bridge.c.d1757282_0.trap.tar.zst) for lwip_httpsrv_freertos.elf.link (101 of 782)
[2025-12-05 07:42:06] Importing reent.h.64208b16.trap (fsl_i2s_bridge.c.d1757282_0.trap.tar.zst) for lwip_httpsrv_freertos.elf.link (102 of 782)
[2025-12-05 07:42:06] Importing stddef.h.666378d9.trap (fsl_i2s_bridge.c.d1757282_0.trap.tar.zst) for lwip_httpsrv_freertos.elf.link (103 of 782)
[2025-12-05 07:42:06] Importing string.h.891737e2.trap (fsl_i2s_bridge.c.d1757282_0.trap.tar.zst) for lwip_httpsrv_freertos.elf.link (104 of 782)
[2025-12-05 07:42:06] Importing ieeefp.h.5de631e4.trap (fsl_i2s_bridge.c.d1757282_0.trap.tar.zst) for lwip_httpsrv_freertos.elf.link (105 of 782)
[2025-12-05 07:42:06] Importing stddef.h.f7851385.trap (fsl_i2s_bridge.c.d1757282_0.trap.tar.zst) for lwip_httpsrv_freertos.elf.link (106 of 782)
[2025-12-05 07:42:06] Importing stdlib.h.f8ac58a9.trap (fsl_i2s_bridge.c.d1757282_0.trap.tar.zst) for lwip_httpsrv_freertos.elf.link (107 of 782)
[2025-12-05 07:42:06] Importing alloca.h.c1e9039f.trap (fsl_i2s_bridge.c.d1757282_0.trap.tar.zst) for lwip_httpsrv_freertos.elf.link (108 of 782)
[2025-12-05 07:42:06] Importing PERI_BLEAPU.h.230ca141.trap (fsl_i2s_bridge.c.d1757282_0.trap.tar.zst) for lwip_httpsrv_freertos.elf.link (109 of 782)
[2025-12-05 07:42:06] Importing PERI_BUCK11.h.6589e72c.trap (fsl_i2s_bridge.c.d1757282_0.trap.tar.zst) for lwip_httpsrv_freertos.elf.link (110 of 782)
[2025-12-05 07:42:06] Importing PERI_BUCK18.h.c3c56293.trap (fsl_i2s_bridge.c.d1757282_0.trap.tar.zst) for lwip_httpsrv_freertos.elf.link (111 of 782)
[2025-12-05 07:42:06] Importing PERI_CACHE64_CTRL.h.06d2dce5.trap (fsl_i2s_bridge.c.d1757282_0.trap.tar.zst) for lwip_httpsrv_freertos.elf.link (112 of 782)
[2025-12-05 07:42:06] Importing PERI_CACHE64_POLSEL.h.500ca473.trap (fsl_i2s_bridge.c.d1757282_0.trap.tar.zst) for lwip_httpsrv_freertos.elf.link (113 of 782)
[2025-12-05 07:42:06] Importing PERI_CAU.h.ecebd139.trap (fsl_i2s_bridge.c.d1757282_0.trap.tar.zst) for lwip_httpsrv_freertos.elf.link (114 of 782)
[2025-12-05 07:42:06] Importing PERI_CDOG.h.33266d85.trap (fsl_i2s_bridge.c.d1757282_0.trap.tar.zst) for lwip_httpsrv_freertos.elf.link (115 of 782)
[2025-12-05 07:42:06] Importing PERI_CIU1.h.428ea5aa.trap (fsl_i2s_bridge.c.d1757282_0.trap.tar.zst) for lwip_httpsrv_freertos.elf.link (116 of 782)
[2025-12-05 07:42:06] Importing PERI_RSTCTL0.h.75de1b9f.trap (fsl_i2s_bridge.c.d1757282_0.trap.tar.zst) for lwip_httpsrv_freertos.elf.link (117 of 782)
[2025-12-05 07:42:06] Importing PERI_RSTCTL1.h.15a3b5a6.trap (fsl_i2s_bridge.c.d1757282_0.trap.tar.zst) for lwip_httpsrv_freertos.elf.link (118 of 782)
[2025-12-05 07:42:06] Importing PERI_SDU_FN_CARD.h.954a46d7.trap (fsl_i2s_bridge.c.d1757282_0.trap.tar.zst) for lwip_httpsrv_freertos.elf.link (119 of 782)
[2025-12-05 07:42:06] Importing PERI_SYSCTL2.h.30e98517.trap (fsl_i2s_bridge.c.d1757282_0.trap.tar.zst) for lwip_httpsrv_freertos.elf.link (120 of 782)
[2025-12-05 07:42:06] Importing PERI_SYSPLL_T3.h.3063b4c4.trap (fsl_i2s_bridge.c.d1757282_0.trap.tar.zst) for lwip_httpsrv_freertos.elf.link (121 of 782)
[2025-12-05 07:42:06] Importing PERI_TRNG.h.6986c959.trap (fsl_i2s_bridge.c.d1757282_0.trap.tar.zst) for lwip_httpsrv_freertos.elf.link (122 of 782)
[2025-12-05 07:42:06] Importing PERI_USART.h.424601ad.trap (fsl_i2s_bridge.c.d1757282_0.trap.tar.zst) for lwip_httpsrv_freertos.elf.link (123 of 782)
[2025-12-05 07:42:06] Importing PERI_USBC.h.dc3d6252.trap (fsl_i2s_bridge.c.d1757282_0.trap.tar.zst) for lwip_httpsrv_freertos.elf.link (124 of 782)
[2025-12-05 07:42:06] Importing fsl_i2s_bridge.h.5218915f.trap (fsl_i2s_bridge.c.d1757282_0.trap.tar.zst) for lwip_httpsrv_freertos.elf.link (125 of 782)
[2025-12-05 07:42:06] Importing fsl_i2s_bridge.c.d1757282.trap (fsl_i2s_bridge.c.d1757282_0.trap.tar.zst) for lwip_httpsrv_freertos.elf.link (126 of 782)
[2025-12-05 07:42:06] Importing PERI_SOCCIU.h.49ca894a.trap (fsl_iped.c.d06d2737_0.trap.tar.zst) for lwip_httpsrv_freertos.elf.link (127 of 782)
[2025-12-05 07:42:06] Importing fsl_clock.h.c383b978.trap (fsl_iped.c.d06d2737_0.trap.tar.zst) for lwip_httpsrv_freertos.elf.link (128 of 782)
[2025-12-05 07:42:06] Importing fsl_iped.h.1e24dbf7.trap (fsl_iped.c.d06d2737_0.trap.tar.zst) for lwip_httpsrv_freertos.elf.link (129 of 782)
[2025-12-05 07:42:06] Importing fsl_iped.c.d06d2737.trap (fsl_iped.c.d06d2737_0.trap.tar.zst) for lwip_httpsrv_freertos.elf.link (130 of 782)
[2025-12-05 07:42:06] Importing PERI_PMU.h.1fb9b18e.trap (fsl_ocotp.c.7dab0763_0.trap.tar.zst) for lwip_httpsrv_freertos.elf.link (131 of 782)
[2025-12-05 07:42:06] Importing PERI_POWERQUAD.h.be654c01.trap (fsl_ocotp.c.7dab0763_0.trap.tar.zst) for lwip_httpsrv_freertos.elf.link (132 of 782)
[2025-12-05 07:42:06] Importing PERI_PUF.h.541d4cd5.trap (fsl_ocotp.c.7dab0763_0.trap.tar.zst) for lwip_httpsrv_freertos.elf.link (133 of 782)
[2025-12-05 07:42:06] Importing PERI_SDU_FN0_CARD.h.26865796.trap (fsl_ocotp.c.7dab0763_0.trap.tar.zst) for lwip_httpsrv_freertos.elf.link (134 of 782)
[2025-12-05 07:42:06] Importing fsl_ocotp.h.55cf3dfc.trap (fsl_ocotp.c.7dab0763_0.trap.tar.zst) for lwip_httpsrv_freertos.elf.link (135 of 782)
[2025-12-05 07:42:06] Importing fsl_ocotp.c.7dab0763.trap (fsl_ocotp.c.7dab0763_0.trap.tar.zst) for lwip_httpsrv_freertos.elf.link (136 of 782)
[2025-12-05 07:42:06] Importing PERI_RTC.h.09c55682.trap (fsl_power.c.c9142d9a_0.trap.tar.zst) for lwip_httpsrv_freertos.elf.link (137 of 782)
[2025-12-05 07:42:06] Importing PERI_SCT.h.ce7aa639.trap (fsl_power.c.c9142d9a_0.trap.tar.zst) for lwip_httpsrv_freertos.elf.link (138 of 782)
[2025-12-05 07:42:06] Importing PERI_SDU_FBR_CARD.h.514bd083.trap (fsl_power.c.c9142d9a_0.trap.tar.zst) for lwip_httpsrv_freertos.elf.link (139 of 782)
[2025-12-05 07:42:06] Importing PERI_SENSOR_CTRL.h.bf3c4f86.trap (fsl_power.c.c9142d9a_0.trap.tar.zst) for lwip_httpsrv_freertos.elf.link (140 of 782)
[2025-12-05 07:42:06] Importing PERI_SOC_OTP_CTRL.h.3cca84f6.trap (fsl_power.c.c9142d9a_0.trap.tar.zst) for lwip_httpsrv_freertos.elf.link (141 of 782)
[2025-12-05 07:42:06] Importing PERI_SPI.h.4c3e0bdf.trap (fsl_power.c.c9142d9a_0.trap.tar.zst) for lwip_httpsrv_freertos.elf.link (142 of 782)
[2025-12-05 07:42:06] Importing fsl_power.h.9f31f956.trap (fsl_power.c.c9142d9a_0.trap.tar.zst) for lwip_httpsrv_freertos.elf.link (143 of 782)
[2025-12-05 07:42:06] Importing fsl_power.c.c9142d9a.trap (fsl_power.c.c9142d9a_0.trap.tar.zst) for lwip_httpsrv_freertos.elf.link (144 of 782)
[2025-12-05 07:42:06] Importing fsl_reset.c.062756dc.trap (fsl_reset.c.062756dc_0.trap.tar.zst) for lwip_httpsrv_freertos.elf.link (145 of 782)
[2025-12-05 07:42:06] Importing mcux_config.h.f8ac58a9.trap (system_RW612.c.113e4b3c_0.trap.tar.zst) for lwip_httpsrv_freertos.elf.link (146 of 782)
[2025-12-05 07:42:06] Importing mcuxsdk_version.h.f8ac58a9.trap (system_RW612.c.113e4b3c_0.trap.tar.zst) for lwip_httpsrv_freertos.elf.link (147 of 782)
[2025-12-05 07:42:06] Importing _newlib_version.h.f8ac58a9.trap (system_RW612.c.113e4b3c_0.trap.tar.zst) for lwip_httpsrv_freertos.elf.link (148 of 782)
[2025-12-05 07:42:06] Importing features.h.0343a7ec.trap (system_RW612.c.113e4b3c_0.trap.tar.zst) for lwip_httpsrv_freertos.elf.link (149 of 782)
[2025-12-05 07:42:06] Importing _default_types.h.e0846752.trap (system_RW612.c.113e4b3c_0.trap.tar.zst) for lwip_httpsrv_freertos.elf.link (150 of 782)
[2025-12-05 07:42:06] Importing _intsup.h.91fb5201.trap (system_RW612.c.113e4b3c_0.trap.tar.zst) for lwip_httpsrv_freertos.elf.link (151 of 782)
[2025-12-05 07:42:06] Importing _stdint.h.e7feafc7.trap (system_RW612.c.113e4b3c_0.trap.tar.zst) for lwip_httpsrv_freertos.elf.link (152 of 782)
[2025-12-05 07:42:06] Importing stdint.h.5c81f0f6.trap (system_RW612.c.113e4b3c_0.trap.tar.zst) for lwip_httpsrv_freertos.elf.link (153 of 782)
[2025-12-05 07:42:06] Importing stdint.h.97700d79.trap (system_RW612.c.113e4b3c_0.trap.tar.zst) for lwip_httpsrv_freertos.elf.link (154 of 782)
[2025-12-05 07:42:06] Importing cmsis_version.h.1937d4e2.trap (system_RW612.c.113e4b3c_0.trap.tar.zst) for lwip_httpsrv_freertos.elf.link (155 of 782)
[2025-12-05 07:42:06] Importing arm_acle.h.20821f14.trap (system_RW612.c.113e4b3c_0.trap.tar.zst) for lwip_httpsrv_freertos.elf.link (156 of 782)
[2025-12-05 07:42:06] Importing cmsis_gcc_m.h.13d0826b.trap (system_RW612.c.113e4b3c_0.trap.tar.zst) for lwip_httpsrv_freertos.elf.link (157 of 782)
[2025-12-05 07:42:06] Importing cmsis_gcc.h.3795de6f.trap (system_RW612.c.113e4b3c_0.trap.tar.zst) for lwip_httpsrv_freertos.elf.link (158 of 782)
[2025-12-05 07:42:06] Importing cmsis_compiler.h.6b0ae06e.trap (system_RW612.c.113e4b3c_0.trap.tar.zst) for lwip_httpsrv_freertos.elf.link (159 of 782)
[2025-12-05 07:42:06] Importing armv8m_mpu.h.c6262df1.trap (system_RW612.c.113e4b3c_0.trap.tar.zst) for lwip_httpsrv_freertos.elf.link (160 of 782)
[2025-12-05 07:42:06] Importing core_cm33.h.1d72cccd.trap (system_RW612.c.113e4b3c_0.trap.tar.zst) for lwip_httpsrv_freertos.elf.link (161 of 782)
[2025-12-05 07:42:06] Importing system_RW612.h.3a0f63fc.trap (system_RW612.c.113e4b3c_0.trap.tar.zst) for lwip_httpsrv_freertos.elf.link (162 of 782)
[2025-12-05 07:42:06] Importing RW612_features.h.f8ac58a9.trap (system_RW612.c.113e4b3c_0.trap.tar.zst) for lwip_httpsrv_freertos.elf.link (163 of 782)
[2025-12-05 07:42:06] Importing RW612_COMMON.h.69101038.trap (system_RW612.c.113e4b3c_0.trap.tar.zst) for lwip_httpsrv_freertos.elf.link (164 of 782)
[2025-12-05 07:42:06] Importing PERI_ACOMP.h.214f0b66.trap (system_RW612.c.113e4b3c_0.trap.tar.zst) for lwip_httpsrv_freertos.elf.link (165 of 782)
[2025-12-05 07:42:06] Importing PERI_ADC.h.f21bc2f2.trap (system_RW612.c.113e4b3c_0.trap.tar.zst) for lwip_httpsrv_freertos.elf.link (166 of 782)
[2025-12-05 07:42:06] Importing PERI_AHB_SECURE_CTRL.h.8ef2ec00.trap (system_RW612.c.113e4b3c_0.trap.tar.zst) for lwip_httpsrv_freertos.elf.link (167 of 782)
[2025-12-05 07:42:06] Importing PERI_AON_SOC_CIU.h.f2e6f677.trap (system_RW612.c.113e4b3c_0.trap.tar.zst) for lwip_httpsrv_freertos.elf.link (168 of 782)
[2025-12-05 07:42:06] Importing PERI_APU.h.9bcca7d4.trap (system_RW612.c.113e4b3c_0.trap.tar.zst) for lwip_httpsrv_freertos.elf.link (169 of 782)
[2025-12-05 07:42:06] Importing PERI_BG.h.2a4d8b2a.trap (system_RW612.c.113e4b3c_0.trap.tar.zst) for lwip_httpsrv_freertos.elf.link (170 of 782)
[2025-12-05 07:42:06] Importing PERI_CIU2.h.953cce62.trap (system_RW612.c.113e4b3c_0.trap.tar.zst) for lwip_httpsrv_freertos.elf.link (171 of 782)
[2025-12-05 07:42:06] Importing PERI_DMIC.h.9575bfd9.trap (system_RW612.c.113e4b3c_0.trap.tar.zst) for lwip_httpsrv_freertos.elf.link (172 of 782)
[2025-12-05 07:42:06] Importing PERI_ELS.h.1d950350.trap (system_RW612.c.113e4b3c_0.trap.tar.zst) for lwip_httpsrv_freertos.elf.link (173 of 782)
[2025-12-05 07:42:06] Importing PERI_ENET.h.2990bf46.trap (system_RW612.c.113e4b3c_0.trap.tar.zst) for lwip_httpsrv_freertos.elf.link (174 of 782)
[2025-12-05 07:42:06] Importing PERI_FLEXCOMM.h.5c3b8ffc.trap (system_RW612.c.113e4b3c_0.trap.tar.zst) for lwip_httpsrv_freertos.elf.link (175 of 782)
[2025-12-05 07:42:06] Importing PERI_FLEXSPI.h.b5a064df.trap (system_RW612.c.113e4b3c_0.trap.tar.zst) for lwip_httpsrv_freertos.elf.link (176 of 782)
[2025-12-05 07:42:06] Importing PERI_OCOTP.h.0306eb52.trap (system_RW612.c.113e4b3c_0.trap.tar.zst) for lwip_httpsrv_freertos.elf.link (177 of 782)
[2025-12-05 07:42:06] Importing PERI_OSTIMER.h.f25adae1.trap (system_RW612.c.113e4b3c_0.trap.tar.zst) for lwip_httpsrv_freertos.elf.link (178 of 782)
[2025-12-05 07:42:06] Importing PERI_PINT.h.49140311.trap (system_RW612.c.113e4b3c_0.trap.tar.zst) for lwip_httpsrv_freertos.elf.link (179 of 782)
[2025-12-05 07:42:06] Importing PERI_SYSCTL0.h.28b2d078.trap (system_RW612.c.113e4b3c_0.trap.tar.zst) for lwip_httpsrv_freertos.elf.link (180 of 782)
[2025-12-05 07:42:06] Importing PERI_SYSCTL1.h.548a94fa.trap (system_RW612.c.113e4b3c_0.trap.tar.zst) for lwip_httpsrv_freertos.elf.link (181 of 782)
[2025-12-05 07:42:06] Importing PERI_SYSPLL_TCPU.h.8f03e1fd.trap (system_RW612.c.113e4b3c_0.trap.tar.zst) for lwip_httpsrv_freertos.elf.link (182 of 782)
[2025-12-05 07:42:06] Importing PERI_SYSPLL_TDDR.h.5afcdf35.trap (system_RW612.c.113e4b3c_0.trap.tar.zst) for lwip_httpsrv_freertos.elf.link (183 of 782)
[2025-12-05 07:42:06] Importing PERI_USIM.h.ea4b2959.trap (system_RW612.c.113e4b3c_0.trap.tar.zst) for lwip_httpsrv_freertos.elf.link (184 of 782)
[2025-12-05 07:42:06] Importing system_RW612.c.113e4b3c.trap (system_RW612.c.113e4b3c_0.trap.tar.zst) for lwip_httpsrv_freertos.elf.link (185 of 782)
[2025-12-05 07:42:06] Importing fsl_cache.c.bde42cad.trap (fsl_cache.c.bde42cad_0.trap.tar.zst) for lwip_httpsrv_freertos.elf.link (186 of 782)
[2025-12-05 07:42:06] Importing fsl_common.c.407b4eb5.trap (fsl_common.c.407b4eb5_0.trap.tar.zst) for lwip_httpsrv_freertos.elf.link (187 of 782)
[2025-12-05 07:42:06] Importing fsl_common_arm.c.c4f7a96e.trap (fsl_common_arm.c.c4f7a96e_0.trap.tar.zst) for lwip_httpsrv_freertos.elf.link (188 of 782)
[2025-12-05 07:42:06] Importing fsl_enet.c.bbc152f9.trap (fsl_enet.c.bbc152f9_0.trap.tar.zst) for lwip_httpsrv_freertos.elf.link (189 of 782)
[2025-12-05 07:42:06] Importing fsl_flexcomm.h.a3f7135b.trap (fsl_flexcomm.c.864d859c_0.trap.tar.zst) for lwip_httpsrv_freertos.elf.link (190 of 782)
[2025-12-05 07:42:06] Importing fsl_flexcomm.c.864d859c.trap (fsl_flexcomm.c.864d859c_0.trap.tar.zst) for lwip_httpsrv_freertos.elf.link (191 of 782)
[2025-12-05 07:42:06] Importing fsl_usart.h.32636bbc.trap (fsl_usart.c.f430c764_0.trap.tar.zst) for lwip_httpsrv_freertos.elf.link (192 of 782)
[2025-12-05 07:42:06] Importing fsl_usart.c.f430c764.trap (fsl_usart.c.f430c764_0.trap.tar.zst) for lwip_httpsrv_freertos.elf.link (193 of 782)
[2025-12-05 07:42:06] Importing fsl_flexspi.c.9c1e14a1.trap (fsl_flexspi.c.9c1e14a1_0.trap.tar.zst) for lwip_httpsrv_freertos.elf.link (194 of 782)
[2025-12-05 07:42:06] Importing fsl_inputmux_connections.h.f78b4bf6.trap (fsl_inputmux.c.7c264e33_0.trap.tar.zst) for lwip_httpsrv_freertos.elf.link (195 of 782)
[2025-12-05 07:42:06] Importing fsl_inputmux.h.27f0f544.trap (fsl_inputmux.c.7c264e33_0.trap.tar.zst) for lwip_httpsrv_freertos.elf.link (196 of 782)
[2025-12-05 07:42:06] Importing fsl_inputmux.c.7c264e33.trap (fsl_inputmux.c.7c264e33_0.trap.tar.zst) for lwip_httpsrv_freertos.elf.link (197 of 782)
[2025-12-05 07:42:06] Importing fsl_gpio.c.16d9c418.trap (fsl_gpio.c.16d9c418_0.trap.tar.zst) for lwip_httpsrv_freertos.elf.link (198 of 782)
[2025-12-05 07:42:06] Importing fsl_pint.h.0f8ab1d8.trap (fsl_pint.c.898e2640_0.trap.tar.zst) for lwip_httpsrv_freertos.elf.link (199 of 782)
[2025-12-05 07:42:06] Importing fsl_pint.c.898e2640.trap (fsl_pint.c.898e2640_0.trap.tar.zst) for lwip_httpsrv_freertos.elf.link (200 of 782)
[2025-12-05 07:42:06] Importing FreeRTOSConfig_Gen.h.f8ac58a9.trap (board.c.c0ff3ca2_0.trap.tar.zst) for lwip_httpsrv_freertos.elf.link (201 of 782)
[2025-12-05 07:42:06] Importing FreeRTOSConfig.h.dba70e77.trap (board.c.c0ff3ca2_0.trap.tar.zst) for lwip_httpsrv_freertos.elf.link (202 of 782)
[2025-12-05 07:42:06] Importing projdefs.h.b488fdc0.trap (board.c.c0ff3ca2_0.trap.tar.zst) for lwip_httpsrv_freertos.elf.link (203 of 782)
[2025-12-05 07:42:06] Importing deprecated_definitions.h.951851ad.trap (board.c.c0ff3ca2_0.trap.tar.zst) for lwip_httpsrv_freertos.elf.link (204 of 782)
[2025-12-05 07:42:06] Importing portmacrocommon.h.9894f83c.trap (board.c.c0ff3ca2_0.trap.tar.zst) for lwip_httpsrv_freertos.elf.link (205 of 782)
[2025-12-05 07:42:06] Importing portmacro.h.6aedf19b.trap (board.c.c0ff3ca2_0.trap.tar.zst) for lwip_httpsrv_freertos.elf.link (206 of 782)
[2025-12-05 07:42:06] Importing mpu_wrappers.h.29c9fb14.trap (board.c.c0ff3ca2_0.trap.tar.zst) for lwip_httpsrv_freertos.elf.link (207 of 782)
[2025-12-05 07:42:06] Importing portable.h.86d1411a.trap (board.c.c0ff3ca2_0.trap.tar.zst) for lwip_httpsrv_freertos.elf.link (208 of 782)
[2025-12-05 07:42:07] Importing FreeRTOS.h.7aa622d2.trap (board.c.c0ff3ca2_0.trap.tar.zst) for lwip_httpsrv_freertos.elf.link (209 of 782)
[2025-12-05 07:42:07] Importing fsl_adapter_uart.h.43e27046.trap (board.c.c0ff3ca2_0.trap.tar.zst) for lwip_httpsrv_freertos.elf.link (210 of 782)
[2025-12-05 07:42:07] Importing fsl_component_serial_port_uart.h.705a7d15.trap (board.c.c0ff3ca2_0.trap.tar.zst) for lwip_httpsrv_freertos.elf.link (211 of 782)
[2025-12-05 07:42:07] Importing fsl_component_serial_manager.h.e754ba5e.trap (board.c.c0ff3ca2_0.trap.tar.zst) for lwip_httpsrv_freertos.elf.link (212 of 782)
[2025-12-05 07:42:07] Importing stdarg.h.e8438700.trap (board.c.c0ff3ca2_0.trap.tar.zst) for lwip_httpsrv_freertos.elf.link (213 of 782)
[2025-12-05 07:42:07] Importing fsl_debug_console.h.1e331dbc.trap (board.c.c0ff3ca2_0.trap.tar.zst) for lwip_httpsrv_freertos.elf.link (214 of 782)
[2025-12-05 07:42:07] Importing board.h.f107b1f1.trap (board.c.c0ff3ca2_0.trap.tar.zst) for lwip_httpsrv_freertos.elf.link (215 of 782)
[2025-12-05 07:42:07] Importing fsl_flexspi.h.2e09fff6.trap (board.c.c0ff3ca2_0.trap.tar.zst) for lwip_httpsrv_freertos.elf.link (216 of 782)
[2025-12-05 07:42:07] Importing fsl_cache.h.79df277b.trap (board.c.c0ff3ca2_0.trap.tar.zst) for lwip_httpsrv_freertos.elf.link (217 of 782)
[2025-12-05 07:42:07] Importing mcuxClConfig.h.f8ac58a9.trap (board.c.c0ff3ca2_0.trap.tar.zst) for lwip_httpsrv_freertos.elf.link (218 of 782)
[2025-12-05 07:42:07] Importing mcuxCsslAnalysis.h.ddd233d9.trap (board.c.c0ff3ca2_0.trap.tar.zst) for lwip_httpsrv_freertos.elf.link (219 of 782)
[2025-12-05 07:42:07] Importing mcuxCsslFlowProtection_Cfg.h.f8ac58a9.trap (board.c.c0ff3ca2_0.trap.tar.zst) for lwip_httpsrv_freertos.elf.link (220 of 782)
[2025-12-05 07:42:07] Importing mcuxCsslSecureCounter_Cfg.h.f8ac58a9.trap (board.c.c0ff3ca2_0.trap.tar.zst) for lwip_httpsrv_freertos.elf.link (221 of 782)
[2025-12-05 07:42:07] Importing mcuxCsslCPreProcessor.h.f8ac58a9.trap (board.c.c0ff3ca2_0.trap.tar.zst) for lwip_httpsrv_freertos.elf.link (222 of 782)
[2025-12-05 07:42:07] Importing mcuxCsslSecureCounter_SW_Local.h.f8ac58a9.trap (board.c.c0ff3ca2_0.trap.tar.zst) for lwip_httpsrv_freertos.elf.link (223 of 782)
[2025-12-05 07:42:07] Importing mcuxCsslSecureCounter_Impl.h.b54a2301.trap (board.c.c0ff3ca2_0.trap.tar.zst) for lwip_httpsrv_freertos.elf.link (224 of 782)
[2025-12-05 07:42:07] Importing mcuxCsslSecureCounter.h.752e95f7.trap (board.c.c0ff3ca2_0.trap.tar.zst) for lwip_httpsrv_freertos.elf.link (225 of 782)
[2025-12-05 07:42:07] Importing mcuxCsslFlowProtection_SecureCounter_Common.h.6274c0f0.trap (board.c.c0ff3ca2_0.trap.tar.zst) for lwip_httpsrv_freertos.elf.link (226 of 782)
[2025-12-05 07:42:07] Importing mcuxCsslFlowProtection_SecureCounter_Local.h.01ea6b42.trap (board.c.c0ff3ca2_0.trap.tar.zst) for lwip_httpsrv_freertos.elf.link (227 of 782)
[2025-12-05 07:42:07] Importing mcuxCsslFlowProtection_Impl.h.722fbfa3.trap (board.c.c0ff3ca2_0.trap.tar.zst) for lwip_httpsrv_freertos.elf.link (228 of 782)
[2025-12-05 07:42:07] Importing mcuxCsslFlowProtection.h.afb012e9.trap (board.c.c0ff3ca2_0.trap.tar.zst) for lwip_httpsrv_freertos.elf.link (229 of 782)
[2025-12-05 07:42:07] Importing mcuxClEls_mapping.h.6fa704be.trap (board.c.c0ff3ca2_0.trap.tar.zst) for lwip_httpsrv_freertos.elf.link (230 of 782)
[2025-12-05 07:42:07] Importing mcuxClEls_Types.h.00b7c440.trap (board.c.c0ff3ca2_0.trap.tar.zst) for lwip_httpsrv_freertos.elf.link (231 of 782)
[2025-12-05 07:42:07] Importing mcuxClCore_FunctionIdentifiers.h.91c90ec1.trap (board.c.c0ff3ca2_0.trap.tar.zst) for lwip_httpsrv_freertos.elf.link (232 of 782)
[2025-12-05 07:42:07] Importing mcuxClEls_Common.h.e889e530.trap (board.c.c0ff3ca2_0.trap.tar.zst) for lwip_httpsrv_freertos.elf.link (233 of 782)
[2025-12-05 07:42:07] Importing mcuxClEls_Hash.h.fa37e6bb.trap (board.c.c0ff3ca2_0.trap.tar.zst) for lwip_httpsrv_freertos.elf.link (234 of 782)
[2025-12-05 07:42:07] Importing mcuxClEls_Hmac.h.3c05ae96.trap (board.c.c0ff3ca2_0.trap.tar.zst) for lwip_httpsrv_freertos.elf.link (235 of 782)
[2025-12-05 07:42:07] Importing mcuxClEls_Cmac.h.e51d405a.trap (board.c.c0ff3ca2_0.trap.tar.zst) for lwip_httpsrv_freertos.elf.link (236 of 782)
[2025-12-05 07:42:07] Importing mcuxClEls_Cipher.h.eb31f291.trap (board.c.c0ff3ca2_0.trap.tar.zst) for lwip_httpsrv_freertos.elf.link (237 of 782)
[2025-12-05 07:42:07] Importing mcuxClEls_Aead.h.7f1853bb.trap (board.c.c0ff3ca2_0.trap.tar.zst) for lwip_httpsrv_freertos.elf.link (238 of 782)
[2025-12-05 07:42:07] Importing mcuxClEls_KeyManagement.h.aee82196.trap (board.c.c0ff3ca2_0.trap.tar.zst) for lwip_httpsrv_freertos.elf.link (239 of 782)
[2025-12-05 07:42:07] Importing mcuxClEls_Rng.h.2705a868.trap (board.c.c0ff3ca2_0.trap.tar.zst) for lwip_httpsrv_freertos.elf.link (240 of 782)
[2025-12-05 07:42:07] Importing mcuxClEls_Ecc.h.bf4f77e9.trap (board.c.c0ff3ca2_0.trap.tar.zst) for lwip_httpsrv_freertos.elf.link (241 of 782)
[2025-12-05 07:42:07] Importing mcuxClEls_Kdf.h.a9c8f0a3.trap (board.c.c0ff3ca2_0.trap.tar.zst) for lwip_httpsrv_freertos.elf.link (242 of 782)
[2025-12-05 07:42:07] Importing mcuxClEls_GlitchDetector.h.91d23785.trap (board.c.c0ff3ca2_0.trap.tar.zst) for lwip_httpsrv_freertos.elf.link (243 of 782)
[2025-12-05 07:42:07] Importing mcuxClEls.h.10322022.trap (board.c.c0ff3ca2_0.trap.tar.zst) for lwip_httpsrv_freertos.elf.link (244 of 782)
[2025-12-05 07:42:07] Importing board.c.c0ff3ca2.trap (board.c.c0ff3ca2_0.trap.tar.zst) for lwip_httpsrv_freertos.elf.link (245 of 782)
[2025-12-05 07:42:07] Importing PERI_RF_SYSCON.h.7d5a389f.trap (clock_config.c.724c9aaf_0.trap.tar.zst) for lwip_httpsrv_freertos.elf.link (246 of 782)
[2025-12-05 07:42:07] Importing PERI_ROMCP.h.f0ecf306.trap (clock_config.c.724c9aaf_0.trap.tar.zst) for lwip_httpsrv_freertos.elf.link (247 of 782)
[2025-12-05 07:42:07] Importing PERI_UTICK.h.02c5825f.trap (clock_config.c.724c9aaf_0.trap.tar.zst) for lwip_httpsrv_freertos.elf.link (248 of 782)
[2025-12-05 07:42:07] Importing PERI_WLAPU.h.d7641619.trap (clock_config.c.724c9aaf_0.trap.tar.zst) for lwip_httpsrv_freertos.elf.link (249 of 782)
[2025-12-05 07:42:07] Importing PERI_WWDT.h.eef0d706.trap (clock_config.c.724c9aaf_0.trap.tar.zst) for lwip_httpsrv_freertos.elf.link (250 of 782)
[2025-12-05 07:42:07] Importing RW612.h.95b057a2.trap (clock_config.c.724c9aaf_0.trap.tar.zst) for lwip_httpsrv_freertos.elf.link (251 of 782)
[2025-12-05 07:42:07] Importing fsl_device_registers.h.6809d069.trap (clock_config.c.724c9aaf_0.trap.tar.zst) for lwip_httpsrv_freertos.elf.link (252 of 782)
[2025-12-05 07:42:07] Importing fsl_common.h.d59118d4.trap (clock_config.c.724c9aaf_0.trap.tar.zst) for lwip_httpsrv_freertos.elf.link (253 of 782)
[2025-12-05 07:42:07] Importing fsl_reset.h.8f10a824.trap (clock_config.c.724c9aaf_0.trap.tar.zst) for lwip_httpsrv_freertos.elf.link (254 of 782)
[2025-12-05 07:42:07] Importing clock_config.h.8d2434b6.trap (clock_config.c.724c9aaf_0.trap.tar.zst) for lwip_httpsrv_freertos.elf.link (255 of 782)
[2025-12-05 07:42:07] Importing clock_config.c.724c9aaf.trap (clock_config.c.724c9aaf_0.trap.tar.zst) for lwip_httpsrv_freertos.elf.link (256 of 782)
[2025-12-05 07:42:07] Importing fsl_common_arm.h.6742e5a5.trap (flash_config.c.c06bb9eb_0.trap.tar.zst) for lwip_httpsrv_freertos.elf.link (257 of 782)
[2025-12-05 07:42:07] Importing fsl_common.h.750b4e24.trap (flash_config.c.c06bb9eb_0.trap.tar.zst) for lwip_httpsrv_freertos.elf.link (258 of 782)
[2025-12-05 07:42:07] Importing flash_config.h.5f8ac260.trap (flash_config.c.c06bb9eb_0.trap.tar.zst) for lwip_httpsrv_freertos.elf.link (259 of 782)
[2025-12-05 07:42:07] Importing flash_config.c.c06bb9eb.trap (flash_config.c.c06bb9eb_0.trap.tar.zst) for lwip_httpsrv_freertos.elf.link (260 of 782)
[2025-12-05 07:42:07] Importing fsl_memory.h.e872e908.trap (hardware_init.c.5ecd39bf_0.trap.tar.zst) for lwip_httpsrv_freertos.elf.link (261 of 782)
[2025-12-05 07:42:07] Importing fsl_enet.h.d0c58d0e.trap (hardware_init.c.5ecd39bf_0.trap.tar.zst) for lwip_httpsrv_freertos.elf.link (262 of 782)
[2025-12-05 07:42:07] Importing fsl_phy.h.cebe74af.trap (hardware_init.c.5ecd39bf_0.trap.tar.zst) for lwip_httpsrv_freertos.elf.link (263 of 782)
[2025-12-05 07:42:07] Importing fsl_phyksz8081.h.de8f983b.trap (hardware_init.c.5ecd39bf_0.trap.tar.zst) for lwip_httpsrv_freertos.elf.link (264 of 782)
[2025-12-05 07:42:07] Importing app.h.1b4f9edb.trap (hardware_init.c.5ecd39bf_0.trap.tar.zst) for lwip_httpsrv_freertos.elf.link (265 of 782)
[2025-12-05 07:42:07] Importing hardware_init.c.5ecd39bf.trap (hardware_init.c.5ecd39bf_0.trap.tar.zst) for lwip_httpsrv_freertos.elf.link (266 of 782)
[2025-12-05 07:42:07] Importing config.h.e9ee264c.trap (pin_mux.c.98d867bc_0.trap.tar.zst) for lwip_httpsrv_freertos.elf.link (267 of 782)
[2025-12-05 07:42:07] Importing _ansi.h.4982ac1d.trap (pin_mux.c.98d867bc_0.trap.tar.zst) for lwip_httpsrv_freertos.elf.link (268 of 782)
[2025-12-05 07:42:07] Importing assert.h.0ba3fcad.trap (pin_mux.c.98d867bc_0.trap.tar.zst) for lwip_httpsrv_freertos.elf.link (269 of 782)
[2025-12-05 07:42:07] Importing stdbool.h.b61aac9b.trap (pin_mux.c.98d867bc_0.trap.tar.zst) for lwip_httpsrv_freertos.elf.link (270 of 782)
[2025-12-05 07:42:07] Importing stddef.h.b62ab7f4.trap (pin_mux.c.98d867bc_0.trap.tar.zst) for lwip_httpsrv_freertos.elf.link (271 of 782)
[2025-12-05 07:42:07] Importing stddef.h.110c767b.trap (pin_mux.c.98d867bc_0.trap.tar.zst) for lwip_httpsrv_freertos.elf.link (272 of 782)
[2025-12-05 07:42:07] Importing cdefs.h.19aac22d.trap (pin_mux.c.98d867bc_0.trap.tar.zst) for lwip_httpsrv_freertos.elf.link (273 of 782)
[2025-12-05 07:42:07] Importing string.h.a35e01e6.trap (pin_mux.c.98d867bc_0.trap.tar.zst) for lwip_httpsrv_freertos.elf.link (274 of 782)
[2025-12-05 07:42:07] Importing stdlib.h.aea25826.trap (pin_mux.c.98d867bc_0.trap.tar.zst) for lwip_httpsrv_freertos.elf.link (275 of 782)
[2025-12-05 07:42:07] Importing armv8m_mpu.h.2e905ff9.trap (pin_mux.c.98d867bc_0.trap.tar.zst) for lwip_httpsrv_freertos.elf.link (276 of 782)
[2025-12-05 07:42:07] Importing PERI_CLKCTL0.h.a6f0f0ed.trap (pin_mux.c.98d867bc_0.trap.tar.zst) for lwip_httpsrv_freertos.elf.link (277 of 782)
[2025-12-05 07:42:07] Importing PERI_CLKCTL1.h.c2ceed37.trap (pin_mux.c.98d867bc_0.trap.tar.zst) for lwip_httpsrv_freertos.elf.link (278 of 782)
[2025-12-05 07:42:07] Importing PERI_CRC.h.88f13d16.trap (pin_mux.c.98d867bc_0.trap.tar.zst) for lwip_httpsrv_freertos.elf.link (279 of 782)
[2025-12-05 07:42:07] Importing PERI_CTIMER.h.32cf573f.trap (pin_mux.c.98d867bc_0.trap.tar.zst) for lwip_httpsrv_freertos.elf.link (280 of 782)
[2025-12-05 07:42:07] Importing PERI_DAC.h.b5bb2d5d.trap (pin_mux.c.98d867bc_0.trap.tar.zst) for lwip_httpsrv_freertos.elf.link (281 of 782)
[2025-12-05 07:42:07] Importing PERI_DBGMAILBOX.h.90832fcc.trap (pin_mux.c.98d867bc_0.trap.tar.zst) for lwip_httpsrv_freertos.elf.link (282 of 782)
[2025-12-05 07:42:07] Importing PERI_DMA.h.7d73e75c.trap (pin_mux.c.98d867bc_0.trap.tar.zst) for lwip_httpsrv_freertos.elf.link (283 of 782)
[2025-12-05 07:42:07] Importing PERI_FREQME.h.5515476f.trap (pin_mux.c.98d867bc_0.trap.tar.zst) for lwip_httpsrv_freertos.elf.link (284 of 782)
[2025-12-05 07:42:07] Importing PERI_GDMA.h.55d8c05d.trap (pin_mux.c.98d867bc_0.trap.tar.zst) for lwip_httpsrv_freertos.elf.link (285 of 782)
[2025-12-05 07:42:07] Importing PERI_GPIO.h.934c314a.trap (pin_mux.c.98d867bc_0.trap.tar.zst) for lwip_httpsrv_freertos.elf.link (286 of 782)
[2025-12-05 07:42:07] Importing PERI_I2C.h.3370bc9f.trap (pin_mux.c.98d867bc_0.trap.tar.zst) for lwip_httpsrv_freertos.elf.link (287 of 782)
[2025-12-05 07:42:07] Importing PERI_I2S.h.424d80cc.trap (pin_mux.c.98d867bc_0.trap.tar.zst) for lwip_httpsrv_freertos.elf.link (288 of 782)
[2025-12-05 07:42:07] Importing PERI_INPUTMUX.h.eb7fa53e.trap (pin_mux.c.98d867bc_0.trap.tar.zst) for lwip_httpsrv_freertos.elf.link (289 of 782)
[2025-12-05 07:42:07] Importing PERI_ITRC.h.5ca246d7.trap (pin_mux.c.98d867bc_0.trap.tar.zst) for lwip_httpsrv_freertos.elf.link (290 of 782)
[2025-12-05 07:42:07] Importing PERI_LCDIC.h.60308212.trap (pin_mux.c.98d867bc_0.trap.tar.zst) for lwip_httpsrv_freertos.elf.link (291 of 782)
[2025-12-05 07:42:07] Importing PERI_MCI_IO_MUX.h.86ef9930.trap (pin_mux.c.98d867bc_0.trap.tar.zst) for lwip_httpsrv_freertos.elf.link (292 of 782)
[2025-12-05 07:42:07] Importing PERI_MRT.h.0a614911.trap (pin_mux.c.98d867bc_0.trap.tar.zst) for lwip_httpsrv_freertos.elf.link (293 of 782)
[2025-12-05 07:42:07] Importing PERI_PKC.h.0bba0a20.trap (pin_mux.c.98d867bc_0.trap.tar.zst) for lwip_httpsrv_freertos.elf.link (294 of 782)
[2025-12-05 07:42:07] Importing fsl_gpio.h.5cf1a5f7.trap (pin_mux.c.98d867bc_0.trap.tar.zst) for lwip_httpsrv_freertos.elf.link (295 of 782)
[2025-12-05 07:42:07] Importing fsl_io_mux.h.5aee63df.trap (pin_mux.c.98d867bc_0.trap.tar.zst) for lwip_httpsrv_freertos.elf.link (296 of 782)
[2025-12-05 07:42:07] Importing pin_mux.h.8d5a1999.trap (pin_mux.c.98d867bc_0.trap.tar.zst) for lwip_httpsrv_freertos.elf.link (297 of 782)
[2025-12-05 07:42:07] Importing pin_mux.c.98d867bc.trap (pin_mux.c.98d867bc_0.trap.tar.zst) for lwip_httpsrv_freertos.elf.link (298 of 782)
[2025-12-05 07:42:07] Importing httpsrv_freertos.h.87c0992d.trap (httpsrv_freertos.c.6980e2c9_0.trap.tar.zst) for lwip_httpsrv_freertos.elf.link (299 of 782)
[2025-12-05 07:42:07] Importing mdns.h.16d5b0fe.trap (httpsrv_freertos.c.6980e2c9_0.trap.tar.zst) for lwip_httpsrv_freertos.elf.link (300 of 782)
[2025-12-05 07:42:07] Importing httpsrv_freertos.c.6980e2c9.trap (httpsrv_freertos.c.6980e2c9_0.trap.tar.zst) for lwip_httpsrv_freertos.elf.link (301 of 782)
[2025-12-05 07:42:07] Importing httpsrv_fs_data.c.50e94f08.trap (httpsrv_fs_data.c.50e94f08_0.trap.tar.zst) for lwip_httpsrv_freertos.elf.link (302 of 782)
[2025-12-05 07:42:07] Importing lwip_httpsrv_freertos.c.ff35641a.trap (lwip_httpsrv_freertos.c.ff35641a_0.trap.tar.zst) for lwip_httpsrv_freertos.elf.link (303 of 782)
[2025-12-05 07:42:07] Importing ethernetif.h.f6636b42.trap (enet_ethernetif.c.a0a154ab_0.trap.tar.zst) for lwip_httpsrv_freertos.elf.link (304 of 782)
[2025-12-05 07:42:07] Importing ethernetif_mmac.h.336f91e6.trap (enet_ethernetif.c.a0a154ab_0.trap.tar.zst) for lwip_httpsrv_freertos.elf.link (305 of 782)
[2025-12-05 07:42:07] Importing ethernetif_priv.h.5d1d49c7.trap (enet_ethernetif.c.a0a154ab_0.trap.tar.zst) for lwip_httpsrv_freertos.elf.link (306 of 782)
[2025-12-05 07:42:07] Importing enet_ethernetif.c.a0a154ab.trap (enet_ethernetif.c.a0a154ab_0.trap.tar.zst) for lwip_httpsrv_freertos.elf.link (307 of 782)
[2025-12-05 07:42:07] Importing ethernetif_priv.h.8a0a152b.trap (enet_ethernetif_kinetis.c.adddbd70_0.trap.tar.zst) for lwip_httpsrv_freertos.elf.link (308 of 782)
[2025-12-05 07:42:07] Importing kinetis_configchecks.h.45b8fb5a.trap (enet_ethernetif_kinetis.c.adddbd70_0.trap.tar.zst) for lwip_httpsrv_freertos.elf.link (309 of 782)
[2025-12-05 07:42:07] Importing enet_ethernetif_kinetis.c.adddbd70.trap (enet_ethernetif_kinetis.c.adddbd70_0.trap.tar.zst) for lwip_httpsrv_freertos.elf.link (310 of 782)
[2025-12-05 07:42:07] Importing etharp.h.a76c1c4d.trap (ethernetif.c.3fac8ac7_0.trap.tar.zst) for lwip_httpsrv_freertos.elf.link (311 of 782)
[2025-12-05 07:42:07] Importing pppoe.h.d55f5b72.trap (ethernetif.c.3fac8ac7_0.trap.tar.zst) for lwip_httpsrv_freertos.elf.link (312 of 782)
[2025-12-05 07:42:07] Importing ethernetif.c.3fac8ac7.trap (ethernetif.c.3fac8ac7_0.trap.tar.zst) for lwip_httpsrv_freertos.elf.link (313 of 782)
[2025-12-05 07:42:07] Importing ethernetif_mmac.c.1960f895.trap (ethernetif_mmac.c.1960f895_0.trap.tar.zst) for lwip_httpsrv_freertos.elf.link (314 of 782)
[2025-12-05 07:42:07] Importing sys_arch.h.e42220de.trap (sys_arch.c.82191e81_0.trap.tar.zst) for lwip_httpsrv_freertos.elf.link (315 of 782)
[2025-12-05 07:42:07] Importing mem.h.80978171.trap (sys_arch.c.82191e81_0.trap.tar.zst) for lwip_httpsrv_freertos.elf.link (316 of 782)
[2025-12-05 07:42:07] Importing memp_std.h.41ec398d.trap (sys_arch.c.82191e81_0.trap.tar.zst) for lwip_httpsrv_freertos.elf.link (317 of 782)
[2025-12-05 07:42:07] Importing memp_std.h.995f070d.trap (sys_arch.c.82191e81_0.trap.tar.zst) for lwip_httpsrv_freertos.elf.link (318 of 782)
[2025-12-05 07:42:07] [WARN] memp_std.h.995f070d.trap (sys_arch.c.82191e81_0.trap.tar.zst) for lwip_httpsrv_freertos.elf.link (tuple commentbinding(com.semmle.inmemory.trap.TrapMetaId@24472601,#1a5)): Unknown label #1a5
[2025-12-05 07:42:07] Importing mem_priv.h.7346568c.trap (sys_arch.c.82191e81_0.trap.tar.zst) for lwip_httpsrv_freertos.elf.link (319 of 782)
[2025-12-05 07:42:07] Importing memp_priv.h.9c8911b0.trap (sys_arch.c.82191e81_0.trap.tar.zst) for lwip_httpsrv_freertos.elf.link (320 of 782)
[2025-12-05 07:42:07] Importing stats.h.58285f24.trap (sys_arch.c.82191e81_0.trap.tar.zst) for lwip_httpsrv_freertos.elf.link (321 of 782)
[2025-12-05 07:42:07] Importing memp.h.c57f0548.trap (sys_arch.c.82191e81_0.trap.tar.zst) for lwip_httpsrv_freertos.elf.link (322 of 782)
[2025-12-05 07:42:07] Importing stats.h.f7905e33.trap (sys_arch.c.82191e81_0.trap.tar.zst) for lwip_httpsrv_freertos.elf.link (323 of 782)
[2025-12-05 07:42:07] Importing timeouts.h.64a51c29.trap (sys_arch.c.82191e81_0.trap.tar.zst) for lwip_httpsrv_freertos.elf.link (324 of 782)
[2025-12-05 07:42:07] Importing ip4_addr.h.4cc75761.trap (sys_arch.c.82191e81_0.trap.tar.zst) for lwip_httpsrv_freertos.elf.link (325 of 782)
[2025-12-05 07:42:07] Importing ip6_zone.h.f008d9a2.trap (sys_arch.c.82191e81_0.trap.tar.zst) for lwip_httpsrv_freertos.elf.link (326 of 782)
[2025-12-05 07:42:07] Importing ip6_addr.h.6ece440c.trap (sys_arch.c.82191e81_0.trap.tar.zst) for lwip_httpsrv_freertos.elf.link (327 of 782)
[2025-12-05 07:42:07] Importing ip_addr.h.292d6ba8.trap (sys_arch.c.82191e81_0.trap.tar.zst) for lwip_httpsrv_freertos.elf.link (328 of 782)
[2025-12-05 07:42:07] Importing pbuf.h.9b97d3cd.trap (sys_arch.c.82191e81_0.trap.tar.zst) for lwip_httpsrv_freertos.elf.link (329 of 782)
[2025-12-05 07:42:07] Importing netif.h.e86d5d6a.trap (sys_arch.c.82191e81_0.trap.tar.zst) for lwip_httpsrv_freertos.elf.link (330 of 782)
[2025-12-05 07:42:07] Importing tcpip.h.94b178a4.trap (sys_arch.c.82191e81_0.trap.tar.zst) for lwip_httpsrv_freertos.elf.link (331 of 782)
[2025-12-05 07:42:07] Importing sys_arch.c.82191e81.trap (sys_arch.c.82191e81_0.trap.tar.zst) for lwip_httpsrv_freertos.elf.link (332 of 782)
[2025-12-05 07:42:07] Importing pbuf.h.11dea87e.trap (api_lib.c.02cc68bb_0.trap.tar.zst) for lwip_httpsrv_freertos.elf.link (333 of 782)
[2025-12-05 07:42:07] Importing api.h.cb58bb9f.trap (api_lib.c.02cc68bb_0.trap.tar.zst) for lwip_httpsrv_freertos.elf.link (334 of 782)
[2025-12-05 07:42:07] Importing netif.h.0f193824.trap (api_lib.c.02cc68bb_0.trap.tar.zst) for lwip_httpsrv_freertos.elf.link (335 of 782)
[2025-12-05 07:42:07] Importing ip4.h.cafce720.trap (api_lib.c.02cc68bb_0.trap.tar.zst) for lwip_httpsrv_freertos.elf.link (336 of 782)
[2025-12-05 07:42:07] Importing ip4.h.2132589d.trap (api_lib.c.02cc68bb_0.trap.tar.zst) for lwip_httpsrv_freertos.elf.link (337 of 782)
[2025-12-05 07:42:07] Importing ip6.h.6ded4fd0.trap (api_lib.c.02cc68bb_0.trap.tar.zst) for lwip_httpsrv_freertos.elf.link (338 of 782)
[2025-12-05 07:42:07] Importing ip6.h.78646248.trap (api_lib.c.02cc68bb_0.trap.tar.zst) for lwip_httpsrv_freertos.elf.link (339 of 782)
[2025-12-05 07:42:07] Importing ip.h.f01bf6cb.trap (api_lib.c.02cc68bb_0.trap.tar.zst) for lwip_httpsrv_freertos.elf.link (340 of 782)
[2025-12-05 07:42:07] Importing ip.h.9aa8c89b.trap (api_lib.c.02cc68bb_0.trap.tar.zst) for lwip_httpsrv_freertos.elf.link (341 of 782)
[2025-12-05 07:42:07] Importing raw.h.6946291e.trap (api_lib.c.02cc68bb_0.trap.tar.zst) for lwip_httpsrv_freertos.elf.link (342 of 782)
[2025-12-05 07:42:07] Importing udp.h.50604fda.trap (api_lib.c.02cc68bb_0.trap.tar.zst) for lwip_httpsrv_freertos.elf.link (343 of 782)
[2025-12-05 07:42:07] Importing udp.h.307edcdf.trap (api_lib.c.02cc68bb_0.trap.tar.zst) for lwip_httpsrv_freertos.elf.link (344 of 782)
[2025-12-05 07:42:07] Importing igmp.h.4dfd6077.trap (api_lib.c.02cc68bb_0.trap.tar.zst) for lwip_httpsrv_freertos.elf.link (345 of 782)
[2025-12-05 07:42:07] Importing tcpip_priv.h.d8559699.trap (api_lib.c.02cc68bb_0.trap.tar.zst) for lwip_httpsrv_freertos.elf.link (346 of 782)
[2025-12-05 07:42:07] Importing api_msg.h.085e9cb9.trap (api_lib.c.02cc68bb_0.trap.tar.zst) for lwip_httpsrv_freertos.elf.link (347 of 782)
[2025-12-05 07:42:07] Importing tcpbase.h.cbd432e8.trap (api_lib.c.02cc68bb_0.trap.tar.zst) for lwip_httpsrv_freertos.elf.link (348 of 782)
[2025-12-05 07:42:07] Importing icmp.h.5e165f30.trap (api_lib.c.02cc68bb_0.trap.tar.zst) for lwip_httpsrv_freertos.elf.link (349 of 782)
[2025-12-05 07:42:07] Importing icmp6.h.68194420.trap (api_lib.c.02cc68bb_0.trap.tar.zst) for lwip_httpsrv_freertos.elf.link (350 of 782)
[2025-12-05 07:42:07] Importing icmp6.h.45150b87.trap (api_lib.c.02cc68bb_0.trap.tar.zst) for lwip_httpsrv_freertos.elf.link (351 of 782)
[2025-12-05 07:42:07] Importing icmp.h.3b6d709c.trap (api_lib.c.02cc68bb_0.trap.tar.zst) for lwip_httpsrv_freertos.elf.link (352 of 782)
[2025-12-05 07:42:07] Importing tcp.h.06811aef.trap (api_lib.c.02cc68bb_0.trap.tar.zst) for lwip_httpsrv_freertos.elf.link (353 of 782)
[2025-12-05 07:42:07] Importing tcp.h.4438d113.trap (api_lib.c.02cc68bb_0.trap.tar.zst) for lwip_httpsrv_freertos.elf.link (354 of 782)
[2025-12-05 07:42:07] Importing tcp_priv.h.7c174e5d.trap (api_lib.c.02cc68bb_0.trap.tar.zst) for lwip_httpsrv_freertos.elf.link (355 of 782)
[2025-12-05 07:42:07] Importing api_lib.c.02cc68bb.trap (api_lib.c.02cc68bb_0.trap.tar.zst) for lwip_httpsrv_freertos.elf.link (356 of 782)
[2025-12-05 07:42:07] Importing tcp.h.1f13657b.trap (api_msg.c.f34d6a6a_0.trap.tar.zst) for lwip_httpsrv_freertos.elf.link (357 of 782)
[2025-12-05 07:42:07] Importing dns.h.efeadcc5.trap (api_msg.c.f34d6a6a_0.trap.tar.zst) for lwip_httpsrv_freertos.elf.link (358 of 782)
[2025-12-05 07:42:07] Importing mld6.h.3caefa55.trap (api_msg.c.f34d6a6a_0.trap.tar.zst) for lwip_httpsrv_freertos.elf.link (359 of 782)
[2025-12-05 07:42:07] Importing api_msg.c.f34d6a6a.trap (api_msg.c.f34d6a6a_0.trap.tar.zst) for lwip_httpsrv_freertos.elf.link (360 of 782)
[2025-12-05 07:42:07] Importing lwipopts_gen.h.f8ac58a9.trap (err.c.5e85f5b1_0.trap.tar.zst) for lwip_httpsrv_freertos.elf.link (361 of 782)
[2025-12-05 07:42:07] Importing lwipopts.h.421c6181.trap (err.c.5e85f5b1_0.trap.tar.zst) for lwip_httpsrv_freertos.elf.link (362 of 782)
[2025-12-05 07:42:07] Importing reent.h.a81b0094.trap (err.c.5e85f5b1_0.trap.tar.zst) for lwip_httpsrv_freertos.elf.link (363 of 782)
[2025-12-05 07:42:07] Importing _timeval.h.5a68ed63.trap (err.c.5e85f5b1_0.trap.tar.zst) for lwip_httpsrv_freertos.elf.link (364 of 782)
[2025-12-05 07:42:07] Importing types.h.0cb4a773.trap (err.c.5e85f5b1_0.trap.tar.zst) for lwip_httpsrv_freertos.elf.link (365 of 782)
[2025-12-05 07:42:07] Importing _timespec.h.aca235ad.trap (err.c.5e85f5b1_0.trap.tar.zst) for lwip_httpsrv_freertos.elf.link (366 of 782)
[2025-12-05 07:42:07] Importing _time.h.e5dfdb3e.trap (err.c.5e85f5b1_0.trap.tar.zst) for lwip_httpsrv_freertos.elf.link (367 of 782)
[2025-12-05 07:42:07] Importing time.h.d8e1c5ad.trap (err.c.5e85f5b1_0.trap.tar.zst) for lwip_httpsrv_freertos.elf.link (368 of 782)
[2025-12-05 07:42:07] Importing opt.h.4726bf6a.trap (err.c.5e85f5b1_0.trap.tar.zst) for lwip_httpsrv_freertos.elf.link (369 of 782)
[2025-12-05 07:42:07] Importing cc.h.212d8402.trap (err.c.5e85f5b1_0.trap.tar.zst) for lwip_httpsrv_freertos.elf.link (370 of 782)
[2025-12-05 07:42:07] Importing sys_arch.h.1544fdd4.trap (err.c.5e85f5b1_0.trap.tar.zst) for lwip_httpsrv_freertos.elf.link (371 of 782)
[2025-12-05 07:42:07] Importing cc.h.9bc4ec48.trap (err.c.5e85f5b1_0.trap.tar.zst) for lwip_httpsrv_freertos.elf.link (372 of 782)
[2025-12-05 07:42:07] Importing stddef.h.8e345ba0.trap (err.c.5e85f5b1_0.trap.tar.zst) for lwip_httpsrv_freertos.elf.link (373 of 782)
[2025-12-05 07:42:07] Importing inttypes.h.d64f9298.trap (err.c.5e85f5b1_0.trap.tar.zst) for lwip_httpsrv_freertos.elf.link (374 of 782)
[2025-12-05 07:42:07] Importing syslimits.h.0d85dab2.trap (err.c.5e85f5b1_0.trap.tar.zst) for lwip_httpsrv_freertos.elf.link (375 of 782)
[2025-12-05 07:42:07] Importing limits.h.0b374315.trap (err.c.5e85f5b1_0.trap.tar.zst) for lwip_httpsrv_freertos.elf.link (376 of 782)
[2025-12-05 07:42:07] Importing limits.h.8266ffe7.trap (err.c.5e85f5b1_0.trap.tar.zst) for lwip_httpsrv_freertos.elf.link (377 of 782)
[2025-12-05 07:42:07] Importing syslimits.h.d94b117a.trap (err.c.5e85f5b1_0.trap.tar.zst) for lwip_httpsrv_freertos.elf.link (378 of 782)
[2025-12-05 07:42:07] Importing limits.h.93afc8d7.trap (err.c.5e85f5b1_0.trap.tar.zst) for lwip_httpsrv_freertos.elf.link (379 of 782)
[2025-12-05 07:42:07] Importing ctype.h.7396fe7e.trap (err.c.5e85f5b1_0.trap.tar.zst) for lwip_httpsrv_freertos.elf.link (380 of 782)
[2025-12-05 07:42:07] Importing arch.h.05fa9065.trap (err.c.5e85f5b1_0.trap.tar.zst) for lwip_httpsrv_freertos.elf.link (381 of 782)
[2025-12-05 07:42:07] Importing debug.h.edafa073.trap (err.c.5e85f5b1_0.trap.tar.zst) for lwip_httpsrv_freertos.elf.link (382 of 782)
[2025-12-05 07:42:07] Importing opt.h.108bf399.trap (err.c.5e85f5b1_0.trap.tar.zst) for lwip_httpsrv_freertos.elf.link (383 of 782)
[2025-12-05 07:42:07] Importing err.h.5cbe3605.trap (err.c.5e85f5b1_0.trap.tar.zst) for lwip_httpsrv_freertos.elf.link (384 of 782)
[2025-12-05 07:42:07] Importing def.h.1c1a0a86.trap (err.c.5e85f5b1_0.trap.tar.zst) for lwip_httpsrv_freertos.elf.link (385 of 782)
[2025-12-05 07:42:07] Importing sys.h.0da9767a.trap (err.c.5e85f5b1_0.trap.tar.zst) for lwip_httpsrv_freertos.elf.link (386 of 782)
[2025-12-05 07:42:07] Importing errno.h.b599ed5e.trap (err.c.5e85f5b1_0.trap.tar.zst) for lwip_httpsrv_freertos.elf.link (387 of 782)
[2025-12-05 07:42:07] Importing err.c.5e85f5b1.trap (err.c.5e85f5b1_0.trap.tar.zst) for lwip_httpsrv_freertos.elf.link (388 of 782)
[2025-12-05 07:42:07] Importing if_api.h.00cbb6fb.trap (if_api.c.61294e56_0.trap.tar.zst) for lwip_httpsrv_freertos.elf.link (389 of 782)
[2025-12-05 07:42:07] Importing ip.h.1c1c50a2.trap (if_api.c.61294e56_0.trap.tar.zst) for lwip_httpsrv_freertos.elf.link (390 of 782)
[2025-12-05 07:42:07] Importing udp.h.6db868fa.trap (if_api.c.61294e56_0.trap.tar.zst) for lwip_httpsrv_freertos.elf.link (391 of 782)
[2025-12-05 07:42:07] Importing dhcp.h.75f13386.trap (if_api.c.61294e56_0.trap.tar.zst) for lwip_httpsrv_freertos.elf.link (392 of 782)
[2025-12-05 07:42:07] Importing autoip.h.d8580585.trap (if_api.c.61294e56_0.trap.tar.zst) for lwip_httpsrv_freertos.elf.link (393 of 782)
[2025-12-05 07:42:07] Importing inet.h.9c96e803.trap (if_api.c.61294e56_0.trap.tar.zst) for lwip_httpsrv_freertos.elf.link (394 of 782)
[2025-12-05 07:42:07] Importing sockets.h.62dc539b.trap (if_api.c.61294e56_0.trap.tar.zst) for lwip_httpsrv_freertos.elf.link (395 of 782)
[2025-12-05 07:42:07] Importing sockets_priv.h.9911a78b.trap (if_api.c.61294e56_0.trap.tar.zst) for lwip_httpsrv_freertos.elf.link (396 of 782)
[2025-12-05 07:42:07] Importing if_api.c.61294e56.trap (if_api.c.61294e56_0.trap.tar.zst) for lwip_httpsrv_freertos.elf.link (397 of 782)
[2025-12-05 07:42:07] Importing pbuf.h.6ce5e68a.trap (netbuf.c.3f88459c_0.trap.tar.zst) for lwip_httpsrv_freertos.elf.link (398 of 782)
[2025-12-05 07:42:07] Importing ip4_addr.h.85819d9b.trap (netbuf.c.3f88459c_0.trap.tar.zst) for lwip_httpsrv_freertos.elf.link (399 of 782)
[2025-12-05 07:42:07] Importing netbuf.h.ee04d41a.trap (netbuf.c.3f88459c_0.trap.tar.zst) for lwip_httpsrv_freertos.elf.link (400 of 782)
[2025-12-05 07:42:07] Importing memp_std.h.7cb0d800.trap (netbuf.c.3f88459c_0.trap.tar.zst) for lwip_httpsrv_freertos.elf.link (401 of 782)
[2025-12-05 07:42:07] Importing memp_std.h.198c3ade.trap (netbuf.c.3f88459c_0.trap.tar.zst) for lwip_httpsrv_freertos.elf.link (402 of 782)
[2025-12-05 07:42:07] [WARN] memp_std.h.198c3ade.trap (netbuf.c.3f88459c_0.trap.tar.zst) for lwip_httpsrv_freertos.elf.link (tuple commentbinding(com.semmle.inmemory.trap.TrapMetaId@5949aba0,#1aa)): Unknown label #1aa
[2025-12-05 07:42:07] Importing memp.h.a7a808a0.trap (netbuf.c.3f88459c_0.trap.tar.zst) for lwip_httpsrv_freertos.elf.link (403 of 782)
[2025-12-05 07:42:07] Importing netbuf.c.3f88459c.trap (netbuf.c.3f88459c_0.trap.tar.zst) for lwip_httpsrv_freertos.elf.link (404 of 782)
[2025-12-05 07:42:07] Importing netdb.h.e3c07bd4.trap (netdb.c.0006e72b_0.trap.tar.zst) for lwip_httpsrv_freertos.elf.link (405 of 782)
[2025-12-05 07:42:07] Importing netdb.c.0006e72b.trap (netdb.c.0006e72b_0.trap.tar.zst) for lwip_httpsrv_freertos.elf.link (406 of 782)
[2025-12-05 07:42:07] Importing ieee.h.31bca106.trap (netifapi.c.65acfe95_0.trap.tar.zst) for lwip_httpsrv_freertos.elf.link (407 of 782)
[2025-12-05 07:42:07] Importing ethernet.h.fcefd5da.trap (netifapi.c.65acfe95_0.trap.tar.zst) for lwip_httpsrv_freertos.elf.link (408 of 782)
[2025-12-05 07:42:07] Importing etharp.h.9a762696.trap (netifapi.c.65acfe95_0.trap.tar.zst) for lwip_httpsrv_freertos.elf.link (409 of 782)
[2025-12-05 07:42:07] Importing etharp.h.83963a91.trap (netifapi.c.65acfe95_0.trap.tar.zst) for lwip_httpsrv_freertos.elf.link (410 of 782)
[2025-12-05 07:42:07] Importing api.h.15ac0fc8.trap (netifapi.c.65acfe95_0.trap.tar.zst) for lwip_httpsrv_freertos.elf.link (411 of 782)
[2025-12-05 07:42:07] Importing netifapi.h.549c20eb.trap (netifapi.c.65acfe95_0.trap.tar.zst) for lwip_httpsrv_freertos.elf.link (412 of 782)
[2025-12-05 07:42:07] Importing netifapi.c.65acfe95.trap (netifapi.c.65acfe95_0.trap.tar.zst) for lwip_httpsrv_freertos.elf.link (413 of 782)
[2025-12-05 07:42:07] Importing sockets_priv.h.60a0556e.trap (sockets.c.1ae5a7fb_0.trap.tar.zst) for lwip_httpsrv_freertos.elf.link (414 of 782)
[2025-12-05 07:42:07] Importing netbuf.h.17c32172.trap (sockets.c.1ae5a7fb_0.trap.tar.zst) for lwip_httpsrv_freertos.elf.link (415 of 782)
[2025-12-05 07:42:07] Importing api.h.b0cb448e.trap (sockets.c.1ae5a7fb_0.trap.tar.zst) for lwip_httpsrv_freertos.elf.link (416 of 782)
[2025-12-05 07:42:07] Importing tcp.h.2bd59880.trap (sockets.c.1ae5a7fb_0.trap.tar.zst) for lwip_httpsrv_freertos.elf.link (417 of 782)
[2025-12-05 07:42:07] Importing udp.h.8914c9db.trap (sockets.c.1ae5a7fb_0.trap.tar.zst) for lwip_httpsrv_freertos.elf.link (418 of 782)
[2025-12-05 07:42:07] Importing sockets.c.1ae5a7fb.trap (sockets.c.1ae5a7fb_0.trap.tar.zst) for lwip_httpsrv_freertos.elf.link (419 of 782)
[2025-12-05 07:42:07] Importing init.h.d3bdbc51.trap (tcpip.c.d537267d_0.trap.tar.zst) for lwip_httpsrv_freertos.elf.link (420 of 782)
[2025-12-05 07:42:07] Importing ip.h.3d55ccd6.trap (tcpip.c.d537267d_0.trap.tar.zst) for lwip_httpsrv_freertos.elf.link (421 of 782)
[2025-12-05 07:42:07] Importing ethernet.h.a52758fb.trap (tcpip.c.d537267d_0.trap.tar.zst) for lwip_httpsrv_freertos.elf.link (422 of 782)
[2025-12-05 07:42:07] Importing tcpip.c.d537267d.trap (tcpip.c.d537267d_0.trap.tar.zst) for lwip_httpsrv_freertos.elf.link (423 of 782)
[2025-12-05 07:42:07] Importing httpsrv_config.h.a0b0bfeb.trap (httpsrv.c.8605704f_0.trap.tar.zst) for lwip_httpsrv_freertos.elf.link (424 of 782)
[2025-12-05 07:42:07] Importing httpsrv.h.0d7454be.trap (httpsrv.c.8605704f_0.trap.tar.zst) for lwip_httpsrv_freertos.elf.link (425 of 782)
[2025-12-05 07:42:07] Importing httpsrv_ws.h.26b40e74.trap (httpsrv.c.8605704f_0.trap.tar.zst) for lwip_httpsrv_freertos.elf.link (426 of 782)
[2025-12-05 07:42:07] Importing httpsrv.h.fe4ce25f.trap (httpsrv.c.8605704f_0.trap.tar.zst) for lwip_httpsrv_freertos.elf.link (427 of 782)
[2025-12-05 07:42:07] Importing httpsrv_ws_prv.h.308230c7.trap (httpsrv.c.8605704f_0.trap.tar.zst) for lwip_httpsrv_freertos.elf.link (428 of 782)
[2025-12-05 07:42:07] Importing httpsrv_tls.h.0b983bd3.trap (httpsrv.c.8605704f_0.trap.tar.zst) for lwip_httpsrv_freertos.elf.link (429 of 782)
[2025-12-05 07:42:07] Importing httpsrv_prv.h.08b8e02e.trap (httpsrv.c.8605704f_0.trap.tar.zst) for lwip_httpsrv_freertos.elf.link (430 of 782)
[2025-12-05 07:42:07] Importing httpsrv_supp.h.1017ad2c.trap (httpsrv.c.8605704f_0.trap.tar.zst) for lwip_httpsrv_freertos.elf.link (431 of 782)
[2025-12-05 07:42:07] Importing httpsrv.c.8605704f.trap (httpsrv.c.8605704f_0.trap.tar.zst) for lwip_httpsrv_freertos.elf.link (432 of 782)
[2025-12-05 07:42:07] Importing httpsrv_base64.h.7b20e643.trap (httpsrv_base64.c.e9d96f5e_0.trap.tar.zst) for lwip_httpsrv_freertos.elf.link (433 of 782)
[2025-12-05 07:42:07] Importing httpsrv_base64.c.e9d96f5e.trap (httpsrv_base64.c.e9d96f5e_0.trap.tar.zst) for lwip_httpsrv_freertos.elf.link (434 of 782)
[2025-12-05 07:42:07] Importing httpsrv_fs.h.200cf3b9.trap (httpsrv_fs.c.2927f969_0.trap.tar.zst) for lwip_httpsrv_freertos.elf.link (435 of 782)
[2025-12-05 07:42:07] Importing httpsrv_port.h.54320f42.trap (httpsrv_fs.c.2927f969_0.trap.tar.zst) for lwip_httpsrv_freertos.elf.link (436 of 782)
[2025-12-05 07:42:07] Importing httpsrv_fs.c.2927f969.trap (httpsrv_fs.c.2927f969_0.trap.tar.zst) for lwip_httpsrv_freertos.elf.link (437 of 782)
[2025-12-05 07:42:07] Importing httpsrv_script.h.bf8450e9.trap (httpsrv_script.c.591edfbc_0.trap.tar.zst) for lwip_httpsrv_freertos.elf.link (438 of 782)
[2025-12-05 07:42:07] Importing httpsrv_script.c.591edfbc.trap (httpsrv_script.c.591edfbc_0.trap.tar.zst) for lwip_httpsrv_freertos.elf.link (439 of 782)
[2025-12-05 07:42:07] Importing stddef.h.4d0af823.trap (httpsrv_sha1.c.63b2630d_0.trap.tar.zst) for lwip_httpsrv_freertos.elf.link (440 of 782)
[2025-12-05 07:42:07] Importing stddef.h.a559445c.trap (httpsrv_sha1.c.63b2630d_0.trap.tar.zst) for lwip_httpsrv_freertos.elf.link (441 of 782)
[2025-12-05 07:42:07] Importing httpsrv_sha1.h.508e65fa.trap (httpsrv_sha1.c.63b2630d_0.trap.tar.zst) for lwip_httpsrv_freertos.elf.link (442 of 782)
[2025-12-05 07:42:07] Importing httpsrv_sha1.c.63b2630d.trap (httpsrv_sha1.c.63b2630d_0.trap.tar.zst) for lwip_httpsrv_freertos.elf.link (443 of 782)
[2025-12-05 07:42:07] Importing limits.h.1c768f39.trap (httpsrv_supp.c.b78b5c6c_0.trap.tar.zst) for lwip_httpsrv_freertos.elf.link (444 of 782)
[2025-12-05 07:42:07] Importing httpsrv_supp.c.b78b5c6c.trap (httpsrv_supp.c.b78b5c6c_0.trap.tar.zst) for lwip_httpsrv_freertos.elf.link (445 of 782)
[2025-12-05 07:42:07] Importing httpsrv_task.c.95470f57.trap (httpsrv_task.c.95470f57_0.trap.tar.zst) for lwip_httpsrv_freertos.elf.link (446 of 782)
[2025-12-05 07:42:07] Importing httpsrv_tls.c.54d03faf.trap (httpsrv_tls.c.54d03faf_0.trap.tar.zst) for lwip_httpsrv_freertos.elf.link (447 of 782)
[2025-12-05 07:42:07] Importing httpsrv_utf8.h.7f16e11e.trap (httpsrv_utf8.c.9f0c993e_0.trap.tar.zst) for lwip_httpsrv_freertos.elf.link (448 of 782)
[2025-12-05 07:42:07] Importing httpsrv_utf8.c.9f0c993e.trap (httpsrv_utf8.c.9f0c993e_0.trap.tar.zst) for lwip_httpsrv_freertos.elf.link (449 of 782)
[2025-12-05 07:42:07] Importing httpsrv_ws.c.7f5aceca.trap (httpsrv_ws.c.7f5aceca_0.trap.tar.zst) for lwip_httpsrv_freertos.elf.link (450 of 782)
[2025-12-05 07:42:07] Importing httpsrv_ws_prv.h.92cfc9b7.trap (httpsrv_ws_api.c.1cb33d2e_0.trap.tar.zst) for lwip_httpsrv_freertos.elf.link (451 of 782)
[2025-12-05 07:42:07] Importing httpsrv_ws_api.c.1cb33d2e.trap (httpsrv_ws_api.c.1cb33d2e_0.trap.tar.zst) for lwip_httpsrv_freertos.elf.link (452 of 782)
[2025-12-05 07:42:07] Importing mdns.c.19845553.trap (mdns.c.19845553_0.trap.tar.zst) for lwip_httpsrv_freertos.elf.link (453 of 782)
[2025-12-05 07:42:07] Importing mdns_opts.h.48e1955f.trap (mdns_domain.c.a46ed3c7_0.trap.tar.zst) for lwip_httpsrv_freertos.elf.link (454 of 782)
[2025-12-05 07:42:07] Importing mdns.h.ad2a34d8.trap (mdns_domain.c.a46ed3c7_0.trap.tar.zst) for lwip_httpsrv_freertos.elf.link (455 of 782)
[2025-12-05 07:42:07] Importing mdns_priv.h.b98d5b41.trap (mdns_domain.c.a46ed3c7_0.trap.tar.zst) for lwip_httpsrv_freertos.elf.link (456 of 782)
[2025-12-05 07:42:07] Importing mdns_domain.h.01ec7fc9.trap (mdns_domain.c.a46ed3c7_0.trap.tar.zst) for lwip_httpsrv_freertos.elf.link (457 of 782)
[2025-12-05 07:42:07] Importing dns.h.ccf5de4a.trap (mdns_domain.c.a46ed3c7_0.trap.tar.zst) for lwip_httpsrv_freertos.elf.link (458 of 782)
[2025-12-05 07:42:07] Importing mdns_domain.c.a46ed3c7.trap (mdns_domain.c.a46ed3c7_0.trap.tar.zst) for lwip_httpsrv_freertos.elf.link (459 of 782)
[2025-12-05 07:42:07] Importing mdns_priv.h.bbeeb18f.trap (mdns_out.c.05a48cd7_0.trap.tar.zst) for lwip_httpsrv_freertos.elf.link (460 of 782)
[2025-12-05 07:42:07] Importing mdns_out.h.010ff005.trap (mdns_out.c.05a48cd7_0.trap.tar.zst) for lwip_httpsrv_freertos.elf.link (461 of 782)
[2025-12-05 07:42:07] Importing mdns_out.c.05a48cd7.trap (mdns_out.c.05a48cd7_0.trap.tar.zst) for lwip_httpsrv_freertos.elf.link (462 of 782)
[2025-12-05 07:42:07] Importing altcp.c.64e67c8e.trap (altcp.c.64e67c8e_0.trap.tar.zst) for lwip_httpsrv_freertos.elf.link (463 of 782)
[2025-12-05 07:42:07] Importing altcp_alloc.c.33e23538.trap (altcp_alloc.c.33e23538_0.trap.tar.zst) for lwip_httpsrv_freertos.elf.link (464 of 782)
[2025-12-05 07:42:07] Importing altcp_tcp.c.afcf8bd6.trap (altcp_tcp.c.afcf8bd6_0.trap.tar.zst) for lwip_httpsrv_freertos.elf.link (465 of 782)
[2025-12-05 07:42:07] Importing def.c.3567ed68.trap (def.c.3567ed68_0.trap.tar.zst) for lwip_httpsrv_freertos.elf.link (466 of 782)
[2025-12-05 07:42:07] Importing dns.c.4df6a4ad.trap (dns.c.4df6a4ad_0.trap.tar.zst) for lwip_httpsrv_freertos.elf.link (467 of 782)
[2025-12-05 07:42:07] Importing inet_chksum.h.22a1e833.trap (inet_chksum.c.a8575c00_0.trap.tar.zst) for lwip_httpsrv_freertos.elf.link (468 of 782)
[2025-12-05 07:42:07] Importing inet_chksum.c.a8575c00.trap (inet_chksum.c.a8575c00_0.trap.tar.zst) for lwip_httpsrv_freertos.elf.link (469 of 782)
[2025-12-05 07:42:07] Importing udp.h.c64e55f6.trap (init.c.b3759d16_0.trap.tar.zst) for lwip_httpsrv_freertos.elf.link (470 of 782)
[2025-12-05 07:42:07] Importing tcp.h.608e3d3a.trap (init.c.b3759d16_0.trap.tar.zst) for lwip_httpsrv_freertos.elf.link (471 of 782)
[2025-12-05 07:42:07] Importing nd6.h.e879f437.trap (init.c.b3759d16_0.trap.tar.zst) for lwip_httpsrv_freertos.elf.link (472 of 782)
[2025-12-05 07:42:07] Importing api.h.64265df4.trap (init.c.b3759d16_0.trap.tar.zst) for lwip_httpsrv_freertos.elf.link (473 of 782)
[2025-12-05 07:42:07] Importing ppp_opts.h.1bd39ce2.trap (init.c.b3759d16_0.trap.tar.zst) for lwip_httpsrv_freertos.elf.link (474 of 782)
[2025-12-05 07:42:07] Importing ppp_impl.h.459e187d.trap (init.c.b3759d16_0.trap.tar.zst) for lwip_httpsrv_freertos.elf.link (475 of 782)
[2025-12-05 07:42:07] Importing init.c.b3759d16.trap (init.c.b3759d16_0.trap.tar.zst) for lwip_httpsrv_freertos.elf.link (476 of 782)
[2025-12-05 07:42:07] Importing netif.h.3d8eb1c7.trap (ip.c.0f9fab3a_0.trap.tar.zst) for lwip_httpsrv_freertos.elf.link (477 of 782)
[2025-12-05 07:42:07] Importing ip.c.0f9fab3a.trap (ip.c.0f9fab3a_0.trap.tar.zst) for lwip_httpsrv_freertos.elf.link (478 of 782)
[2025-12-05 07:42:07] Importing acd.c.bcf9c043.trap (acd.c.bcf9c043_0.trap.tar.zst) for lwip_httpsrv_freertos.elf.link (479 of 782)
[2025-12-05 07:42:07] Importing autoip.c.bc582c95.trap (autoip.c.bc582c95_0.trap.tar.zst) for lwip_httpsrv_freertos.elf.link (480 of 782)
[2025-12-05 07:42:07] Importing dhcp.h.626f7ea3.trap (dhcp.c.c8ff519e_0.trap.tar.zst) for lwip_httpsrv_freertos.elf.link (481 of 782)
[2025-12-05 07:42:07] Importing dhcp.c.c8ff519e.trap (dhcp.c.c8ff519e_0.trap.tar.zst) for lwip_httpsrv_freertos.elf.link (482 of 782)
[2025-12-05 07:42:07] Importing iana.h.2cbab457.trap (etharp.c.74899340_0.trap.tar.zst) for lwip_httpsrv_freertos.elf.link (483 of 782)
[2025-12-05 07:42:07] Importing etharp.c.74899340.trap (etharp.c.74899340_0.trap.tar.zst) for lwip_httpsrv_freertos.elf.link (484 of 782)
[2025-12-05 07:42:07] Importing icmp.c.5893dbac.trap (icmp.c.5893dbac_0.trap.tar.zst) for lwip_httpsrv_freertos.elf.link (485 of 782)
[2025-12-05 07:42:07] Importing igmp.h.a75ffc05.trap (igmp.c.aef4a4ae_0.trap.tar.zst) for lwip_httpsrv_freertos.elf.link (486 of 782)
[2025-12-05 07:42:07] Importing igmp.c.aef4a4ae.trap (igmp.c.aef4a4ae_0.trap.tar.zst) for lwip_httpsrv_freertos.elf.link (487 of 782)
[2025-12-05 07:42:07] Importing ip4.c.c806e1ee.trap (ip4.c.c806e1ee_0.trap.tar.zst) for lwip_httpsrv_freertos.elf.link (488 of 782)
[2025-12-05 07:42:08] Importing ip4_addr.c.bed8252f.trap (ip4_addr.c.bed8252f_0.trap.tar.zst) for lwip_httpsrv_freertos.elf.link (489 of 782)
[2025-12-05 07:42:08] Importing ip4_frag.c.fe6c97c5.trap (ip4_frag.c.fe6c97c5_0.trap.tar.zst) for lwip_httpsrv_freertos.elf.link (490 of 782)
[2025-12-05 07:42:08] Importing dhcp6.c.21c4582f.trap (dhcp6.c.21c4582f_0.trap.tar.zst) for lwip_httpsrv_freertos.elf.link (491 of 782)
[2025-12-05 07:42:08] Importing ethip6.h.0177aa84.trap (ethip6.c.2dd5ad97_0.trap.tar.zst) for lwip_httpsrv_freertos.elf.link (492 of 782)
[2025-12-05 07:42:08] Importing ethip6.c.2dd5ad97.trap (ethip6.c.2dd5ad97_0.trap.tar.zst) for lwip_httpsrv_freertos.elf.link (493 of 782)
[2025-12-05 07:42:08] Importing icmp6.c.db2a51a2.trap (icmp6.c.db2a51a2_0.trap.tar.zst) for lwip_httpsrv_freertos.elf.link (494 of 782)
[2025-12-05 07:42:08] Importing inet6.c.a8b341e5.trap (inet6.c.a8b341e5_0.trap.tar.zst) for lwip_httpsrv_freertos.elf.link (495 of 782)
[2025-12-05 07:42:08] Importing ip6.c.9bdac76b.trap (ip6.c.9bdac76b_0.trap.tar.zst) for lwip_httpsrv_freertos.elf.link (496 of 782)
[2025-12-05 07:42:08] Importing ip6_addr.c.d3cdee4f.trap (ip6_addr.c.d3cdee4f_0.trap.tar.zst) for lwip_httpsrv_freertos.elf.link (497 of 782)
[2025-12-05 07:42:08] Importing ip6_frag.h.66abbf99.trap (ip6_frag.c.87da3f9d_0.trap.tar.zst) for lwip_httpsrv_freertos.elf.link (498 of 782)
[2025-12-05 07:42:08] Importing ip6_frag.c.87da3f9d.trap (ip6_frag.c.87da3f9d_0.trap.tar.zst) for lwip_httpsrv_freertos.elf.link (499 of 782)
[2025-12-05 07:42:08] Importing mld6.h.ec0fd293.trap (mld6.c.3898fb97_0.trap.tar.zst) for lwip_httpsrv_freertos.elf.link (500 of 782)
[2025-12-05 07:42:08] Importing mld6.c.3898fb97.trap (mld6.c.3898fb97_0.trap.tar.zst) for lwip_httpsrv_freertos.elf.link (501 of 782)
[2025-12-05 07:42:08] Importing pbuf.h.798f1266.trap (nd6.c.b4de7f0c_0.trap.tar.zst) for lwip_httpsrv_freertos.elf.link (502 of 782)
[2025-12-05 07:42:08] Importing netif.h.fc20966f.trap (nd6.c.b4de7f0c_0.trap.tar.zst) for lwip_httpsrv_freertos.elf.link (503 of 782)
[2025-12-05 07:42:08] Importing nd6.h.03c4f938.trap (nd6.c.b4de7f0c_0.trap.tar.zst) for lwip_httpsrv_freertos.elf.link (504 of 782)
[2025-12-05 07:42:08] Importing nd6.c.b4de7f0c.trap (nd6.c.b4de7f0c_0.trap.tar.zst) for lwip_httpsrv_freertos.elf.link (505 of 782)
[2025-12-05 07:42:08] Importing stdio.h.803036d7.trap (mem.c.84ec0c36_0.trap.tar.zst) for lwip_httpsrv_freertos.elf.link (506 of 782)
[2025-12-05 07:42:08] Importing mem.c.84ec0c36.trap (mem.c.84ec0c36_0.trap.tar.zst) for lwip_httpsrv_freertos.elf.link (507 of 782)
[2025-12-05 07:42:08] Importing tcp.h.53cc0a35.trap (memp.c.e8617787_0.trap.tar.zst) for lwip_httpsrv_freertos.elf.link (508 of 782)
[2025-12-05 07:42:08] Importing altcp.h.5c3f9dcb.trap (memp.c.e8617787_0.trap.tar.zst) for lwip_httpsrv_freertos.elf.link (509 of 782)
[2025-12-05 07:42:08] Importing ip4_frag.h.ab077d5f.trap (memp.c.e8617787_0.trap.tar.zst) for lwip_httpsrv_freertos.elf.link (510 of 782)
[2025-12-05 07:42:08] Importing nd6_priv.h.fbb34d30.trap (memp.c.e8617787_0.trap.tar.zst) for lwip_httpsrv_freertos.elf.link (511 of 782)
[2025-12-05 07:42:08] Importing ip6_frag.h.39e57548.trap (memp.c.e8617787_0.trap.tar.zst) for lwip_httpsrv_freertos.elf.link (512 of 782)
[2025-12-05 07:42:08] Importing memp_std.h.2b83b563.trap (memp.c.e8617787_0.trap.tar.zst) for lwip_httpsrv_freertos.elf.link (513 of 782)
[2025-12-05 07:42:08] Importing memp_std.h.ba267ca8.trap (memp.c.e8617787_0.trap.tar.zst) for lwip_httpsrv_freertos.elf.link (514 of 782)
[2025-12-05 07:42:08] Importing memp.c.e8617787.trap (memp.c.e8617787_0.trap.tar.zst) for lwip_httpsrv_freertos.elf.link (515 of 782)
[2025-12-05 07:42:08] Importing tcp.h.0e4da9c4.trap (netif.c.9584bc8b_0.trap.tar.zst) for lwip_httpsrv_freertos.elf.link (516 of 782)
[2025-12-05 07:42:08] Importing raw_priv.h.6946291e.trap (netif.c.9584bc8b_0.trap.tar.zst) for lwip_httpsrv_freertos.elf.link (517 of 782)
[2025-12-05 07:42:08] Importing snmp.h.bb704de4.trap (netif.c.9584bc8b_0.trap.tar.zst) for lwip_httpsrv_freertos.elf.link (518 of 782)
[2025-12-05 07:42:08] Importing netif.c.9584bc8b.trap (netif.c.9584bc8b_0.trap.tar.zst) for lwip_httpsrv_freertos.elf.link (519 of 782)
[2025-12-05 07:42:08] Importing pbuf.c.057f4768.trap (pbuf.c.057f4768_0.trap.tar.zst) for lwip_httpsrv_freertos.elf.link (520 of 782)
[2025-12-05 07:42:08] Importing raw.c.06f241a7.trap (raw.c.06f241a7_0.trap.tar.zst) for lwip_httpsrv_freertos.elf.link (521 of 782)
[2025-12-05 07:42:08] Importing stats.c.1d280039.trap (stats.c.1d280039_0.trap.tar.zst) for lwip_httpsrv_freertos.elf.link (522 of 782)
[2025-12-05 07:42:08] Importing sys.c.f8ddfb1d.trap (sys.c.f8ddfb1d_0.trap.tar.zst) for lwip_httpsrv_freertos.elf.link (523 of 782)
[2025-12-05 07:42:08] Importing tcp.c.bd053973.trap (tcp.c.bd053973_0.trap.tar.zst) for lwip_httpsrv_freertos.elf.link (524 of 782)
[2025-12-05 07:42:08] Importing tcp_in.c.3e94268a.trap (tcp_in.c.3e94268a_0.trap.tar.zst) for lwip_httpsrv_freertos.elf.link (525 of 782)
[2025-12-05 07:42:08] Importing tcp_out.c.97fe3d24.trap (tcp_out.c.97fe3d24_0.trap.tar.zst) for lwip_httpsrv_freertos.elf.link (526 of 782)
[2025-12-05 07:42:08] Importing pbuf.h.73de7255.trap (timeouts.c.10a3ed2b_0.trap.tar.zst) for lwip_httpsrv_freertos.elf.link (527 of 782)
[2025-12-05 07:42:08] Importing netif.h.8cdb588b.trap (timeouts.c.10a3ed2b_0.trap.tar.zst) for lwip_httpsrv_freertos.elf.link (528 of 782)
[2025-12-05 07:42:08] Importing udp.h.f47d6b24.trap (timeouts.c.10a3ed2b_0.trap.tar.zst) for lwip_httpsrv_freertos.elf.link (529 of 782)
[2025-12-05 07:42:08] Importing acd.h.dc398f68.trap (timeouts.c.10a3ed2b_0.trap.tar.zst) for lwip_httpsrv_freertos.elf.link (530 of 782)
[2025-12-05 07:42:08] Importing dhcp6.h.829e8c3e.trap (timeouts.c.10a3ed2b_0.trap.tar.zst) for lwip_httpsrv_freertos.elf.link (531 of 782)
[2025-12-05 07:42:08] Importing timeouts.c.10a3ed2b.trap (timeouts.c.10a3ed2b_0.trap.tar.zst) for lwip_httpsrv_freertos.elf.link (532 of 782)
[2025-12-05 07:42:08] Importing udp.c.891c432d.trap (udp.c.891c432d_0.trap.tar.zst) for lwip_httpsrv_freertos.elf.link (533 of 782)
[2025-12-05 07:42:08] Importing bridgeif_opts.h.edd4f583.trap (bridgeif.c.9dc35bb3_0.trap.tar.zst) for lwip_httpsrv_freertos.elf.link (534 of 782)
[2025-12-05 07:42:08] Importing netif.h.e48c318d.trap (bridgeif.c.9dc35bb3_0.trap.tar.zst) for lwip_httpsrv_freertos.elf.link (535 of 782)
[2025-12-05 07:42:08] Importing bridgeif.h.7d37f2d0.trap (bridgeif.c.9dc35bb3_0.trap.tar.zst) for lwip_httpsrv_freertos.elf.link (536 of 782)
[2025-12-05 07:42:08] Importing snmp.h.9b76ee3b.trap (bridgeif.c.9dc35bb3_0.trap.tar.zst) for lwip_httpsrv_freertos.elf.link (537 of 782)
[2025-12-05 07:42:08] Importing bridgeif.c.9dc35bb3.trap (bridgeif.c.9dc35bb3_0.trap.tar.zst) for lwip_httpsrv_freertos.elf.link (538 of 782)
[2025-12-05 07:42:08] Importing netif.h.3c278604.trap (bridgeif_fdb.c.3aed1dd8_0.trap.tar.zst) for lwip_httpsrv_freertos.elf.link (539 of 782)
[2025-12-05 07:42:08] Importing bridgeif_fdb.c.3aed1dd8.trap (bridgeif_fdb.c.3aed1dd8_0.trap.tar.zst) for lwip_httpsrv_freertos.elf.link (540 of 782)
[2025-12-05 07:42:08] Importing ethernet.c.8c51caef.trap (ethernet.c.8c51caef_0.trap.tar.zst) for lwip_httpsrv_freertos.elf.link (541 of 782)
[2025-12-05 07:42:08] Importing lowpan6_opts.h.522b43aa.trap (lowpan6.c.48af3a93_0.trap.tar.zst) for lwip_httpsrv_freertos.elf.link (542 of 782)
[2025-12-05 07:42:08] Importing lowpan6_common.h.f255f462.trap (lowpan6.c.48af3a93_0.trap.tar.zst) for lwip_httpsrv_freertos.elf.link (543 of 782)
[2025-12-05 07:42:08] Importing lowpan6.h.663e920c.trap (lowpan6.c.48af3a93_0.trap.tar.zst) for lwip_httpsrv_freertos.elf.link (544 of 782)
[2025-12-05 07:42:08] Importing ieee802154.h.44974a8f.trap (lowpan6.c.48af3a93_0.trap.tar.zst) for lwip_httpsrv_freertos.elf.link (545 of 782)
[2025-12-05 07:42:08] Importing lowpan6.c.48af3a93.trap (lowpan6.c.48af3a93_0.trap.tar.zst) for lwip_httpsrv_freertos.elf.link (546 of 782)
[2025-12-05 07:42:08] Importing lowpan6_ble.h.41b88e28.trap (lowpan6_ble.c.bb703ab0_0.trap.tar.zst) for lwip_httpsrv_freertos.elf.link (547 of 782)
[2025-12-05 07:42:08] Importing lowpan6_ble.c.bb703ab0.trap (lowpan6_ble.c.bb703ab0_0.trap.tar.zst) for lwip_httpsrv_freertos.elf.link (548 of 782)
[2025-12-05 07:42:08] Importing lowpan6_common.c.23e78576.trap (lowpan6_common.c.23e78576_0.trap.tar.zst) for lwip_httpsrv_freertos.elf.link (549 of 782)
[2025-12-05 07:42:08] Importing auth.c.fc47b643.trap (auth.c.fc47b643_0.trap.tar.zst) for lwip_httpsrv_freertos.elf.link (550 of 782)
[2025-12-05 07:42:08] Importing ccp.c.c35203bb.trap (ccp.c.c35203bb_0.trap.tar.zst) for lwip_httpsrv_freertos.elf.link (551 of 782)
[2025-12-05 07:42:08] Importing chap-md5.c.cd18bc3f.trap (chap-md5.c.cd18bc3f_0.trap.tar.zst) for lwip_httpsrv_freertos.elf.link (552 of 782)
[2025-12-05 07:42:08] Importing chap-new.c.563f74a7.trap (chap-new.c.563f74a7_0.trap.tar.zst) for lwip_httpsrv_freertos.elf.link (553 of 782)
[2025-12-05 07:42:08] Importing chap_ms.c.f37dbad9.trap (chap_ms.c.f37dbad9_0.trap.tar.zst) for lwip_httpsrv_freertos.elf.link (554 of 782)
[2025-12-05 07:42:08] Importing demand.c.423b8773.trap (demand.c.423b8773_0.trap.tar.zst) for lwip_httpsrv_freertos.elf.link (555 of 782)
[2025-12-05 07:42:08] Importing eap.c.1fb9b3d6.trap (eap.c.1fb9b3d6_0.trap.tar.zst) for lwip_httpsrv_freertos.elf.link (556 of 782)
[2025-12-05 07:42:08] Importing ecp.c.9579e4b6.trap (ecp.c.9579e4b6_0.trap.tar.zst) for lwip_httpsrv_freertos.elf.link (557 of 782)
[2025-12-05 07:42:08] Importing eui64.c.c309e502.trap (eui64.c.c309e502_0.trap.tar.zst) for lwip_httpsrv_freertos.elf.link (558 of 782)
[2025-12-05 07:42:08] Importing fsm.c.ffb08798.trap (fsm.c.ffb08798_0.trap.tar.zst) for lwip_httpsrv_freertos.elf.link (559 of 782)
[2025-12-05 07:42:08] Importing ipcp.c.18da530b.trap (ipcp.c.18da530b_0.trap.tar.zst) for lwip_httpsrv_freertos.elf.link (560 of 782)
[2025-12-05 07:42:08] Importing ipv6cp.c.d4d8a37d.trap (ipv6cp.c.d4d8a37d_0.trap.tar.zst) for lwip_httpsrv_freertos.elf.link (561 of 782)
[2025-12-05 07:42:08] Importing lcp.c.62a8adf6.trap (lcp.c.62a8adf6_0.trap.tar.zst) for lwip_httpsrv_freertos.elf.link (562 of 782)
[2025-12-05 07:42:08] Importing magic.c.04814a79.trap (magic.c.04814a79_0.trap.tar.zst) for lwip_httpsrv_freertos.elf.link (563 of 782)
[2025-12-05 07:42:08] Importing mppe.c.cca238f7.trap (mppe.c.cca238f7_0.trap.tar.zst) for lwip_httpsrv_freertos.elf.link (564 of 782)
[2025-12-05 07:42:08] Importing multilink.c.8d76505c.trap (multilink.c.8d76505c_0.trap.tar.zst) for lwip_httpsrv_freertos.elf.link (565 of 782)
[2025-12-05 07:42:08] Importing arc4.c.e3029f77.trap (arc4.c.e3029f77_0.trap.tar.zst) for lwip_httpsrv_freertos.elf.link (566 of 782)
[2025-12-05 07:42:08] Importing des.c.310c7bb1.trap (des.c.310c7bb1_0.trap.tar.zst) for lwip_httpsrv_freertos.elf.link (567 of 782)
[2025-12-05 07:42:08] Importing md4.c.1ca86465.trap (md4.c.1ca86465_0.trap.tar.zst) for lwip_httpsrv_freertos.elf.link (568 of 782)
[2025-12-05 07:42:08] Importing md5.c.d4fc0148.trap (md5.c.d4fc0148_0.trap.tar.zst) for lwip_httpsrv_freertos.elf.link (569 of 782)
[2025-12-05 07:42:08] Importing sha1.c.ee10ae2f.trap (sha1.c.ee10ae2f_0.trap.tar.zst) for lwip_httpsrv_freertos.elf.link (570 of 782)
[2025-12-05 07:42:08] Importing ppp.c.0f549ba4.trap (ppp.c.0f549ba4_0.trap.tar.zst) for lwip_httpsrv_freertos.elf.link (571 of 782)
[2025-12-05 07:42:08] Importing pppapi.c.e1615773.trap (pppapi.c.e1615773_0.trap.tar.zst) for lwip_httpsrv_freertos.elf.link (572 of 782)
[2025-12-05 07:42:08] Importing pppcrypt.c.1d4867da.trap (pppcrypt.c.1d4867da_0.trap.tar.zst) for lwip_httpsrv_freertos.elf.link (573 of 782)
[2025-12-05 07:42:08] Importing pppoe.c.de52e544.trap (pppoe.c.de52e544_0.trap.tar.zst) for lwip_httpsrv_freertos.elf.link (574 of 782)
[2025-12-05 07:42:08] Importing pppol2tp.c.82e9d13e.trap (pppol2tp.c.82e9d13e_0.trap.tar.zst) for lwip_httpsrv_freertos.elf.link (575 of 782)
[2025-12-05 07:42:08] Importing pppos.c.62e3995d.trap (pppos.c.62e3995d_0.trap.tar.zst) for lwip_httpsrv_freertos.elf.link (576 of 782)
[2025-12-05 07:42:08] Importing upap.c.f24cefe5.trap (upap.c.f24cefe5_0.trap.tar.zst) for lwip_httpsrv_freertos.elf.link (577 of 782)
[2025-12-05 07:42:08] Importing utils.c.1cb66ad1.trap (utils.c.1cb66ad1_0.trap.tar.zst) for lwip_httpsrv_freertos.elf.link (578 of 782)
[2025-12-05 07:42:08] Importing vj.c.eb3f8bad.trap (vj.c.eb3f8bad_0.trap.tar.zst) for lwip_httpsrv_freertos.elf.link (579 of 782)
[2025-12-05 07:42:08] Importing slipif.h.6c07c56d.trap (slipif.c.19c2b8c6_0.trap.tar.zst) for lwip_httpsrv_freertos.elf.link (580 of 782)
[2025-12-05 07:42:08] Importing slipif.c.19c2b8c6.trap (slipif.c.19c2b8c6_0.trap.tar.zst) for lwip_httpsrv_freertos.elf.link (581 of 782)
[2025-12-05 07:42:08] Importing zepif.h.964546a6.trap (zepif.c.16af628d_0.trap.tar.zst) for lwip_httpsrv_freertos.elf.link (582 of 782)
[2025-12-05 07:42:08] Importing zepif.c.16af628d.trap (zepif.c.16af628d_0.trap.tar.zst) for lwip_httpsrv_freertos.elf.link (583 of 782)
[2025-12-05 07:42:08] Importing croutine.h.092d1f74.trap (croutine.c.e610d980_0.trap.tar.zst) for lwip_httpsrv_freertos.elf.link (584 of 782)
[2025-12-05 07:42:08] Importing croutine.c.e610d980.trap (croutine.c.e610d980_0.trap.tar.zst) for lwip_httpsrv_freertos.elf.link (585 of 782)
[2025-12-05 07:42:08] Importing timers.h.9c586c83.trap (event_groups.c.0037ccfe_0.trap.tar.zst) for lwip_httpsrv_freertos.elf.link (586 of 782)
[2025-12-05 07:42:08] Importing event_groups.h.b2d98639.trap (event_groups.c.0037ccfe_0.trap.tar.zst) for lwip_httpsrv_freertos.elf.link (587 of 782)
[2025-12-05 07:42:08] Importing event_groups.c.0037ccfe.trap (event_groups.c.0037ccfe_0.trap.tar.zst) for lwip_httpsrv_freertos.elf.link (588 of 782)
[2025-12-05 07:42:08] Importing list.c.e860299a.trap (list.c.e860299a_0.trap.tar.zst) for lwip_httpsrv_freertos.elf.link (589 of 782)
[2025-12-05 07:42:08] Importing event_groups.h.a7b492a3.trap (mpu_wrappers_v2_asm.c.178f324f_0.trap.tar.zst) for lwip_httpsrv_freertos.elf.link (590 of 782)
[2025-12-05 07:42:08] Importing stream_buffer.h.07b61075.trap (mpu_wrappers_v2_asm.c.178f324f_0.trap.tar.zst) for lwip_httpsrv_freertos.elf.link (591 of 782)
[2025-12-05 07:42:08] Importing mpu_prototypes.h.7e95f32a.trap (mpu_wrappers_v2_asm.c.178f324f_0.trap.tar.zst) for lwip_httpsrv_freertos.elf.link (592 of 782)
[2025-12-05 07:42:08] Importing mpu_syscall_numbers.h.f8ac58a9.trap (mpu_wrappers_v2_asm.c.178f324f_0.trap.tar.zst) for lwip_httpsrv_freertos.elf.link (593 of 782)
[2025-12-05 07:42:08] Importing mpu_wrappers_v2_asm.c.178f324f.trap (mpu_wrappers_v2_asm.c.178f324f_0.trap.tar.zst) for lwip_httpsrv_freertos.elf.link (594 of 782)
[2025-12-05 07:42:08] Importing port.c.55de4e1c.trap (port.c.55de4e1c_0.trap.tar.zst) for lwip_httpsrv_freertos.elf.link (595 of 782)
[2025-12-05 07:42:08] Importing portasm.h.43c4ce67.trap (portasm.c.d26631b1_0.trap.tar.zst) for lwip_httpsrv_freertos.elf.link (596 of 782)
[2025-12-05 07:42:08] Importing portasm.c.d26631b1.trap (portasm.c.d26631b1_0.trap.tar.zst) for lwip_httpsrv_freertos.elf.link (597 of 782)
[2025-12-05 07:42:08] Importing heap_3.c.132fea54.trap (heap_3.c.132fea54_0.trap.tar.zst) for lwip_httpsrv_freertos.elf.link (598 of 782)
[2025-12-05 07:42:08] Importing queue.h.bbf08bcf.trap (queue.c.340e4bf6_0.trap.tar.zst) for lwip_httpsrv_freertos.elf.link (599 of 782)
[2025-12-05 07:42:08] Importing queue.c.340e4bf6.trap (queue.c.340e4bf6_0.trap.tar.zst) for lwip_httpsrv_freertos.elf.link (600 of 782)
[2025-12-05 07:42:08] Importing stream_buffer.h.c1a26245.trap (stream_buffer.c.c173509f_0.trap.tar.zst) for lwip_httpsrv_freertos.elf.link (601 of 782)
[2025-12-05 07:42:08] Importing stream_buffer.c.c173509f.trap (stream_buffer.c.c173509f_0.trap.tar.zst) for lwip_httpsrv_freertos.elf.link (602 of 782)
[2025-12-05 07:42:08] Importing task.h.d3b8ef16.trap (tasks.c.2610e9ad_0.trap.tar.zst) for lwip_httpsrv_freertos.elf.link (603 of 782)
[2025-12-05 07:42:08] Importing stack_macros.h.8743b952.trap (tasks.c.2610e9ad_0.trap.tar.zst) for lwip_httpsrv_freertos.elf.link (604 of 782)
[2025-12-05 07:42:08] Importing stddef.h.3a9173b9.trap (tasks.c.2610e9ad_0.trap.tar.zst) for lwip_httpsrv_freertos.elf.link (605 of 782)
[2025-12-05 07:42:08] Importing stdarg.h.a9bd73fc.trap (tasks.c.2610e9ad_0.trap.tar.zst) for lwip_httpsrv_freertos.elf.link (606 of 782)
[2025-12-05 07:42:08] Importing stdio.h.ded90bc6.trap (tasks.c.2610e9ad_0.trap.tar.zst) for lwip_httpsrv_freertos.elf.link (607 of 782)
[2025-12-05 07:42:08] Importing stdio.h.c13ba0c2.trap (tasks.c.2610e9ad_0.trap.tar.zst) for lwip_httpsrv_freertos.elf.link (608 of 782)
[2025-12-05 07:42:08] Importing freertos_tasks_c_additions.h.ac78db11.trap (tasks.c.2610e9ad_0.trap.tar.zst) for lwip_httpsrv_freertos.elf.link (609 of 782)
[2025-12-05 07:42:08] Importing tasks.c.2610e9ad.trap (tasks.c.2610e9ad_0.trap.tar.zst) for lwip_httpsrv_freertos.elf.link (610 of 782)
[2025-12-05 07:42:08] Importing timers.h.66497b9e.trap (timers.c.843f2197_0.trap.tar.zst) for lwip_httpsrv_freertos.elf.link (611 of 782)
[2025-12-05 07:42:08] Importing timers.c.843f2197.trap (timers.c.843f2197_0.trap.tar.zst) for lwip_httpsrv_freertos.elf.link (612 of 782)
[2025-12-05 07:42:08] Importing 23646593_0.trap.zst for lwip_httpsrv_freertos.elf.link (613 of 782)
[2025-12-05 07:42:08] Importing 25031891_0.trap.zst for lwip_httpsrv_freertos.elf.link (614 of 782)
[2025-12-05 07:42:08] Importing 54573727_0.trap.zst for lwip_httpsrv_freertos.elf.link (615 of 782)
[2025-12-05 07:42:08] Importing 43571681_0.trap.zst for lwip_httpsrv_freertos.elf.link (616 of 782)
[2025-12-05 07:42:08] Importing 8584147_0.trap.zst for lwip_httpsrv_freertos.elf.link (617 of 782)
[2025-12-05 07:42:08] Importing 35702647_0.trap.zst for lwip_httpsrv_freertos.elf.link (618 of 782)
[2025-12-05 07:42:08] Importing 43377141_0.trap.zst for lwip_httpsrv_freertos.elf.link (619 of 782)
[2025-12-05 07:42:08] Importing 65448347_0.trap.zst for lwip_httpsrv_freertos.elf.link (620 of 782)
[2025-12-05 07:42:08] Importing 15252126_0.trap.zst for lwip_httpsrv_freertos.elf.link (621 of 782)
[2025-12-05 07:42:08] Importing 23554614_0.trap.zst for lwip_httpsrv_freertos.elf.link (622 of 782)
[2025-12-05 07:42:08] Importing 62566574_0.trap.zst for lwip_httpsrv_freertos.elf.link (623 of 782)
[2025-12-05 07:42:08] Importing 65479524_0.trap.zst for lwip_httpsrv_freertos.elf.link (624 of 782)
[2025-12-05 07:42:08] Importing 1096845_0.trap.zst for lwip_httpsrv_freertos.elf.link (625 of 782)
[2025-12-05 07:42:08] Importing 24203242_0.trap.zst for lwip_httpsrv_freertos.elf.link (626 of 782)
[2025-12-05 07:42:08] Importing 55489171_0.trap.zst for lwip_httpsrv_freertos.elf.link (627 of 782)
[2025-12-05 07:42:08] Importing 63011386_0.trap.zst for lwip_httpsrv_freertos.elf.link (628 of 782)
[2025-12-05 07:42:08] Importing 66925056_0.trap.zst for lwip_httpsrv_freertos.elf.link (629 of 782)
[2025-12-05 07:42:08] Importing 6846103_0.trap.zst for lwip_httpsrv_freertos.elf.link (630 of 782)
[2025-12-05 07:42:08] Importing 44269569_0.trap.zst for lwip_httpsrv_freertos.elf.link (631 of 782)
[2025-12-05 07:42:08] Importing 53400330_0.trap.zst for lwip_httpsrv_freertos.elf.link (632 of 782)
[2025-12-05 07:42:08] Importing 54714081_0.trap.zst for lwip_httpsrv_freertos.elf.link (633 of 782)
[2025-12-05 07:42:08] Importing 25779675_0.trap.zst for lwip_httpsrv_freertos.elf.link (634 of 782)
[2025-12-05 07:42:08] Importing 53164683_0.trap.zst for lwip_httpsrv_freertos.elf.link (635 of 782)
[2025-12-05 07:42:08] Importing 59889250_0.trap.zst for lwip_httpsrv_freertos.elf.link (636 of 782)
[2025-12-05 07:42:08] Importing 18378597_0.trap.zst for lwip_httpsrv_freertos.elf.link (637 of 782)
[2025-12-05 07:42:08] Importing 1893595_0.trap.zst for lwip_httpsrv_freertos.elf.link (638 of 782)
[2025-12-05 07:42:08] Importing 19998757_0.trap.zst for lwip_httpsrv_freertos.elf.link (639 of 782)
[2025-12-05 07:42:08] Importing 25240521_0.trap.zst for a.out.link (640 of 782)
[2025-12-05 07:42:08] Importing 16932347_0.trap.zst for lwip_httpsrv_freertos.elf.link (641 of 782)
[2025-12-05 07:42:08] Importing 17884914_0.trap.zst for lwip_httpsrv_freertos.elf.link (642 of 782)
[2025-12-05 07:42:08] Importing 51503236_0.trap.zst for lwip_httpsrv_freertos.elf.link (643 of 782)
[2025-12-05 07:42:08] Importing 58758922_0.trap.zst for lwip_httpsrv_freertos.elf.link (644 of 782)
[2025-12-05 07:42:08] Importing 55408740_0.trap.zst for lwip_httpsrv_freertos.elf.link (645 of 782)
[2025-12-05 07:42:08] Importing 11160272_0.trap.zst for lwip_httpsrv_freertos.elf.link (646 of 782)
[2025-12-05 07:42:08] Importing 38268106_0.trap.zst for lwip_httpsrv_freertos.elf.link (647 of 782)
[2025-12-05 07:42:08] Importing 59315639_0.trap.zst for lwip_httpsrv_freertos.elf.link (648 of 782)
[2025-12-05 07:42:08] Importing 64160408_0.trap.zst for lwip_httpsrv_freertos.elf.link (649 of 782)
[2025-12-05 07:42:08] Importing 66961725_0.trap.zst for lwip_httpsrv_freertos.elf.link (650 of 782)
[2025-12-05 07:42:08] Importing 2881693_0.trap.zst for lwip_httpsrv_freertos.elf.link (651 of 782)
[2025-12-05 07:42:08] Importing 31987628_0.trap.zst for lwip_httpsrv_freertos.elf.link (652 of 782)
[2025-12-05 07:42:08] Importing 44087199_0.trap.zst for lwip_httpsrv_freertos.elf.link (653 of 782)
[2025-12-05 07:42:08] Importing 53438263_0.trap.zst for lwip_httpsrv_freertos.elf.link (654 of 782)
[2025-12-05 07:42:08] Importing 54691967_0.trap.zst for lwip_httpsrv_freertos.elf.link (655 of 782)
[2025-12-05 07:42:08] Importing 58780598_0.trap.zst for lwip_httpsrv_freertos.elf.link (656 of 782)
[2025-12-05 07:42:08] Importing 8872774_0.trap.zst for lwip_httpsrv_freertos.elf.link (657 of 782)
[2025-12-05 07:42:08] Importing 11294630_0.trap.zst for lwip_httpsrv_freertos.elf.link (658 of 782)
[2025-12-05 07:42:08] Importing 17886422_0.trap.zst for lwip_httpsrv_freertos.elf.link (659 of 782)
[2025-12-05 07:42:08] Importing 17985397_0.trap.zst for lwip_httpsrv_freertos.elf.link (660 of 782)
[2025-12-05 07:42:08] Importing 43820973_0.trap.zst for lwip_httpsrv_freertos.elf.link (661 of 782)
[2025-12-05 07:42:08] Importing 4416179_0.trap.zst for lwip_httpsrv_freertos.elf.link (662 of 782)
[2025-12-05 07:42:08] Importing 1931760_0.trap.zst for lwip_httpsrv_freertos.elf.link (663 of 782)
[2025-12-05 07:42:08] Importing 5043370_0.trap.zst for lwip_httpsrv_freertos.elf.link (664 of 782)
[2025-12-05 07:42:08] Importing 59148924_0.trap.zst for lwip_httpsrv_freertos.elf.link (665 of 782)
[2025-12-05 07:42:08] Importing 37701470_0.trap.zst for lwip_httpsrv_freertos.elf.link (666 of 782)
[2025-12-05 07:42:08] Importing 4680295_0.trap.zst for lwip_httpsrv_freertos.elf.link (667 of 782)
[2025-12-05 07:42:08] Importing 21478187_0.trap.zst for lwip_httpsrv_freertos.elf.link (668 of 782)
[2025-12-05 07:42:08] Importing 24394106_0.trap.zst for lwip_httpsrv_freertos.elf.link (669 of 782)
[2025-12-05 07:42:08] Importing 56586006_0.trap.zst for lwip_httpsrv_freertos.elf.link (670 of 782)
[2025-12-05 07:42:08] Importing 22470903_0.trap.zst for lwip_httpsrv_freertos.elf.link (671 of 782)
[2025-12-05 07:42:08] Importing 57388731_0.trap.zst for lwip_httpsrv_freertos.elf.link (672 of 782)
[2025-12-05 07:42:08] Importing 28013339_0.trap.zst for lwip_httpsrv_freertos.elf.link (673 of 782)
[2025-12-05 07:42:08] Importing 30844153_0.trap.zst for lwip_httpsrv_freertos.elf.link (674 of 782)
[2025-12-05 07:42:08] Importing 51084897_0.trap.zst for lwip_httpsrv_freertos.elf.link (675 of 782)
[2025-12-05 07:42:08] Importing 65095818_0.trap.zst for lwip_httpsrv_freertos.elf.link (676 of 782)
[2025-12-05 07:42:08] Importing 30283204_0.trap.zst for lwip_httpsrv_freertos.elf.link (677 of 782)
[2025-12-05 07:42:08] Importing 4310380_0.trap.zst for lwip_httpsrv_freertos.elf.link (678 of 782)
[2025-12-05 07:42:08] Importing 57252955_0.trap.zst for lwip_httpsrv_freertos.elf.link (679 of 782)
[2025-12-05 07:42:08] Importing 19310604_0.trap.zst for a.out.link (680 of 782)
[2025-12-05 07:42:08] Importing 1953589_0.trap.zst for lwip_httpsrv_freertos.elf.link (681 of 782)
[2025-12-05 07:42:08] Importing 20812572_0.trap.zst for lwip_httpsrv_freertos.elf.link (682 of 782)
[2025-12-05 07:42:08] Importing 9465270_0.trap.zst for lwip_httpsrv_freertos.elf.link (683 of 782)
[2025-12-05 07:42:08] Importing 26289751_0.trap.zst for lwip_httpsrv_freertos.elf.link (684 of 782)
[2025-12-05 07:42:08] Importing 54337429_0.trap.zst for lwip_httpsrv_freertos.elf.link (685 of 782)
[2025-12-05 07:42:08] Importing 17284764_0.trap.zst for lwip_httpsrv_freertos.elf.link (686 of 782)
[2025-12-05 07:42:08] Importing 25192255_0.trap.zst for lwip_httpsrv_freertos.elf.link (687 of 782)
[2025-12-05 07:42:08] Importing 40296308_0.trap.zst for lwip_httpsrv_freertos.elf.link (688 of 782)
[2025-12-05 07:42:08] Importing 20779721_0.trap.zst for lwip_httpsrv_freertos.elf.link (689 of 782)
[2025-12-05 07:42:08] Importing 65492490_0.trap.zst for lwip_httpsrv_freertos.elf.link (690 of 782)
[2025-12-05 07:42:08] Importing 44201538_0.trap.zst for lwip_httpsrv_freertos.elf.link (691 of 782)
[2025-12-05 07:42:08] Importing 18404857_0.trap.zst for lwip_httpsrv_freertos.elf.link (692 of 782)
[2025-12-05 07:42:08] Importing 40376386_0.trap.zst for lwip_httpsrv_freertos.elf.link (693 of 782)
[2025-12-05 07:42:08] Importing 54739515_0.trap.zst for lwip_httpsrv_freertos.elf.link (694 of 782)
[2025-12-05 07:42:08] Importing 10128256_0.trap.zst for lwip_httpsrv_freertos.elf.link (695 of 782)
[2025-12-05 07:42:08] Importing 40310064_0.trap.zst for lwip_httpsrv_freertos.elf.link (696 of 782)
[2025-12-05 07:42:08] Importing 53645297_0.trap.zst for lwip_httpsrv_freertos.elf.link (697 of 782)
[2025-12-05 07:42:08] Importing 60691498_0.trap.zst for lwip_httpsrv_freertos.elf.link (698 of 782)
[2025-12-05 07:42:08] Importing 58080945_0.trap.zst for lwip_httpsrv_freertos.elf.link (699 of 782)
[2025-12-05 07:42:08] Importing 6821150_0.trap.zst for lwip_httpsrv_freertos.elf.link (700 of 782)
[2025-12-05 07:42:08] Importing 16326382_0.trap.zst for lwip_httpsrv_freertos.elf.link (701 of 782)
[2025-12-05 07:42:08] Importing 29425566_0.trap.zst for lwip_httpsrv_freertos.elf.link (702 of 782)
[2025-12-05 07:42:08] Importing 49077407_0.trap.zst for lwip_httpsrv_freertos.elf.link (703 of 782)
[2025-12-05 07:42:08] Importing 49175754_0.trap.zst for lwip_httpsrv_freertos.elf.link (704 of 782)
[2025-12-05 07:42:08] Importing 64270090_0.trap.zst for a.out.link (705 of 782)
[2025-12-05 07:42:08] Importing 2566655_0.trap.zst for lwip_httpsrv_freertos.elf.link (706 of 782)
[2025-12-05 07:42:08] Importing 19882063_0.trap.zst for lwip_httpsrv_freertos.elf.link (707 of 782)
[2025-12-05 07:42:08] Importing 3531483_0.trap.zst for lwip_httpsrv_freertos.elf.link (708 of 782)
[2025-12-05 07:42:08] Importing 28373043_0.trap.zst for lwip_httpsrv_freertos.elf.link (709 of 782)
[2025-12-05 07:42:08] Importing 56448553_0.trap.zst for lwip_httpsrv_freertos.elf.link (710 of 782)
[2025-12-05 07:42:08] Importing 6436298_0.trap.zst for lwip_httpsrv_freertos.elf.link (711 of 782)
[2025-12-05 07:42:08] Importing 29502115_0.trap.zst for lwip_httpsrv_freertos.elf.link (712 of 782)
[2025-12-05 07:42:08] Importing 37695543_0.trap.zst for lwip_httpsrv_freertos.elf.link (713 of 782)
[2025-12-05 07:42:08] Importing 10337560_0.trap.zst for lwip_httpsrv_freertos.elf.link (714 of 782)
[2025-12-05 07:42:08] Importing 10372043_0.trap.zst for lwip_httpsrv_freertos.elf.link (715 of 782)
[2025-12-05 07:42:08] Importing 27763387_0.trap.zst for lwip_httpsrv_freertos.elf.link (716 of 782)
[2025-12-05 07:42:08] Importing 66970810_0.trap.zst for a.out.link (717 of 782)
[2025-12-05 07:42:08] Importing 19337932_0.trap.zst for lwip_httpsrv_freertos.elf.link (718 of 782)
[2025-12-05 07:42:08] Importing 7569617_0.trap.zst for lwip_httpsrv_freertos.elf.link (719 of 782)
[2025-12-05 07:42:08] Importing 25499982_0.trap.zst for lwip_httpsrv_freertos.elf.link (720 of 782)
[2025-12-05 07:42:08] Importing 24513121_0.trap.zst for lwip_httpsrv_freertos.elf.link (721 of 782)
[2025-12-05 07:42:08] Importing 62160316_0.trap.zst for lwip_httpsrv_freertos.elf.link (722 of 782)
[2025-12-05 07:42:08] Importing 10075166_0.trap.zst for lwip_httpsrv_freertos.elf.link (723 of 782)
[2025-12-05 07:42:08] Importing 23837524_0.trap.zst for lwip_httpsrv_freertos.elf.link (724 of 782)
[2025-12-05 07:42:08] Importing 29822495_0.trap.zst for lwip_httpsrv_freertos.elf.link (725 of 782)
[2025-12-05 07:42:08] Importing 44649493_0.trap.zst for lwip_httpsrv_freertos.elf.link (726 of 782)
[2025-12-05 07:42:08] Importing 52862141_0.trap.zst for lwip_httpsrv_freertos.elf.link (727 of 782)
[2025-12-05 07:42:08] Importing 21410310_0.trap.zst for lwip_httpsrv_freertos.elf.link (728 of 782)
[2025-12-05 07:42:08] Importing 61543452_0.trap.zst for lwip_httpsrv_freertos.elf.link (729 of 782)
[2025-12-05 07:42:08] Importing 64406526_0.trap.zst for lwip_httpsrv_freertos.elf.link (730 of 782)
[2025-12-05 07:42:08] Importing 34841678_0.trap.zst for lwip_httpsrv_freertos.elf.link (731 of 782)
[2025-12-05 07:42:08] Importing 60023049_0.trap.zst for lwip_httpsrv_freertos.elf.link (732 of 782)
[2025-12-05 07:42:08] Importing 61669560_0.trap.zst for lwip_httpsrv_freertos.elf.link (733 of 782)
[2025-12-05 07:42:08] Importing 66004105_0.trap.zst for lwip_httpsrv_freertos.elf.link (734 of 782)
[2025-12-05 07:42:08] Importing 33171284_0.trap.zst for lwip_httpsrv_freertos.elf.link (735 of 782)
[2025-12-05 07:42:08] Importing 46876065_0.trap.zst for lwip_httpsrv_freertos.elf.link (736 of 782)
[2025-12-05 07:42:08] Importing 52454295_0.trap.zst for lwip_httpsrv_freertos.elf.link (737 of 782)
[2025-12-05 07:42:08] Importing 18853763_0.trap.zst for lwip_httpsrv_freertos.elf.link (738 of 782)
[2025-12-05 07:42:08] Importing 45592908_0.trap.zst for lwip_httpsrv_freertos.elf.link (739 of 782)
[2025-12-05 07:42:08] Importing 13947803_0.trap.zst for lwip_httpsrv_freertos.elf.link (740 of 782)
[2025-12-05 07:42:08] Importing 14203047_0.trap.zst for lwip_httpsrv_freertos.elf.link (741 of 782)
[2025-12-05 07:42:08] Importing 31545815_0.trap.zst for lwip_httpsrv_freertos.elf.link (742 of 782)
[2025-12-05 07:42:08] Importing 35989015_0.trap.zst for lwip_httpsrv_freertos.elf.link (743 of 782)
[2025-12-05 07:42:08] Importing 17766496_0.trap.zst for lwip_httpsrv_freertos.elf.link (744 of 782)
[2025-12-05 07:42:08] Importing 359233_0.trap.zst for lwip_httpsrv_freertos.elf.link (745 of 782)
[2025-12-05 07:42:08] Importing 41768568_0.trap.zst for lwip_httpsrv_freertos.elf.link (746 of 782)
[2025-12-05 07:42:08] Importing 62981249_0.trap.zst for lwip_httpsrv_freertos.elf.link (747 of 782)
[2025-12-05 07:42:08] Importing 15120717_0.trap.zst for lwip_httpsrv_freertos.elf.link (748 of 782)
[2025-12-05 07:42:08] Importing 14371920_0.trap.zst for lwip_httpsrv_freertos.elf.link (749 of 782)
[2025-12-05 07:42:08] Importing 41508524_0.trap.zst for lwip_httpsrv_freertos.elf.link (750 of 782)
[2025-12-05 07:42:08] Importing 6539923_0.trap.zst for lwip_httpsrv_freertos.elf.link (751 of 782)
[2025-12-05 07:42:08] Importing 20403930_0.trap.zst for lwip_httpsrv_freertos.elf.link (752 of 782)
[2025-12-05 07:42:08] Importing 34549241_0.trap.zst for lwip_httpsrv_freertos.elf.link (753 of 782)
[2025-12-05 07:42:08] Importing 46385597_0.trap.zst for lwip_httpsrv_freertos.elf.link (754 of 782)
[2025-12-05 07:42:08] Importing 11708014_0.trap.zst for lwip_httpsrv_freertos.elf.link (755 of 782)
[2025-12-05 07:42:08] Importing 39007436_0.trap.zst for lwip_httpsrv_freertos.elf.link (756 of 782)
[2025-12-05 07:42:08] Importing 22123172_0.trap.zst for lwip_httpsrv_freertos.elf.link (757 of 782)
[2025-12-05 07:42:08] Importing 606637_0.trap.zst for lwip_httpsrv_freertos.elf.link (758 of 782)
[2025-12-05 07:42:08] Importing 63995801_0.trap.zst for lwip_httpsrv_freertos.elf.link (759 of 782)
[2025-12-05 07:42:08] Importing 44021972_0.trap.zst for lwip_httpsrv_freertos.elf.link (760 of 782)
[2025-12-05 07:42:08] Importing 57760261_0.trap.zst for lwip_httpsrv_freertos.elf.link (761 of 782)
[2025-12-05 07:42:08] Importing 21629247_0.trap.zst for lwip_httpsrv_freertos.elf.link (762 of 782)
[2025-12-05 07:42:08] Importing 28673699_0.trap.zst for lwip_httpsrv_freertos.elf.link (763 of 782)
[2025-12-05 07:42:08] Importing 30098971_0.trap.zst for lwip_httpsrv_freertos.elf.link (764 of 782)
[2025-12-05 07:42:08] Importing 52819803_0.trap.zst for lwip_httpsrv_freertos.elf.link (765 of 782)
[2025-12-05 07:42:08] Importing 56538686_0.trap.zst for lwip_httpsrv_freertos.elf.link (766 of 782)
[2025-12-05 07:42:08] Importing 5749059_0.trap.zst for lwip_httpsrv_freertos.elf.link (767 of 782)
[2025-12-05 07:42:08] Importing 59822553_0.trap.zst for lwip_httpsrv_freertos.elf.link (768 of 782)
[2025-12-05 07:42:08] Importing 22515666_0.trap.zst for lwip_httpsrv_freertos.elf.link (769 of 782)
[2025-12-05 07:42:08] Importing 6309276_0.trap.zst for lwip_httpsrv_freertos.elf.link (770 of 782)
[2025-12-05 07:42:08] Importing 45193436_0.trap.zst for lwip_httpsrv_freertos.elf.link (771 of 782)
[2025-12-05 07:42:08] Importing 48339905_0.trap.zst for lwip_httpsrv_freertos.elf.link (772 of 782)
[2025-12-05 07:42:08] Importing 58029459_0.trap.zst for lwip_httpsrv_freertos.elf.link (773 of 782)
[2025-12-05 07:42:08] Importing 32082289_0.trap.zst for lwip_httpsrv_freertos.elf.link (774 of 782)
[2025-12-05 07:42:08] Importing 49686561_0.trap.zst for lwip_httpsrv_freertos.elf.link (775 of 782)
[2025-12-05 07:42:08] Importing 3339009_0.trap.zst for lwip_httpsrv_freertos.elf.link (776 of 782)
[2025-12-05 07:42:08] Importing 41998679_0.trap.zst for lwip_httpsrv_freertos.elf.link (777 of 782)
[2025-12-05 07:42:08] Importing 61571886_0.trap.zst for lwip_httpsrv_freertos.elf.link (778 of 782)
[2025-12-05 07:42:08] Importing metadata.trap.gz for no link target (779 of 782)
[2025-12-05 07:42:08] Importing a.out.trap.zst for a.out.link (780 of 782)
[2025-12-05 07:42:08] Importing a.out.trap.zst for a.out.link (781 of 782)
[2025-12-05 07:42:08] Importing lwip_httpsrv_freertos.elf.trap.zst for lwip_httpsrv_freertos.elf.link (782 of 782)
[2025-12-05 07:42:08] [PROGRESS] dataset import> Merging relations
[2025-12-05 07:42:09] Merging 1 fragment for 'builtintypes'.
[2025-12-05 07:42:09] Merged 398 bytes for 'builtintypes'.
[2025-12-05 07:42:09] Merging 1 fragment for 'unspecifiedtype'.
[2025-12-05 07:42:09] Merged 13031 bytes (12.73 KiB) for 'unspecifiedtype'.
[2025-12-05 07:42:09] Merging 1 fragment for 'files'.
[2025-12-05 07:42:09] Merged 1694 bytes (1.65 KiB) for 'files'.
[2025-12-05 07:42:09] Merging 10 fragments for 'locations_default'.
[2025-12-05 07:42:09] Merged 1547112 bytes (1.48 MiB) for 'locations_default'.
[2025-12-05 07:42:09] Merging 1 fragment for 'link_targets'.
[2025-12-05 07:42:09] Merged 38 bytes for 'link_targets'.
[2025-12-05 07:42:09] Merging 1 fragment for 'usertypes'.
[2025-12-05 07:42:09] Merged 5222 bytes (5.10 KiB) for 'usertypes'.
[2025-12-05 07:42:09] Merging 1 fragment for 'namespaces'.
[2025-12-05 07:42:09] Merged 27 bytes for 'namespaces'.
[2025-12-05 07:42:09] Merging 1 fragment for 'specialnamequalifyingelements'.
[2025-12-05 07:42:09] Merged 27 bytes for 'specialnamequalifyingelements'.
[2025-12-05 07:42:09] Merging 1 fragment for 'mangled_name'.
[2025-12-05 07:42:09] Merged 7546 bytes (7.37 KiB) for 'mangled_name'.
[2025-12-05 07:42:09] Merging 1 fragment for 'specifiers'.
[2025-12-05 07:42:09] Merged 150 bytes for 'specifiers'.
[2025-12-05 07:42:09] Merging 1 fragment for 'extractor_version'.
[2025-12-05 07:42:09] Merged 27 bytes for 'extractor_version'.
[2025-12-05 07:42:09] Merging 1 fragment for 'fileannotations'.
[2025-12-05 07:42:09] Merged 68288 bytes (66.69 KiB) for 'fileannotations'.
[2025-12-05 07:42:09] Merging 1 fragment for 'numlines'.
[2025-12-05 07:42:09] Merged 12470 bytes (12.18 KiB) for 'numlines'.
[2025-12-05 07:42:09] Merging 1 fragment for 'link_parent'.
[2025-12-05 07:42:09] Merged 4427 bytes (4.32 KiB) for 'link_parent'.
[2025-12-05 07:42:09] Merging 1 fragment for 'functions'.
[2025-12-05 07:42:09] Merged 6435 bytes (6.28 KiB) for 'functions'.
[2025-12-05 07:42:09] Merging 1 fragment for 'function_return_type'.
[2025-12-05 07:42:09] Merged 6828 bytes (6.67 KiB) for 'function_return_type'.
[2025-12-05 07:42:09] Merging 1 fragment for 'function_prototyped'.
[2025-12-05 07:42:09] Merged 3142 bytes (3.07 KiB) for 'function_prototyped'.
[2025-12-05 07:42:09] Merging 1 fragment for 'params'.
[2025-12-05 07:42:09] Merged 28688 bytes (28.02 KiB) for 'params'.
[2025-12-05 07:42:09] Merging 1 fragment for 'derivedtypes'.
[2025-12-05 07:42:09] Merged 13648 bytes (13.33 KiB) for 'derivedtypes'.
[2025-12-05 07:42:09] Merging 1 fragment for 'pointerishsize'.
[2025-12-05 07:42:09] Merged 2168 bytes (2.12 KiB) for 'pointerishsize'.
[2025-12-05 07:42:09] Merging 1 fragment for 'fun_decls'.
[2025-12-05 07:42:09] Merged 26027 bytes (25.42 KiB) for 'fun_decls'.
[2025-12-05 07:42:09] Merging 1 fragment for 'fun_def'.
[2025-12-05 07:42:09] Merged 2503 bytes (2.44 KiB) for 'fun_def'.
[2025-12-05 07:42:09] Merging 1 fragment for 'fun_decl_specifiers'.
[2025-12-05 07:42:09] Merged 13137 bytes (12.83 KiB) for 'fun_decl_specifiers'.
[2025-12-05 07:42:09] Merging 1 fragment for 'var_def'.
[2025-12-05 07:42:09] Merged 13299 bytes (12.99 KiB) for 'var_def'.
[2025-12-05 07:42:09] Merging 1 fragment for 'param_decl_bind'.
[2025-12-05 07:42:09] Merged 24721 bytes (24.14 KiB) for 'param_decl_bind'.
[2025-12-05 07:42:09] Merging 1 fragment for 'stmts'.
[2025-12-05 07:42:09] Merged 152927 bytes (149.34 KiB) for 'stmts'.
[2025-12-05 07:42:09] Merging 1 fragment for 'localvariables'.
[2025-12-05 07:42:09] Merged 21054 bytes (20.56 KiB) for 'localvariables'.
[2025-12-05 07:42:09] Merging 2 fragments for 'values'.
[2025-12-05 07:42:09] Merged 289237 bytes (282.46 KiB) for 'values'.
[2025-12-05 07:42:09] Merging 1 fragment for 'valuetext'.
[2025-12-05 07:42:09] Merged 84385 bytes (82.41 KiB) for 'valuetext'.
[2025-12-05 07:42:09] Merging 3 fragments for 'exprs'.
[2025-12-05 07:42:09] Merged 894463 bytes (873.50 KiB) for 'exprs'.
[2025-12-05 07:42:09] Merging 3 fragments for 'expr_types'.
[2025-12-05 07:42:09] Merged 839268 bytes (819.60 KiB) for 'expr_types'.
[2025-12-05 07:42:09] Merging 2 fragments for 'valuebind'.
[2025-12-05 07:42:09] Merged 240647 bytes (235.01 KiB) for 'valuebind'.
[2025-12-05 07:42:09] Merging 2 fragments for 'exprparents'.
[2025-12-05 07:42:09] Merged 577314 bytes (563.78 KiB) for 'exprparents'.
[2025-12-05 07:42:09] Merging 1 fragment for 'var_decls'.
[2025-12-05 07:42:09] Merged 130416 bytes (127.36 KiB) for 'var_decls'.
[2025-12-05 07:42:09] Merging 1 fragment for 'stmt_decl_bind'.
[2025-12-05 07:42:09] Merged 10466 bytes (10.22 KiB) for 'stmt_decl_bind'.
[2025-12-05 07:42:09] Merging 1 fragment for 'stmt_decl_entry_bind'.
[2025-12-05 07:42:09] Merged 10085 bytes (9.85 KiB) for 'stmt_decl_entry_bind'.
[2025-12-05 07:42:09] Merging 1 fragment for 'expr_isload'.
[2025-12-05 07:42:09] Merged 44677 bytes (43.63 KiB) for 'expr_isload'.
[2025-12-05 07:42:09] Merging 1 fragment for 'compgenerated'.
[2025-12-05 07:42:09] Merged 32034 bytes (31.28 KiB) for 'compgenerated'.
[2025-12-05 07:42:09] Merging 1 fragment for 'arraysizes'.
[2025-12-05 07:42:09] Merged 3318 bytes (3.24 KiB) for 'arraysizes'.
[2025-12-05 07:42:09] Merging 4 fragments for 'macroinvocations'.
[2025-12-05 07:42:09] Merged 1155366 bytes (1.10 MiB) for 'macroinvocations'.
[2025-12-05 07:42:09] Merging 10 fragments for 'affectedbymacroexpansion'.
[2025-12-05 07:42:09] Merged 1026701 bytes (1002.64 KiB) for 'affectedbymacroexpansion'.
[2025-12-05 07:42:09] Merging 1 fragment for 'stmtparents'.
[2025-12-05 07:42:09] Merged 166945 bytes (163.03 KiB) for 'stmtparents'.
[2025-12-05 07:42:09] Merging 1 fragment for 'blockscope'.
[2025-12-05 07:42:09] Merged 43294 bytes (42.28 KiB) for 'blockscope'.
[2025-12-05 07:42:09] Merging 1 fragment for 'function_entry_point'.
[2025-12-05 07:42:09] Merged 6145 bytes (6.00 KiB) for 'function_entry_point'.
[2025-12-05 07:42:09] Merging 1 fragment for 'globalvariables'.
[2025-12-05 07:42:09] Merged 1786 bytes (1.74 KiB) for 'globalvariables'.
[2025-12-05 07:42:09] Merging 1 fragment for 'initialisers'.
[2025-12-05 07:42:09] Merged 19708 bytes (19.25 KiB) for 'initialisers'.
[2025-12-05 07:42:09] Merging 4 fragments for 'macroparent'.
[2025-12-05 07:42:09] Merged 793284 bytes (774.69 KiB) for 'macroparent'.
[2025-12-05 07:42:09] Merging 4 fragments for 'macro_argument_unexpanded'.
[2025-12-05 07:42:09] Merged 729754 bytes (712.65 KiB) for 'macro_argument_unexpanded'.
[2025-12-05 07:42:09] Merging 4 fragments for 'macro_argument_expanded'.
[2025-12-05 07:42:09] Merged 448986 bytes (438.46 KiB) for 'macro_argument_expanded'.
[2025-12-05 07:42:09] Merging 1 fragment for 'aggregate_array_init'.
[2025-12-05 07:42:09] Merged 2042 bytes (1.99 KiB) for 'aggregate_array_init'.
[2025-12-05 07:42:09] Merging 4 fragments for 'inmacroexpansion'.
[2025-12-05 07:42:09] Merged 733671 bytes (716.48 KiB) for 'inmacroexpansion'.
[2025-12-05 07:42:09] Merging 4 fragments for 'macrolocationbind'.
[2025-12-05 07:42:09] Merged 91528 bytes (89.38 KiB) for 'macrolocationbind'.
[2025-12-05 07:42:09] Merging 1 fragment for 'preprocdirects'.
[2025-12-05 07:42:09] Merged 171286 bytes (167.27 KiB) for 'preprocdirects'.
[2025-12-05 07:42:09] Merging 1 fragment for 'preproctext'.
[2025-12-05 07:42:09] Merged 233007 bytes (227.55 KiB) for 'preproctext'.
[2025-12-05 07:42:09] Merging 1 fragment for 'preprocfalse'.
[2025-12-05 07:42:09] Merged 4453 bytes (4.35 KiB) for 'preprocfalse'.
[2025-12-05 07:42:09] Merging 1 fragment for 'preproctrue'.
[2025-12-05 07:42:09] Merged 4117 bytes (4.02 KiB) for 'preproctrue'.
[2025-12-05 07:42:09] Merging 1 fragment for 'containerparent'.
[2025-12-05 07:42:09] Merged 1855 bytes (1.81 KiB) for 'containerparent'.
[2025-12-05 07:42:09] Merging 1 fragment for 'folders'.
[2025-12-05 07:42:09] Merged 463 bytes for 'folders'.
[2025-12-05 07:42:09] Merging 1 fragment for 'varspecifiers'.
[2025-12-05 07:42:09] Merged 20924 bytes (20.43 KiB) for 'varspecifiers'.
[2025-12-05 07:42:09] Merging 1 fragment for 'varbind'.
[2025-12-05 07:42:09] Merged 228771 bytes (223.41 KiB) for 'varbind'.
[2025-12-05 07:42:09] Merging 1 fragment for 'typespecifiers'.
[2025-12-05 07:42:09] Merged 2049 bytes (2.00 KiB) for 'typespecifiers'.
[2025-12-05 07:42:09] Merging 1 fragment for 'exprconv'.
[2025-12-05 07:42:09] Merged 189652 bytes (185.21 KiB) for 'exprconv'.
[2025-12-05 07:42:09] Merging 1 fragment for 'conversionkinds'.
[2025-12-05 07:42:09] Merged 37013 bytes (36.15 KiB) for 'conversionkinds'.
[2025-12-05 07:42:09] Merging 1 fragment for 'preprocpair'.
[2025-12-05 07:42:09] Merged 26595 bytes (25.97 KiB) for 'preprocpair'.
[2025-12-05 07:42:09] Merging 1 fragment for 'comments'.
[2025-12-05 07:42:09] Merged 189191 bytes (184.76 KiB) for 'comments'.
[2025-12-05 07:42:09] Merging 1 fragment for 'commentbinding'.
[2025-12-05 07:42:09] Merged 91689 bytes (89.54 KiB) for 'commentbinding'.
[2025-12-05 07:42:09] Merging 1 fragment for 'attributes'.
[2025-12-05 07:42:09] Merged 1205 bytes (1.18 KiB) for 'attributes'.
[2025-12-05 07:42:09] Merging 1 fragment for 'funcattributes'.
[2025-12-05 07:42:09] Merged 754 bytes for 'funcattributes'.
[2025-12-05 07:42:09] Merging 1 fragment for 'includes'.
[2025-12-05 07:42:09] Merged 6085 bytes (5.94 KiB) for 'includes'.
[2025-12-05 07:42:09] Merging 1 fragment for 'routinetypes'.
[2025-12-05 07:42:09] Merged 2965 bytes (2.90 KiB) for 'routinetypes'.
[2025-12-05 07:42:09] Merging 1 fragment for 'routinetypeargs'.
[2025-12-05 07:42:09] Merged 9974 bytes (9.74 KiB) for 'routinetypeargs'.
[2025-12-05 07:42:09] Merging 1 fragment for 'funbind'.
[2025-12-05 07:42:09] Merged 23572 bytes (23.02 KiB) for 'funbind'.
[2025-12-05 07:42:09] Merging 1 fragment for 'if_then'.
[2025-12-05 07:42:09] Merged 17386 bytes (16.98 KiB) for 'if_then'.
[2025-12-05 07:42:09] Merging 1 fragment for 'for_body'.
[2025-12-05 07:42:09] Merged 1877 bytes (1.83 KiB) for 'for_body'.
[2025-12-05 07:42:09] Merging 1 fragment for 'iscall'.
[2025-12-05 07:42:09] Merged 7706 bytes (7.53 KiB) for 'iscall'.
[2025-12-05 07:42:09] Merging 1 fragment for 'usertype_alias_kind'.
[2025-12-05 07:42:09] Merged 921 bytes for 'usertype_alias_kind'.
[2025-12-05 07:42:09] Merging 1 fragment for 'typedefbase'.
[2025-12-05 07:42:09] Merged 2096 bytes (2.05 KiB) for 'typedefbase'.
[2025-12-05 07:42:09] Merging 1 fragment for 'type_decls'.
[2025-12-05 07:42:09] Merged 6028 bytes (5.89 KiB) for 'type_decls'.
[2025-12-05 07:42:09] Merging 1 fragment for 'type_decl_top'.
[2025-12-05 07:42:09] Merged 1240 bytes (1.21 KiB) for 'type_decl_top'.
[2025-12-05 07:42:09] Merging 1 fragment for 'type_mentions'.
[2025-12-05 07:42:09] Merged 68061 bytes (66.47 KiB) for 'type_mentions'.
[2025-12-05 07:42:09] Merging 1 fragment for 'usertypesize'.
[2025-12-05 07:42:09] Merged 1988 bytes (1.94 KiB) for 'usertypesize'.
[2025-12-05 07:42:09] Merging 1 fragment for 'enumconstants'.
[2025-12-05 07:42:09] Merged 8707 bytes (8.50 KiB) for 'enumconstants'.
[2025-12-05 07:42:09] Merging 1 fragment for 'type_def'.
[2025-12-05 07:42:09] Merged 943 bytes for 'type_def'.
[2025-12-05 07:42:09] Merging 1 fragment for 'funspecifiers'.
[2025-12-05 07:42:09] Merged 4751 bytes (4.64 KiB) for 'funspecifiers'.
[2025-12-05 07:42:09] Merging 1 fragment for 'is_pod_class'.
[2025-12-05 07:42:09] Merged 756 bytes for 'is_pod_class'.
[2025-12-05 07:42:09] Merging 1 fragment for 'is_standard_layout_class'.
[2025-12-05 07:42:09] Merged 756 bytes for 'is_standard_layout_class'.
[2025-12-05 07:42:09] Merging 1 fragment for 'is_complete'.
[2025-12-05 07:42:09] Merged 756 bytes for 'is_complete'.
[2025-12-05 07:42:09] Merging 1 fragment for 'member'.
[2025-12-05 07:42:09] Merged 12755 bytes (12.46 KiB) for 'member'.
[2025-12-05 07:42:09] Merging 1 fragment for 'membervariables'.
[2025-12-05 07:42:09] Merged 22143 bytes (21.62 KiB) for 'membervariables'.
[2025-12-05 07:42:09] Merging 1 fragment for 'fieldoffsets'.
[2025-12-05 07:42:09] Merged 10822 bytes (10.57 KiB) for 'fieldoffsets'.
[2025-12-05 07:42:09] Merging 1 fragment for 'braced_initialisers'.
[2025-12-05 07:42:09] Merged 82 bytes for 'braced_initialisers'.
[2025-12-05 07:42:09] Merging 1 fragment for 'sizeof_bind'.
[2025-12-05 07:42:09] Merged 1252 bytes (1.22 KiB) for 'sizeof_bind'.
[2025-12-05 07:42:09] Merging 1 fragment for 'aggregate_field_init'.
[2025-12-05 07:42:09] Merged 2225 bytes (2.17 KiB) for 'aggregate_field_init'.
[2025-12-05 07:42:09] Merging 1 fragment for 'if_else'.
[2025-12-05 07:42:09] Merged 4670 bytes (4.56 KiB) for 'if_else'.
[2025-12-05 07:42:09] Merging 1 fragment for 'while_body'.
[2025-12-05 07:42:09] Merged 4037 bytes (3.94 KiB) for 'while_body'.
[2025-12-05 07:42:09] Merging 1 fragment for 'for_condition'.
[2025-12-05 07:42:09] Merged 1341 bytes (1.31 KiB) for 'for_condition'.
[2025-12-05 07:42:09] Merging 1 fragment for 'for_initialization'.
[2025-12-05 07:42:09] Merged 1292 bytes (1.26 KiB) for 'for_initialization'.
[2025-12-05 07:42:09] Merging 1 fragment for 'for_update'.
[2025-12-05 07:42:09] Merged 1313 bytes (1.28 KiB) for 'for_update'.
[2025-12-05 07:42:09] Merging 1 fragment for 'jumpinfo'.
[2025-12-05 07:42:09] Merged 3816 bytes (3.73 KiB) for 'jumpinfo'.
[2025-12-05 07:42:09] Merging 1 fragment for 'do_body'.
[2025-12-05 07:42:09] Merged 8738 bytes (8.53 KiB) for 'do_body'.
[2025-12-05 07:42:09] Merging 1 fragment for 'expr_ancestor'.
[2025-12-05 07:42:09] Merged 456 bytes for 'expr_ancestor'.
[2025-12-05 07:42:09] Merging 1 fragment for 'expr_cond_guard'.
[2025-12-05 07:42:09] Merged 2869 bytes (2.80 KiB) for 'expr_cond_guard'.
[2025-12-05 07:42:09] Merging 1 fragment for 'expr_cond_true'.
[2025-12-05 07:42:09] Merged 2900 bytes (2.83 KiB) for 'expr_cond_true'.
[2025-12-05 07:42:09] Merging 1 fragment for 'expr_cond_false'.
[2025-12-05 07:42:09] Merged 2864 bytes (2.80 KiB) for 'expr_cond_false'.
[2025-12-05 07:42:09] Merging 1 fragment for 'var_decl_specifiers'.
[2025-12-05 07:42:09] Merged 519 bytes for 'var_decl_specifiers'.
[2025-12-05 07:42:09] Merging 1 fragment for 'varattributes'.
[2025-12-05 07:42:09] Merged 74 bytes for 'varattributes'.
[2025-12-05 07:42:09] Merging 1 fragment for 'orphaned_variables'.
[2025-12-05 07:42:09] Merged 669 bytes for 'orphaned_variables'.
[2025-12-05 07:42:09] Merging 1 fragment for 'switch_body'.
[2025-12-05 07:42:09] Merged 497 bytes for 'switch_body'.
[2025-12-05 07:42:09] Merging 1 fragment for 'switch_case'.
[2025-12-05 07:42:09] Merged 1803 bytes (1.76 KiB) for 'switch_case'.
[2025-12-05 07:42:09] Merging 1 fragment for 'bitfield'.
[2025-12-05 07:42:09] Merged 524 bytes for 'bitfield'.
[2025-12-05 07:42:09] Merging 1 fragment for 'attribute_arg_constant'.
[2025-12-05 07:42:09] Merged 354 bytes for 'attribute_arg_constant'.
[2025-12-05 07:42:09] Merging 1 fragment for 'attribute_args'.
[2025-12-05 07:42:09] Merged 1098 bytes (1.07 KiB) for 'attribute_args'.
[2025-12-05 07:42:09] Merging 1 fragment for 'fun_implicit'.
[2025-12-05 07:42:09] Merged 43 bytes for 'fun_implicit'.
[2025-12-05 07:42:09] Merging 1 fragment for 'builtin_functions'.
[2025-12-05 07:42:09] Merged 30 bytes for 'builtin_functions'.
[2025-12-05 07:42:09] Merging 1 fragment for 'enclosingfunction'.
[2025-12-05 07:42:09] Merged 62 bytes for 'enclosingfunction'.
[2025-12-05 07:42:09] Merging 1 fragment for 'typeattributes'.
[2025-12-05 07:42:09] Merged 182 bytes for 'typeattributes'.
[2025-12-05 07:42:09] Merging 1 fragment for 'attribute_arg_value'.
[2025-12-05 07:42:09] Merged 129 bytes for 'attribute_arg_value'.
[2025-12-05 07:42:09] Merging 1 fragment for 'compilations'.
[2025-12-05 07:42:09] Merged 218 bytes for 'compilations'.
[2025-12-05 07:42:09] Merging 1 fragment for 'compilation_args'.
[2025-12-05 07:42:09] Merged 104500 bytes (102.05 KiB) for 'compilation_args'.
[2025-12-05 07:42:09] Merging 1 fragment for 'compilation_compiling_files'.
[2025-12-05 07:42:09] Merged 685 bytes for 'compilation_compiling_files'.
[2025-12-05 07:42:09] Merging 1 fragment for 'compilation_time'.
[2025-12-05 07:42:09] Merged 7255 bytes (7.08 KiB) for 'compilation_time'.
[2025-12-05 07:42:09] Merging 1 fragment for 'compilation_finished'.
[2025-12-05 07:42:09] Merged 2060 bytes (2.01 KiB) for 'compilation_finished'.
[2025-12-05 07:42:09] Merging 1 fragment for 'sourceLocationPrefix'.
[2025-12-05 07:42:09] Merged 19 bytes for 'sourceLocationPrefix'.
[2025-12-05 07:42:09] Saving string and id pools to disk.
[2025-12-05 07:42:09] Finished importing TRAP files.
[2025-12-05 07:42:09] Read 307.37 MiB of uncompressed TRAP data.
[2025-12-05 07:42:09] Uncompressed relation data size: 51.39 MiB
[2025-12-05 07:42:09] Relation data size: 11.37 MiB (merge rate: 19.68 MiB/s)
[2025-12-05 07:42:09] String pool size: 19.03 MiB
[2025-12-05 07:42:09] ID pool size: 27.00 MiB
[2025-12-05 07:42:09] [PROGRESS] dataset import> Finished writing database (relations: 11.37 MiB; string pool: 19.03 MiB).
[2025-12-05 07:42:09] Pausing evaluation to close the cache at sequence stamp o+335
[2025-12-05 07:42:09] The disk cache is freshly trimmed; leave it be.
[2025-12-05 07:42:09] Unpausing evaluation
[2025-12-05 07:42:09] Plumbing command codeql dataset import completed.
[2025-12-05 07:42:09] [PROGRESS] database finalize> TRAP import complete (6.7s).
[2025-12-05 07:42:09] Running plumbing command: codeql database cleanup -- /Users/jie/Documents/workspace/lcmhalgen/LCMHalTest_DBS/DATABASE_NXP_FreeRTOSHTTPSrv_macbook
[2025-12-05 07:42:10] [PROGRESS] database cleanup> Cleaning up existing TRAP files after import...
[2025-12-05 07:42:10] [PROGRESS] database cleanup> TRAP files cleaned up (151ms).
[2025-12-05 07:42:10] [PROGRESS] database cleanup> Cleaning up scratch directory...
[2025-12-05 07:42:10] [PROGRESS] database cleanup> Scratch directory cleaned up (173ms).
[2025-12-05 07:42:10] Running plumbing command: codeql dataset cleanup -- /Users/jie/Documents/workspace/lcmhalgen/LCMHalTest_DBS/DATABASE_NXP_FreeRTOSHTTPSrv_macbook/db-cpp
[2025-12-05 07:42:10] [PROGRESS] dataset cleanup> Cleaning up dataset in /Users/jie/Documents/workspace/lcmhalgen/LCMHalTest_DBS/DATABASE_NXP_FreeRTOSHTTPSrv_macbook/db-cpp.
[2025-12-05 07:42:10] Trimming disk cache at /Users/jie/Documents/workspace/lcmhalgen/LCMHalTest_DBS/DATABASE_NXP_FreeRTOSHTTPSrv_macbook/db-cpp/default/cache in mode trim.
[2025-12-05 07:42:10] Sequence stamp origin is -5973733730157395745
[2025-12-05 07:42:10] Pausing evaluation to quickly trim memory at sequence stamp o+0
[2025-12-05 07:42:10] Unpausing evaluation
[2025-12-05 07:42:10] Pausing evaluation to zealously trim disk at sequence stamp o+1
[2025-12-05 07:42:10] Unpausing evaluation
[2025-12-05 07:42:10] Trimming completed (1ms): Trimmed disposable data from cache.
[2025-12-05 07:42:10] Pausing evaluation to close the cache at sequence stamp o+2
[2025-12-05 07:42:10] The disk cache is freshly trimmed; leave it be.
[2025-12-05 07:42:10] Unpausing evaluation
[2025-12-05 07:42:10] [PROGRESS] dataset cleanup> Trimmed disposable data from cache.
[2025-12-05 07:42:10] [PROGRESS] dataset cleanup> Finalizing dataset in /Users/jie/Documents/workspace/lcmhalgen/LCMHalTest_DBS/DATABASE_NXP_FreeRTOSHTTPSrv_macbook/db-cpp
[2025-12-05 07:42:10] [DETAILS] dataset cleanup> Finished deleting ID pool from /Users/jie/Documents/workspace/lcmhalgen/LCMHalTest_DBS/DATABASE_NXP_FreeRTOSHTTPSrv_macbook/db-cpp (3ms).
[2025-12-05 07:42:10] Plumbing command codeql dataset cleanup completed.
[2025-12-05 07:42:10] Plumbing command codeql database cleanup completed with status 0.
[2025-12-05 07:42:10] [PROGRESS] database finalize> Finished zipping source archive (2.50 MiB).
[2025-12-05 07:42:10] Plumbing command codeql database finalize completed.
[2025-12-05 07:42:10] [PROGRESS] database create> Successfully created database at /Users/jie/Documents/workspace/lcmhalgen/LCMHalTest_DBS/DATABASE_NXP_FreeRTOSHTTPSrv_macbook.
[2025-12-05 07:42:10] Terminating normally.
